ingredient,AIC,Artusi,total_usage,artusi_freq,aic_freq,freq_diff
salt,2126.0,488.0,2614.0,61.77215189873417,81.80069257406694,20.02854067533277
olive oil,1657.0,239.0,1896.0,30.253164556962027,63.75529049634475,33.50212593938272
black pepper,1030.0,308.0,1338.0,38.9873417721519,39.630627164293955,0.6432853921420545
butter,746.0,501.0,1247.0,63.41772151898735,28.703347441323583,-34.71437407766376
wheat flour,841.0,266.0,1107.0,33.67088607594937,32.35859946133128,-1.3122866146180883
garlic,939.0,98.0,1037.0,12.40506329113924,36.12928049249711,23.72421720135787
egg,726.0,262.0,988.0,33.164556962025316,27.933820700269337,-5.230736261755979
onion,790.0,127.0,917.0,16.075949367088608,30.396306271642942,14.320356904554334
parsley,682.0,133.0,815.0,16.835443037974684,26.24086186994998,9.405418831975297
sugar,512.0,202.0,714.0,25.569620253164555,19.699884570988843,-5.869735682175712
water,334.0,272.0,606.0,34.43037974683544,12.851096575606002,-21.57928317122944
milk,306.0,142.0,448.0,17.974683544303797,11.77375913813005,-6.200924406173748
white wine,424.0,22.0,446.0,2.7848101265822782,16.313966910350132,13.529156783767853
celery,349.0,76.0,425.0,9.620253164556962,13.428241631396693,3.8079884668397312
parmigiano cheese,235.0,181.0,416.0,22.911392405063292,9.041939207387456,-13.869453197675837
breadcrumb,306.0,100.0,406.0,12.658227848101266,11.77375913813005,-0.8844687099712161
carrot,293.0,75.0,368.0,9.49367088607595,11.273566756444787,1.7798958703688363
egg yolk,158.0,138.0,296.0,17.468354430379744,6.079261254328587,-11.389093176051157
chili pepper,271.0,1.0,272.0,0.12658227848101267,10.42708734128511,10.300505062804097
broth,139.0,130.0,269.0,16.455696202531644,5.348210850327049,-11.107485352204595
potato,211.0,31.0,242.0,3.9240506329113924,8.118507118122356,4.194456485210964
bay leaf,224.0,10.0,234.0,1.2658227848101267,8.618699499807619,7.3528767149974925
tomato,213.0,19.0,232.0,2.4050632911392404,8.19545979222778,5.790396501088539
lemon,157.0,75.0,232.0,9.49367088607595,6.040784917275875,-3.452885968800075
lard,166.0,65.0,231.0,8.227848101265822,6.387071950750288,-1.8407761505155342
nutmeg,160.0,61.0,221.0,7.721518987341772,6.156213928434013,-1.5653050589077582
powdered sugar,85.0,131.0,216.0,16.582278481012658,3.270488649480569,-13.311789831532089
lemon zest,148.0,67.0,215.0,8.481012658227847,5.694497883801462,-2.7865147744263847
sage,156.0,23.0,179.0,2.911392405063291,6.002308580223162,3.090916175159871
tomato sauce,99.0,77.0,176.0,9.746835443037975,3.809157368218546,-5.937678074819429
vinegar,132.0,35.0,167.0,4.430379746835443,5.07887649095806,0.6484967441226175
basil,148.0,17.0,165.0,2.151898734177215,5.694497883801462,3.5425991496242473
rosemary,142.0,17.0,159.0,2.151898734177215,5.463639861485187,3.3117411273079718
ground cinnamon,130.0,17.0,147.0,2.151898734177215,5.001923816852635,2.85002508267542
tomato paste,127.0,20.0,147.0,2.5316455696202533,4.886494805694499,2.3548492360742452
peeled tomato,140.0,0.0,140.0,0.0,5.386687187379762,5.386687187379762
grated parmigiano cheese,116.0,19.0,135.0,2.4050632911392404,4.46325509811466,2.0581918069754193
rice,94.0,38.0,132.0,4.810126582278481,3.616775682954983,-1.193350899323498
brewer's yeast,105.0,12.0,117.0,1.5189873417721518,4.040015390534822,2.5210280487626697
red wine,108.0,9.0,117.0,1.139240506329114,4.155444401692958,3.0162038953638444
prosciutto,15.0,92.0,107.0,11.645569620253164,0.5771450557906888,-11.068424564462475
egg white,70.0,36.0,106.0,4.556962025316456,2.693343593689881,-1.8636184316265751
pecorino cheese,103.0,0.0,103.0,0.0,3.963062716429396,3.963062716429396
caper,83.0,15.0,98.0,1.89873417721519,3.193535975375144,1.294801798159954
lardo,95.0,1.0,96.0,0.12658227848101267,3.6552520200076954,3.5286697415266826
pine nut,76.0,20.0,96.0,2.5316455696202533,2.9242016160061564,0.392556046385903
pancetta,91.0,2.0,93.0,0.25316455696202533,3.5013466717968447,3.2481821148348193
lemon juice,55.0,34.0,89.0,4.30379746835443,2.116198537899192,-2.187598930455238
tomato passata,88.0,0.0,88.0,0.0,3.385917660638707,3.385917660638707
clove,66.0,15.0,81.0,1.89873417721519,2.53943824547903,0.6407040682638401
almond,72.0,7.0,79.0,0.8860759493670887,2.770296267795306,1.8842203184282174
bell pepper,76.0,1.0,77.0,0.12658227848101267,2.9242016160061564,2.797619337525144
cream,58.0,18.0,76.0,2.278481012658228,2.23162754905733,-0.04685346360089815
bread,32.0,44.0,76.0,5.5696202531645564,1.2312427856868027,-4.338377467477754
meat broth,72.0,4.0,76.0,0.5063291139240507,2.770296267795306,2.2639671538712554
stale bread,65.0,10.0,75.0,1.2658227848101267,2.5009619084263175,1.2351391236161908
anchovy,54.0,21.0,75.0,2.6582278481012658,2.077722200846479,-0.5805056472547867
salted anchovy,61.0,13.0,74.0,1.6455696202531647,2.3470565602154676,0.7014869399623029
raisin,65.0,7.0,72.0,0.8860759493670887,2.5009619084263175,1.6148859590592288
walnut,66.0,5.0,71.0,0.6329113924050633,2.53943824547903,1.9065268530739667
baking powder,69.0,1.0,70.0,0.12658227848101267,2.6548672566371683,2.5282849781561554
sausage,58.0,9.0,67.0,1.139240506329114,2.23162754905733,1.0923870427282159
marsala wine,35.0,31.0,66.0,3.9240506329113924,1.3466717968449404,-2.577378836066452
sultana raisin,50.0,16.0,66.0,2.0253164556962027,1.9238168526356292,-0.10149960306057348
frying oil,57.0,6.0,63.0,0.7594936708860759,2.1931512120046173,1.4336575411185413
rum,37.0,26.0,63.0,3.2911392405063293,1.4236244709503656,-1.8675147695559637
ricotta,51.0,10.0,61.0,1.2658227848101267,1.9622931896883418,0.6964704048782151
marjoram,60.0,0.0,60.0,0.0,2.308580223162755,2.308580223162755
sweet almond,17.0,42.0,59.0,5.3164556962025316,0.6540977298961139,-4.662357966306418
oregano,53.0,4.0,57.0,0.5063291139240507,2.0392458637937665,1.5329167498697158
grated pecorino cheese,56.0,0.0,56.0,0.0,2.1546748749519047,2.1546748749519047
polenta flour,43.0,12.0,55.0,1.5189873417721518,1.6544824932666409,0.1354951514944891
dried mushroom,25.0,30.0,55.0,3.79746835443038,0.9619084263178146,-2.8355599281125654
honey,53.0,1.0,54.0,0.12658227848101267,2.0392458637937665,1.9126635853127538
scallion,43.0,10.0,53.0,1.2658227848101267,1.6544824932666409,0.3886597084565142
pea,33.0,19.0,52.0,2.4050632911392404,1.269719122739515,-1.1353441683997254
prosciutto crudo,50.0,0.0,50.0,0.0,1.9238168526356292,1.9238168526356292
eggplant,45.0,5.0,50.0,0.6329113924050633,1.731435167372066,1.0985237749670027
white wine vinegar,50.0,0.0,50.0,0.0,1.9238168526356292,1.9238168526356292
dark chocolate,49.0,0.0,49.0,0.0,1.8853405155829166,1.8853405155829166
vanilla,24.0,24.0,48.0,3.0379746835443036,0.923432089265102,-2.1145425942792015
cheese,35.0,11.0,46.0,1.3924050632911391,1.3466717968449404,-0.045733266446198684
zucchini,37.0,9.0,46.0,1.139240506329114,1.4236244709503656,0.2843839646212516
chard,37.0,8.0,45.0,1.0126582278481013,1.4236244709503656,0.41096624310226426
artichoke,31.0,13.0,44.0,1.6455696202531647,1.19276644863409,-0.4528031716190746
warm water,40.0,4.0,44.0,0.5063291139240507,1.5390534821085033,1.0327243681844527
orange zest,39.0,5.0,44.0,0.6329113924050633,1.5005771450557905,0.8676657526507272
hot water,27.0,16.0,43.0,2.0253164556962027,1.0388611004232395,-0.9864553552729631
spaghetti,34.0,9.0,43.0,1.139240506329114,1.3081954597922278,0.16895495346311384
grated grana padano,43.0,0.0,43.0,0.0,1.6544824932666409,1.6544824932666409
chicken liver,20.0,22.0,42.0,2.7848101265822782,0.7695267410542517,-2.0152833855280265
spinach,23.0,18.0,41.0,2.278481012658228,0.8849557522123894,-1.3935252604458386
truffle,6.0,34.0,40.0,4.30379746835443,0.2308580223162755,-4.072939446038155
vanilla sugar,21.0,19.0,40.0,2.4050632911392404,0.8080030781069641,-1.5970602130322762
white onion,37.0,3.0,40.0,0.37974683544303794,1.4236244709503656,1.0438776355073276
candied fruit,18.0,20.0,38.0,2.5316455696202533,0.6925740669488265,-1.8390715026714268
spices,7.0,29.0,36.0,3.670886075949367,0.2693343593689881,-3.401551716580379
candied citron,22.0,13.0,35.0,1.6455696202531647,0.8464794151596767,-0.7990902050934879
meat sauce,5.0,30.0,35.0,3.79746835443038,0.19238168526356292,-3.605086669166817
baking soda,20.0,15.0,35.0,1.89873417721519,0.7695267410542517,-1.1292074361609383
eel,28.0,6.0,34.0,0.7594936708860759,1.0773374374759523,0.31784376658987645
salt and pepper,34.0,0.0,34.0,0.0,1.3081954597922278,1.3081954597922278
rosemary sprig,34.0,0.0,34.0,0.0,1.3081954597922278,1.3081954597922278
chocolate,10.0,23.0,33.0,2.911392405063291,0.38476337052712584,-2.5266290345361653
thyme,32.0,1.0,33.0,0.12658227848101267,1.2312427856868027,1.10466050720579
mussel,32.0,1.0,33.0,0.12658227848101267,1.2312427856868027,1.10466050720579
hard-boiled egg,25.0,7.0,32.0,0.8860759493670887,0.9619084263178146,0.07583247695072592
vegetable broth,32.0,0.0,32.0,0.0,1.2312427856868027,1.2312427856868027
juniper berry,29.0,3.0,32.0,0.37974683544303794,1.115813774528665,0.7360669390856269
béchamel sauce,13.0,19.0,32.0,2.4050632911392404,0.5001923816852636,-1.9048709094539769
orange,23.0,8.0,31.0,1.0126582278481013,0.8849557522123894,-0.1277024756357119
tomato pulp,30.0,0.0,30.0,0.0,1.1542901115813775,1.1542901115813775
savoy cabbage,25.0,5.0,30.0,0.6329113924050633,0.9619084263178146,0.32899703391275126
pork rind,25.0,5.0,30.0,0.6329113924050633,0.9619084263178146,0.32899703391275126
wild fennel,29.0,1.0,30.0,0.12658227848101267,1.115813774528665,0.9892314960476523
lardon,0.0,30.0,30.0,3.79746835443038,0.0,-3.79746835443038
cherry tomato,29.0,0.0,29.0,0.0,1.115813774528665,1.115813774528665
leek,29.0,0.0,29.0,0.0,1.115813774528665,1.115813774528665
apple,24.0,5.0,29.0,0.6329113924050633,0.923432089265102,0.2905206968600387
chicken,19.0,10.0,29.0,1.2658227848101267,0.7310504040015391,-0.5347723808085876
sweetbread,8.0,20.0,28.0,2.5316455696202533,0.30781069642170067,-2.2238348731985527
saffron,24.0,4.0,28.0,0.5063291139240507,0.923432089265102,0.41710297534105134
salted cod,20.0,8.0,28.0,1.0126582278481013,0.7695267410542517,-0.24313148679384966
sun-dried tomato,28.0,0.0,28.0,0.0,1.0773374374759523,1.0773374374759523
cinnamon stick,17.0,11.0,28.0,1.3924050632911391,0.6540977298961139,-0.7383073333950252
prosciutto cotto,25.0,3.0,28.0,0.37974683544303794,0.9619084263178146,0.5821615908747766
cold water,12.0,16.0,28.0,2.0253164556962027,0.461716044632551,-1.5636004110636517
rabbit,26.0,2.0,28.0,0.25316455696202533,1.0003847633705272,0.7472202064085018
cuttlefish,24.0,3.0,27.0,0.37974683544303794,0.923432089265102,0.543685253822064
unsweetened cocoa powder,26.0,0.0,26.0,0.0,1.0003847633705272,1.0003847633705272
semolina,16.0,10.0,26.0,1.2658227848101267,0.6156213928434013,-0.6502013919667253
vanillin,26.0,0.0,26.0,0.0,1.0003847633705272,1.0003847633705272
lukewarm water,24.0,2.0,26.0,0.25316455696202533,0.923432089265102,0.6702675323030767
herbs,25.0,1.0,26.0,0.12658227848101267,0.9619084263178146,0.8353261478368019
cauliflower,22.0,4.0,26.0,0.5063291139240507,0.8464794151596767,0.34015030123562606
anchovy fillet,25.0,1.0,26.0,0.12658227848101267,0.9619084263178146,0.8353261478368019
caciocavallo,26.0,0.0,26.0,0.0,1.0003847633705272,1.0003847633705272
fava bean,25.0,1.0,26.0,0.12658227848101267,0.9619084263178146,0.8353261478368019
lamb,23.0,2.0,25.0,0.25316455696202533,0.8849557522123894,0.6317911952503641
chickpea,25.0,0.0,25.0,0.0,0.9619084263178146,0.9619084263178146
mozzarella,25.0,0.0,25.0,0.0,0.9619084263178146,0.9619084263178146
mushroom,9.0,16.0,25.0,2.0253164556962027,0.34628703347441325,-1.6790294222217894
beef,23.0,2.0,25.0,0.25316455696202533,0.8849557522123894,0.6317911952503641
shallot,17.0,7.0,24.0,0.8860759493670887,0.6540977298961139,-0.23197821947097474
wine vinegar,22.0,1.0,23.0,0.12658227848101267,0.8464794151596767,0.7198971366786641
bitter almond,9.0,14.0,23.0,1.7721518987341773,0.34628703347441325,-1.425864865259764
mortadella,18.0,5.0,23.0,0.6329113924050633,0.6925740669488265,0.05966267454376317
cardoon,16.0,6.0,22.0,0.7594936708860759,0.6156213928434013,-0.14387227804267455
currant,2.0,20.0,22.0,2.5316455696202533,0.07695267410542517,-2.454692895514828
chestnut,19.0,3.0,22.0,0.37974683544303794,0.7310504040015391,0.35130356855850114
potato starch,14.0,8.0,22.0,1.0126582278481013,0.5386687187379762,-0.47398950911012516
cocoa powder,19.0,3.0,22.0,0.37974683544303794,0.7310504040015391,0.35130356855850114
grana padano,22.0,0.0,22.0,0.0,0.8464794151596767,0.8464794151596767
black truffle,17.0,5.0,22.0,0.6329113924050633,0.6540977298961139,0.02118633749105059
dried fig,22.0,0.0,22.0,0.0,0.8464794151596767,0.8464794151596767
fish broth,18.0,3.0,21.0,0.37974683544303794,0.6925740669488265,0.31282723150578856
candied orange,15.0,6.0,21.0,0.7594936708860759,0.5771450557906888,-0.18234861509538713
clam,20.0,0.0,20.0,0.0,0.7695267410542517,0.7695267410542517
porcini mushroom,16.0,4.0,20.0,0.5063291139240507,0.6156213928434013,0.10929227891935067
pork loin,17.0,3.0,20.0,0.37974683544303794,0.6540977298961139,0.274350894453076
tomato sauce or paste,1.0,19.0,20.0,2.4050632911392404,0.038476337052712584,-2.366586954086528
black olive,20.0,0.0,20.0,0.0,0.7695267410542517,0.7695267410542517
white pepper,16.0,3.0,19.0,0.37974683544303794,0.6156213928434013,0.2358745574003634
olive oil or lard,12.0,7.0,19.0,0.8860759493670887,0.461716044632551,-0.42435990473453766
mint,19.0,0.0,19.0,0.0,0.7310504040015391,0.7310504040015391
green bean,12.0,7.0,19.0,0.8860759493670887,0.461716044632551,-0.42435990473453766
borlotti bean,19.0,0.0,19.0,0.0,0.7310504040015391,0.7310504040015391
tuna in oil,13.0,5.0,18.0,0.6329113924050633,0.5001923816852636,-0.13271901071979975
saffron thread,18.0,0.0,18.0,0.0,0.6925740669488265,0.6925740669488265
red wine vinegar,18.0,0.0,18.0,0.0,0.6925740669488265,0.6925740669488265
yeast,18.0,0.0,18.0,0.0,0.6925740669488265,0.6925740669488265
guanciale,18.0,0.0,18.0,0.0,0.6925740669488265,0.6925740669488265
chicken giblet,8.0,10.0,18.0,1.2658227848101267,0.30781069642170067,-0.958012088388426
scamorza,18.0,0.0,18.0,0.0,0.6925740669488265,0.6925740669488265
cold butter,3.0,15.0,18.0,1.89873417721519,0.11542901115813775,-1.7833051660570522
orange blossom water,10.0,7.0,17.0,0.8860759493670887,0.38476337052712584,-0.5013125788399628
yellow polenta,16.0,1.0,17.0,0.12658227848101267,0.6156213928434013,0.48903911436238867
gruyère,6.0,11.0,17.0,1.3924050632911391,0.2308580223162755,-1.1615470409748636
vialone nano rice,17.0,0.0,17.0,0.0,0.6540977298961139,0.6540977298961139
cognac,11.0,6.0,17.0,0.7594936708860759,0.42323970757983836,-0.3362539633062375
chicken breast,10.0,7.0,17.0,0.8860759493670887,0.38476337052712584,-0.5013125788399628
squid,16.0,1.0,17.0,0.12658227848101267,0.6156213928434013,0.48903911436238867
bread dough,16.0,1.0,17.0,0.12658227848101267,0.6156213928434013,0.48903911436238867
seed oil,16.0,0.0,16.0,0.0,0.6156213928434013,0.6156213928434013
sweet pecorino cheese,16.0,0.0,16.0,0.0,0.6156213928434013,0.6156213928434013
sheep's milk ricotta,16.0,0.0,16.0,0.0,0.6156213928434013,0.6156213928434013
grappa,16.0,0.0,16.0,0.0,0.6156213928434013,0.6156213928434013
carnaroli rice,16.0,0.0,16.0,0.0,0.6156213928434013,0.6156213928434013
ground veal,16.0,0.0,16.0,0.0,0.6156213928434013,0.6156213928434013
vanilla extract,2.0,13.0,15.0,1.6455696202531647,0.07695267410542517,-1.5686169461477395
alcohol,8.0,7.0,15.0,0.8860759493670887,0.30781069642170067,-0.578265252945388
brandy,12.0,3.0,15.0,0.37974683544303794,0.461716044632551,0.08196920918951306
salami,14.0,1.0,15.0,0.12658227848101267,0.5386687187379762,0.4120864402569635
yellow pumpkin,13.0,2.0,15.0,0.25316455696202533,0.5001923816852636,0.24702782472323825
pork,15.0,0.0,15.0,0.0,0.5771450557906888,0.5771450557906888
bean,12.0,3.0,15.0,0.37974683544303794,0.461716044632551,0.08196920918951306
fontina,14.0,1.0,15.0,0.12658227848101267,0.5386687187379762,0.4120864402569635
mantis shrimp,12.0,3.0,15.0,0.37974683544303794,0.461716044632551,0.08196920918951306
lean veal,5.0,10.0,15.0,1.2658227848101267,0.19238168526356292,-1.0734410995465637
chestnut flour,13.0,2.0,15.0,0.25316455696202533,0.5001923816852636,0.24702782472323825
salted caper,15.0,0.0,15.0,0.0,0.5771450557906888,0.5771450557906888
veal,12.0,3.0,15.0,0.37974683544303794,0.461716044632551,0.08196920918951306
rosolio,2.0,12.0,14.0,1.5189873417721518,0.07695267410542517,-1.4420346676667266
ladyfinger,1.0,13.0,14.0,1.6455696202531647,0.038476337052712584,-1.607093283200452
ground beef,14.0,0.0,14.0,0.0,0.5386687187379762,0.5386687187379762
bouquet garni,6.0,8.0,14.0,1.0126582278481013,0.2308580223162755,-0.7818002055318258
dried chestnut,13.0,1.0,14.0,0.12658227848101267,0.5001923816852636,0.3736101032042509
tripe,12.0,2.0,14.0,0.25316455696202533,0.461716044632551,0.20855148767052567
green olive,14.0,0.0,14.0,0.0,0.5386687187379762,0.5386687187379762
capon,11.0,3.0,14.0,0.37974683544303794,0.42323970757983836,0.04349287213680042
pear,9.0,5.0,14.0,0.6329113924050633,0.34628703347441325,-0.2866243589306501
fresh pecorino cheese,14.0,0.0,14.0,0.0,0.5386687187379762,0.5386687187379762
buckwheat flour,13.0,0.0,13.0,0.0,0.5001923816852636,0.5001923816852636
stockfish,13.0,0.0,13.0,0.0,0.5001923816852636,0.5001923816852636
lentil,9.0,4.0,13.0,0.5063291139240507,0.34628703347441325,-0.1600420804496374
octopus,13.0,0.0,13.0,0.0,0.5001923816852636,0.5001923816852636
pork rib,13.0,0.0,13.0,0.0,0.5001923816852636,0.5001923816852636
beef marrow,6.0,7.0,13.0,0.8860759493670887,0.2308580223162755,-0.6552179270508132
frog,9.0,4.0,13.0,0.5063291139240507,0.34628703347441325,-0.1600420804496374
cured meat,0.0,13.0,13.0,1.6455696202531647,0.0,-1.6455696202531647
wine,12.0,1.0,13.0,0.12658227848101267,0.461716044632551,0.33513376615153834
fennel seed,12.0,1.0,13.0,0.12658227848101267,0.461716044632551,0.33513376615153834
cabbage,9.0,4.0,13.0,0.5063291139240507,0.34628703347441325,-0.1600420804496374
ice,0.0,13.0,13.0,1.6455696202531647,0.0,-1.6455696202531647
boiling water,9.0,3.0,12.0,0.37974683544303794,0.34628703347441325,-0.03345980196862469
reinette apple,8.0,4.0,12.0,0.5063291139240507,0.30781069642170067,-0.19851841750235
toasted bread,11.0,1.0,12.0,0.12658227848101267,0.42323970757983836,0.2966574290988257
pork liver,10.0,2.0,12.0,0.25316455696202533,0.38476337052712584,0.1315988135651005
lettuce,5.0,7.0,12.0,0.8860759493670887,0.19238168526356292,-0.6936942641035257
milk-fed veal,0.0,12.0,12.0,1.5189873417721518,0.0,-1.5189873417721518
shelled pea,7.0,5.0,12.0,0.6329113924050633,0.2693343593689881,-0.36357703303607525
shortcrust pastry,0.0,12.0,12.0,1.5189873417721518,0.0,-1.5189873417721518
corn flour,12.0,0.0,12.0,0.0,0.461716044632551,0.461716044632551
sardine,10.0,2.0,12.0,0.25316455696202533,0.38476337052712584,0.1315988135651005
lean milk-fed veal,0.0,12.0,12.0,1.5189873417721518,0.0,-1.5189873417721518
hare,9.0,3.0,12.0,0.37974683544303794,0.34628703347441325,-0.03345980196862469
hen,12.0,0.0,12.0,0.0,0.461716044632551,0.461716044632551
duck,11.0,1.0,12.0,0.12658227848101267,0.42323970757983836,0.2966574290988257
pitted green olive,11.0,0.0,11.0,0.0,0.42323970757983836,0.42323970757983836
coffee,9.0,2.0,11.0,0.25316455696202533,0.34628703347441325,0.09312247651238792
anise liqueur,11.0,0.0,11.0,0.0,0.42323970757983836,0.42323970757983836
pigeon,5.0,6.0,11.0,0.7594936708860759,0.19238168526356292,-0.567111985622513
zucchini flower,11.0,0.0,11.0,0.0,0.42323970757983836,0.42323970757983836
pistachio,6.0,5.0,11.0,0.6329113924050633,0.2308580223162755,-0.40205337008878783
pitted black olive,11.0,0.0,11.0,0.0,0.42323970757983836,0.42323970757983836
liqueur,8.0,3.0,11.0,0.37974683544303794,0.30781069642170067,-0.07193613902133728
l'aquila saffron,11.0,0.0,11.0,0.0,0.42323970757983836,0.42323970757983836
beef broth,11.0,0.0,11.0,0.0,0.42323970757983836,0.42323970757983836
potato flour,1.0,10.0,11.0,1.2658227848101267,0.038476337052712584,-1.227346447757414
hard-boiled egg yolk,6.0,5.0,11.0,0.6329113924050633,0.2308580223162755,-0.40205337008878783
prosciutto fat,7.0,4.0,11.0,0.5063291139240507,0.2693343593689881,-0.23699475455506258
dried borlotti bean,11.0,0.0,11.0,0.0,0.42323970757983836,0.42323970757983836
clof,10.0,1.0,11.0,0.12658227848101267,0.38476337052712584,0.25818109204611317
fish,4.0,7.0,11.0,0.8860759493670887,0.15390534821085033,-0.7321706011562383
cannellini bean,10.0,0.0,10.0,0.0,0.38476337052712584,0.38476337052712584
salted tongue,0.0,10.0,10.0,1.2658227848101267,0.0,-1.2658227848101267
bread slice,10.0,0.0,10.0,0.0,0.38476337052712584,0.38476337052712584
pasta,7.0,3.0,10.0,0.37974683544303794,0.2693343593689881,-0.11041247607404986
shrimp,8.0,2.0,10.0,0.25316455696202533,0.30781069642170067,0.054646139459675336
red mullet,5.0,5.0,10.0,0.6329113924050633,0.19238168526356292,-0.4405297071415004
montasio,10.0,0.0,10.0,0.0,0.38476337052712584,0.38476337052712584
pork pulp,10.0,0.0,10.0,0.0,0.38476337052712584,0.38476337052712584
red onion,10.0,0.0,10.0,0.0,0.38476337052712584,0.38476337052712584
fruit preserve,0.0,10.0,10.0,1.2658227848101267,0.0,-1.2658227848101267
sweet pepper,10.0,0.0,10.0,0.0,0.38476337052712584,0.38476337052712584
soaked salted cod,9.0,1.0,10.0,0.12658227848101267,0.34628703347441325,0.21970475499340059
white celery,3.0,7.0,10.0,0.8860759493670887,0.11542901115813775,-0.7706469382089509
yellow onion,10.0,0.0,10.0,0.0,0.38476337052712584,0.38476337052712584
arborio rice,10.0,0.0,10.0,0.0,0.38476337052712584,0.38476337052712584
alchermes liqueur,6.0,4.0,10.0,0.5063291139240507,0.2308580223162755,-0.27547109160777516
tuna,9.0,1.0,10.0,0.12658227848101267,0.34628703347441325,0.21970475499340059
soaked stockfish,9.0,1.0,10.0,0.12658227848101267,0.34628703347441325,0.21970475499340059
guinea fowl,9.0,1.0,10.0,0.12658227848101267,0.34628703347441325,0.21970475499340059
tench,7.0,3.0,10.0,0.37974683544303794,0.2693343593689881,-0.11041247607404986
gelatin sheet,2.0,8.0,10.0,1.0126582278481013,0.07695267410542517,-0.9357055537426762
amaretti cookie,8.0,2.0,10.0,0.25316455696202533,0.30781069642170067,0.054646139459675336
pig's trotter,9.0,0.0,9.0,0.0,0.34628703347441325,0.34628703347441325
sapa,5.0,4.0,9.0,0.5063291139240507,0.19238168526356292,-0.31394742866048775
chili powder,9.0,0.0,9.0,0.0,0.34628703347441325,0.34628703347441325
escarole,9.0,0.0,9.0,0.0,0.34628703347441325,0.34628703347441325
white truffle,7.0,2.0,9.0,0.25316455696202533,0.2693343593689881,0.016169802406962752
anchovy in oil,9.0,0.0,9.0,0.0,0.34628703347441325,0.34628703347441325
maccheroni,8.0,1.0,9.0,0.12658227848101267,0.30781069642170067,0.181228417940688
amaretti,8.0,1.0,9.0,0.12658227848101267,0.30781069642170067,0.181228417940688
peanut oil,9.0,0.0,9.0,0.0,0.34628703347441325,0.34628703347441325
cured tongue,2.0,7.0,9.0,0.8860759493670887,0.07695267410542517,-0.8091232752616635
whipped cream,5.0,4.0,9.0,0.5063291139240507,0.19238168526356292,-0.31394742866048775
candied citron and orange,8.0,1.0,9.0,0.12658227848101267,0.30781069642170067,0.181228417940688
hazelnut,8.0,1.0,9.0,0.12658227848101267,0.30781069642170067,0.181228417940688
celery heart,9.0,0.0,9.0,0.0,0.34628703347441325,0.34628703347441325
pumpkin,9.0,0.0,9.0,0.0,0.34628703347441325,0.34628703347441325
young chicken,1.0,8.0,9.0,1.0126582278481013,0.038476337052712584,-0.9741818907953887
fennel,2.0,7.0,9.0,0.8860759493670887,0.07695267410542517,-0.8091232752616635
smoked pancetta,9.0,0.0,9.0,0.0,0.34628703347441325,0.34628703347441325
snail,9.0,0.0,9.0,0.0,0.34628703347441325,0.34628703347441325
lean beef,3.0,6.0,9.0,0.7594936708860759,0.11542901115813775,-0.6440646597279381
veal pulp,9.0,0.0,9.0,0.0,0.34628703347441325,0.34628703347441325
mascarpone,9.0,0.0,9.0,0.0,0.34628703347441325,0.34628703347441325
asparagus,7.0,2.0,9.0,0.25316455696202533,0.2693343593689881,0.016169802406962752
puff pastry,6.0,2.0,8.0,0.25316455696202533,0.2308580223162755,-0.02230653464574983
borettane onion,6.0,2.0,8.0,0.25316455696202533,0.2308580223162755,-0.02230653464574983
swordfish,8.0,0.0,8.0,0.0,0.30781069642170067,0.30781069642170067
tagliatelle,7.0,1.0,8.0,0.12658227848101267,0.2693343593689881,0.14275208088797542
linguine,8.0,0.0,8.0,0.0,0.30781069642170067,0.30781069642170067
dried bean,8.0,0.0,8.0,0.0,0.30781069642170067,0.30781069642170067
veal brain,7.0,1.0,8.0,0.12658227848101267,0.2693343593689881,0.14275208088797542
baby octopus,8.0,0.0,8.0,0.0,0.30781069642170067,0.30781069642170067
white wine or marsala,1.0,7.0,8.0,0.8860759493670887,0.038476337052712584,-0.8475996123143761
red garlic,8.0,0.0,8.0,0.0,0.30781069642170067,0.30781069642170067
dried chickpea,7.0,1.0,8.0,0.12658227848101267,0.2693343593689881,0.14275208088797542
tropea onion,8.0,0.0,8.0,0.0,0.30781069642170067,0.30781069642170067
trout,8.0,0.0,8.0,0.0,0.30781069642170067,0.30781069642170067
ground meat,8.0,0.0,8.0,0.0,0.30781069642170067,0.30781069642170067
salsiccia,8.0,0.0,8.0,0.0,0.30781069642170067,0.30781069642170067
fresh ricotta,8.0,0.0,8.0,0.0,0.30781069642170067,0.30781069642170067
mixed fish,8.0,0.0,8.0,0.0,0.30781069642170067,0.30781069642170067
veal liver,8.0,0.0,8.0,0.0,0.30781069642170067,0.30781069642170067
wild chicory,8.0,0.0,8.0,0.0,0.30781069642170067,0.30781069642170067
toasted bread slice,8.0,0.0,8.0,0.0,0.30781069642170067,0.30781069642170067
chicken broth,7.0,1.0,8.0,0.12658227848101267,0.2693343593689881,0.14275208088797542
gelatin,1.0,7.0,8.0,0.8860759493670887,0.038476337052712584,-0.8475996123143761
scampi,8.0,0.0,8.0,0.0,0.30781069642170067,0.30781069642170067
smoked ricotta,8.0,0.0,8.0,0.0,0.30781069642170067,0.30781069642170067
pastry cream,7.0,1.0,8.0,0.12658227848101267,0.2693343593689881,0.14275208088797542
zibibbo raisin,4.0,4.0,8.0,0.5063291139240507,0.15390534821085033,-0.35242376571320033
cream of tartar,1.0,7.0,8.0,0.8860759493670887,0.038476337052712584,-0.8475996123143761
starch,5.0,3.0,8.0,0.37974683544303794,0.19238168526356292,-0.18736515017947503
vernaccia wine,7.0,0.0,7.0,0.0,0.2693343593689881,0.2693343593689881
parsley stalk,2.0,5.0,7.0,0.6329113924050633,0.07695267410542517,-0.5559587182996382
provola,7.0,0.0,7.0,0.0,0.2693343593689881,0.2693343593689881
vermicelli,7.0,0.0,7.0,0.0,0.2693343593689881,0.2693343593689881
monkfish,7.0,0.0,7.0,0.0,0.2693343593689881,0.2693343593689881
toma,7.0,0.0,7.0,0.0,0.2693343593689881,0.2693343593689881
veal cutlet,5.0,2.0,7.0,0.25316455696202533,0.19238168526356292,-0.060782871698462415
partridge,7.0,0.0,7.0,0.0,0.2693343593689881,0.2693343593689881
white potato,7.0,0.0,7.0,0.0,0.2693343593689881,0.2693343593689881
olive oil or butter,6.0,1.0,7.0,0.12658227848101267,0.2308580223162755,0.10427574383526284
beef pulp,7.0,0.0,7.0,0.0,0.2693343593689881,0.2693343593689881
raspberry,1.0,6.0,7.0,0.7594936708860759,0.038476337052712584,-0.7210173338333633
pork meat,7.0,0.0,7.0,0.0,0.2693343593689881,0.2693343593689881
alcherme,7.0,0.0,7.0,0.0,0.2693343593689881,0.2693343593689881
grated caciocavallo,7.0,0.0,7.0,0.0,0.2693343593689881,0.2693343593689881
sponge cake,2.0,5.0,7.0,0.6329113924050633,0.07695267410542517,-0.5559587182996382
beef fillet,3.0,4.0,7.0,0.5063291139240507,0.11542901115813775,-0.3909001027659129
heavy cream,6.0,1.0,7.0,0.12658227848101267,0.2308580223162755,0.10427574383526284
pork caul fat,6.0,1.0,7.0,0.12658227848101267,0.2308580223162755,0.10427574383526284
toasted almond,7.0,0.0,7.0,0.0,0.2693343593689881,0.2693343593689881
sole,4.0,3.0,7.0,0.37974683544303794,0.15390534821085033,-0.2258414872321876
green asparagus,7.0,0.0,7.0,0.0,0.2693343593689881,0.2693343593689881
aged pecorino cheese,7.0,0.0,7.0,0.0,0.2693343593689881,0.2693343593689881
peeled almond,7.0,0.0,7.0,0.0,0.2693343593689881,0.2693343593689881
mosto cotto,7.0,0.0,7.0,0.0,0.2693343593689881,0.2693343593689881
sardinian spiny artichoke,7.0,0.0,7.0,0.0,0.2693343593689881,0.2693343593689881
quince,3.0,4.0,7.0,0.5063291139240507,0.11542901115813775,-0.3909001027659129
ground pork,7.0,0.0,7.0,0.0,0.2693343593689881,0.2693343593689881
pickled caper,3.0,4.0,7.0,0.5063291139240507,0.11542901115813775,-0.3909001027659129
thyme sprig,7.0,0.0,7.0,0.0,0.2693343593689881,0.2693343593689881
dried fava bean,7.0,0.0,7.0,0.0,0.2693343593689881,0.2693343593689881
caesar's mushroom,3.0,4.0,7.0,0.5063291139240507,0.11542901115813775,-0.3909001027659129
prune,5.0,2.0,7.0,0.25316455696202533,0.19238168526356292,-0.060782871698462415
balsamic vinegar,7.0,0.0,7.0,0.0,0.2693343593689881,0.2693343593689881
rigatoni,7.0,0.0,7.0,0.0,0.2693343593689881,0.2693343593689881
gaeta olive,7.0,0.0,7.0,0.0,0.2693343593689881,0.2693343593689881
acquavite,2.0,5.0,7.0,0.6329113924050633,0.07695267410542517,-0.5559587182996382
whipping cream,6.0,0.0,6.0,0.0,0.2308580223162755,0.2308580223162755
aromatic bouquet,6.0,0.0,6.0,0.0,0.2308580223162755,0.2308580223162755
remilled semolina flour,6.0,0.0,6.0,0.0,0.2308580223162755,0.2308580223162755
veal shank,4.0,2.0,6.0,0.25316455696202533,0.15390534821085033,-0.099259208751175
celery leaf,3.0,3.0,6.0,0.37974683544303794,0.11542901115813775,-0.2643178242849002
crouton,2.0,4.0,6.0,0.5063291139240507,0.07695267410542517,-0.4293764398186255
dried chili pepper,6.0,0.0,6.0,0.0,0.2308580223162755,0.2308580223162755
marsala,4.0,2.0,6.0,0.25316455696202533,0.15390534821085033,-0.099259208751175
virgin lard,0.0,6.0,6.0,0.7594936708860759,0.0,-0.7594936708860759
shelled bean,3.0,3.0,6.0,0.37974683544303794,0.11542901115813775,-0.2643178242849002
shelled almond,6.0,0.0,6.0,0.0,0.2308580223162755,0.2308580223162755
sourdough starter,6.0,0.0,6.0,0.0,0.2308580223162755,0.2308580223162755
bread crouton,6.0,0.0,6.0,0.0,0.2308580223162755,0.2308580223162755
pork pancetta,6.0,0.0,6.0,0.0,0.2308580223162755,0.2308580223162755
chife,6.0,0.0,6.0,0.0,0.2308580223162755,0.2308580223162755
red or white wine,3.0,3.0,6.0,0.37974683544303794,0.11542901115813775,-0.2643178242849002
pearl barley,6.0,0.0,6.0,0.0,0.2308580223162755,0.2308580223162755
soft bread crumb,5.0,1.0,6.0,0.12658227848101267,0.19238168526356292,0.06579940678255025
diced tomato,5.0,1.0,6.0,0.12658227848101267,0.19238168526356292,0.06579940678255025
sugar sprinkle,6.0,0.0,6.0,0.0,0.2308580223162755,0.2308580223162755
brown sugar,3.0,3.0,6.0,0.37974683544303794,0.11542901115813775,-0.2643178242849002
sauce,1.0,5.0,6.0,0.6329113924050633,0.038476337052712584,-0.5944350553523507
perch fillet,6.0,0.0,6.0,0.0,0.2308580223162755,0.2308580223162755
anchovy fillet in oil,6.0,0.0,6.0,0.0,0.2308580223162755,0.2308580223162755
broth or water,1.0,5.0,6.0,0.6329113924050633,0.038476337052712584,-0.5944350553523507
strawberry,1.0,5.0,6.0,0.6329113924050633,0.038476337052712584,-0.5944350553523507
wildflower honey,6.0,0.0,6.0,0.0,0.2308580223162755,0.2308580223162755
quail,5.0,1.0,6.0,0.12658227848101267,0.19238168526356292,0.06579940678255025
calamint,6.0,0.0,6.0,0.0,0.2308580223162755,0.2308580223162755
pickled pepper,5.0,1.0,6.0,0.12658227848101267,0.19238168526356292,0.06579940678255025
tender artichoke,5.0,1.0,6.0,0.12658227848101267,0.19238168526356292,0.06579940678255025
durum wheat semolina,6.0,0.0,6.0,0.0,0.2308580223162755,0.2308580223162755
mayonnaise,3.0,3.0,6.0,0.37974683544303794,0.11542901115813775,-0.2643178242849002
parmigiano or pecorino cheese,6.0,0.0,6.0,0.0,0.2308580223162755,0.2308580223162755
aniseed,0.0,6.0,6.0,0.7594936708860759,0.0,-0.7594936708860759
apricot,1.0,5.0,6.0,0.6329113924050633,0.038476337052712584,-0.5944350553523507
fiordilatte,6.0,0.0,6.0,0.0,0.2308580223162755,0.2308580223162755
tuma,6.0,0.0,6.0,0.0,0.2308580223162755,0.2308580223162755
chicory,5.0,1.0,6.0,0.12658227848101267,0.19238168526356292,0.06579940678255025
malaga raisin,0.0,6.0,6.0,0.7594936708860759,0.0,-0.7594936708860759
parsley sprig,6.0,0.0,6.0,0.0,0.2308580223162755,0.2308580223162755
mutton leg,5.0,1.0,6.0,0.12658227848101267,0.19238168526356292,0.06579940678255025
young turkey,5.0,0.0,5.0,0.0,0.19238168526356292,0.19238168526356292
chickpea flour,5.0,0.0,5.0,0.0,0.19238168526356292,0.19238168526356292
olive,4.0,1.0,5.0,0.12658227848101267,0.15390534821085033,0.027323069729837668
prosciutto bone,5.0,0.0,5.0,0.0,0.19238168526356292,0.19238168526356292
chicken gizzard,2.0,3.0,5.0,0.37974683544303794,0.07695267410542517,-0.3027941613376128
purged snail,5.0,0.0,5.0,0.0,0.19238168526356292,0.19238168526356292
young pigeon,3.0,2.0,5.0,0.25316455696202533,0.11542901115813775,-0.13773554580388758
pork crackling,3.0,2.0,5.0,0.25316455696202533,0.11542901115813775,-0.13773554580388758
wafer,1.0,4.0,5.0,0.5063291139240507,0.038476337052712584,-0.4678527768713381
polenta,4.0,1.0,5.0,0.12658227848101267,0.15390534821085033,0.027323069729837668
colored sprinkle,5.0,0.0,5.0,0.0,0.19238168526356292,0.19238168526356292
wild asparagus,5.0,0.0,5.0,0.0,0.19238168526356292,0.19238168526356292
mustard,4.0,1.0,5.0,0.12658227848101267,0.15390534821085033,0.027323069729837668
mutton,5.0,0.0,5.0,0.0,0.19238168526356292,0.19238168526356292
passito wine,5.0,0.0,5.0,0.0,0.19238168526356292,0.19238168526356292
pike,4.0,1.0,5.0,0.12658227848101267,0.15390534821085033,0.027323069729837668
anise seed,5.0,0.0,5.0,0.0,0.19238168526356292,0.19238168526356292
mixed meat,5.0,0.0,5.0,0.0,0.19238168526356292,0.19238168526356292
plum,2.0,3.0,5.0,0.37974683544303794,0.07695267410542517,-0.3027941613376128
mixed fish soup,5.0,0.0,5.0,0.0,0.19238168526356292,0.19238168526356292
apricot jam,5.0,0.0,5.0,0.0,0.19238168526356292,0.19238168526356292
orange liqueur,5.0,0.0,5.0,0.0,0.19238168526356292,0.19238168526356292
pecorino abruzzese,5.0,0.0,5.0,0.0,0.19238168526356292,0.19238168526356292
nepitella,5.0,0.0,5.0,0.0,0.19238168526356292,0.19238168526356292
milk-fed veal cutlet,0.0,5.0,5.0,0.6329113924050633,0.0,-0.6329113924050633
pork lard,5.0,0.0,5.0,0.0,0.19238168526356292,0.19238168526356292
ciccioli,5.0,0.0,5.0,0.0,0.19238168526356292,0.19238168526356292
new potato,5.0,0.0,5.0,0.0,0.19238168526356292,0.19238168526356292
chopped parsley,4.0,1.0,5.0,0.12658227848101267,0.15390534821085033,0.027323069729837668
wheat starch,5.0,0.0,5.0,0.0,0.19238168526356292,0.19238168526356292
pork sausage,5.0,0.0,5.0,0.0,0.19238168526356292,0.19238168526356292
milk or cream,1.0,4.0,5.0,0.5063291139240507,0.038476337052712584,-0.4678527768713381
borage leaf,5.0,0.0,5.0,0.0,0.19238168526356292,0.19238168526356292
semi-aged pecorino cheese,5.0,0.0,5.0,0.0,0.19238168526356292,0.19238168526356292
free-range hen,5.0,0.0,5.0,0.0,0.19238168526356292,0.19238168526356292
bread roll,4.0,1.0,5.0,0.12658227848101267,0.15390534821085033,0.027323069729837668
capon broth,3.0,2.0,5.0,0.25316455696202533,0.11542901115813775,-0.13773554580388758
caciotta,5.0,0.0,5.0,0.0,0.19238168526356292,0.19238168526356292
dried porcini mushroom,5.0,0.0,5.0,0.0,0.19238168526356292,0.19238168526356292
untreated lemon,5.0,0.0,5.0,0.0,0.19238168526356292,0.19238168526356292
kid goat,5.0,0.0,5.0,0.0,0.19238168526356292,0.19238168526356292
sassolino liqueur,5.0,0.0,5.0,0.0,0.19238168526356292,0.19238168526356292
casera,5.0,0.0,5.0,0.0,0.19238168526356292,0.19238168526356292
bucatini,5.0,0.0,5.0,0.0,0.19238168526356292,0.19238168526356292
emmental,5.0,0.0,5.0,0.0,0.19238168526356292,0.19238168526356292
sea snail,5.0,0.0,5.0,0.0,0.19238168526356292,0.19238168526356292
olaci,5.0,0.0,5.0,0.0,0.19238168526356292,0.19238168526356292
boiled meat,3.0,2.0,5.0,0.25316455696202533,0.11542901115813775,-0.13773554580388758
semolina flour,5.0,0.0,5.0,0.0,0.19238168526356292,0.19238168526356292
fine semolina,2.0,3.0,5.0,0.37974683544303794,0.07695267410542517,-0.3027941613376128
lamb leg,4.0,1.0,5.0,0.12658227848101267,0.15390534821085033,0.027323069729837668
veal top round,5.0,0.0,5.0,0.0,0.19238168526356292,0.19238168526356292
sour cherry,2.0,3.0,5.0,0.37974683544303794,0.07695267410542517,-0.3027941613376128
sour cherry jam,5.0,0.0,5.0,0.0,0.19238168526356292,0.19238168526356292
fine durum wheat semolina,5.0,0.0,5.0,0.0,0.19238168526356292,0.19238168526356292
brain,2.0,3.0,5.0,0.37974683544303794,0.07695267410542517,-0.3027941613376128
latteria,5.0,0.0,5.0,0.0,0.19238168526356292,0.19238168526356292
cow's milk ricotta,4.0,0.0,4.0,0.0,0.15390534821085033,0.15390534821085033
zuccata,4.0,0.0,4.0,0.0,0.15390534821085033,0.15390534821085033
wild boar meat,4.0,0.0,4.0,0.0,0.15390534821085033,0.15390534821085033
lean pork,2.0,2.0,4.0,0.25316455696202533,0.07695267410542517,-0.17621188285660017
fig,4.0,0.0,4.0,0.0,0.15390534821085033,0.15390534821085033
pesto,4.0,0.0,4.0,0.0,0.15390534821085033,0.15390534821085033
wild boar,2.0,2.0,4.0,0.25316455696202533,0.07695267410542517,-0.17621188285660017
lingonberry jam,4.0,0.0,4.0,0.0,0.15390534821085033,0.15390534821085033
cognac or rum,0.0,4.0,4.0,0.5063291139240507,0.0,-0.5063291139240507
tarragon,4.0,0.0,4.0,0.0,0.15390534821085033,0.15390534821085033
pecorino sardo,4.0,0.0,4.0,0.0,0.15390534821085033,0.15390534821085033
jam,4.0,0.0,4.0,0.0,0.15390534821085033,0.15390534821085033
salted sardine,4.0,0.0,4.0,0.0,0.15390534821085033,0.15390534821085033
glass eel,1.0,3.0,4.0,0.37974683544303794,0.038476337052712584,-0.34127049839032536
pig's ear,4.0,0.0,4.0,0.0,0.15390534821085033,0.15390534821085033
goat meat,4.0,0.0,4.0,0.0,0.15390534821085033,0.15390534821085033
anise,1.0,3.0,4.0,0.37974683544303794,0.038476337052712584,-0.34127049839032536
salted pork,1.0,3.0,4.0,0.37974683544303794,0.038476337052712584,-0.34127049839032536
cumin,4.0,0.0,4.0,0.0,0.15390534821085033,0.15390534821085033
duck liver,2.0,2.0,4.0,0.25316455696202533,0.07695267410542517,-0.17621188285660017
sweetened cocoa powder,4.0,0.0,4.0,0.0,0.15390534821085033,0.15390534821085033
egg tagliatelle,4.0,0.0,4.0,0.0,0.15390534821085033,0.15390534821085033
pecorino pugliese,4.0,0.0,4.0,0.0,0.15390534821085033,0.15390534821085033
spelt,4.0,0.0,4.0,0.0,0.15390534821085033,0.15390534821085033
yellow peach,4.0,0.0,4.0,0.0,0.15390534821085033,0.15390534821085033
curly endive,4.0,0.0,4.0,0.0,0.15390534821085033,0.15390534821085033
pappardelle,1.0,3.0,4.0,0.37974683544303794,0.038476337052712584,-0.34127049839032536
leftover boiled meat,2.0,2.0,4.0,0.25316455696202533,0.07695267410542517,-0.17621188285660017
gaeta black olive,4.0,0.0,4.0,0.0,0.15390534821085033,0.15390534821085033
alkerme,0.0,4.0,4.0,0.5063291139240507,0.0,-0.5063291139240507
yellow potato,3.0,1.0,4.0,0.12658227848101267,0.11542901115813775,-0.011153267322874916
coriander seed,1.0,3.0,4.0,0.37974683544303794,0.038476337052712584,-0.34127049839032536
stale bread roll,4.0,0.0,4.0,0.0,0.15390534821085033,0.15390534821085033
speck,4.0,0.0,4.0,0.0,0.15390534821085033,0.15390534821085033
cured pancetta,4.0,0.0,4.0,0.0,0.15390534821085033,0.15390534821085033
mustard powder,3.0,1.0,4.0,0.12658227848101267,0.11542901115813775,-0.011153267322874916
broccoli rabe,3.0,1.0,4.0,0.12658227848101267,0.11542901115813775,-0.011153267322874916
horse meat,4.0,0.0,4.0,0.0,0.15390534821085033,0.15390534821085033
black-eyed pea,4.0,0.0,4.0,0.0,0.15390534821085033,0.15390534821085033
garden lemon,0.0,4.0,4.0,0.5063291139240507,0.0,-0.5063291139240507
peach,1.0,3.0,4.0,0.37974683544303794,0.038476337052712584,-0.34127049839032536
lamb brain,1.0,3.0,4.0,0.37974683544303794,0.038476337052712584,-0.34127049839032536
mullet bottarga,4.0,0.0,4.0,0.0,0.15390534821085033,0.15390534821085033
egg tagliolini,4.0,0.0,4.0,0.0,0.15390534821085033,0.15390534821085033
toasted hazelnut,4.0,0.0,4.0,0.0,0.15390534821085033,0.15390534821085033
baker's ammonia,3.0,1.0,4.0,0.12658227848101267,0.11542901115813775,-0.011153267322874916
beef slice,4.0,0.0,4.0,0.0,0.15390534821085033,0.15390534821085033
champignon mushroom,4.0,0.0,4.0,0.0,0.15390534821085033,0.15390534821085033
catfish,4.0,0.0,4.0,0.0,0.15390534821085033,0.15390534821085033
wheat,4.0,0.0,4.0,0.0,0.15390534821085033,0.15390534821085033
wedge clam,2.0,2.0,4.0,0.25316455696202533,0.07695267410542517,-0.17621188285660017
arselle clam,4.0,0.0,4.0,0.0,0.15390534821085033,0.15390534821085033
dogfish,2.0,2.0,4.0,0.25316455696202533,0.07695267410542517,-0.17621188285660017
veal head,4.0,0.0,4.0,0.0,0.15390534821085033,0.15390534821085033
artichoke heart,4.0,0.0,4.0,0.0,0.15390534821085033,0.15390534821085033
arugula,4.0,0.0,4.0,0.0,0.15390534821085033,0.15390534821085033
dried meat,0.0,4.0,4.0,0.5063291139240507,0.0,-0.5063291139240507
veal kidney,3.0,1.0,4.0,0.12658227848101267,0.11542901115813775,-0.011153267322874916
warm milk,2.0,2.0,4.0,0.25316455696202533,0.07695267410542517,-0.17621188285660017
cavolo nero,2.0,2.0,4.0,0.25316455696202533,0.07695267410542517,-0.17621188285660017
rice flour,0.0,4.0,4.0,0.5063291139240507,0.0,-0.5063291139240507
fresh marjoram,4.0,0.0,4.0,0.0,0.15390534821085033,0.15390534821085033
veal slice,4.0,0.0,4.0,0.0,0.15390534821085033,0.15390534821085033
hake,1.0,3.0,4.0,0.37974683544303794,0.038476337052712584,-0.34127049839032536
domestic duck,0.0,4.0,4.0,0.5063291139240507,0.0,-0.5063291139240507
primo sale cheese,4.0,0.0,4.0,0.0,0.15390534821085033,0.15390534821085033
batter,0.0,4.0,4.0,0.5063291139240507,0.0,-0.5063291139240507
baccalà,4.0,0.0,4.0,0.0,0.15390534821085033,0.15390534821085033
melted butter,3.0,1.0,4.0,0.12658227848101267,0.11542901115813775,-0.011153267322874916
vin santo,3.0,1.0,4.0,0.12658227848101267,0.11542901115813775,-0.011153267322874916
veal topside,4.0,0.0,4.0,0.0,0.15390534821085033,0.15390534821085033
dried cannellini bean,4.0,0.0,4.0,0.0,0.15390534821085033,0.15390534821085033
barolo wine,4.0,0.0,4.0,0.0,0.15390534821085033,0.15390534821085033
green pepper,4.0,0.0,4.0,0.0,0.15390534821085033,0.15390534821085033
fresh pecorino sardo,4.0,0.0,4.0,0.0,0.15390534821085033,0.15390534821085033
fruit preserf,0.0,4.0,4.0,0.5063291139240507,0.0,-0.5063291139240507
verbena,4.0,0.0,4.0,0.0,0.15390534821085033,0.15390534821085033
fresh porcini mushroom,4.0,0.0,4.0,0.0,0.15390534821085033,0.15390534821085033
veal breast,3.0,1.0,4.0,0.12658227848101267,0.11542901115813775,-0.011153267322874916
chive,4.0,0.0,4.0,0.0,0.15390534821085033,0.15390534821085033
maraschino liqueur,3.0,1.0,4.0,0.12658227848101267,0.11542901115813775,-0.011153267322874916
salame napoletano,4.0,0.0,4.0,0.0,0.15390534821085033,0.15390534821085033
turnip,2.0,2.0,4.0,0.25316455696202533,0.07695267410542517,-0.17621188285660017
milk-fed veal breast,0.0,4.0,4.0,0.5063291139240507,0.0,-0.5063291139240507
ditalini pasta,4.0,0.0,4.0,0.0,0.15390534821085033,0.15390534821085033
vanilla baking powder,4.0,0.0,4.0,0.0,0.15390534821085033,0.15390534821085033
minced lard,4.0,0.0,4.0,0.0,0.15390534821085033,0.15390534821085033
grated cow's milk cheese,4.0,0.0,4.0,0.0,0.15390534821085033,0.15390534821085033
dill,1.0,3.0,4.0,0.37974683544303794,0.038476337052712584,-0.34127049839032536
cannolicchi pasta,4.0,0.0,4.0,0.0,0.15390534821085033,0.15390534821085033
vanillin sachet,4.0,0.0,4.0,0.0,0.15390534821085033,0.15390534821085033
mackerel,4.0,0.0,4.0,0.0,0.15390534821085033,0.15390534821085033
dry biscuit,4.0,0.0,4.0,0.0,0.15390534821085033,0.15390534821085033
meat extract,3.0,0.0,3.0,0.0,0.11542901115813775,0.11542901115813775
mace,2.0,1.0,3.0,0.12658227848101267,0.07695267410542517,-0.0496296043755875
nettle leaf,3.0,0.0,3.0,0.0,0.11542901115813775,0.11542901115813775
meat sauce or broth,0.0,3.0,3.0,0.37974683544303794,0.0,-0.37974683544303794
hen broth,3.0,0.0,3.0,0.0,0.11542901115813775,0.11542901115813775
mullet,1.0,2.0,3.0,0.25316455696202533,0.038476337052712584,-0.21468821990931275
friulano wine,3.0,0.0,3.0,0.0,0.11542901115813775,0.11542901115813775
lardo or pancetta,3.0,0.0,3.0,0.0,0.11542901115813775,0.11542901115813775
fresh pork rind,3.0,0.0,3.0,0.0,0.11542901115813775,0.11542901115813775
lupini clam,3.0,0.0,3.0,0.0,0.11542901115813775,0.11542901115813775
liver,0.0,3.0,3.0,0.37974683544303794,0.0,-0.37974683544303794
fatty prosciutto crudo,0.0,3.0,3.0,0.37974683544303794,0.0,-0.37974683544303794
meat,1.0,2.0,3.0,0.25316455696202533,0.038476337052712584,-0.21468821990931275
dry ricotta,3.0,0.0,3.0,0.0,0.11542901115813775,0.11542901115813775
mixed seafood,3.0,0.0,3.0,0.0,0.11542901115813775,0.11542901115813775
lung,3.0,0.0,3.0,0.0,0.11542901115813775,0.11542901115813775
large sage leaf,3.0,0.0,3.0,0.0,0.11542901115813775,0.11542901115813775
horseradish root,3.0,0.0,3.0,0.0,0.11542901115813775,0.11542901115813775
green,1.0,2.0,3.0,0.25316455696202533,0.038476337052712584,-0.21468821990931275
mutton shoulder,1.0,2.0,3.0,0.25316455696202533,0.038476337052712584,-0.21468821990931275
ground clove,3.0,0.0,3.0,0.0,0.11542901115813775,0.11542901115813775
lettuce leaf,3.0,0.0,3.0,0.0,0.11542901115813775,0.11542901115813775
kidney,0.0,3.0,3.0,0.37974683544303794,0.0,-0.37974683544303794
kirsch,0.0,3.0,3.0,0.37974683544303794,0.0,-0.37974683544303794
fish soup,3.0,0.0,3.0,0.0,0.11542901115813775,0.11542901115813775
dried pea,2.0,1.0,3.0,0.12658227848101267,0.07695267410542517,-0.0496296043755875
margarine,3.0,0.0,3.0,0.0,0.11542901115813775,0.11542901115813775
fresh sage leaf,3.0,0.0,3.0,0.0,0.11542901115813775,0.11542901115813775
lamb coratella,3.0,0.0,3.0,0.0,0.11542901115813775,0.11542901115813775
goose,2.0,1.0,3.0,0.12658227848101267,0.07695267410542517,-0.0496296043755875
lamb pluck,2.0,1.0,3.0,0.12658227848101267,0.07695267410542517,-0.0496296043755875
fresh mint leaf,3.0,0.0,3.0,0.0,0.11542901115813775,0.11542901115813775
lamb shoulder,2.0,1.0,3.0,0.12658227848101267,0.07695267410542517,-0.0496296043755875
fior di latte,3.0,0.0,3.0,0.0,0.11542901115813775,0.11542901115813775
mostarda,2.0,1.0,3.0,0.12658227848101267,0.07695267410542517,-0.0496296043755875
hazelnut and walnut,3.0,0.0,3.0,0.0,0.11542901115813775,0.11542901115813775
marasca cherry,1.0,2.0,3.0,0.25316455696202533,0.038476337052712584,-0.21468821990931275
moscato wine,3.0,0.0,3.0,0.0,0.11542901115813775,0.11542901115813775
lamb sweetbread,1.0,2.0,3.0,0.25316455696202533,0.038476337052712584,-0.21468821990931275
giblet,0.0,3.0,3.0,0.37974683544303794,0.0,-0.37974683544303794
ground almond,3.0,0.0,3.0,0.0,0.11542901115813775,0.11542901115813775
rabbit meat,3.0,0.0,3.0,0.0,0.11542901115813775,0.11542901115813775
olbia mussel,3.0,0.0,3.0,0.0,0.11542901115813775,0.11542901115813775
cardoncelli mushroom,3.0,0.0,3.0,0.0,0.11542901115813775,0.11542901115813775
unlaid egg,0.0,3.0,3.0,0.37974683544303794,0.0,-0.37974683544303794
beef eye of round,3.0,0.0,3.0,0.0,0.11542901115813775,0.11542901115813775
cannarozzetti pasta,3.0,0.0,3.0,0.0,0.11542901115813775,0.11542901115813775
salted lard,3.0,0.0,3.0,0.0,0.11542901115813775,0.11542901115813775
salted cod fillet,3.0,0.0,3.0,0.0,0.11542901115813775,0.11542901115813775
capon breast,0.0,3.0,3.0,0.37974683544303794,0.0,-0.37974683544303794
salsiccia sausage,3.0,0.0,3.0,0.0,0.11542901115813775,0.11542901115813775
beef cheek,3.0,0.0,3.0,0.0,0.11542901115813775,0.11542901115813775
salame duja,3.0,0.0,3.0,0.0,0.11542901115813775,0.11542901115813775
sailor's biscuit,3.0,0.0,3.0,0.0,0.11542901115813775,0.11542901115813775
carasau bread,3.0,0.0,3.0,0.0,0.11542901115813775,0.11542901115813775
veal lung,3.0,0.0,3.0,0.0,0.11542901115813775,0.11542901115813775
carp,3.0,0.0,3.0,0.0,0.11542901115813775,0.11542901115813775
vino cotto,3.0,0.0,3.0,0.0,0.11542901115813775,0.11542901115813775
rye flour,3.0,0.0,3.0,0.0,0.11542901115813775,0.11542901115813775
rye bread,2.0,1.0,3.0,0.12658227848101267,0.07695267410542517,-0.0496296043755875
veal spinal cord,3.0,0.0,3.0,0.0,0.11542901115813775,0.11542901115813775
veal spleen,3.0,0.0,3.0,0.0,0.11542901115813775,0.11542901115813775
barley semolina,3.0,0.0,3.0,0.0,0.11542901115813775,0.11542901115813775
celeriac,3.0,0.0,3.0,0.0,0.11542901115813775,0.11542901115813775
barbera wine,3.0,0.0,3.0,0.0,0.11542901115813775,0.11542901115813775
chard leaf,3.0,0.0,3.0,0.0,0.11542901115813775,0.11542901115813775
vernaccia di oristano,3.0,0.0,3.0,0.0,0.11542901115813775,0.11542901115813775
rabbit liver,3.0,0.0,3.0,0.0,0.11542901115813775,0.11542901115813775
chicken comb,0.0,3.0,3.0,0.37974683544303794,0.0,-0.37974683544303794
vincotto,3.0,0.0,3.0,0.0,0.11542901115813775,0.11542901115813775
candied pumpkin,2.0,1.0,3.0,0.12658227848101267,0.07695267410542517,-0.0496296043755875
turkey broth,3.0,0.0,3.0,0.0,0.11542901115813775,0.11542901115813775
salted ricotta,3.0,0.0,3.0,0.0,0.11542901115813775,0.11542901115813775
tuna steak,3.0,0.0,3.0,0.0,0.11542901115813775,0.11542901115813775
starchy potato,1.0,2.0,3.0,0.25316455696202533,0.038476337052712584,-0.21468821990931275
sprinkle,3.0,0.0,3.0,0.0,0.11542901115813775,0.11542901115813775
suckling lamb,3.0,0.0,3.0,0.0,0.11542901115813775,0.11542901115813775
spiny artichoke,3.0,0.0,3.0,0.0,0.11542901115813775,0.11542901115813775
bone marrow,2.0,1.0,3.0,0.12658227848101267,0.07695267410542517,-0.0496296043755875
superfino rice,3.0,0.0,3.0,0.0,0.11542901115813775,0.11542901115813775
sorrel,0.0,3.0,3.0,0.37974683544303794,0.0,-0.37974683544303794
sweet paprika,3.0,0.0,3.0,0.0,0.11542901115813775,0.11542901115813775
smooth escarole,3.0,0.0,3.0,0.0,0.11542901115813775,0.11542901115813775
black bread,3.0,0.0,3.0,0.0,0.11542901115813775,0.11542901115813775
smoked provola,3.0,0.0,3.0,0.0,0.11542901115813775,0.11542901115813775
bouillon cube,3.0,0.0,3.0,0.0,0.11542901115813775,0.11542901115813775
small pasta,3.0,0.0,3.0,0.0,0.11542901115813775,0.11542901115813775
skate,3.0,0.0,3.0,0.0,0.11542901115813775,0.11542901115813775
orange blossom honey,3.0,0.0,3.0,0.0,0.11542901115813775,0.11542901115813775
short pasta,3.0,0.0,3.0,0.0,0.11542901115813775,0.11542901115813775
shelled hazelnut,1.0,2.0,3.0,0.25316455696202533,0.038476337052712584,-0.21468821990931275
sesame seed,3.0,0.0,3.0,0.0,0.11542901115813775,0.11542901115813775
brined olive,1.0,2.0,3.0,0.25316455696202533,0.038476337052712584,-0.21468821990931275
testicle,0.0,3.0,3.0,0.37974683544303794,0.0,-0.37974683544303794
thrush,1.0,2.0,3.0,0.25316455696202533,0.038476337052712584,-0.21468821990931275
broccoli,3.0,0.0,3.0,0.0,0.11542901115813775,0.11542901115813775
sea bass,3.0,0.0,3.0,0.0,0.11542901115813775,0.11542901115813775
broth or milk,1.0,2.0,3.0,0.25316455696202533,0.038476337052712584,-0.21468821990931275
topinambur,3.0,0.0,3.0,0.0,0.11542901115813775,0.11542901115813775
pumpkin pulp,3.0,0.0,3.0,0.0,0.11542901115813775,0.11542901115813775
catmint,0.0,3.0,3.0,0.37974683544303794,0.0,-0.37974683544303794
anchovy paste,3.0,0.0,3.0,0.0,0.11542901115813775,0.11542901115813775
citron rosolio,0.0,3.0,3.0,0.37974683544303794,0.0,-0.37974683544303794
pork fillet,3.0,0.0,3.0,0.0,0.11542901115813775,0.11542901115813775
pandispagna,3.0,0.0,3.0,0.0,0.11542901115813775,0.11542901115813775
pork cracklings (ciccioli),3.0,0.0,3.0,0.0,0.11542901115813775,0.11542901115813775
whole wheat bread,3.0,0.0,3.0,0.0,0.11542901115813775,0.11542901115813775
citric acid,0.0,3.0,3.0,0.37974683544303794,0.0,-0.37974683544303794
yellow carrot,3.0,0.0,3.0,0.0,0.11542901115813775,0.11542901115813775
white bean,1.0,2.0,3.0,0.25316455696202533,0.038476337052712584,-0.21468821990931275
pasta mista,3.0,0.0,3.0,0.0,0.11542901115813775,0.11542901115813775
aged pecorino sardo,3.0,0.0,3.0,0.0,0.11542901115813775,0.11542901115813775
cotechino,2.0,1.0,3.0,0.12658227848101267,0.07695267410542517,-0.0496296043755875
pasta matta,0.0,3.0,3.0,0.37974683544303794,0.0,-0.37974683544303794
white cabbage,0.0,3.0,3.0,0.37974683544303794,0.0,-0.37974683544303794
pasta dough,0.0,3.0,3.0,0.37974683544303794,0.0,-0.37974683544303794
white grape,2.0,1.0,3.0,0.12658227848101267,0.07695267410542517,-0.0496296043755875
corinthian raisin,2.0,1.0,3.0,0.12658227848101267,0.07695267410542517,-0.0496296043755875
classic bolognese ragù,3.0,0.0,3.0,0.0,0.11542901115813775,0.11542901115813775
passolina raisin,3.0,0.0,3.0,0.0,0.11542901115813775,0.11542901115813775
coffee powder,2.0,1.0,3.0,0.12658227848101267,0.07695267410542517,-0.0496296043755875
cow's milk cheese,3.0,0.0,3.0,0.0,0.11542901115813775,0.11542901115813775
chiodini mushroom,3.0,0.0,3.0,0.0,0.11542901115813775,0.11542901115813775
penne pasta,2.0,1.0,3.0,0.12658227848101267,0.07695267410542517,-0.0496296043755875
pickled gherkin,1.0,2.0,3.0,0.25316455696202533,0.038476337052712584,-0.21468821990931275
chili flake,3.0,0.0,3.0,0.0,0.11542901115813775,0.11542901115813775
orange juice,3.0,0.0,3.0,0.0,0.11542901115813775,0.11542901115813775
aged cow's milk cheese,3.0,0.0,3.0,0.0,0.11542901115813775,0.11542901115813775
pecorino romano,3.0,0.0,3.0,0.0,0.11542901115813775,0.11542901115813775
originario rice,3.0,0.0,3.0,0.0,0.11542901115813775,0.11542901115813775
wild fennel seed,3.0,0.0,3.0,0.0,0.11542901115813775,0.11542901115813775
oxtail,3.0,0.0,3.0,0.0,0.11542901115813775,0.11542901115813775
hot paprika,2.0,0.0,2.0,0.0,0.07695267410542517,0.07695267410542517
wild radicchio,2.0,0.0,2.0,0.0,0.07695267410542517,0.07695267410542517
giardiniera,2.0,0.0,2.0,0.0,0.07695267410542517,0.07695267410542517
wild boar pulp,2.0,0.0,2.0,0.0,0.07695267410542517,0.07695267410542517
telline clam,0.0,2.0,2.0,0.25316455696202533,0.0,-0.25316455696202533
tongue,2.0,0.0,2.0,0.0,0.07695267410542517,0.07695267410542517
hunchback cardoon,2.0,0.0,2.0,0.0,0.07695267410542517,0.07695267410542517
horseradish,2.0,0.0,2.0,0.0,0.07695267410542517,0.07695267410542517
isinglass,0.0,2.0,2.0,0.25316455696202533,0.0,-0.25316455696202533
grated smoked ricotta,2.0,0.0,2.0,0.0,0.07695267410542517,0.07695267410542517
teal,0.0,2.0,2.0,0.25316455696202533,0.0,-0.25316455696202533
fusilli,2.0,0.0,2.0,0.0,0.07695267410542517,0.07695267410542517
stockfish (baccalà),2.0,0.0,2.0,0.0,0.07695267410542517,0.07695267410542517
lamb head,0.0,2.0,2.0,0.25316455696202533,0.0,-0.25316455696202533
young duck,2.0,0.0,2.0,0.0,0.07695267410542517,0.07695267410542517
strega liqueur,2.0,0.0,2.0,0.0,0.07695267410542517,0.07695267410542517
sturgeon,1.0,1.0,2.0,0.12658227848101267,0.038476337052712584,-0.08810594142830008
lamb chop,1.0,1.0,2.0,0.12658227848101267,0.038476337052712584,-0.08810594142830008
suckling calf tongue,0.0,2.0,2.0,0.25316455696202533,0.0,-0.25316455696202533
sugar syrup,2.0,0.0,2.0,0.0,0.07695267410542517,0.07695267410542517
tea,0.0,2.0,2.0,0.25316455696202533,0.0,-0.25316455696202533
sunflower oil,2.0,0.0,2.0,0.0,0.07695267410542517,0.07695267410542517
king prawn,2.0,0.0,2.0,0.0,0.07695267410542517,0.07695267410542517
yellow pepper,2.0,0.0,2.0,0.0,0.07695267410542517,0.07695267410542517
tagliolini,2.0,0.0,2.0,0.0,0.07695267410542517,0.07695267410542517
torrone,2.0,0.0,2.0,0.0,0.07695267410542517,0.07695267410542517
john dory,2.0,0.0,2.0,0.0,0.07695267410542517,0.07695267410542517
wild thyme,1.0,1.0,2.0,0.12658227848101267,0.038476337052712584,-0.08810594142830008
taleggio,2.0,0.0,2.0,0.0,0.07695267410542517,0.07695267410542517
ginger,2.0,0.0,2.0,0.0,0.07695267410542517,0.07695267410542517
homemade tagliatelle,2.0,0.0,2.0,0.0,0.07695267410542517,0.07695267410542517
veal trotter,1.0,1.0,2.0,0.12658227848101267,0.038476337052712584,-0.08810594142830008
grated lemon zest,2.0,0.0,2.0,0.0,0.07695267410542517,0.07695267410542517
lamb loin,0.0,2.0,2.0,0.25316455696202533,0.0,-0.25316455696202533
ground coffee,2.0,0.0,2.0,0.0,0.07695267410542517,0.07695267410542517
veal tail,2.0,0.0,2.0,0.0,0.07695267410542517,0.07695267410542517
ground clof,2.0,0.0,2.0,0.0,0.07695267410542517,0.07695267410542517
veal tongue,2.0,0.0,2.0,0.0,0.07695267410542517,0.07695267410542517
veal tripe,2.0,0.0,2.0,0.0,0.07695267410542517,0.07695267410542517
grated orange peel,2.0,0.0,2.0,0.0,0.07695267410542517,0.07695267410542517
green tomato,2.0,0.0,2.0,0.0,0.07695267410542517,0.07695267410542517
white asparagus,2.0,0.0,2.0,0.0,0.07695267410542517,0.07695267410542517
herring,1.0,1.0,2.0,0.12658227848101267,0.038476337052712584,-0.08810594142830008
waxy potato,2.0,0.0,2.0,0.0,0.07695267410542517,0.07695267410542517
veal udder,1.0,1.0,2.0,0.12658227848101267,0.038476337052712584,-0.08810594142830008
vegetable,0.0,2.0,2.0,0.25316455696202533,0.0,-0.25316455696202533
green broccoli,2.0,0.0,2.0,0.0,0.07695267410542517,0.07695267410542517
vegetable broth or water,2.0,0.0,2.0,0.0,0.07695267410542517,0.07695267410542517
verdicchio wine,2.0,0.0,2.0,0.0,0.07695267410542517,0.07695267410542517
walnut oil,2.0,0.0,2.0,0.0,0.07695267410542517,0.07695267410542517
grated pecorino pugliese,2.0,0.0,2.0,0.0,0.07695267410542517,0.07695267410542517
grated pecorino romano,2.0,0.0,2.0,0.0,0.07695267410542517,0.07695267410542517
veal sirloin,2.0,0.0,2.0,0.0,0.07695267410542517,0.07695267410542517
veal rump,2.0,0.0,2.0,0.0,0.07695267410542517,0.07695267410542517
veal pocket,2.0,0.0,2.0,0.0,0.07695267410542517,0.07695267410542517
grouper,2.0,0.0,2.0,0.0,0.07695267410542517,0.07695267410542517
tuna belly in oil,2.0,0.0,2.0,0.0,0.07695267410542517,0.07695267410542517
turkey,1.0,1.0,2.0,0.12658227848101267,0.038476337052712584,-0.08810594142830008
turkey breast,1.0,1.0,2.0,0.12658227848101267,0.038476337052712584,-0.08810594142830008
vol-au-vent,2.0,0.0,2.0,0.0,0.07695267410542517,0.07695267410542517
heart,2.0,0.0,2.0,0.0,0.07695267410542517,0.07695267410542517
gizzard,2.0,0.0,2.0,0.0,0.07695267410542517,0.07695267410542517
turnip green,2.0,0.0,2.0,0.0,0.07695267410542517,0.07695267410542517
tuscan bread,2.0,0.0,2.0,0.0,0.07695267410542517,0.07695267410542517
whole clove,1.0,1.0,2.0,0.12658227848101267,0.038476337052712584,-0.08810594142830008
golden apple,2.0,0.0,2.0,0.0,0.07695267410542517,0.07695267410542517
white turnip,2.0,0.0,2.0,0.0,0.07695267410542517,0.07695267410542517
goose liver,0.0,2.0,2.0,0.25316455696202533,0.0,-0.25316455696202533
white rosolio,0.0,2.0,2.0,0.25316455696202533,0.0,-0.25316455696202533
white lard,2.0,0.0,2.0,0.0,0.07695267410542517,0.07695267410542517
grass pea,2.0,0.0,2.0,0.0,0.07695267410542517,0.07695267410542517
gurnard,2.0,0.0,2.0,0.0,0.07695267410542517,0.07695267410542517
veal heart,2.0,0.0,2.0,0.0,0.07695267410542517,0.07695267410542517
grated caciocavallo or pecorino cheese,2.0,0.0,2.0,0.0,0.07695267410542517,0.07695267410542517
veal ossobuco,2.0,0.0,2.0,0.0,0.07695267410542517,0.07695267410542517
stock cube,2.0,0.0,2.0,0.0,0.07695267410542517,0.07695267410542517
lean prosciutto crudo,1.0,1.0,2.0,0.12658227848101267,0.038476337052712584,-0.08810594142830008
lamb meat,2.0,0.0,2.0,0.0,0.07695267410542517,0.07695267410542517
milk-fed veal liver,0.0,2.0,2.0,0.25316455696202533,0.0,-0.25316455696202533
pork jowl (guanciale),2.0,0.0,2.0,0.0,0.07695267410542517,0.07695267410542517
pork tenderloin,1.0,1.0,2.0,0.12658227848101267,0.038476337052712584,-0.08810594142830008
milk or water,2.0,0.0,2.0,0.0,0.07695267410542517,0.07695267410542517
milk mixed with water,2.0,0.0,2.0,0.0,0.07695267410542517,0.07695267410542517
preboggion,2.0,0.0,2.0,0.0,0.07695267410542517,0.07695267410542517
provola or mozzarella,2.0,0.0,2.0,0.0,0.07695267410542517,0.07695267410542517
provolone,2.0,0.0,2.0,0.0,0.07695267410542517,0.07695267410542517
melon pulp,2.0,0.0,2.0,0.0,0.07695267410542517,0.07695267410542517
prugnoli mushroom,2.0,0.0,2.0,0.0,0.07695267410542517,0.07695267410542517
meat juice,0.0,2.0,2.0,0.25316455696202533,0.0,-0.25316455696202533
radish,2.0,0.0,2.0,0.0,0.07695267410542517,0.07695267410542517
raspberry syrup,0.0,2.0,2.0,0.25316455696202533,0.0,-0.25316455696202533
raviggiolo,1.0,1.0,2.0,0.12658227848101267,0.038476337052712584,-0.08810594142830008
razor clam,2.0,0.0,2.0,0.0,0.07695267410542517,0.07695267410542517
red beet,2.0,0.0,2.0,0.0,0.07695267410542517,0.07695267410542517
red radicchio,2.0,0.0,2.0,0.0,0.07695267410542517,0.07695267410542517
remilled semolina,2.0,0.0,2.0,0.0,0.07695267410542517,0.07695267410542517
ricotta forte,2.0,0.0,2.0,0.0,0.07695267410542517,0.07695267410542517
ristretto coffee,2.0,0.0,2.0,0.0,0.07695267410542517,0.07695267410542517
martin sec or williams pear,2.0,0.0,2.0,0.0,0.07695267410542517,0.07695267410542517
roast dripping,2.0,0.0,2.0,0.0,0.07695267410542517,0.07695267410542517
roasted chestnut,1.0,1.0,2.0,0.12658227848101267,0.038476337052712584,-0.08810594142830008
roe deer meat,2.0,0.0,2.0,0.0,0.07695267410542517,0.07695267410542517
pork chop,1.0,1.0,2.0,0.12658227848101267,0.038476337052712584,-0.08810594142830008
minced meat,1.0,1.0,2.0,0.12658227848101267,0.038476337052712584,-0.08810594142830008
lamb offal,2.0,0.0,2.0,0.0,0.07695267410542517,0.07695267410542517
poppy seed,2.0,0.0,2.0,0.0,0.07695267410542517,0.07695267410542517
nuragus wine,2.0,0.0,2.0,0.0,0.07695267410542517,0.07695267410542517
oven-dried black olive,2.0,0.0,2.0,0.0,0.07695267410542517,0.07695267410542517
nettle,2.0,0.0,2.0,0.0,0.07695267410542517,0.07695267410542517
navelli saffron,2.0,0.0,2.0,0.0,0.07695267410542517,0.07695267410542517
papaccella pepper,2.0,0.0,2.0,0.0,0.07695267410542517,0.07695267410542517
myrtle berry,2.0,0.0,2.0,0.0,0.07695267410542517,0.07695267410542517
parmigiano cheese rind,2.0,0.0,2.0,0.0,0.07695267410542517,0.07695267410542517
pastry dough,0.0,2.0,2.0,0.25316455696202533,0.0,-0.25316455696202533
peach kernel,0.0,2.0,2.0,0.25316455696202533,0.0,-0.25316455696202533
pearled barley,2.0,0.0,2.0,0.0,0.07695267410542517,0.07695267410542517
peeled sweet almond,1.0,1.0,2.0,0.12658227848101267,0.038476337052712584,-0.08810594142830008
picarel,2.0,0.0,2.0,0.0,0.07695267410542517,0.07695267410542517
mosciolo (mussel),2.0,0.0,2.0,0.0,0.07695267410542517,0.07695267410542517
mosciame di tonno,2.0,0.0,2.0,0.0,0.07695267410542517,0.07695267410542517
pickled onion,1.0,1.0,2.0,0.12658227848101267,0.038476337052712584,-0.08810594142830008
morello cherry,0.0,2.0,2.0,0.25316455696202533,0.0,-0.25316455696202533
moray eel,2.0,0.0,2.0,0.0,0.07695267410542517,0.07695267410542517
pig's tail,2.0,0.0,2.0,0.0,0.07695267410542517,0.07695267410542517
pimento,2.0,0.0,2.0,0.0,0.07695267410542517,0.07695267410542517
molass,2.0,0.0,2.0,0.0,0.07695267410542517,0.07695267410542517
pine nut and raisin,2.0,0.0,2.0,0.0,0.07695267410542517,0.07695267410542517
pine nut and sweet almond,0.0,2.0,2.0,0.25316455696202533,0.0,-0.25316455696202533
pomegranate seed,2.0,0.0,2.0,0.0,0.07695267410542517,0.07695267410542517
marrow bone,2.0,0.0,2.0,0.0,0.07695267410542517,0.07695267410542517
romaine lettuce,1.0,1.0,2.0,0.12658227848101267,0.038476337052712584,-0.08810594142830008
marrow,1.0,1.0,2.0,0.12658227848101267,0.038476337052712584,-0.08810594142830008
romanesco artichoke,2.0,0.0,2.0,0.0,0.07695267410542517,0.07695267410542517
sea crab,2.0,0.0,2.0,0.0,0.07695267410542517,0.07695267410542517
lemon or orange zest,1.0,1.0,2.0,0.12658227848101267,0.038476337052712584,-0.08810594142830008
sea urchin,2.0,0.0,2.0,0.0,0.07695267410542517,0.07695267410542517
lean veal pulp,2.0,0.0,2.0,0.0,0.07695267410542517,0.07695267410542517
lean suckling veal,0.0,2.0,2.0,0.25316455696202533,0.0,-0.25316455696202533
lean pork pulp,2.0,0.0,2.0,0.0,0.07695267410542517,0.07695267410542517
skate wing,2.0,0.0,2.0,0.0,0.07695267410542517,0.07695267410542517
small snail,2.0,0.0,2.0,0.0,0.07695267410542517,0.07695267410542517
small zucchini,1.0,1.0,2.0,0.12658227848101267,0.038476337052712584,-0.08810594142830008
smoked pork rib,2.0,0.0,2.0,0.0,0.07695267410542517,0.07695267410542517
lasagna,2.0,0.0,2.0,0.0,0.07695267410542517,0.07695267410542517
soft wheat,2.0,0.0,2.0,0.0,0.07695267410542517,0.07695267410542517
large garden lemon,0.0,2.0,2.0,0.25316455696202533,0.0,-0.25316455696202533
sparkling wine,2.0,0.0,2.0,0.0,0.07695267410542517,0.07695267410542517
spider crab,2.0,0.0,2.0,0.0,0.07695267410542517,0.07695267410542517
lard or pancetta,2.0,0.0,2.0,0.0,0.07695267410542517,0.07695267410542517
spleen,2.0,0.0,2.0,0.0,0.07695267410542517,0.07695267410542517
lampascioni,2.0,0.0,2.0,0.0,0.07695267410542517,0.07695267410542517
lampascione,2.0,0.0,2.0,0.0,0.07695267410542517,0.07695267410542517
lamb's lettuce,2.0,0.0,2.0,0.0,0.07695267410542517,0.07695267410542517
stale bread slice,2.0,0.0,2.0,0.0,0.07695267410542517,0.07695267410542517
steak,0.0,2.0,2.0,0.25316455696202533,0.0,-0.25316455696202533
stock concentrate,2.0,0.0,2.0,0.0,0.07695267410542517,0.07695267410542517
lemon wedge,1.0,1.0,2.0,0.12658227848101267,0.038476337052712584,-0.08810594142830008
scorpionfish,2.0,0.0,2.0,0.0,0.07695267410542517,0.07695267410542517
scampi tail,2.0,0.0,2.0,0.0,0.07695267410542517,0.07695267410542517
lucanica,2.0,0.0,2.0,0.0,0.07695267410542517,0.07695267410542517
sage sprig,1.0,1.0,2.0,0.12658227848101267,0.038476337052712584,-0.08810594142830008
mandarin zest,2.0,0.0,2.0,0.0,0.07695267410542517,0.07695267410542517
maltagliati,2.0,0.0,2.0,0.0,0.07695267410542517,0.07695267410542517
mallard duck,2.0,0.0,2.0,0.0,0.07695267410542517,0.07695267410542517
mallard,0.0,2.0,2.0,0.25316455696202533,0.0,-0.25316455696202533
malga cheese,2.0,0.0,2.0,0.0,0.07695267410542517,0.07695267410542517
salame aquilano,2.0,0.0,2.0,0.0,0.07695267410542517,0.07695267410542517
salsa verde,2.0,0.0,2.0,0.0,0.07695267410542517,0.07695267410542517
macaroni,0.0,2.0,2.0,0.25316455696202533,0.0,-0.25316455696202533
luganega,2.0,0.0,2.0,0.0,0.07695267410542517,0.07695267410542517
long neapolitan-style maccheroni,0.0,2.0,2.0,0.25316455696202533,0.0,-0.25316455696202533
savoy cabbage leaf,2.0,0.0,2.0,0.0,0.07695267410542517,0.07695267410542517
salted lardo,2.0,0.0,2.0,0.0,0.07695267410542517,0.07695267410542517
salted olive,2.0,0.0,2.0,0.0,0.07695267410542517,0.07695267410542517
salted pork rind,2.0,0.0,2.0,0.0,0.07695267410542517,0.07695267410542517
salted water,2.0,0.0,2.0,0.0,0.07695267410542517,0.07695267410542517
sand crab,2.0,0.0,2.0,0.0,0.07695267410542517,0.07695267410542517
sardinian saffron,2.0,0.0,2.0,0.0,0.07695267410542517,0.07695267410542517
sauerkraut,2.0,0.0,2.0,0.0,0.07695267410542517,0.07695267410542517
sausage meat,2.0,0.0,2.0,0.0,0.07695267410542517,0.07695267410542517
savoiardi biscuit,1.0,1.0,2.0,0.12658227848101267,0.038476337052712584,-0.08810594142830008
savory,2.0,0.0,2.0,0.0,0.07695267410542517,0.07695267410542517
madeira wine,1.0,1.0,2.0,0.12658227848101267,0.038476337052712584,-0.08810594142830008
zucchini with flower,2.0,0.0,2.0,0.0,0.07695267410542517,0.07695267410542517
brovada,2.0,0.0,2.0,0.0,0.07695267410542517,0.07695267410542517
flying squid,2.0,0.0,2.0,0.0,0.07695267410542517,0.07695267410542517
dry marsala,2.0,0.0,2.0,0.0,0.07695267410542517,0.07695267410542517
fresh mint,2.0,0.0,2.0,0.0,0.07695267410542517,0.07695267410542517
barley,2.0,0.0,2.0,0.0,0.07695267410542517,0.07695267410542517
bitter almond liqueur,2.0,0.0,2.0,0.0,0.07695267410542517,0.07695267410542517
apricot preserve,0.0,2.0,2.0,0.25316455696202533,0.0,-0.25316455696202533
cucumber,2.0,0.0,2.0,0.0,0.07695267410542517,0.07695267410542517
candied cherry,2.0,0.0,2.0,0.0,0.07695267410542517,0.07695267410542517
flavoring,1.0,1.0,2.0,0.12658227848101267,0.038476337052712584,-0.08810594142830008
beef shank,2.0,0.0,2.0,0.0,0.07695267410542517,0.07695267410542517
citron,1.0,1.0,2.0,0.12658227848101267,0.038476337052712584,-0.08810594142830008
dark chocolate shaving,2.0,0.0,2.0,0.0,0.07695267410542517,0.07695267410542517
dark rum,2.0,0.0,2.0,0.0,0.07695267410542517,0.07695267410542517
calamari,2.0,0.0,2.0,0.0,0.07695267410542517,0.07695267410542517
bean broth,1.0,1.0,2.0,0.12658227848101267,0.038476337052712584,-0.08810594142830008
cooked chickpea,2.0,0.0,2.0,0.0,0.07695267410542517,0.07695267410542517
cinnamon sachet,2.0,0.0,2.0,0.0,0.07695267410542517,0.07695267410542517
dried plum,2.0,0.0,2.0,0.0,0.07695267410542517,0.07695267410542517
anchovy or sardine,2.0,0.0,2.0,0.0,0.07695267410542517,0.07695267410542517
egg chitarra pasta,2.0,0.0,2.0,0.0,0.07695267410542517,0.07695267410542517
bean soup,2.0,0.0,2.0,0.0,0.07695267410542517,0.07695267410542517
beaten egg,1.0,1.0,2.0,0.12658227848101267,0.038476337052712584,-0.08810594142830008
fresh rosemary sprig,2.0,0.0,2.0,0.0,0.07695267410542517,0.07695267410542517
fresh sage,2.0,0.0,2.0,0.0,0.07695267410542517,0.07695267410542517
black broccoli,2.0,0.0,2.0,0.0,0.07695267410542517,0.07695267410542517
cervellatine,2.0,0.0,2.0,0.0,0.07695267410542517,0.07695267410542517
floury potato,2.0,0.0,2.0,0.0,0.07695267410542517,0.07695267410542517
borage,2.0,0.0,2.0,0.0,0.07695267410542517,0.07695267410542517
amaretti cooky,2.0,0.0,2.0,0.0,0.07695267410542517,0.07695267410542517
caul fat,1.0,1.0,2.0,0.12658227848101267,0.038476337052712584,-0.08810594142830008
egg fettuccine,2.0,0.0,2.0,0.0,0.07695267410542517,0.07695267410542517
caramelized sugar,1.0,1.0,2.0,0.12658227848101267,0.038476337052712584,-0.08810594142830008
beer,2.0,0.0,2.0,0.0,0.07695267410542517,0.07695267410542517
capon or pullet breast,0.0,2.0,2.0,0.25316455696202533,0.0,-0.25316455696202533
fresh calamint,1.0,1.0,2.0,0.12658227848101267,0.038476337052712584,-0.08810594142830008
assorted vegetable,0.0,2.0,2.0,0.25316455696202533,0.0,-0.25316455696202533
fregola,2.0,0.0,2.0,0.0,0.07695267410542517,0.07695267410542517
freestone peach,0.0,2.0,2.0,0.25316455696202533,0.0,-0.25316455696202533
fresh cheese in brine (casu e' murgia),2.0,0.0,2.0,0.0,0.07695267410542517,0.07695267410542517
fresh chestnut,2.0,0.0,2.0,0.0,0.07695267410542517,0.07695267410542517
coffee bean,1.0,1.0,2.0,0.12658227848101267,0.038476337052712584,-0.08810594142830008
ash,0.0,2.0,2.0,0.25316455696202533,0.0,-0.25316455696202533
colatura di alici,2.0,0.0,2.0,0.0,0.07695267410542517,0.07695267410542517
elderflower,2.0,0.0,2.0,0.0,0.07695267410542517,0.07695267410542517
endive,2.0,0.0,2.0,0.0,0.07695267410542517,0.07695267410542517
beef tongue,0.0,2.0,2.0,0.25316455696202533,0.0,-0.25316455696202533
cold milk,0.0,2.0,2.0,0.25316455696202533,0.0,-0.25316455696202533
coarse yellow polenta,1.0,1.0,2.0,0.12658227848101267,0.038476337052712584,-0.08810594142830008
bigoli al torchio,2.0,0.0,2.0,0.0,0.07695267410542517,0.07695267410542517
fresh frog,2.0,0.0,2.0,0.0,0.07695267410542517,0.07695267410542517
baldo or carnaroli rice,2.0,0.0,2.0,0.0,0.07695267410542517,0.07695267410542517
coarse semolina,1.0,1.0,2.0,0.12658227848101267,0.038476337052712584,-0.08810594142830008
coarse durum wheat semolina,2.0,0.0,2.0,0.0,0.07695267410542517,0.07695267410542517
duck breast,2.0,0.0,2.0,0.0,0.07695267410542517,0.07695267410542517
fresh lard,2.0,0.0,2.0,0.0,0.07695267410542517,0.07695267410542517
beef oxtail,2.0,0.0,2.0,0.0,0.07695267410542517,0.07695267410542517
cinnamon oil,2.0,0.0,2.0,0.0,0.07695267410542517,0.07695267410542517
beetroot,1.0,1.0,2.0,0.12658227848101267,0.038476337052712584,-0.08810594142830008
chicken meat,2.0,0.0,2.0,0.0,0.07695267410542517,0.07695267410542517
freshwater shrimp,2.0,0.0,2.0,0.0,0.07695267410542517,0.07695267410542517
boiled fish,0.0,2.0,2.0,0.25316455696202533,0.0,-0.25316455696202533
allspice,1.0,1.0,2.0,0.12658227848101267,0.038476337052712584,-0.08810594142830008
boiled potato,1.0,1.0,2.0,0.12658227848101267,0.038476337052712584,-0.08810594142830008
beef and capon broth,2.0,0.0,2.0,0.0,0.07695267410542517,0.07695267410542517
fresh tarragon,2.0,0.0,2.0,0.0,0.07695267410542517,0.07695267410542517
black olife,2.0,0.0,2.0,0.0,0.07695267410542517,0.07695267410542517
broccoletti,2.0,0.0,2.0,0.0,0.07695267410542517,0.07695267410542517
cooked wine,2.0,0.0,2.0,0.0,0.07695267410542517,0.07695267410542517
agoni (lake shad),2.0,0.0,2.0,0.0,0.07695267410542517,0.07695267410542517
beef and veal broth,2.0,0.0,2.0,0.0,0.07695267410542517,0.07695267410542517
bolognese ragù,2.0,0.0,2.0,0.0,0.07695267410542517,0.07695267410542517
burrone peach,0.0,2.0,2.0,0.25316455696202533,0.0,-0.25316455696202533
butter or lard,1.0,1.0,2.0,0.12658227848101267,0.038476337052712584,-0.08810594142830008
dentex,2.0,0.0,2.0,0.0,0.07695267410542517,0.07695267410542517
crab,2.0,0.0,2.0,0.0,0.07695267410542517,0.07695267410542517
chicken wattle,0.0,2.0,2.0,0.25316455696202533,0.0,-0.25316455696202533
dried bay leaf,2.0,0.0,2.0,0.0,0.07695267410542517,0.07695267410542517
chicken neck,0.0,2.0,2.0,0.25316455696202533,0.0,-0.25316455696202533
black grape must,2.0,0.0,2.0,0.0,0.07695267410542517,0.07695267410542517
cherry,0.0,2.0,2.0,0.25316455696202533,0.0,-0.25316455696202533
chard or spinach,2.0,0.0,2.0,0.0,0.07695267410542517,0.07695267410542517
buffalo mozzarella,2.0,0.0,2.0,0.0,0.07695267410542517,0.07695267410542517
fino or superfino rice,2.0,0.0,2.0,0.0,0.07695267410542517,0.07695267410542517
donkey meat,2.0,0.0,2.0,0.0,0.07695267410542517,0.07695267410542517
black gaeta olive,2.0,0.0,2.0,0.0,0.07695267410542517,0.07695267410542517
beef muscle,2.0,0.0,2.0,0.0,0.07695267410542517,0.07695267410542517
chicken heart,2.0,0.0,2.0,0.0,0.07695267410542517,0.07695267410542517
almond nougat,2.0,0.0,2.0,0.0,0.07695267410542517,0.07695267410542517
cornstarch,2.0,0.0,2.0,0.0,0.07695267410542517,0.07695267410542517
fine-grain semolina,0.0,2.0,2.0,0.25316455696202533,0.0,-0.25316455696202533
almond flour,2.0,0.0,2.0,0.0,0.07695267410542517,0.07695267410542517
beef brisket,2.0,0.0,2.0,0.0,0.07695267410542517,0.07695267410542517
sliced almond,1.0,0.0,1.0,0.0,0.038476337052712584,0.038476337052712584
scampo,1.0,0.0,1.0,0.0,0.038476337052712584,0.038476337052712584
small fish soup,1.0,0.0,1.0,0.0,0.038476337052712584,0.038476337052712584
sirloin,0.0,1.0,1.0,0.12658227848101267,0.0,-0.12658227848101267
sirloin steak,1.0,0.0,1.0,0.0,0.038476337052712584,0.038476337052712584
scented geranium leaf,1.0,0.0,1.0,0.0,0.038476337052712584,0.038476337052712584
slightly greenish garden lemon,0.0,1.0,1.0,0.12658227848101267,0.0,-0.12658227848101267
bread (soft inner part),0.0,1.0,1.0,0.12658227848101267,0.0,-0.12658227848101267
schille,1.0,0.0,1.0,0.0,0.038476337052712584,0.038476337052712584
sea anemone,1.0,0.0,1.0,0.0,0.038476337052712584,0.038476337052712584
small chard,1.0,0.0,1.0,0.0,0.038476337052712584,0.038476337052712584
broccoli floret,1.0,0.0,1.0,0.0,0.038476337052712584,0.038476337052712584
sea truffle,1.0,0.0,1.0,0.0,0.038476337052712584,0.038476337052712584
slice of minced lardo,1.0,0.0,1.0,0.0,0.038476337052712584,0.038476337052712584
broccioli,0.0,1.0,1.0,0.12658227848101267,0.0,-0.12658227848101267
small bird,0.0,1.0,1.0,0.12658227848101267,0.0,-0.12658227848101267
brandy or rum,1.0,0.0,1.0,0.0,0.038476337052712584,0.038476337052712584
skate fillet,1.0,0.0,1.0,0.0,0.038476337052712584,0.038476337052712584
broccoletti (branching broccoli),1.0,0.0,1.0,0.0,0.038476337052712584,0.038476337052712584
broccoli or cauliflower,1.0,0.0,1.0,0.0,0.038476337052712584,0.038476337052712584
breading material,0.0,1.0,1.0,0.12658227848101267,0.0,-0.12658227848101267
silene shoot,1.0,0.0,1.0,0.0,0.038476337052712584,0.038476337052712584
seasoning,0.0,1.0,1.0,0.12658227848101267,0.0,-0.12658227848101267
selargius caper,1.0,0.0,1.0,0.0,0.038476337052712584,0.038476337052712584
bread pith,0.0,1.0,1.0,0.12658227848101267,0.0,-0.12658227848101267
semi-aged cow's milk cheese,1.0,0.0,1.0,0.0,0.038476337052712584,0.038476337052712584
sheep's milk,1.0,0.0,1.0,0.0,0.038476337052712584,0.038476337052712584
breton,0.0,1.0,1.0,0.12658227848101267,0.0,-0.12658227848101267
sheep tripe,1.0,0.0,1.0,0.0,0.038476337052712584,0.038476337052712584
sheep rib,1.0,0.0,1.0,0.0,0.038476337052712584,0.038476337052712584
semi-aged pecorino cheese and peretta,1.0,0.0,1.0,0.0,0.038476337052712584,0.038476337052712584
bread starter,0.0,1.0,1.0,0.12658227848101267,0.0,-0.12658227848101267
sfrizzoli,1.0,0.0,1.0,0.0,0.038476337052712584,0.038476337052712584
breadcrumb (from the soft part of the bread),0.0,1.0,1.0,0.12658227848101267,0.0,-0.12658227848101267
semolina or breadcrumb,1.0,0.0,1.0,0.0,0.038476337052712584,0.038476337052712584
breadcrumbs from a stale roll,1.0,0.0,1.0,0.0,0.038476337052712584,0.038476337052712584
semi-aged pecorino sardo,1.0,0.0,1.0,0.0,0.038476337052712584,0.038476337052712584
semi-cured salsiccia,1.0,0.0,1.0,0.0,0.038476337052712584,0.038476337052712584
brined black olive,1.0,0.0,1.0,0.0,0.038476337052712584,0.038476337052712584
seasonal wild green,1.0,0.0,1.0,0.0,0.038476337052712584,0.038476337052712584
sicilian green olive,1.0,0.0,1.0,0.0,0.038476337052712584,0.038476337052712584
bread mush with milk,0.0,1.0,1.0,0.12658227848101267,0.0,-0.12658227848101267
shrimp tail,1.0,0.0,1.0,0.0,0.038476337052712584,0.038476337052712584
bread center,0.0,1.0,1.0,0.12658227848101267,0.0,-0.12658227848101267
sea urchin pulp,1.0,0.0,1.0,0.0,0.038476337052712584,0.038476337052712584
bread crostini,1.0,0.0,1.0,0.0,0.038476337052712584,0.038476337052712584
sea urchin roe,1.0,0.0,1.0,0.0,0.038476337052712584,0.038476337052712584
semolina base (from recipe #230),0.0,1.0,1.0,0.12658227848101267,0.0,-0.12658227848101267
short ridged pasta,1.0,0.0,1.0,0.0,0.038476337052712584,0.038476337052712584
bread crumb porridge,0.0,1.0,1.0,0.12658227848101267,0.0,-0.12658227848101267
short macaroni,1.0,0.0,1.0,0.0,0.038476337052712584,0.038476337052712584
shi drum,0.0,1.0,1.0,0.12658227848101267,0.0,-0.12658227848101267
bread crust,1.0,0.0,1.0,0.0,0.038476337052712584,0.038476337052712584
bread cube,0.0,1.0,1.0,0.12658227848101267,0.0,-0.12658227848101267
shelled borlotti bean,1.0,0.0,1.0,0.0,0.038476337052712584,0.038476337052712584
seasonal vegetable,1.0,0.0,1.0,0.0,0.038476337052712584,0.038476337052712584
bread dough starter,1.0,0.0,1.0,0.0,0.038476337052712584,0.038476337052712584
seafood mix,1.0,0.0,1.0,0.0,0.038476337052712584,0.038476337052712584
fruit jam,1.0,0.0,1.0,0.0,0.038476337052712584,0.038476337052712584
small fresh onion,1.0,0.0,1.0,0.0,0.038476337052712584,0.038476337052712584
spicy sila salami,1.0,0.0,1.0,0.0,0.038476337052712584,0.038476337052712584
spicy salami,1.0,0.0,1.0,0.0,0.038476337052712584,0.038476337052712584
spicy provolone,1.0,0.0,1.0,0.0,0.038476337052712584,0.038476337052712584
spicy gorgonzola,1.0,0.0,1.0,0.0,0.038476337052712584,0.038476337052712584
spicy fresh salsiccia,1.0,0.0,1.0,0.0,0.038476337052712584,0.038476337052712584
"spices (nutmeg, cloves)",1.0,0.0,1.0,0.0,0.038476337052712584,0.038476337052712584
boneless and rolled calf's head,1.0,0.0,1.0,0.0,0.038476337052712584,0.038476337052712584
spianata bread,1.0,0.0,1.0,0.0,0.038476337052712584,0.038476337052712584
spelt linguine,1.0,0.0,1.0,0.0,0.038476337052712584,0.038476337052712584
boneless beef shank,0.0,1.0,1.0,0.12658227848101267,0.0,-0.12658227848101267
boneless bovine foot,0.0,1.0,1.0,0.12658227848101267,0.0,-0.12658227848101267
sparnocchie,0.0,1.0,1.0,0.12658227848101267,0.0,-0.12658227848101267
boneless duck meat,1.0,0.0,1.0,0.0,0.038476337052712584,0.038476337052712584
sparkling water,1.0,0.0,1.0,0.0,0.038476337052712584,0.038476337052712584
spanish red anchovy,1.0,0.0,1.0,0.0,0.038476337052712584,0.038476337052712584
spanish bean,1.0,0.0,1.0,0.0,0.038476337052712584,0.038476337052712584
spaghettini,1.0,0.0,1.0,0.0,0.038476337052712584,0.038476337052712584
spaghetti alla rustica sauce,0.0,1.0,1.0,0.12658227848101267,0.0,-0.12658227848101267
boneless lamb,1.0,0.0,1.0,0.0,0.038476337052712584,0.038476337052712584
spadona pear,1.0,0.0,1.0,0.0,0.038476337052712584,0.038476337052712584
boneless lamb leg,1.0,0.0,1.0,0.0,0.038476337052712584,0.038476337052712584
sourdough bread,1.0,0.0,1.0,0.0,0.038476337052712584,0.038476337052712584
spicy sauce,0.0,1.0,1.0,0.12658227848101267,0.0,-0.12658227848101267
bone,1.0,0.0,1.0,0.0,0.038476337052712584,0.038476337052712584
small hake,1.0,0.0,1.0,0.0,0.038476337052712584,0.038476337052712584
bolognese-style sauce,0.0,1.0,1.0,0.12658227848101267,0.0,-0.12658227848101267
stewed small bird,0.0,1.0,1.0,0.12658227848101267,0.0,-0.12658227848101267
boiled beetroot,0.0,1.0,1.0,0.12658227848101267,0.0,-0.12658227848101267
starling,0.0,1.0,1.0,0.12658227848101267,0.0,-0.12658227848101267
boiled chestnut,1.0,0.0,1.0,0.0,0.038476337052712584,0.038476337052712584
boiled fine fish,0.0,1.0,1.0,0.12658227848101267,0.0,-0.12658227848101267
star anise,1.0,0.0,1.0,0.0,0.038476337052712584,0.038476337052712584
stale whole wheat bread,0.0,1.0,1.0,0.12658227848101267,0.0,-0.12658227848101267
stale sandwich bread,1.0,0.0,1.0,0.0,0.038476337052712584,0.038476337052712584
stale focaccia,0.0,1.0,1.0,0.12658227848101267,0.0,-0.12658227848101267
boiled ham bone,1.0,0.0,1.0,0.0,0.038476337052712584,0.038476337052712584
stale bread or breadstick,1.0,0.0,1.0,0.0,0.038476337052712584,0.038476337052712584
stale black bread,1.0,0.0,1.0,0.0,0.038476337052712584,0.038476337052712584
boiled salted cod,1.0,0.0,1.0,0.0,0.038476337052712584,0.038476337052712584
sprinkles (diavolilli),1.0,0.0,1.0,0.0,0.038476337052712584,0.038476337052712584
boiled spinach,1.0,0.0,1.0,0.0,0.038476337052712584,0.038476337052712584
spongy bone broth,0.0,1.0,1.0,0.12658227848101267,0.0,-0.12658227848101267
spongy bone,0.0,1.0,1.0,0.12658227848101267,0.0,-0.12658227848101267
sponge cake (pandispagna),1.0,0.0,1.0,0.0,0.038476337052712584,0.038476337052712584
boiled tripe,0.0,1.0,1.0,0.12658227848101267,0.0,-0.12658227848101267
bolognese mostarda,1.0,0.0,1.0,0.0,0.038476337052712584,0.038476337052712584
spiny lobster,0.0,1.0,1.0,0.12658227848101267,0.0,-0.12658227848101267
sour fresh cheese,1.0,0.0,1.0,0.0,0.038476337052712584,0.038476337052712584
sour cream,0.0,1.0,1.0,0.12658227848101267,0.0,-0.12658227848101267
boneless lean hare meat,0.0,1.0,1.0,0.12658227848101267,0.0,-0.12658227848101267
boneless lean veal,0.0,1.0,1.0,0.12658227848101267,0.0,-0.12658227848101267
smoked scamorza,1.0,0.0,1.0,0.0,0.038476337052712584,0.038476337052712584
smoked sausage,1.0,0.0,1.0,0.0,0.038476337052712584,0.038476337052712584
smoked salmon trout,1.0,0.0,1.0,0.0,0.038476337052712584,0.038476337052712584
brovada carnica (“vis’cie”),1.0,0.0,1.0,0.0,0.038476337052712584,0.038476337052712584
boston lettuce,1.0,0.0,1.0,0.0,0.038476337052712584,0.038476337052712584
bottarga,1.0,0.0,1.0,0.0,0.038476337052712584,0.038476337052712584
smoked pork hock,1.0,0.0,1.0,0.0,0.038476337052712584,0.038476337052712584
smoked pork,1.0,0.0,1.0,0.0,0.038476337052712584,0.038476337052712584
boudeun,1.0,0.0,1.0,0.0,0.038476337052712584,0.038476337052712584
smoked goose breast,1.0,0.0,1.0,0.0,0.038476337052712584,0.038476337052712584
bouillon broth,1.0,0.0,1.0,0.0,0.038476337052712584,0.038476337052712584
small wooden stick,0.0,1.0,1.0,0.12658227848101267,0.0,-0.12658227848101267
bran,0.0,1.0,1.0,0.12658227848101267,0.0,-0.12658227848101267
small shallot,1.0,0.0,1.0,0.0,0.038476337052712584,0.038476337052712584
small scampi,1.0,0.0,1.0,0.0,0.038476337052712584,0.038476337052712584
small round artichoke,1.0,0.0,1.0,0.0,0.038476337052712584,0.038476337052712584
small pickled gherkin,1.0,0.0,1.0,0.0,0.038476337052712584,0.038476337052712584
brandy or cognac,0.0,1.0,1.0,0.12658227848101267,0.0,-0.12658227848101267
small meatball,1.0,0.0,1.0,0.0,0.038476337052712584,0.038476337052712584
small light zucchini,1.0,0.0,1.0,0.0,0.038476337052712584,0.038476337052712584
small intestine,1.0,0.0,1.0,0.0,0.038476337052712584,0.038476337052712584
borage and cardoon,1.0,0.0,1.0,0.0,0.038476337052712584,0.038476337052712584
smooth penne,1.0,0.0,1.0,0.0,0.038476337052712584,0.038476337052712584
smooth-hound and/or moray eel,1.0,0.0,1.0,0.0,0.038476337052712584,0.038476337052712584
boneless veal,1.0,0.0,1.0,0.0,0.038476337052712584,0.038476337052712584
sorrel leaf,1.0,0.0,1.0,0.0,0.038476337052712584,0.038476337052712584
boneless mutton leg,1.0,0.0,1.0,0.0,0.038476337052712584,0.038476337052712584
soppressa,1.0,0.0,1.0,0.0,0.038476337052712584,0.038476337052712584
sole fillet,1.0,0.0,1.0,0.0,0.038476337052712584,0.038476337052712584
boneless pork shoulder,1.0,0.0,1.0,0.0,0.038476337052712584,0.038476337052712584
soft-shell crab,1.0,0.0,1.0,0.0,0.038476337052712584,0.038476337052712584
boneless rabbit,1.0,0.0,1.0,0.0,0.038476337052712584,0.038476337052712584
soft pork ciccioli,1.0,0.0,1.0,0.0,0.038476337052712584,0.038476337052712584
soft clay,1.0,0.0,1.0,0.0,0.038476337052712584,0.038476337052712584
soffritto vegetable,1.0,0.0,1.0,0.0,0.038476337052712584,0.038476337052712584
smooth-hound shark,0.0,1.0,1.0,0.12658227848101267,0.0,-0.12658227848101267
soffritto mix,1.0,0.0,1.0,0.0,0.038476337052712584,0.038476337052712584
sodium bicarbonate,0.0,1.0,1.0,0.12658227848101267,0.0,-0.12658227848101267
soave wine,1.0,0.0,1.0,0.0,0.038476337052712584,0.038476337052712584
soaked wheat,1.0,0.0,1.0,0.0,0.038476337052712584,0.038476337052712584
boneless veal breast,1.0,0.0,1.0,0.0,0.038476337052712584,0.038476337052712584
soaked salted cod fillet,1.0,0.0,1.0,0.0,0.038476337052712584,0.038476337052712584
bonito slice,1.0,0.0,1.0,0.0,0.038476337052712584,0.038476337052712584
soaked baccalà,1.0,0.0,1.0,0.0,0.038476337052712584,0.038476337052712584
smooth-leaf escarole,1.0,0.0,1.0,0.0,0.038476337052712584,0.038476337052712584
borlotti or cannellini bean,1.0,0.0,1.0,0.0,0.038476337052712584,0.038476337052712584
sardinian sausage,1.0,0.0,1.0,0.0,0.038476337052712584,0.038476337052712584
brown butter,1.0,0.0,1.0,0.0,0.038476337052712584,0.038476337052712584
ricotta or raviggiuolo cheese,0.0,1.0,1.0,0.12658227848101267,0.0,-0.12658227848101267
river crayfish,1.0,0.0,1.0,0.0,0.038476337052712584,0.038476337052712584
cavatelli,1.0,0.0,1.0,0.0,0.038476337052712584,0.038476337052712584
ripe white or black grape,1.0,0.0,1.0,0.0,0.038476337052712584,0.038476337052712584
ripe white grape,1.0,0.0,1.0,0.0,0.038476337052712584,0.038476337052712584
ripe pomegranate,1.0,0.0,1.0,0.0,0.038476337052712584,0.038476337052712584
ripe garden lemon,0.0,1.0,1.0,0.12658227848101267,0.0,-0.12658227848101267
caviar,0.0,1.0,1.0,0.12658227848101267,0.0,-0.12658227848101267
ridged macaroni,1.0,0.0,1.0,0.0,0.038476337052712584,0.038476337052712584
ricotta salata,1.0,0.0,1.0,0.0,0.038476337052712584,0.038476337052712584
ricotta mustia,1.0,0.0,1.0,0.0,0.038476337052712584,0.038476337052712584
river prawn,1.0,0.0,1.0,0.0,0.038476337052712584,0.038476337052712584
caviar crouton,0.0,1.0,1.0,0.12658227848101267,0.0,-0.12658227848101267
cayenne pepper,0.0,1.0,1.0,0.12658227848101267,0.0,-0.12658227848101267
celery or other green,0.0,1.0,1.0,0.12658227848101267,0.0,-0.12658227848101267
centerbe liqueur,1.0,0.0,1.0,0.0,0.038476337052712584,0.038476337052712584
ricciolotta francese (lampredotto),1.0,0.0,1.0,0.0,0.038476337052712584,0.038476337052712584
repa or brovada,1.0,0.0,1.0,0.0,0.038476337052712584,0.038476337052712584
rendered lard,0.0,1.0,1.0,0.12658227848101267,0.0,-0.12658227848101267
centopelli tripe,1.0,0.0,1.0,0.0,0.038476337052712584,0.038476337052712584
remilled durum wheat semolina,1.0,0.0,1.0,0.0,0.038476337052712584,0.038476337052712584
river eel,1.0,0.0,1.0,0.0,0.038476337052712584,0.038476337052712584
roast beef,0.0,1.0,1.0,0.12658227848101267,0.0,-0.12658227848101267
brussu,1.0,0.0,1.0,0.0,0.038476337052712584,0.038476337052712584
caul fat (omento),1.0,0.0,1.0,0.0,0.038476337052712584,0.038476337052712584
rose apple,0.0,1.0,1.0,0.12658227848101267,0.0,-0.12658227848101267
rooster,1.0,0.0,1.0,0.0,0.038476337052712584,0.038476337052712584
romanesco broccoli,1.0,0.0,1.0,0.0,0.038476337052712584,0.038476337052712584
romanesco artichoke heart,1.0,0.0,1.0,0.0,0.038476337052712584,0.038476337052712584
roman mint leaf,1.0,0.0,1.0,0.0,0.038476337052712584,0.038476337052712584
roman broccoli,0.0,1.0,1.0,0.12658227848101267,0.0,-0.12658227848101267
caul fat (omento or rezza),1.0,0.0,1.0,0.0,0.038476337052712584,0.038476337052712584
rolled pork rind,1.0,0.0,1.0,0.0,0.038476337052712584,0.038476337052712584
roe deer offal,1.0,0.0,1.0,0.0,0.038476337052712584,0.038476337052712584
roe deer leg,1.0,0.0,1.0,0.0,0.038476337052712584,0.038476337052712584
roast chicken white meat,0.0,1.0,1.0,0.12658227848101267,0.0,-0.12658227848101267
robiola di roccaverano,1.0,0.0,1.0,0.0,0.038476337052712584,0.038476337052712584
robinia flower (or acacia),1.0,0.0,1.0,0.0,0.038476337052712584,0.038476337052712584
roasted pork,1.0,0.0,1.0,0.0,0.038476337052712584,0.038476337052712584
roasted coffee bean,0.0,1.0,1.0,0.12658227848101267,0.0,-0.12658227848101267
roasted chicken breast,0.0,1.0,1.0,0.12658227848101267,0.0,-0.12658227848101267
cauliflower floret,1.0,0.0,1.0,0.0,0.038476337052712584,0.038476337052712584
roasted beef,1.0,0.0,1.0,0.0,0.038476337052712584,0.038476337052712584
roasted barley,0.0,1.0,1.0,0.12658227848101267,0.0,-0.12658227848101267
cavallucci,1.0,0.0,1.0,0.0,0.038476337052712584,0.038476337052712584
ceylon cinnamon,0.0,1.0,1.0,0.12658227848101267,0.0,-0.12658227848101267
reginette pasta,1.0,0.0,1.0,0.0,0.038476337052712584,0.038476337052712584
redcurrant jelly,0.0,1.0,1.0,0.12658227848101267,0.0,-0.12658227848101267
chianti wine,1.0,0.0,1.0,0.0,0.038476337052712584,0.038476337052712584
chervil,0.0,1.0,1.0,0.12658227848101267,0.0,-0.12658227848101267
rainwater or spring water,0.0,1.0,1.0,0.12658227848101267,0.0,-0.12658227848101267
ragù sauce,1.0,0.0,1.0,0.0,0.038476337052712584,0.038476337052712584
chervil leaf,1.0,0.0,1.0,0.0,0.038476337052712584,0.038476337052712584
chestnut honey,1.0,0.0,1.0,0.0,0.038476337052712584,0.038476337052712584
chestnut leaf,1.0,0.0,1.0,0.0,0.038476337052712584,0.038476337052712584
rabbit leg,1.0,0.0,1.0,0.0,0.038476337052712584,0.038476337052712584
rabbit kidney,1.0,0.0,1.0,0.0,0.038476337052712584,0.038476337052712584
rabbit hindquarter,0.0,1.0,1.0,0.12658227848101267,0.0,-0.12658227848101267
quince preserve,0.0,1.0,1.0,0.12658227848101267,0.0,-0.12658227848101267
chanterelle mushroom,1.0,0.0,1.0,0.0,0.038476337052712584,0.038476337052712584
quince peach,0.0,1.0,1.0,0.12658227848101267,0.0,-0.12658227848101267
chicken comb and wattle,1.0,0.0,1.0,0.0,0.038476337052712584,0.038476337052712584
quicklime,0.0,1.0,1.0,0.12658227848101267,0.0,-0.12658227848101267
queen carp,1.0,0.0,1.0,0.0,0.038476337052712584,0.038476337052712584
"chicken combs, wattles, and unlaid egg",1.0,0.0,1.0,0.0,0.038476337052712584,0.038476337052712584
quagliata,1.0,0.0,1.0,0.0,0.038476337052712584,0.038476337052712584
puzzone di moena,1.0,0.0,1.0,0.0,0.038476337052712584,0.038476337052712584
purple turnip,1.0,0.0,1.0,0.0,0.038476337052712584,0.038476337052712584
chicken foot,0.0,1.0,1.0,0.12658227848101267,0.0,-0.12658227848101267
"raisins, pine nuts, and candied fruit",1.0,0.0,1.0,0.0,0.038476337052712584,0.038476337052712584
raspadüra,1.0,0.0,1.0,0.0,0.038476337052712584,0.038476337052712584
cherry pit kernel,0.0,1.0,1.0,0.12658227848101267,0.0,-0.12658227848101267
cherry pepper,1.0,0.0,1.0,0.0,0.038476337052712584,0.038476337052712584
chard or curly white cabbage,1.0,0.0,1.0,0.0,0.038476337052712584,0.038476337052712584
red port,1.0,0.0,1.0,0.0,0.038476337052712584,0.038476337052712584
"chard, spinach, or wild herbs",1.0,0.0,1.0,0.0,0.038476337052712584,0.038476337052712584
cheese (tilsiter and graukäse),1.0,0.0,1.0,0.0,0.038476337052712584,0.038476337052712584
chemical rennet,1.0,0.0,1.0,0.0,0.038476337052712584,0.038476337052712584
cherry acquavite,1.0,0.0,1.0,0.0,0.038476337052712584,0.038476337052712584
red bean,1.0,0.0,1.0,0.0,0.038476337052712584,0.038476337052712584
red apple,1.0,0.0,1.0,0.0,0.038476337052712584,0.038476337052712584
ready-made gelatin,1.0,0.0,1.0,0.0,0.038476337052712584,0.038476337052712584
ready-made aspic,1.0,0.0,1.0,0.0,0.038476337052712584,0.038476337052712584
re-milled durum wheat semolina,1.0,0.0,1.0,0.0,0.038476337052712584,0.038476337052712584
cherry laurel berry,1.0,0.0,1.0,0.0,0.038476337052712584,0.038476337052712584
raw tripe,0.0,1.0,1.0,0.12658227848101267,0.0,-0.12658227848101267
raw potato,0.0,1.0,1.0,0.12658227848101267,0.0,-0.12658227848101267
raw meat scrap,0.0,1.0,1.0,0.12658227848101267,0.0,-0.12658227848101267
raw chicken breast,0.0,1.0,1.0,0.12658227848101267,0.0,-0.12658227848101267
ravisse,1.0,0.0,1.0,0.0,0.038476337052712584,0.038476337052712584
cherry laurel leaf,0.0,1.0,1.0,0.12658227848101267,0.0,-0.12658227848101267
"raspberry, redcurrant, or strawberry jam",1.0,0.0,1.0,0.0,0.038476337052712584,0.038476337052712584
rose petal,0.0,1.0,1.0,0.12658227848101267,0.0,-0.12658227848101267
rose water,1.0,0.0,1.0,0.0,0.038476337052712584,0.038476337052712584
catalogna chicory top,1.0,0.0,1.0,0.0,0.038476337052712584,0.038476337052712584
san domingo coffee bean,0.0,1.0,1.0,0.12658227848101267,0.0,-0.12658227848101267
sardinian fregola,1.0,0.0,1.0,0.0,0.038476337052712584,0.038476337052712584
calabrian broccoli,1.0,0.0,1.0,0.0,0.038476337052712584,0.038476337052712584
saporita spice mix,1.0,0.0,1.0,0.0,0.038476337052712584,0.038476337052712584
calabrian oval orange,1.0,0.0,1.0,0.0,0.038476337052712584,0.038476337052712584
santoreggia sausage,1.0,0.0,1.0,0.0,0.038476337052712584,0.038476337052712584
sant'andrea rice,1.0,0.0,1.0,0.0,0.038476337052712584,0.038476337052712584
sangue morlacco liqueur,1.0,0.0,1.0,0.0,0.038476337052712584,0.038476337052712584
sandwich bread,1.0,0.0,1.0,0.0,0.038476337052712584,0.038476337052712584
calamaretti,1.0,0.0,1.0,0.0,0.038476337052712584,0.038476337052712584
samphire (salicornia),1.0,0.0,1.0,0.0,0.038476337052712584,0.038476337052712584
salted pantelleria caper,1.0,0.0,1.0,0.0,0.038476337052712584,0.038476337052712584
saltpeter,0.0,1.0,1.0,0.12658227848101267,0.0,-0.12658227848101267
salted àola,1.0,0.0,1.0,0.0,0.038476337052712584,0.038476337052712584
calf's head,1.0,0.0,1.0,0.0,0.038476337052712584,0.038476337052712584
salted selargius caper,1.0,0.0,1.0,0.0,0.038476337052712584,0.038476337052712584
campidanese sausage,1.0,0.0,1.0,0.0,0.038476337052712584,0.038476337052712584
candied and pitted sour cherry,1.0,0.0,1.0,0.0,0.038476337052712584,0.038476337052712584
candied black melon,1.0,0.0,1.0,0.0,0.038476337052712584,0.038476337052712584
salted pork rib,1.0,0.0,1.0,0.0,0.038476337052712584,0.038476337052712584
salted pork lardon,0.0,1.0,1.0,0.12658227848101267,0.0,-0.12658227848101267
sardinian gnocchetti,1.0,0.0,1.0,0.0,0.038476337052712584,0.038476337052712584
sardinian partridge,1.0,0.0,1.0,0.0,0.038476337052712584,0.038476337052712584
caciocavallo or primo sale cheese,1.0,0.0,1.0,0.0,0.038476337052712584,0.038476337052712584
stewing hare meat,1.0,0.0,1.0,0.0,0.038476337052712584,0.038476337052712584
savòr dolce,1.0,0.0,1.0,0.0,0.038476337052712584,0.038476337052712584
bucatini (or spaghetti),1.0,0.0,1.0,0.0,0.038476337052712584,0.038476337052712584
savory pie crust,1.0,0.0,1.0,0.0,0.038476337052712584,0.038476337052712584
buffalo ricotta,1.0,0.0,1.0,0.0,0.038476337052712584,0.038476337052712584
savor (or mostarda di cremona),1.0,0.0,1.0,0.0,0.038476337052712584,0.038476337052712584
savor,1.0,0.0,1.0,0.0,0.038476337052712584,0.038476337052712584
bunch of herb,1.0,0.0,1.0,0.0,0.038476337052712584,0.038476337052712584
savoiardi,1.0,0.0,1.0,0.0,0.038476337052712584,0.038476337052712584
savignano mostarda,0.0,1.0,1.0,0.12658227848101267,0.0,-0.12658227848101267
saury pike,1.0,0.0,1.0,0.0,0.038476337052712584,0.038476337052712584
sauerkraut (sour cabbage),1.0,0.0,1.0,0.0,0.038476337052712584,0.038476337052712584
béchamel sauce (from recipe #137),0.0,1.0,1.0,0.12658227848101267,0.0,-0.12658227848101267
sauce/gravy,0.0,1.0,1.0,0.12658227848101267,0.0,-0.12658227848101267
sauce no. 4,0.0,1.0,1.0,0.12658227848101267,0.0,-0.12658227848101267
sauce from recipe no. 124,0.0,1.0,1.0,0.12658227848101267,0.0,-0.12658227848101267
béchamel sauce no. 137,0.0,1.0,1.0,0.12658227848101267,0.0,-0.12658227848101267
cabbage leaf,1.0,0.0,1.0,0.0,0.038476337052712584,0.038476337052712584
sardinian spiny artichoke top,1.0,0.0,1.0,0.0,0.038476337052712584,0.038476337052712584
cabernet wine,1.0,0.0,1.0,0.0,0.038476337052712584,0.038476337052712584
salted pork belly,1.0,0.0,1.0,0.0,0.038476337052712584,0.038476337052712584
candied citron or pumpkin,0.0,1.0,1.0,0.12658227848101267,0.0,-0.12658227848101267
catalogna chicory,1.0,0.0,1.0,0.0,0.038476337052712584,0.038476337052712584
rye breadcrumb,0.0,1.0,1.0,0.12658227848101267,0.0,-0.12658227848101267
salamanna grape,0.0,1.0,1.0,0.12658227848101267,0.0,-0.12658227848101267
salama da sugo,1.0,0.0,1.0,0.0,0.038476337052712584,0.038476337052712584
salad burnet,0.0,1.0,1.0,0.12658227848101267,0.0,-0.12658227848101267
caraway seeds (kümmel),1.0,0.0,1.0,0.0,0.038476337052712584,0.038476337052712584
carnic bean,1.0,0.0,1.0,0.0,0.038476337052712584,0.038476337052712584
carrot stalk,0.0,1.0,1.0,0.12658227848101267,0.0,-0.12658227848101267
cascigni,1.0,0.0,1.0,0.0,0.038476337052712584,0.038476337052712584
rônséle (tender poppy plants),1.0,0.0,1.0,0.0,0.038476337052712584,0.038476337052712584
castrato,1.0,0.0,1.0,0.0,0.038476337052712584,0.038476337052712584
castrato lamb,1.0,0.0,1.0,0.0,0.038476337052712584,0.038476337052712584
candied olives with fennel and bay leaf,1.0,0.0,1.0,0.0,0.038476337052712584,0.038476337052712584
rutabaga,1.0,0.0,1.0,0.0,0.038476337052712584,0.038476337052712584
rum or sassolino liqueur,1.0,0.0,1.0,0.0,0.038476337052712584,0.038476337052712584
rum essence,1.0,0.0,1.0,0.0,0.038476337052712584,0.038476337052712584
castrato lamb or mutton,1.0,0.0,1.0,0.0,0.038476337052712584,0.038476337052712584
royal perch fillet,1.0,0.0,1.0,0.0,0.038476337052712584,0.038476337052712584
royal perch,1.0,0.0,1.0,0.0,0.038476337052712584,0.038476337052712584
royal icing,1.0,0.0,1.0,0.0,0.038476337052712584,0.038476337052712584
catalogna,1.0,0.0,1.0,0.0,0.038476337052712584,0.038476337052712584
rositi mushroom,1.0,0.0,1.0,0.0,0.038476337052712584,0.038476337052712584
salame,1.0,0.0,1.0,0.0,0.038476337052712584,0.038476337052712584
capunti pasta,1.0,0.0,1.0,0.0,0.038476337052712584,0.038476337052712584
cappello del prete (beef shoulder clod),1.0,0.0,1.0,0.0,0.038476337052712584,0.038476337052712584
cappelletti filling from recipe #7,0.0,1.0,1.0,0.12658227848101267,0.0,-0.12658227848101267
canned pea,1.0,0.0,1.0,0.0,0.038476337052712584,0.038476337052712584
salted curd,1.0,0.0,1.0,0.0,0.038476337052712584,0.038476337052712584
canned tuna,1.0,0.0,1.0,0.0,0.038476337052712584,0.038476337052712584
cannolicchi (ditalini) pasta,1.0,0.0,1.0,0.0,0.038476337052712584,0.038476337052712584
salted cheese,1.0,0.0,1.0,0.0,0.038476337052712584,0.038476337052712584
cannolicchi or conchigliette pasta,1.0,0.0,1.0,0.0,0.038476337052712584,0.038476337052712584
cannonau wine,1.0,0.0,1.0,0.0,0.038476337052712584,0.038476337052712584
salted almond,1.0,0.0,1.0,0.0,0.038476337052712584,0.038476337052712584
caperozoli,1.0,0.0,1.0,0.0,0.038476337052712584,0.038476337052712584
capitone eel head and tail,1.0,0.0,1.0,0.0,0.038476337052712584,0.038476337052712584
capon giblet,1.0,0.0,1.0,0.0,0.038476337052712584,0.038476337052712584
salsiccia or soppressata,1.0,0.0,1.0,0.0,0.038476337052712584,0.038476337052712584
capon meat,1.0,0.0,1.0,0.0,0.038476337052712584,0.038476337052712584
capon or hen,1.0,0.0,1.0,0.0,0.038476337052712584,0.038476337052712584
salmon trout,1.0,0.0,1.0,0.0,0.038476337052712584,0.038476337052712584
salicylic acid,0.0,1.0,1.0,0.12658227848101267,0.0,-0.12658227848101267
salamino,1.0,0.0,1.0,0.0,0.038476337052712584,0.038476337052712584
salami or sausage,1.0,0.0,1.0,0.0,0.038476337052712584,0.038476337052712584
salamelle mantovane,1.0,0.0,1.0,0.0,0.038476337052712584,0.038476337052712584
stewing beef,1.0,0.0,1.0,0.0,0.038476337052712584,0.038476337052712584
suckling veal cutlet,0.0,1.0,1.0,0.12658227848101267,0.0,-0.12658227848101267
stewing veal,1.0,0.0,1.0,0.0,0.038476337052712584,0.038476337052712584
stoccafisso,1.0,0.0,1.0,0.0,0.038476337052712584,0.038476337052712584
assorted seasonal vegetable,1.0,0.0,1.0,0.0,0.038476337052712584,0.038476337052712584
vov liqueur,1.0,0.0,1.0,0.0,0.038476337052712584,0.038476337052712584
volpina or kaiser pear,1.0,0.0,1.0,0.0,0.038476337052712584,0.038476337052712584
vitalba shoot,1.0,0.0,1.0,0.0,0.038476337052712584,0.038476337052712584
autumn fruit,1.0,0.0,1.0,0.0,0.038476337052712584,0.038476337052712584
vinsanto,1.0,0.0,1.0,0.0,0.038476337052712584,0.038476337052712584
azarole,0.0,1.0,1.0,0.12658227848101267,0.0,-0.12658227848101267
vineyard snail,1.0,0.0,1.0,0.0,0.038476337052712584,0.038476337052712584
vinegar or marsala wine,1.0,0.0,1.0,0.0,0.038476337052712584,0.038476337052712584
baby cuttlefish,1.0,0.0,1.0,0.0,0.038476337052712584,0.038476337052712584
baby eel,1.0,0.0,1.0,0.0,0.038476337052712584,0.038476337052712584
vin santo wine,1.0,0.0,1.0,0.0,0.038476337052712584,0.038476337052712584
baccalà (soaked stockfish),1.0,0.0,1.0,0.0,0.038476337052712584,0.038476337052712584
villa santa maria punch,1.0,0.0,1.0,0.0,0.038476337052712584,0.038476337052712584
vignaiola snail,1.0,0.0,1.0,0.0,0.038476337052712584,0.038476337052712584
baccalà ragno (stockfish),1.0,0.0,1.0,0.0,0.038476337052712584,0.038476337052712584
verzino sausage,1.0,0.0,1.0,0.0,0.038476337052712584,0.038476337052712584
very salty sheep's milk curd (merca),1.0,0.0,1.0,0.0,0.038476337052712584,0.038476337052712584
very ripe apricot,0.0,1.0,1.0,0.12658227848101267,0.0,-0.12658227848101267
very lean pork pulp,1.0,0.0,1.0,0.0,0.038476337052712584,0.038476337052712584
very firm polenta,1.0,0.0,1.0,0.0,0.038476337052712584,0.038476337052712584
assorted fruit preserf,0.0,1.0,1.0,0.12658227848101267,0.0,-0.12658227848101267
assorted fish,0.0,1.0,1.0,0.12658227848101267,0.0,-0.12658227848101267
aspic jelly,0.0,1.0,1.0,0.12658227848101267,0.0,-0.12658227848101267
aromatic herbs for roasting,1.0,0.0,1.0,0.0,0.038476337052712584,0.038476337052712584
white bean of rotonda,1.0,0.0,1.0,0.0,0.038476337052712584,0.038476337052712584
aromatic herb bouquet,1.0,0.0,1.0,0.0,0.038476337052712584,0.038476337052712584
aromatic herb powder,1.0,0.0,1.0,0.0,0.038476337052712584,0.038476337052712584
whisky,1.0,0.0,1.0,0.0,0.038476337052712584,0.038476337052712584
"aromatic herbs (basil, parsley, nepitella)",1.0,0.0,1.0,0.0,0.038476337052712584,0.038476337052712584
"aromatic herbs (parsley, sage, rosemary, thyme)",1.0,0.0,1.0,0.0,0.038476337052712584,0.038476337052712584
"aromatic herbs (sage, rosemary, bay leaf)",1.0,0.0,1.0,0.0,0.038476337052712584,0.038476337052712584
wheat kernel,1.0,0.0,1.0,0.0,0.038476337052712584,0.038476337052712584
wheat flour wafer,1.0,0.0,1.0,0.0,0.038476337052712584,0.038476337052712584
aromatic liqueur (fumetto),0.0,1.0,1.0,0.12658227848101267,0.0,-0.12658227848101267
aspic broth,0.0,1.0,1.0,0.12658227848101267,0.0,-0.12658227848101267
well-aged venison loin,1.0,0.0,1.0,0.0,0.038476337052712584,0.038476337052712584
well-aged beef fillet,1.0,0.0,1.0,0.0,0.038476337052712584,0.038476337052712584
weever fish,1.0,0.0,1.0,0.0,0.038476337052712584,0.038476337052712584
aromatic reduction,1.0,0.0,1.0,0.0,0.038476337052712584,0.038476337052712584
"aromatics (onion, celery, carrot, parsley)",1.0,0.0,1.0,0.0,0.038476337052712584,0.038476337052712584
wattle,0.0,1.0,1.0,0.12658227848101267,0.0,-0.12658227848101267
watermelon pulp,1.0,0.0,1.0,0.0,0.038476337052712584,0.038476337052712584
watermelon,1.0,0.0,1.0,0.0,0.038476337052712584,0.038476337052712584
watercress,1.0,0.0,1.0,0.0,0.038476337052712584,0.038476337052712584
very fine durum wheat semolina,1.0,0.0,1.0,0.0,0.038476337052712584,0.038476337052712584
backstrip,0.0,1.0,1.0,0.12658227848101267,0.0,-0.12658227848101267
bagna cauda,1.0,0.0,1.0,0.0,0.038476337052712584,0.038476337052712584
veal or beef,0.0,1.0,1.0,0.12658227848101267,0.0,-0.12658227848101267
bay leaf sprig,1.0,0.0,1.0,0.0,0.038476337052712584,0.038476337052712584
veal round (girello),1.0,0.0,1.0,0.0,0.038476337052712584,0.038476337052712584
veal round,1.0,0.0,1.0,0.0,0.038476337052712584,0.038476337052712584
veal pulp (round or topside),1.0,0.0,1.0,0.0,0.038476337052712584,0.038476337052712584
bechamel sauce,1.0,0.0,1.0,0.0,0.038476337052712584,0.038476337052712584
veal or pork trotter,1.0,0.0,1.0,0.0,0.038476337052712584,0.038476337052712584
veal or beef spleen,0.0,1.0,1.0,0.12658227848101267,0.0,-0.12658227848101267
veal or beef roast,0.0,1.0,1.0,0.12658227848101267,0.0,-0.12658227848101267
veal or beef cutlet,0.0,1.0,1.0,0.12658227848101267,0.0,-0.12658227848101267
veal offal (strigolo/castagnetta),1.0,0.0,1.0,0.0,0.038476337052712584,0.038476337052712584
batuda (soured whole milk),1.0,0.0,1.0,0.0,0.038476337052712584,0.038476337052712584
veal offal,1.0,0.0,1.0,0.0,0.038476337052712584,0.038476337052712584
veal neck,1.0,0.0,1.0,0.0,0.038476337052712584,0.038476337052712584
veal musetto,1.0,0.0,1.0,0.0,0.038476337052712584,0.038476337052712584
veal muscle stew meat,1.0,0.0,1.0,0.0,0.038476337052712584,0.038476337052712584
veal medallion,1.0,0.0,1.0,0.0,0.038476337052712584,0.038476337052712584
veal meat,1.0,0.0,1.0,0.0,0.038476337052712584,0.038476337052712584
veal marrow,0.0,1.0,1.0,0.12658227848101267,0.0,-0.12658227848101267
"beef (knee, shin, foot)",1.0,0.0,1.0,0.0,0.038476337052712584,0.038476337052712584
veal loin steak,1.0,0.0,1.0,0.0,0.038476337052712584,0.038476337052712584
bavette pasta,1.0,0.0,1.0,0.0,0.038476337052712584,0.038476337052712584
batter from recipe no. 156,0.0,1.0,1.0,0.12658227848101267,0.0,-0.12658227848101267
vermouth,1.0,0.0,1.0,0.0,0.038476337052712584,0.038476337052712584
veal udder or spleen,1.0,0.0,1.0,0.0,0.038476337052712584,0.038476337052712584
baked black olive,1.0,0.0,1.0,0.0,0.038476337052712584,0.038476337052712584
vermentino wine,1.0,0.0,1.0,0.0,0.038476337052712584,0.038476337052712584
verjuice,0.0,1.0,1.0,0.12658227848101267,0.0,-0.12658227848101267
baking wafer,1.0,0.0,1.0,0.0,0.038476337052712584,0.038476337052712584
ventricina,1.0,0.0,1.0,0.0,0.038476337052712584,0.038476337052712584
veneto sopressa,1.0,0.0,1.0,0.0,0.038476337052712584,0.038476337052712584
balilla rice or other originario rice,1.0,0.0,1.0,0.0,0.038476337052712584,0.038476337052712584
balsamella sauce,0.0,1.0,1.0,0.12658227848101267,0.0,-0.12658227848101267
banana,0.0,1.0,1.0,0.12658227848101267,0.0,-0.12658227848101267
barbera d’asti wine,1.0,0.0,1.0,0.0,0.038476337052712584,0.038476337052712584
batter (from recipe no. 156),0.0,1.0,1.0,0.12658227848101267,0.0,-0.12658227848101267
veal trotter and bone broth,1.0,0.0,1.0,0.0,0.038476337052712584,0.038476337052712584
basil pesto,1.0,0.0,1.0,0.0,0.038476337052712584,0.038476337052712584
basil sprig,1.0,0.0,1.0,0.0,0.038476337052712584,0.038476337052712584
basil stalk,0.0,1.0,1.0,0.12658227848101267,0.0,-0.12658227848101267
bassano asparagus,1.0,0.0,1.0,0.0,0.038476337052712584,0.038476337052712584
veal testicle,1.0,0.0,1.0,0.0,0.038476337052712584,0.038476337052712584
batter (from recipe #156),0.0,1.0,1.0,0.12658227848101267,0.0,-0.12658227848101267
veal sweetbread,1.0,0.0,1.0,0.0,0.038476337052712584,0.038476337052712584
veal steak,1.0,0.0,1.0,0.0,0.038476337052712584,0.038476337052712584
aromatic,1.0,0.0,1.0,0.0,0.038476337052712584,0.038476337052712584
argentine,1.0,0.0,1.0,0.0,0.038476337052712584,0.038476337052712584
white chocolate,1.0,0.0,1.0,0.0,0.038476337052712584,0.038476337052712584
yellow mountain turnip,1.0,0.0,1.0,0.0,0.038476337052712584,0.038476337052712584
young calf's liver,1.0,0.0,1.0,0.0,0.038476337052712584,0.038476337052712584
young black-eyed pea,0.0,1.0,1.0,0.12658227848101267,0.0,-0.12658227848101267
yellow-skinned quince,0.0,1.0,1.0,0.12658227848101267,0.0,-0.12658227848101267
yellow pumpkin pulp,1.0,0.0,1.0,0.0,0.038476337052712584,0.038476337052712584
aged vernaccia di oristano,1.0,0.0,1.0,0.0,0.038476337052712584,0.038476337052712584
aged woodcock,1.0,0.0,1.0,0.0,0.038476337052712584,0.038476337052712584
agoni,1.0,0.0,1.0,0.0,0.038476337052712584,0.038476337052712584
agoni (whitefish),1.0,0.0,1.0,0.0,0.038476337052712584,0.038476337052712584
ajucche (rampion),1.0,0.0,1.0,0.0,0.038476337052712584,0.038476337052712584
yeast starter,0.0,1.0,1.0,0.12658227848101267,0.0,-0.12658227848101267
young chicken bust,0.0,1.0,1.0,0.12658227848101267,0.0,-0.12658227848101267
almond and walnut,1.0,0.0,1.0,0.0,0.038476337052712584,0.038476337052712584
woodcock innard,0.0,1.0,1.0,0.12658227848101267,0.0,-0.12658227848101267
woodcock gizzard,0.0,1.0,1.0,0.12658227848101267,0.0,-0.12658227848101267
woodcock,0.0,1.0,1.0,0.12658227848101267,0.0,-0.12658227848101267
wood pigeon,1.0,0.0,1.0,0.0,0.038476337052712584,0.038476337052712584
almond essence,1.0,0.0,1.0,0.0,0.038476337052712584,0.038476337052712584
wine syrup or marsala,1.0,0.0,1.0,0.0,0.038476337052712584,0.038476337052712584
williams pear,1.0,0.0,1.0,0.0,0.038476337052712584,0.038476337052712584
almond or walnut,1.0,0.0,1.0,0.0,0.038476337052712584,0.038476337052712584
aged vernaccia di cabra,1.0,0.0,1.0,0.0,0.038476337052712584,0.038476337052712584
young cow loin chop,0.0,1.0,1.0,0.12658227848101267,0.0,-0.12658227848101267
wild spinach leaf,1.0,0.0,1.0,0.0,0.038476337052712584,0.038476337052712584
zampone di modena,1.0,0.0,1.0,0.0,0.038476337052712584,0.038476337052712584
zucchini shoot,1.0,0.0,1.0,0.0,0.038476337052712584,0.038476337052712584
zucchini pulp,0.0,1.0,1.0,0.12658227848101267,0.0,-0.12658227848101267
abbacchio lamb,1.0,0.0,1.0,0.0,0.038476337052712584,0.038476337052712584
abbuoti,1.0,0.0,1.0,0.0,0.038476337052712584,0.038476337052712584
abruzzese punch,1.0,0.0,1.0,0.0,0.038476337052712584,0.038476337052712584
ziti pasta,1.0,0.0,1.0,0.0,0.038476337052712584,0.038476337052712584
ziti,1.0,0.0,1.0,0.0,0.038476337052712584,0.038476337052712584
acacia and elderflower blossom,1.0,0.0,1.0,0.0,0.038476337052712584,0.038476337052712584
zander,1.0,0.0,1.0,0.0,0.038476337052712584,0.038476337052712584
zampone broth,1.0,0.0,1.0,0.0,0.038476337052712584,0.038476337052712584
adacciata,1.0,0.0,1.0,0.0,0.038476337052712584,0.038476337052712584
young turnip with leaf,1.0,0.0,1.0,0.0,0.038476337052712584,0.038476337052712584
acacia honey,1.0,0.0,1.0,0.0,0.038476337052712584,0.038476337052712584
acidulated water,1.0,0.0,1.0,0.0,0.038476337052712584,0.038476337052712584
young peacock,0.0,1.0,1.0,0.12658227848101267,0.0,-0.12658227848101267
young nettle tip,1.0,0.0,1.0,0.0,0.038476337052712584,0.038476337052712584
young nettle stalk,1.0,0.0,1.0,0.0,0.038476337052712584,0.038476337052712584
young goose,1.0,0.0,1.0,0.0,0.038476337052712584,0.038476337052712584
young goat meat ('bima'),1.0,0.0,1.0,0.0,0.038476337052712584,0.038476337052712584
young goat meat,1.0,0.0,1.0,0.0,0.038476337052712584,0.038476337052712584
wild thistle,1.0,0.0,1.0,0.0,0.038476337052712584,0.038476337052712584
wild spinach (good king henry),1.0,0.0,1.0,0.0,0.038476337052712584,0.038476337052712584
white endive,1.0,0.0,1.0,0.0,0.038476337052712584,0.038476337052712584
anolini,1.0,0.0,1.0,0.0,0.038476337052712584,0.038476337052712584
white zucchini,1.0,0.0,1.0,0.0,0.038476337052712584,0.038476337052712584
white wine vinegar or lemon juice,1.0,0.0,1.0,0.0,0.038476337052712584,0.038476337052712584
angelshark,0.0,1.0,1.0,0.12658227848101267,0.0,-0.12658227848101267
anise liqueur or grappa,1.0,0.0,1.0,0.0,0.038476337052712584,0.038476337052712584
anise sapa or sassolino liqueur,1.0,0.0,1.0,0.0,0.038476337052712584,0.038476337052712584
white wafer,1.0,0.0,1.0,0.0,0.038476337052712584,0.038476337052712584
anisette,1.0,0.0,1.0,0.0,0.038476337052712584,0.038476337052712584
annit,1.0,0.0,1.0,0.0,0.038476337052712584,0.038476337052712584
white tripe,1.0,0.0,1.0,0.0,0.038476337052712584,0.038476337052712584
white risotto,1.0,0.0,1.0,0.0,0.038476337052712584,0.038476337052712584
whole almond,1.0,0.0,1.0,0.0,0.038476337052712584,0.038476337052712584
white pumpkin,1.0,0.0,1.0,0.0,0.038476337052712584,0.038476337052712584
apple cider vinegar,1.0,0.0,1.0,0.0,0.038476337052712584,0.038476337052712584
apple ice cream,1.0,0.0,1.0,0.0,0.038476337052712584,0.038476337052712584
white or rosé wine vinegar,1.0,0.0,1.0,0.0,0.038476337052712584,0.038476337052712584
white mustard powder,0.0,1.0,1.0,0.12658227848101267,0.0,-0.12658227848101267
arborio or carnaroli rice,1.0,0.0,1.0,0.0,0.038476337052712584,0.038476337052712584
arctic char,1.0,0.0,1.0,0.0,0.038476337052712584,0.038476337052712584
white fava bean,1.0,0.0,1.0,0.0,0.038476337052712584,0.038476337052712584
white escarole,1.0,0.0,1.0,0.0,0.038476337052712584,0.038476337052712584
whitefish (lavarello),1.0,0.0,1.0,0.0,0.038476337052712584,0.038476337052712584
whole chicken,0.0,1.0,1.0,0.12658227848101267,0.0,-0.12658227848101267
wild spinach,1.0,0.0,1.0,0.0,0.038476337052712584,0.038476337052712584
wild chicory or turnip green,1.0,0.0,1.0,0.0,0.038476337052712584,0.038476337052712584
almond paste,1.0,0.0,1.0,0.0,0.038476337052712584,0.038476337052712584
wild mint,1.0,0.0,1.0,0.0,0.038476337052712584,0.038476337052712584
wild green,1.0,0.0,1.0,0.0,0.038476337052712584,0.038476337052712584
wild fennel stalk,0.0,1.0,1.0,0.12658227848101267,0.0,-0.12658227848101267
wild fennel leaf,1.0,0.0,1.0,0.0,0.038476337052712584,0.038476337052712584
wild fennel frond,1.0,0.0,1.0,0.0,0.038476337052712584,0.038476337052712584
wild fennel flowers and leaf,1.0,0.0,1.0,0.0,0.038476337052712584,0.038476337052712584
amaretto,1.0,0.0,1.0,0.0,0.038476337052712584,0.038476337052712584
wild chicory plant,1.0,0.0,1.0,0.0,0.038476337052712584,0.038476337052712584
amaretto cookie,1.0,0.0,1.0,0.0,0.038476337052712584,0.038476337052712584
anelletti pasta,1.0,0.0,1.0,0.0,0.038476337052712584,0.038476337052712584
wild cardoon,1.0,0.0,1.0,0.0,0.038476337052712584,0.038476337052712584
wild boar saddle,1.0,0.0,1.0,0.0,0.038476337052712584,0.038476337052712584
ammonium bicarbonate,1.0,0.0,1.0,0.0,0.038476337052712584,0.038476337052712584
ammonium carbonate,1.0,0.0,1.0,0.0,0.038476337052712584,0.038476337052712584
wild boar loin,1.0,0.0,1.0,0.0,0.038476337052712584,0.038476337052712584
amoli,1.0,0.0,1.0,0.0,0.038476337052712584,0.038476337052712584
wide homemade tagliatelle,1.0,0.0,1.0,0.0,0.038476337052712584,0.038476337052712584
anchovy pulp,0.0,1.0,1.0,0.12658227848101267,0.0,-0.12658227848101267
whole goose,1.0,0.0,1.0,0.0,0.038476337052712584,0.038476337052712584
veal loin,1.0,0.0,1.0,0.0,0.038476337052712584,0.038476337052712584
beef (lacerto/girello cut),1.0,0.0,1.0,0.0,0.038476337052712584,0.038476337052712584
veal knee,1.0,0.0,1.0,0.0,0.038476337052712584,0.038476337052712584
sweetened olive,0.0,1.0,1.0,0.12658227848101267,0.0,-0.12658227848101267
taglierini,0.0,1.0,1.0,0.12658227848101267,0.0,-0.12658227848101267
tagliatelle dough,1.0,0.0,1.0,0.0,0.038476337052712584,0.038476337052712584
bitter orange,0.0,1.0,1.0,0.12658227848101267,0.0,-0.12658227848101267
taggiasca olive,1.0,0.0,1.0,0.0,0.038476337052712584,0.038476337052712584
tacconcelli pasta,1.0,0.0,1.0,0.0,0.038476337052712584,0.038476337052712584
sùrici,1.0,0.0,1.0,0.0,0.038476337052712584,0.038476337052712584
swordfish belly,1.0,0.0,1.0,0.0,0.038476337052712584,0.038476337052712584
bitto,1.0,0.0,1.0,0.0,0.038476337052712584,0.038476337052712584
sweetened white dried fig,1.0,0.0,1.0,0.0,0.038476337052712584,0.038476337052712584
sweetened coffee,1.0,0.0,1.0,0.0,0.038476337052712584,0.038476337052712584
bitter armelline kernel,1.0,0.0,1.0,0.0,0.038476337052712584,0.038476337052712584
black and green olive,1.0,0.0,1.0,0.0,0.038476337052712584,0.038476337052712584
sweetbreads and brain,1.0,0.0,1.0,0.0,0.038476337052712584,0.038476337052712584
black bread crouton,1.0,0.0,1.0,0.0,0.038476337052712584,0.038476337052712584
sweet vin santo,1.0,0.0,1.0,0.0,0.038476337052712584,0.038476337052712584
sweet romanesco pea,1.0,0.0,1.0,0.0,0.038476337052712584,0.038476337052712584
sweet ripe white grape,1.0,0.0,1.0,0.0,0.038476337052712584,0.038476337052712584
sweet ricotta,1.0,0.0,1.0,0.0,0.038476337052712584,0.038476337052712584
sweet pumpkin,1.0,0.0,1.0,0.0,0.038476337052712584,0.038476337052712584
sweet potato,1.0,0.0,1.0,0.0,0.038476337052712584,0.038476337052712584
bitter olive,1.0,0.0,1.0,0.0,0.038476337052712584,0.038476337052712584
tarallo,1.0,0.0,1.0,0.0,0.038476337052712584,0.038476337052712584
sweet pear,1.0,0.0,1.0,0.0,0.038476337052712584,0.038476337052712584
tender turnip,1.0,0.0,1.0,0.0,0.038476337052712584,0.038476337052712584
thornback ray,1.0,0.0,1.0,0.0,0.038476337052712584,0.038476337052712584
thinly sliced beef,1.0,0.0,1.0,0.0,0.038476337052712584,0.038476337052712584
thin veal cutlet,0.0,1.0,1.0,0.12658227848101267,0.0,-0.12658227848101267
thin turkey breast slice,1.0,0.0,1.0,0.0,0.038476337052712584,0.038476337052712584
thin spaghettini,1.0,0.0,1.0,0.0,0.038476337052712584,0.038476337052712584
thin prosciutto crudo slice,1.0,0.0,1.0,0.0,0.038476337052712584,0.038476337052712584
thick-skinned orange,1.0,0.0,1.0,0.0,0.038476337052712584,0.038476337052712584
thick spaghetti,1.0,0.0,1.0,0.0,0.038476337052712584,0.038476337052712584
teroldego wine,1.0,0.0,1.0,0.0,0.038476337052712584,0.038476337052712584
tender fennel,1.0,0.0,1.0,0.0,0.038476337052712584,0.038476337052712584
tastasal paste,1.0,0.0,1.0,0.0,0.038476337052712584,0.038476337052712584
tender donkey meat,1.0,0.0,1.0,0.0,0.038476337052712584,0.038476337052712584
tender cardoon,1.0,0.0,1.0,0.0,0.038476337052712584,0.038476337052712584
bigoli pasta,1.0,0.0,1.0,0.0,0.038476337052712584,0.038476337052712584
bird,0.0,1.0,1.0,0.12658227848101267,0.0,-0.12658227848101267
bird (thrush),1.0,0.0,1.0,0.0,0.038476337052712584,0.038476337052712584
teal liver,0.0,1.0,1.0,0.12658227848101267,0.0,-0.12658227848101267
teal gizzard,0.0,1.0,1.0,0.12658227848101267,0.0,-0.12658227848101267
biscuit,1.0,0.0,1.0,0.0,0.038476337052712584,0.038476337052712584
biscuit or stale pinza,1.0,0.0,1.0,0.0,0.038476337052712584,0.038476337052712584
black bread slice,1.0,0.0,1.0,0.0,0.038476337052712584,0.038476337052712584
black cabbage,0.0,1.0,1.0,0.12658227848101267,0.0,-0.12658227848101267
bigoli,1.0,0.0,1.0,0.0,0.038476337052712584,0.038476337052712584
strigoli,1.0,0.0,1.0,0.0,0.038476337052712584,0.038476337052712584
suckling calf's head,0.0,1.0,1.0,0.12658227848101267,0.0,-0.12658227848101267
suckling calf's foot,0.0,1.0,1.0,0.12658227848101267,0.0,-0.12658227848101267
black panforte,1.0,0.0,1.0,0.0,0.038476337052712584,0.038476337052712584
black spaghetti (whole wheat),1.0,0.0,1.0,0.0,0.038476337052712584,0.038476337052712584
stuffed chop,0.0,1.0,1.0,0.12658227848101267,0.0,-0.12658227848101267
stuffed beef braciole from recipe #537,0.0,1.0,1.0,0.12658227848101267,0.0,-0.12658227848101267
strong brewed coffee,1.0,0.0,1.0,0.0,0.038476337052712584,0.038476337052712584
string,0.0,1.0,1.0,0.12658227848101267,0.0,-0.12658227848101267
strigoli leaf,1.0,0.0,1.0,0.0,0.038476337052712584,0.038476337052712584
black summer truffle,1.0,0.0,1.0,0.0,0.038476337052712584,0.038476337052712584
black olive and caper,1.0,0.0,1.0,0.0,0.038476337052712584,0.038476337052712584
blackberry,0.0,1.0,1.0,0.12658227848101267,0.0,-0.12658227848101267
stracchino,1.0,0.0,1.0,0.0,0.038476337052712584,0.038476337052712584
store-bought pasta strip,0.0,1.0,1.0,0.12658227848101267,0.0,-0.12658227848101267
stone-ground polenta,1.0,0.0,1.0,0.0,0.038476337052712584,0.038476337052712584
stockfish tail,1.0,0.0,1.0,0.0,0.038476337052712584,0.038476337052712584
bleak (alborelle),1.0,0.0,1.0,0.0,0.038476337052712584,0.038476337052712584
"bogue, anchovy, or sardine",1.0,0.0,1.0,0.0,0.038476337052712584,0.038476337052712584
boiled bean,1.0,0.0,1.0,0.0,0.038476337052712584,0.038476337052712584
boiled beef,1.0,0.0,1.0,0.0,0.038476337052712584,0.038476337052712584
suckling kid goat,1.0,0.0,1.0,0.0,0.038476337052712584,0.038476337052712584
suckling pig,1.0,0.0,1.0,0.0,0.038476337052712584,0.038476337052712584
sweet orange,0.0,1.0,1.0,0.12658227848101267,0.0,-0.12658227848101267
sun-dried tomato in oil,1.0,0.0,1.0,0.0,0.038476337052712584,0.038476337052712584
sweet green pepper,1.0,0.0,1.0,0.0,0.038476337052712584,0.038476337052712584
sweet grape,0.0,1.0,1.0,0.12658227848101267,0.0,-0.12658227848101267
sweet gorgonzola,1.0,0.0,1.0,0.0,0.038476337052712584,0.038476337052712584
sweet dried pepper,1.0,0.0,1.0,0.0,0.038476337052712584,0.038476337052712584
sweet apple,1.0,0.0,1.0,0.0,0.038476337052712584,0.038476337052712584
sweet and sour gherkin,1.0,0.0,1.0,0.0,0.038476337052712584,0.038476337052712584
sweet and hot paprika,1.0,0.0,1.0,0.0,0.038476337052712584,0.038476337052712584
black cherry,0.0,1.0,1.0,0.12658227848101267,0.0,-0.12658227848101267
black gaeta olife,1.0,0.0,1.0,0.0,0.038476337052712584,0.038476337052712584
summer savory,0.0,1.0,1.0,0.12658227848101267,0.0,-0.12658227848101267
suckling veal,0.0,1.0,1.0,0.12658227848101267,0.0,-0.12658227848101267
black kale,0.0,1.0,1.0,0.12658227848101267,0.0,-0.12658227848101267
sultana,1.0,0.0,1.0,0.0,0.038476337052712584,0.038476337052712584
sugared water,1.0,0.0,1.0,0.0,0.038476337052712584,0.038476337052712584
black kale leaf,1.0,0.0,1.0,0.0,0.038476337052712584,0.038476337052712584
black mussel,1.0,0.0,1.0,0.0,0.038476337052712584,0.038476337052712584
sugar or honey,1.0,0.0,1.0,0.0,0.038476337052712584,0.038476337052712584
suet,0.0,1.0,1.0,0.12658227848101267,0.0,-0.12658227848101267
suckling veal loin,0.0,1.0,1.0,0.12658227848101267,0.0,-0.12658227848101267
chicken gizzards and liver,1.0,0.0,1.0,0.0,0.038476337052712584,0.038476337052712584
thornback ray (arzilla),1.0,0.0,1.0,0.0,0.038476337052712584,0.038476337052712584
biade,1.0,0.0,1.0,0.0,0.038476337052712584,0.038476337052712584
beef (or pork),1.0,0.0,1.0,0.0,0.038476337052712584,0.038476337052712584
tuscan kale,1.0,0.0,1.0,0.0,0.038476337052712584,0.038476337052712584
untreated orange peel,1.0,0.0,1.0,0.0,0.038476337052712584,0.038476337052712584
untreated orange,1.0,0.0,1.0,0.0,0.038476337052712584,0.038476337052712584
beef for stew,1.0,0.0,1.0,0.0,0.038476337052712584,0.038476337052712584
unripe walnut,0.0,1.0,1.0,0.12658227848101267,0.0,-0.12658227848101267
unripe grape,1.0,0.0,1.0,0.0,0.038476337052712584,0.038476337052712584
unpeeled almond,1.0,0.0,1.0,0.0,0.038476337052712584,0.038476337052712584
unlaid hen egg yolk,1.0,0.0,1.0,0.0,0.038476337052712584,0.038476337052712584
beef or capon broth,1.0,0.0,1.0,0.0,0.038476337052712584,0.038476337052712584
udder,1.0,0.0,1.0,0.0,0.038476337052712584,0.038476337052712584
beef or pork pulp,1.0,0.0,1.0,0.0,0.038476337052712584,0.038476337052712584
beef for sauce,0.0,1.0,1.0,0.12658227848101267,0.0,-0.12658227848101267
beef or pork ragù,1.0,0.0,1.0,0.0,0.038476337052712584,0.038476337052712584
beef or veal cutlet,0.0,1.0,1.0,0.12658227848101267,0.0,-0.12658227848101267
turkey wing,0.0,1.0,1.0,0.12658227848101267,0.0,-0.12658227848101267
turkey meat,1.0,0.0,1.0,0.0,0.038476337052712584,0.038476337052712584
beef or veal sirloin,0.0,1.0,1.0,0.12658227848101267,0.0,-0.12658227848101267
turkey breast slice,1.0,0.0,1.0,0.0,0.038476337052712584,0.038476337052712584
turkey breast fillet,1.0,0.0,1.0,0.0,0.038476337052712584,0.038476337052712584
beef or veal slice,1.0,0.0,1.0,0.0,0.038476337052712584,0.038476337052712584
beef or veal tail,1.0,0.0,1.0,0.0,0.038476337052712584,0.038476337052712584
valtellina cheese,1.0,0.0,1.0,0.0,0.038476337052712584,0.038476337052712584
beef fillet steak,0.0,1.0,1.0,0.12658227848101267,0.0,-0.12658227848101267
beef or veal tongue,1.0,0.0,1.0,0.0,0.038476337052712584,0.038476337052712584
veal cheek,1.0,0.0,1.0,0.0,0.038476337052712584,0.038476337052712584
"veal head parts (snout, ears, lips, and cheeks)",1.0,0.0,1.0,0.0,0.038476337052712584,0.038476337052712584
veal foot,1.0,0.0,1.0,0.0,0.038476337052712584,0.038476337052712584
veal fillet or topside,1.0,0.0,1.0,0.0,0.038476337052712584,0.038476337052712584
veal fillet,0.0,1.0,1.0,0.12658227848101267,0.0,-0.12658227848101267
veal eye of round,1.0,0.0,1.0,0.0,0.038476337052712584,0.038476337052712584
veal ear,1.0,0.0,1.0,0.0,0.038476337052712584,0.038476337052712584
beef bouillon cube,1.0,0.0,1.0,0.0,0.038476337052712584,0.038476337052712584
veal cover cut,1.0,0.0,1.0,0.0,0.038476337052712584,0.038476337052712584
veal chop,1.0,0.0,1.0,0.0,0.038476337052712584,0.038476337052712584
veal cartilage mix,1.0,0.0,1.0,0.0,0.038476337052712584,0.038476337052712584
beef fillet medallion,1.0,0.0,1.0,0.0,0.038476337052712584,0.038476337052712584
veal broth,1.0,0.0,1.0,0.0,0.038476337052712584,0.038476337052712584
beef braciuola,0.0,1.0,1.0,0.12658227848101267,0.0,-0.12658227848101267
beef chop,0.0,1.0,1.0,0.12658227848101267,0.0,-0.12658227848101267
beef chuck,1.0,0.0,1.0,0.0,0.038476337052712584,0.038476337052712584
vanillin or other flavoring,1.0,0.0,1.0,0.0,0.038476337052712584,0.038476337052712584
beef chuck ('cappello da prete'),1.0,0.0,1.0,0.0,0.038476337052712584,0.038476337052712584
beef eye of round or pork ham,1.0,0.0,1.0,0.0,0.038476337052712584,0.038476337052712584
vanilla rosolio,1.0,0.0,1.0,0.0,0.038476337052712584,0.038476337052712584
vanilla or lemon zest,0.0,1.0,1.0,0.12658227848101267,0.0,-0.12658227848101267
turbot,1.0,0.0,1.0,0.0,0.038476337052712584,0.038476337052712584
tuna or ventresca in oil,1.0,0.0,1.0,0.0,0.038476337052712584,0.038476337052712584
besciamella,1.0,0.0,1.0,0.0,0.038476337052712584,0.038476337052712584
tomato preserve,1.0,0.0,1.0,0.0,0.038476337052712584,0.038476337052712584
tortarello,1.0,0.0,1.0,0.0,0.038476337052712584,0.038476337052712584
beef sinew,1.0,0.0,1.0,0.0,0.038476337052712584,0.038476337052712584
torpedo ray,1.0,0.0,1.0,0.0,0.038476337052712584,0.038476337052712584
beef thigh,1.0,0.0,1.0,0.0,0.038476337052712584,0.038476337052712584
tongue and prosciutto trimming,0.0,1.0,1.0,0.12658227848101267,0.0,-0.12658227848101267
tombarello,1.0,0.0,1.0,0.0,0.038476337052712584,0.038476337052712584
beef tripe (centopelli),1.0,0.0,1.0,0.0,0.038476337052712584,0.038476337052712584
beef trotter,0.0,1.0,1.0,0.12658227848101267,0.0,-0.12658227848101267
"beef, lamb, and pork mix",1.0,0.0,1.0,0.0,0.038476337052712584,0.038476337052712584
"beef, prime cut",1.0,0.0,1.0,0.0,0.038476337052712584,0.038476337052712584
torzelle,1.0,0.0,1.0,0.0,0.038476337052712584,0.038476337052712584
beet,0.0,1.0,1.0,0.12658227848101267,0.0,-0.12658227848101267
"toma del maccagno, bettelmatt, or fontina cheese",1.0,0.0,1.0,0.0,0.038476337052712584,0.038476337052712584
toasted hazelnut paste,1.0,0.0,1.0,0.0,0.038476337052712584,0.038476337052712584
toasted hazelnut grit,1.0,0.0,1.0,0.0,0.038476337052712584,0.038476337052712584
beignet paste from recipe no. 631,0.0,1.0,1.0,0.12658227848101267,0.0,-0.12658227848101267
bellunese salami,1.0,0.0,1.0,0.0,0.038476337052712584,0.038476337052712584
bergamot,1.0,0.0,1.0,0.0,0.038476337052712584,0.038476337052712584
toasted almond and walnut,1.0,0.0,1.0,0.0,0.038476337052712584,0.038476337052712584
bergamot pulp,1.0,0.0,1.0,0.0,0.038476337052712584,0.038476337052712584
tortellini,1.0,0.0,1.0,0.0,0.038476337052712584,0.038476337052712584
tracchiolelle,1.0,0.0,1.0,0.0,0.038476337052712584,0.038476337052712584
beef or veal topside,0.0,1.0,1.0,0.12658227848101267,0.0,-0.12658227848101267
truffle peeling,0.0,1.0,1.0,0.12658227848101267,0.0,-0.12658227848101267
tuna bottarga,1.0,0.0,1.0,0.0,0.038476337052712584,0.038476337052712584
tuna belly,0.0,1.0,1.0,0.12658227848101267,0.0,-0.12658227848101267
beef rib,1.0,0.0,1.0,0.0,0.038476337052712584,0.038476337052712584
beef rib steak,1.0,0.0,1.0,0.0,0.038476337052712584,0.038476337052712584
tubettoni rigati,1.0,0.0,1.0,0.0,0.038476337052712584,0.038476337052712584
tubetti rigati,1.0,0.0,1.0,0.0,0.038476337052712584,0.038476337052712584
tub gurnard,1.0,0.0,1.0,0.0,0.038476337052712584,0.038476337052712584
truffle slice,1.0,0.0,1.0,0.0,0.038476337052712584,0.038476337052712584
truffle shaving,1.0,0.0,1.0,0.0,0.038476337052712584,0.038476337052712584
truffle cream,1.0,0.0,1.0,0.0,0.038476337052712584,0.038476337052712584
tracchiolelle (pork rib),1.0,0.0,1.0,0.0,0.038476337052712584,0.038476337052712584
beef round,1.0,0.0,1.0,0.0,0.038476337052712584,0.038476337052712584
trout roe,1.0,0.0,1.0,0.0,0.038476337052712584,0.038476337052712584
beef shoulder,1.0,0.0,1.0,0.0,0.038476337052712584,0.038476337052712584
tripe sauce,1.0,0.0,1.0,0.0,0.038476337052712584,0.038476337052712584
tripe (foiolo),1.0,0.0,1.0,0.0,0.038476337052712584,0.038476337052712584
beef silverside,0.0,1.0,1.0,0.12658227848101267,0.0,-0.12658227848101267
treviso radicchio,1.0,0.0,1.0,0.0,0.038476337052712584,0.038476337052712584
trapanese busiati pasta,1.0,0.0,1.0,0.0,0.038476337052712584,0.038476337052712584
traggera (sprinkles),1.0,0.0,1.0,0.0,0.038476337052712584,0.038476337052712584
puntarelle,1.0,0.0,1.0,0.0,0.038476337052712584,0.038476337052712584
chicken pulp,0.0,1.0,1.0,0.12658227848101267,0.0,-0.12658227848101267
chicken head,0.0,1.0,1.0,0.12658227848101267,0.0,-0.12658227848101267
lark,0.0,1.0,1.0,0.12658227848101267,0.0,-0.12658227848101267
fat goose,1.0,0.0,1.0,0.0,0.038476337052712584,0.038476337052712584
lean pork or veal cutlet,1.0,0.0,1.0,0.0,0.038476337052712584,0.038476337052712584
fatty sausage,1.0,0.0,1.0,0.0,0.038476337052712584,0.038476337052712584
fava bean and shelled pea,1.0,0.0,1.0,0.0,0.038476337052712584,0.038476337052712584
lean meat slice,1.0,0.0,1.0,0.0,0.038476337052712584,0.038476337052712584
lean meat,1.0,0.0,1.0,0.0,0.038476337052712584,0.038476337052712584
lean lardo,1.0,0.0,1.0,0.0,0.038476337052712584,0.038476337052712584
lean lard,1.0,0.0,1.0,0.0,0.038476337052712584,0.038476337052712584
lean lamb belly,1.0,0.0,1.0,0.0,0.038476337052712584,0.038476337052712584
lean boneless veal,0.0,1.0,1.0,0.12658227848101267,0.0,-0.12658227848101267
lean boneless meat,0.0,1.0,1.0,0.12658227848101267,0.0,-0.12658227848101267
lean boiled or roasted beef or veal,0.0,1.0,1.0,0.12658227848101267,0.0,-0.12658227848101267
lean beef pulp,1.0,0.0,1.0,0.0,0.038476337052712584,0.038476337052712584
lean beef or pork pulp,1.0,0.0,1.0,0.0,0.038476337052712584,0.038476337052712584
fedelini,1.0,0.0,1.0,0.0,0.038476337052712584,0.038476337052712584
lean adult beef,1.0,0.0,1.0,0.0,0.038476337052712584,0.038476337052712584
leaf spinach,1.0,0.0,1.0,0.0,0.038476337052712584,0.038476337052712584
leaf broccoli,1.0,0.0,1.0,0.0,0.038476337052712584,0.038476337052712584
lavarello,1.0,0.0,1.0,0.0,0.038476337052712584,0.038476337052712584
fermented black grape must,1.0,0.0,1.0,0.0,0.038476337052712584,0.038476337052712584
lattaruli mushroom,1.0,0.0,1.0,0.0,0.038476337052712584,0.038476337052712584
lean pork pulp (or sausage),1.0,0.0,1.0,0.0,0.038476337052712584,0.038476337052712584
fat for frying,0.0,1.0,1.0,0.12658227848101267,0.0,-0.12658227848101267
fat and meat scrap,1.0,0.0,1.0,0.0,0.038476337052712584,0.038476337052712584
leftover cooked meat,0.0,1.0,1.0,0.12658227848101267,0.0,-0.12658227848101267
lemon juice or vinegar,1.0,0.0,1.0,0.0,0.038476337052712584,0.038476337052712584
eye of round beef,0.0,1.0,1.0,0.12658227848101267,0.0,-0.12658227848101267
"lemon balm, calamint or mint leaf",1.0,0.0,1.0,0.0,0.038476337052712584,0.038476337052712584
lemon balm,1.0,0.0,1.0,0.0,0.038476337052712584,0.038476337052712584
eye of round or shoulder clod,1.0,0.0,1.0,0.0,0.038476337052712584,0.038476337052712584
leg of goat,1.0,0.0,1.0,0.0,0.038476337052712584,0.038476337052712584
leftover polenta,1.0,0.0,1.0,0.0,0.038476337052712584,0.038476337052712584
leftover pasta,1.0,0.0,1.0,0.0,0.038476337052712584,0.038476337052712584
leftover meat,0.0,1.0,1.0,0.12658227848101267,0.0,-0.12658227848101267
fallow deer loin,0.0,1.0,1.0,0.12658227848101267,0.0,-0.12658227848101267
lean turkey breast,0.0,1.0,1.0,0.12658227848101267,0.0,-0.12658227848101267
farfalline pasta,1.0,0.0,1.0,0.0,0.038476337052712584,0.038476337052712584
"lean, aged boneless beef",0.0,1.0,1.0,0.12658227848101267,0.0,-0.12658227848101267
lean wild boar pulp,1.0,0.0,1.0,0.0,0.038476337052712584,0.038476337052712584
lean ventresca,1.0,0.0,1.0,0.0,0.038476337052712584,0.038476337052712584
farro,1.0,0.0,1.0,0.0,0.038476337052712584,0.038476337052712584
lean veal or beef cutlet,0.0,1.0,1.0,0.12658227848101267,0.0,-0.12658227848101267
lean veal or beef,0.0,1.0,1.0,0.12658227848101267,0.0,-0.12658227848101267
lean veal cutlet,0.0,1.0,1.0,0.12658227848101267,0.0,-0.12658227848101267
fat,0.0,1.0,1.0,0.12658227848101267,0.0,-0.12658227848101267
fernet,1.0,0.0,1.0,0.0,0.038476337052712584,0.038476337052712584
"large, starchy potato",0.0,1.0,1.0,0.12658227848101267,0.0,-0.12658227848101267
pullet liver,0.0,1.0,1.0,0.12658227848101267,0.0,-0.12658227848101267
large zucchini,0.0,1.0,1.0,0.12658227848101267,0.0,-0.12658227848101267
fine polenta,1.0,0.0,1.0,0.0,0.038476337052712584,0.038476337052712584
langoustine,1.0,0.0,1.0,0.0,0.038476337052712584,0.038476337052712584
langhe wine,1.0,0.0,1.0,0.0,0.038476337052712584,0.038476337052712584
lampredotto,1.0,0.0,1.0,0.0,0.038476337052712584,0.038476337052712584
fine-grain yellow polenta,1.0,0.0,1.0,0.0,0.038476337052712584,0.038476337052712584
fine-grained semolina,0.0,1.0,1.0,0.12658227848101267,0.0,-0.12658227848101267
lamon borlotti bean,1.0,0.0,1.0,0.0,0.038476337052712584,0.038476337052712584
lambrusco wine,1.0,0.0,1.0,0.0,0.038476337052712584,0.038476337052712584
lamb's spleen,1.0,0.0,1.0,0.0,0.038476337052712584,0.038476337052712584
lamb's small intestine,1.0,0.0,1.0,0.0,0.038476337052712584,0.038476337052712584
lamb's pluck (coratella),1.0,0.0,1.0,0.0,0.038476337052712584,0.038476337052712584
lamb's lung,1.0,0.0,1.0,0.0,0.038476337052712584,0.038476337052712584
lamb's liver,1.0,0.0,1.0,0.0,0.038476337052712584,0.038476337052712584
finely ground veal,1.0,0.0,1.0,0.0,0.038476337052712584,0.038476337052712584
lamb tripe,1.0,0.0,1.0,0.0,0.038476337052712584,0.038476337052712584
lamb testicle,0.0,1.0,1.0,0.12658227848101267,0.0,-0.12658227848101267
lamb stew meat,1.0,0.0,1.0,0.0,0.038476337052712584,0.038476337052712584
fioroni fig,1.0,0.0,1.0,0.0,0.038476337052712584,0.038476337052712584
lamb pulp,1.0,0.0,1.0,0.0,0.038476337052712584,0.038476337052712584
firm bread crumb,1.0,0.0,1.0,0.0,0.038476337052712584,0.038476337052712584
lamb or kid intestine,1.0,0.0,1.0,0.0,0.038476337052712584,0.038476337052712584
lard or strutto,1.0,0.0,1.0,0.0,0.038476337052712584,0.038476337052712584
lardari,1.0,0.0,1.0,0.0,0.038476337052712584,0.038476337052712584
larded wild boar pulp,1.0,0.0,1.0,0.0,0.038476337052712584,0.038476337052712584
large female eel,1.0,0.0,1.0,0.0,0.038476337052712584,0.038476337052712584
large spianate bread,1.0,0.0,1.0,0.0,0.038476337052712584,0.038476337052712584
large snail,1.0,0.0,1.0,0.0,0.038476337052712584,0.038476337052712584
large slice of rustic bread,1.0,0.0,1.0,0.0,0.038476337052712584,0.038476337052712584
large scampi,1.0,0.0,1.0,0.0,0.038476337052712584,0.038476337052712584
large savoy cabbage leaf,1.0,0.0,1.0,0.0,0.038476337052712584,0.038476337052712584
large sardine,1.0,0.0,1.0,0.0,0.038476337052712584,0.038476337052712584
field spinach or cultivated spinach,1.0,0.0,1.0,0.0,0.038476337052712584,0.038476337052712584
large lemon,1.0,0.0,1.0,0.0,0.038476337052712584,0.038476337052712584
filling,0.0,1.0,1.0,0.12658227848101267,0.0,-0.12658227848101267
large endive leaf,1.0,0.0,1.0,0.0,0.038476337052712584,0.038476337052712584
lardelli and lard,1.0,0.0,1.0,0.0,0.038476337052712584,0.038476337052712584
large eel,1.0,0.0,1.0,0.0,0.038476337052712584,0.038476337052712584
large cuttlefish,1.0,0.0,1.0,0.0,0.038476337052712584,0.038476337052712584
large black truffle,1.0,0.0,1.0,0.0,0.038476337052712584,0.038476337052712584
lardoon or cured meat,0.0,1.0,1.0,0.12658227848101267,0.0,-0.12658227848101267
filoncini bread,1.0,0.0,1.0,0.0,0.038476337052712584,0.038476337052712584
lardo with rind,1.0,0.0,1.0,0.0,0.038476337052712584,0.038476337052712584
lardo or prosciutto fat,1.0,0.0,1.0,0.0,0.038476337052712584,0.038476337052712584
fine bread,0.0,1.0,1.0,0.12658227848101267,0.0,-0.12658227848101267
fine pea,1.0,0.0,1.0,0.0,0.038476337052712584,0.038476337052712584
lemon or orange,1.0,0.0,1.0,0.0,0.038476337052712584,0.038476337052712584
escarole (endive),1.0,0.0,1.0,0.0,0.038476337052712584,0.038476337052712584
english mustard,1.0,0.0,1.0,0.0,0.038476337052712584,0.038476337052712584
lesser calamint,1.0,0.0,1.0,0.0,0.038476337052712584,0.038476337052712584
marjoram or parsley,1.0,0.0,1.0,0.0,0.038476337052712584,0.038476337052712584
dried orange peel powder,1.0,0.0,1.0,0.0,0.038476337052712584,0.038476337052712584
marinelle snail,1.0,0.0,1.0,0.0,0.038476337052712584,0.038476337052712584
dried oregano,1.0,0.0,1.0,0.0,0.038476337052712584,0.038476337052712584
maresina leaf,1.0,0.0,1.0,0.0,0.038476337052712584,0.038476337052712584
maraschino rosolio,0.0,1.0,1.0,0.12658227848101267,0.0,-0.12658227848101267
maraschino or rum,1.0,0.0,1.0,0.0,0.038476337052712584,0.038476337052712584
marasca or morello cherry,0.0,1.0,1.0,0.12658227848101267,0.0,-0.12658227848101267
dried red pinto bean,1.0,0.0,1.0,0.0,0.038476337052712584,0.038476337052712584
mantovana pumpkin,1.0,0.0,1.0,0.0,0.038476337052712584,0.038476337052712584
dried rosemary,1.0,0.0,1.0,0.0,0.038476337052712584,0.038476337052712584
dried saluggia bean,1.0,0.0,1.0,0.0,0.038476337052712584,0.038476337052712584
malvasia wine,1.0,0.0,1.0,0.0,0.038476337052712584,0.038476337052712584
maltagliati pasta,1.0,0.0,1.0,0.0,0.038476337052712584,0.038476337052712584
maltagliati or tagliolini pasta,1.0,0.0,1.0,0.0,0.038476337052712584,0.038476337052712584
dried sweet pepper,1.0,0.0,1.0,0.0,0.038476337052712584,0.038476337052712584
dried white bean,1.0,0.0,1.0,0.0,0.038476337052712584,0.038476337052712584
dried white fava bean,1.0,0.0,1.0,0.0,0.038476337052712584,0.038476337052712584
malga cheese and ricotta,1.0,0.0,1.0,0.0,0.038476337052712584,0.038476337052712584
dried wild fennel flower,1.0,0.0,1.0,0.0,0.038476337052712584,0.038476337052712584
dried zibibbo grape,1.0,0.0,1.0,0.0,0.038476337052712584,0.038476337052712584
dried orange peel,1.0,0.0,1.0,0.0,0.038476337052712584,0.038476337052712584
dried mint,1.0,0.0,1.0,0.0,0.038476337052712584,0.038476337052712584
dried legume,1.0,0.0,1.0,0.0,0.038476337052712584,0.038476337052712584
mazzaferrata artichoke,1.0,0.0,1.0,0.0,0.038476337052712584,0.038476337052712584
meat or vegetable broth,1.0,0.0,1.0,0.0,0.038476337052712584,0.038476337052712584
dried 'a mmurecene' bean,1.0,0.0,1.0,0.0,0.038476337052712584,0.038476337052712584
meat gelatin,0.0,1.0,1.0,0.12658227848101267,0.0,-0.12658227848101267
meat filling,0.0,1.0,1.0,0.12658227848101267,0.0,-0.12658227848101267
dried basil,1.0,0.0,1.0,0.0,0.038476337052712584,0.038476337052712584
meat dripping,0.0,1.0,1.0,0.12658227848101267,0.0,-0.12658227848101267
dried bitter orange peel,0.0,1.0,1.0,0.12658227848101267,0.0,-0.12658227848101267
meadow mushroom,1.0,0.0,1.0,0.0,0.038476337052712584,0.038476337052712584
meadow herb,1.0,0.0,1.0,0.0,0.038476337052712584,0.038476337052712584
mayonnaise sauce,0.0,1.0,1.0,0.12658227848101267,0.0,-0.12658227848101267
marsala and cognac mix,1.0,0.0,1.0,0.0,0.038476337052712584,0.038476337052712584
dried common elderflower,0.0,1.0,1.0,0.12658227848101267,0.0,-0.12658227848101267
dried fruit and nut mix,1.0,0.0,1.0,0.0,0.038476337052712584,0.038476337052712584
marzipan mixture,0.0,1.0,1.0,0.12658227848101267,0.0,-0.12658227848101267
marzipan,0.0,1.0,1.0,0.12658227848101267,0.0,-0.12658227848101267
martin sech pear,1.0,0.0,1.0,0.0,0.038476337052712584,0.038476337052712584
dried grape,1.0,0.0,1.0,0.0,0.038476337052712584,0.038476337052712584
dried lamon borlotti bean,1.0,0.0,1.0,0.0,0.038476337052712584,0.038476337052712584
marsala or rum,1.0,0.0,1.0,0.0,0.038476337052712584,0.038476337052712584
marsala and rum,0.0,1.0,1.0,0.12658227848101267,0.0,-0.12658227848101267
'nduja,1.0,0.0,1.0,0.0,0.038476337052712584,0.038476337052712584
dry amaretti cookie,1.0,0.0,1.0,0.0,0.038476337052712584,0.038476337052712584
mace flower,1.0,0.0,1.0,0.0,0.038476337052712584,0.038476337052712584
liquid mustard,1.0,0.0,1.0,0.0,0.038476337052712584,0.038476337052712584
long eggplant,1.0,0.0,1.0,0.0,0.038476337052712584,0.038476337052712584
loin of mutton,0.0,1.0,1.0,0.12658227848101267,0.0,-0.12658227848101267
locorotondo wine,1.0,0.0,1.0,0.0,0.038476337052712584,0.038476337052712584
local zucchini,1.0,0.0,1.0,0.0,0.038476337052712584,0.038476337052712584
local artichoke,1.0,0.0,1.0,0.0,0.038476337052712584,0.038476337052712584
lobster,0.0,1.0,1.0,0.12658227848101267,0.0,-0.12658227848101267
loane,1.0,0.0,1.0,0.0,0.038476337052712584,0.038476337052712584
dumpling mixture,0.0,1.0,1.0,0.12658227848101267,0.0,-0.12658227848101267
live lobster,1.0,0.0,1.0,0.0,0.038476337052712584,0.038476337052712584
ear of corn,1.0,0.0,1.0,0.0,0.038476337052712584,0.038476337052712584
long macaroni,0.0,1.0,1.0,0.12658227848101267,0.0,-0.12658227848101267
linguine pasta,1.0,0.0,1.0,0.0,0.038476337052712584,0.038476337052712584
linguine or spaghetti,1.0,0.0,1.0,0.0,0.038476337052712584,0.038476337052712584
limpet,1.0,0.0,1.0,0.0,0.038476337052712584,0.038476337052712584
limoncello,1.0,0.0,1.0,0.0,0.038476337052712584,0.038476337052712584
liebig's meat extract,0.0,1.0,1.0,0.12658227848101267,0.0,-0.12658227848101267
licorice powder,1.0,0.0,1.0,0.0,0.038476337052712584,0.038476337052712584
egg pasta,1.0,0.0,1.0,0.0,0.038476337052712584,0.038476337052712584
egg stricchetti pasta,1.0,0.0,1.0,0.0,0.038476337052712584,0.038476337052712584
lesser calamint leaf,1.0,0.0,1.0,0.0,0.038476337052712584,0.038476337052712584
long lettuce leaf,1.0,0.0,1.0,0.0,0.038476337052712584,0.038476337052712584
long maccheroni,0.0,1.0,1.0,0.12658227848101267,0.0,-0.12658227848101267
dry liqueur,1.0,0.0,1.0,0.0,0.038476337052712584,0.038476337052712584
lumachine pasta,1.0,0.0,1.0,0.0,0.038476337052712584,0.038476337052712584
maccheroni rigati,1.0,0.0,1.0,0.0,0.038476337052712584,0.038476337052712584
maccheroni pasta,0.0,1.0,1.0,0.12658227848101267,0.0,-0.12658227848101267
maccheroni della regina or pennine pasta,1.0,0.0,1.0,0.0,0.038476337052712584,0.038476337052712584
maccheroncini pasta,1.0,0.0,1.0,0.0,0.038476337052712584,0.038476337052712584
maccheroncelli pasta,1.0,0.0,1.0,0.0,0.038476337052712584,0.038476337052712584
dry pasta,1.0,0.0,1.0,0.0,0.038476337052712584,0.038476337052712584
luvertìn (wild hop shoots),1.0,0.0,1.0,0.0,0.038476337052712584,0.038476337052712584
dry pork sausage,1.0,0.0,1.0,0.0,0.038476337052712584,0.038476337052712584
dry sausage and prosciutto,1.0,0.0,1.0,0.0,0.038476337052712584,0.038476337052712584
lumache pasta (durum wheat),1.0,0.0,1.0,0.0,0.038476337052712584,0.038476337052712584
long napoletano-style macaroni,0.0,1.0,1.0,0.12658227848101267,0.0,-0.12658227848101267
lugànega sausage,1.0,0.0,1.0,0.0,0.038476337052712584,0.038476337052712584
luganiga sausage,0.0,1.0,1.0,0.12658227848101267,0.0,-0.12658227848101267
duck gizzard,0.0,1.0,1.0,0.12658227848101267,0.0,-0.12658227848101267
duck heart,0.0,1.0,1.0,0.12658227848101267,0.0,-0.12658227848101267
"long, lean sausage (luganega)",1.0,0.0,1.0,0.0,0.038476337052712584,0.038476337052712584
long zucchini,0.0,1.0,1.0,0.12658227848101267,0.0,-0.12658227848101267
long squash,1.0,0.0,1.0,0.0,0.038476337052712584,0.038476337052712584
duck or mallard,0.0,1.0,1.0,0.12658227848101267,0.0,-0.12658227848101267
long neapolitan maccheroni,0.0,1.0,1.0,0.12658227848101267,0.0,-0.12658227848101267
lamb or kid coratella,1.0,0.0,1.0,0.0,0.038476337052712584,0.038476337052712584
firm béchamel sauce,0.0,1.0,1.0,0.12658227848101267,0.0,-0.12658227848101267
lamb meat trimming,1.0,0.0,1.0,0.0,0.038476337052712584,0.038476337052712584
fresh orange zest,0.0,1.0,1.0,0.12658227848101267,0.0,-0.12658227848101267
grated rye bread crust,0.0,1.0,1.0,0.12658227848101267,0.0,-0.12658227848101267
grated peretta,1.0,0.0,1.0,0.0,0.038476337052712584,0.038476337052712584
grated pecorino sardo,1.0,0.0,1.0,0.0,0.038476337052712584,0.038476337052712584
fresh rosemary,0.0,1.0,1.0,0.12658227848101267,0.0,-0.12658227848101267
fresh sagne pasta,1.0,0.0,1.0,0.0,0.038476337052712584,0.038476337052712584
grated orange zest,1.0,0.0,1.0,0.0,0.038476337052712584,0.038476337052712584
fresh salame,1.0,0.0,1.0,0.0,0.038476337052712584,0.038476337052712584
grated nutmeg,1.0,0.0,1.0,0.0,0.038476337052712584,0.038476337052712584
grated mint candy,1.0,0.0,1.0,0.0,0.038476337052712584,0.038476337052712584
fresh salami,1.0,0.0,1.0,0.0,0.038476337052712584,0.038476337052712584
grated lemon peel,1.0,0.0,1.0,0.0,0.038476337052712584,0.038476337052712584
grated lemon,1.0,0.0,1.0,0.0,0.038476337052712584,0.038476337052712584
fresh salsiccia sausage,1.0,0.0,1.0,0.0,0.038476337052712584,0.038476337052712584
fresh sardinian sausage,1.0,0.0,1.0,0.0,0.038476337052712584,0.038476337052712584
grated chocolate,1.0,0.0,1.0,0.0,0.038476337052712584,0.038476337052712584
fresh seasonal vegetable,1.0,0.0,1.0,0.0,0.038476337052712584,0.038476337052712584
fresh shelled pistachio,1.0,0.0,1.0,0.0,0.038476337052712584,0.038476337052712584
grated breadcrumb,1.0,0.0,1.0,0.0,0.038476337052712584,0.038476337052712584
grated aged goat and cow cheese,1.0,0.0,1.0,0.0,0.038476337052712584,0.038476337052712584
grasselli,1.0,0.0,1.0,0.0,0.038476337052712584,0.038476337052712584
fresh small cuttlefish,1.0,0.0,1.0,0.0,0.038476337052712584,0.038476337052712584
fresh pork sausage,1.0,0.0,1.0,0.0,0.038476337052712584,0.038476337052712584
grated sweet pecorino cheese,1.0,0.0,1.0,0.0,0.038476337052712584,0.038476337052712584
"grated, unaged pecorino cheese",1.0,0.0,1.0,0.0,0.038476337052712584,0.038476337052712584
green pea,0.0,1.0,1.0,0.12658227848101267,0.0,-0.12658227848101267
fresh oregano,1.0,0.0,1.0,0.0,0.038476337052712584,0.038476337052712584
fresh oregano sprig,1.0,0.0,1.0,0.0,0.038476337052712584,0.038476337052712584
grignolino wine,1.0,0.0,1.0,0.0,0.038476337052712584,0.038476337052712584
gries (semolina),1.0,0.0,1.0,0.0,0.038476337052712584,0.038476337052712584
grey partridge,0.0,1.0,1.0,0.12658227848101267,0.0,-0.12658227848101267
greens or legume,0.0,1.0,1.0,0.12658227848101267,0.0,-0.12658227848101267
green zucchini,1.0,0.0,1.0,0.0,0.038476337052712584,0.038476337052712584
fresh pappardelle,1.0,0.0,1.0,0.0,0.038476337052712584,0.038476337052712584
fresh pasta,1.0,0.0,1.0,0.0,0.038476337052712584,0.038476337052712584
fresh pasta square,1.0,0.0,1.0,0.0,0.038476337052712584,0.038476337052712584
graukäse,1.0,0.0,1.0,0.0,0.038476337052712584,0.038476337052712584
green celery,1.0,0.0,1.0,0.0,0.038476337052712584,0.038476337052712584
green cauliflower,1.0,0.0,1.0,0.0,0.038476337052712584,0.038476337052712584
green cabbage,1.0,0.0,1.0,0.0,0.038476337052712584,0.038476337052712584
fresh pig's trotter,1.0,0.0,1.0,0.0,0.038476337052712584,0.038476337052712584
fresh pistachio,1.0,0.0,1.0,0.0,0.038476337052712584,0.038476337052712584
fresh pork,1.0,0.0,1.0,0.0,0.038476337052712584,0.038476337052712584
green apple,1.0,0.0,1.0,0.0,0.038476337052712584,0.038476337052712584
fresh pork coppa,1.0,0.0,1.0,0.0,0.038476337052712584,0.038476337052712584
grayling,1.0,0.0,1.0,0.0,0.038476337052712584,0.038476337052712584
grappa or slivovitz,1.0,0.0,1.0,0.0,0.038476337052712584,0.038476337052712584
grappa or rum,1.0,0.0,1.0,0.0,0.038476337052712584,0.038476337052712584
grappa or liqueur,1.0,0.0,1.0,0.0,0.038476337052712584,0.038476337052712584
friarielli,1.0,0.0,1.0,0.0,0.038476337052712584,0.038476337052712584
fresh wild fennel,1.0,0.0,1.0,0.0,0.038476337052712584,0.038476337052712584
fresh wild mint leaf,1.0,0.0,1.0,0.0,0.038476337052712584,0.038476337052712584
giblets (livers and hearts),1.0,0.0,1.0,0.0,0.038476337052712584,0.038476337052712584
fresh wild mint sprig,1.0,0.0,1.0,0.0,0.038476337052712584,0.038476337052712584
giardiniera (pickled vegetables),1.0,0.0,1.0,0.0,0.038476337052712584,0.038476337052712584
fresh zampone,1.0,0.0,1.0,0.0,0.038476337052712584,0.038476337052712584
gherkin in oil,1.0,0.0,1.0,0.0,0.038476337052712584,0.038476337052712584
fresh zucchini,1.0,0.0,1.0,0.0,0.038476337052712584,0.038476337052712584
gattuccio (small shark),1.0,0.0,1.0,0.0,0.038476337052712584,0.038476337052712584
garden pea,1.0,0.0,1.0,0.0,0.038476337052712584,0.038476337052712584
glucose,1.0,0.0,1.0,0.0,0.038476337052712584,0.038476337052712584
friarielli (tender broccoli rabe),1.0,0.0,1.0,0.0,0.038476337052712584,0.038476337052712584
garden chicory,1.0,0.0,1.0,0.0,0.038476337052712584,0.038476337052712584
garda lemon,1.0,0.0,1.0,0.0,0.038476337052712584,0.038476337052712584
garagoli (pelican's foot snail),1.0,0.0,1.0,0.0,0.038476337052712584,0.038476337052712584
fried bread crouton,0.0,1.0,1.0,0.12658227848101267,0.0,-0.12658227848101267
fried meatball,1.0,0.0,1.0,0.0,0.038476337052712584,0.038476337052712584
frog leg,1.0,0.0,1.0,0.0,0.038476337052712584,0.038476337052712584
fruit,1.0,0.0,1.0,0.0,0.038476337052712584,0.038476337052712584
fruit preserves or pastry cream,0.0,1.0,1.0,0.12658227848101267,0.0,-0.12658227848101267
fresh white truffle,1.0,0.0,1.0,0.0,0.038476337052712584,0.038476337052712584
gnocchi,1.0,0.0,1.0,0.0,0.038476337052712584,0.038476337052712584
fresh spicy sausage,1.0,0.0,1.0,0.0,0.038476337052712584,0.038476337052712584
goose liver pâté medallion,1.0,0.0,1.0,0.0,0.038476337052712584,0.038476337052712584
grapes or cherry,1.0,0.0,1.0,0.0,0.038476337052712584,0.038476337052712584
grape jam,1.0,0.0,1.0,0.0,0.038476337052712584,0.038476337052712584
grape,0.0,1.0,1.0,0.12658227848101267,0.0,-0.12658227848101267
grana padano or parmigiano cheese,1.0,0.0,1.0,0.0,0.038476337052712584,0.038476337052712584
fresh tagliolini,1.0,0.0,1.0,0.0,0.038476337052712584,0.038476337052712584
gramigna pasta,1.0,0.0,1.0,0.0,0.038476337052712584,0.038476337052712584
gorgonzola,1.0,0.0,1.0,0.0,0.038476337052712584,0.038476337052712584
gooseberry,0.0,1.0,1.0,0.12658227848101267,0.0,-0.12658227848101267
goose neck skin,1.0,0.0,1.0,0.0,0.038476337052712584,0.038476337052712584
goose heart,0.0,1.0,1.0,0.12658227848101267,0.0,-0.12658227848101267
go fish (ghiozzi),1.0,0.0,1.0,0.0,0.038476337052712584,0.038476337052712584
goose fat,0.0,1.0,1.0,0.12658227848101267,0.0,-0.12658227848101267
goose breast,1.0,0.0,1.0,0.0,0.038476337052712584,0.038476337052712584
fresh trentina lucanica sausage,1.0,0.0,1.0,0.0,0.038476337052712584,0.038476337052712584
"good, degreased broth",1.0,0.0,1.0,0.0,0.038476337052712584,0.038476337052712584
fresh tuna belly (ventresca),1.0,0.0,1.0,0.0,0.038476337052712584,0.038476337052712584
gold leaf,1.0,0.0,1.0,0.0,0.038476337052712584,0.038476337052712584
goby,1.0,0.0,1.0,0.0,0.038476337052712584,0.038476337052712584
fresh veal or young beef,1.0,0.0,1.0,0.0,0.038476337052712584,0.038476337052712584
goat leg,1.0,0.0,1.0,0.0,0.038476337052712584,0.038476337052712584
ground chicken,1.0,0.0,1.0,0.0,0.038476337052712584,0.038476337052712584
fresh myrtle berry,1.0,0.0,1.0,0.0,0.038476337052712584,0.038476337052712584
"firm, aged scamorza cheese",1.0,0.0,1.0,0.0,0.038476337052712584,0.038476337052712584
fresh must,1.0,0.0,1.0,0.0,0.038476337052712584,0.038476337052712584
kid or lamb offal and giblet,1.0,0.0,1.0,0.0,0.038476337052712584,0.038476337052712584
kid goat or suckling lamb coratella,1.0,0.0,1.0,0.0,0.038476337052712584,0.038476337052712584
kid goat meat,1.0,0.0,1.0,0.0,0.038476337052712584,0.038476337052712584
kid goat liver and lung,1.0,0.0,1.0,0.0,0.038476337052712584,0.038476337052712584
kid goat leg,1.0,0.0,1.0,0.0,0.038476337052712584,0.038476337052712584
kid goat intestine,1.0,0.0,1.0,0.0,0.038476337052712584,0.038476337052712584
kid goat coratella,1.0,0.0,1.0,0.0,0.038476337052712584,0.038476337052712584
kid goat caul fat,1.0,0.0,1.0,0.0,0.038476337052712584,0.038476337052712584
focaccia dough,1.0,0.0,1.0,0.0,0.038476337052712584,0.038476337052712584
kale,0.0,1.0,1.0,0.12658227848101267,0.0,-0.12658227848101267
foiolo (omasum tripe),1.0,0.0,1.0,0.0,0.038476337052712584,0.038476337052712584
fondant sugar,1.0,0.0,1.0,0.0,0.038476337052712584,0.038476337052712584
jasmine flower,1.0,0.0,1.0,0.0,0.038476337052712584,0.038476337052712584
fortified wine,0.0,1.0,1.0,0.12658227848101267,0.0,-0.12658227848101267
isinglass sheet,0.0,1.0,1.0,0.12658227848101267,0.0,-0.12658227848101267
fragrant melon,0.0,1.0,1.0,0.12658227848101267,0.0,-0.12658227848101267
"intense, full-bodied red wine",1.0,0.0,1.0,0.0,0.038476337052712584,0.038476337052712584
iced water,1.0,0.0,1.0,0.0,0.038476337052712584,0.038476337052712584
free-range chicken,1.0,0.0,1.0,0.0,0.038476337052712584,0.038476337052712584
free-range chicken meat,1.0,0.0,1.0,0.0,0.038476337052712584,0.038476337052712584
fregolina (tempestine pasta),1.0,0.0,1.0,0.0,0.038476337052712584,0.038476337052712584
flowering basil,1.0,0.0,1.0,0.0,0.038476337052712584,0.038476337052712584
kirsch or rum,0.0,1.0,1.0,0.12658227848101267,0.0,-0.12658227848101267
kitchen meat scrap,0.0,1.0,1.0,0.12658227848101267,0.0,-0.12658227848101267
fish scrap,1.0,0.0,1.0,0.0,0.038476337052712584,0.038476337052712584
firm-fleshed fish,1.0,0.0,1.0,0.0,0.038476337052712584,0.038476337052712584
lamb liver,1.0,0.0,1.0,0.0,0.038476337052712584,0.038476337052712584
"fish (dentex, gurnard, sea bream, or scorpionfish)",1.0,0.0,1.0,0.0,0.038476337052712584,0.038476337052712584
lamb intestine,1.0,0.0,1.0,0.0,0.038476337052712584,0.038476337052712584
lamb hindquarter,0.0,1.0,1.0,0.12658227848101267,0.0,-0.12658227848101267
fish (grayling or trout),1.0,0.0,1.0,0.0,0.038476337052712584,0.038476337052712584
fish cheek,1.0,0.0,1.0,0.0,0.038476337052712584,0.038476337052712584
fish or vegetable,1.0,0.0,1.0,0.0,0.038476337052712584,0.038476337052712584
lamb caul fat,1.0,0.0,1.0,0.0,0.038476337052712584,0.038476337052712584
lamb (or kid) intestine,1.0,0.0,1.0,0.0,0.038476337052712584,0.038476337052712584
kitchen scrap,0.0,1.0,1.0,0.12658227848101267,0.0,-0.12658227848101267
fish steak,0.0,1.0,1.0,0.12658227848101267,0.0,-0.12658227848101267
lake tench,1.0,0.0,1.0,0.0,0.038476337052712584,0.038476337052712584
lagane pasta,1.0,0.0,1.0,0.0,0.038476337052712584,0.038476337052712584
lagane,1.0,0.0,1.0,0.0,0.038476337052712584,0.038476337052712584
ladyfinger biscuit,1.0,0.0,1.0,0.0,0.038476337052712584,0.038476337052712584
flaked fleur de sel,1.0,0.0,1.0,0.0,0.038476337052712584,0.038476337052712584
lacinato kale,1.0,0.0,1.0,0.0,0.038476337052712584,0.038476337052712584
l'aquila black truffle paste,1.0,0.0,1.0,0.0,0.038476337052712584,0.038476337052712584
l'aquila black truffle,1.0,0.0,1.0,0.0,0.038476337052712584,0.038476337052712584
horseradish in vinegar,1.0,0.0,1.0,0.0,0.038476337052712584,0.038476337052712584
fregula,1.0,0.0,1.0,0.0,0.038476337052712584,0.038476337052712584
horse meat slice,1.0,0.0,1.0,0.0,0.038476337052712584,0.038476337052712584
fresh langoustine,1.0,0.0,1.0,0.0,0.038476337052712584,0.038476337052712584
handmade buckwheat strascinati,1.0,0.0,1.0,0.0,0.038476337052712584,0.038476337052712584
ham cooking water,1.0,0.0,1.0,0.0,0.038476337052712584,0.038476337052712584
ham,1.0,0.0,1.0,0.0,0.038476337052712584,0.038476337052712584
gurnard (coccio),1.0,0.0,1.0,0.0,0.038476337052712584,0.038476337052712584
fresh kren root (horseradish),1.0,0.0,1.0,0.0,0.038476337052712584,0.038476337052712584
gum arabic powder,0.0,1.0,1.0,0.12658227848101267,0.0,-0.12658227848101267
guinea fowl liver and gizzard,1.0,0.0,1.0,0.0,0.038476337052712584,0.038476337052712584
fresh laganelle,1.0,0.0,1.0,0.0,0.038476337052712584,0.038476337052712584
guanciale (baffo),1.0,0.0,1.0,0.0,0.038476337052712584,0.038476337052712584
fresh leek,1.0,0.0,1.0,0.0,0.038476337052712584,0.038476337052712584
fresh fennel,1.0,0.0,1.0,0.0,0.038476337052712584,0.038476337052712584
ground veal pulp,1.0,0.0,1.0,0.0,0.038476337052712584,0.038476337052712584
fresh legume,1.0,0.0,1.0,0.0,0.038476337052712584,0.038476337052712584
ground prosciutto,1.0,0.0,1.0,0.0,0.038476337052712584,0.038476337052712584
ground pork loin,1.0,0.0,1.0,0.0,0.038476337052712584,0.038476337052712584
ground pork and veal pulp,1.0,0.0,1.0,0.0,0.038476337052712584,0.038476337052712584
fresh lemon,1.0,0.0,1.0,0.0,0.038476337052712584,0.038476337052712584
fresh marjoram leaf,1.0,0.0,1.0,0.0,0.038476337052712584,0.038476337052712584
ground lard,1.0,0.0,1.0,0.0,0.038476337052712584,0.038476337052712584
ground lamb,1.0,0.0,1.0,0.0,0.038476337052712584,0.038476337052712584
fresh fennel sprig,1.0,0.0,1.0,0.0,0.038476337052712584,0.038476337052712584
fresh egg quadrucci,1.0,0.0,1.0,0.0,0.038476337052712584,0.038476337052712584
fresella,1.0,0.0,1.0,0.0,0.038476337052712584,0.038476337052712584
fresh champignon mushroom,1.0,0.0,1.0,0.0,0.038476337052712584,0.038476337052712584
horse mackerel (sauri),1.0,0.0,1.0,0.0,0.038476337052712584,0.038476337052712584
hop shoot,1.0,0.0,1.0,0.0,0.038476337052712584,0.038476337052712584
fresh anellini pasta,1.0,0.0,1.0,0.0,0.038476337052712584,0.038476337052712584
homemade tagliolini pasta,1.0,0.0,1.0,0.0,0.038476337052712584,0.038476337052712584
fresh bread,0.0,1.0,1.0,0.12658227848101267,0.0,-0.12658227848101267
homemade pasta,1.0,0.0,1.0,0.0,0.038476337052712584,0.038476337052712584
homemade orecchiette,1.0,0.0,1.0,0.0,0.038476337052712584,0.038476337052712584
homemade bread slice,1.0,0.0,1.0,0.0,0.038476337052712584,0.038476337052712584
high-proof alcohol,0.0,1.0,1.0,0.12658227848101267,0.0,-0.12658227848101267
hen or capon,1.0,0.0,1.0,0.0,0.038476337052712584,0.038476337052712584
hare fillet,0.0,1.0,1.0,0.12658227848101267,0.0,-0.12658227848101267
hen giblet,1.0,0.0,1.0,0.0,0.038476337052712584,0.038476337052712584
heavy waxed paper,1.0,0.0,1.0,0.0,0.038476337052712584,0.038476337052712584
fresh corn,1.0,0.0,1.0,0.0,0.038476337052712584,0.038476337052712584
fresh cuttlefish,1.0,0.0,1.0,0.0,0.038476337052712584,0.038476337052712584
hazelnut grain,1.0,0.0,1.0,0.0,0.038476337052712584,0.038476337052712584
fresh edible herb leaf,1.0,0.0,1.0,0.0,0.038476337052712584,0.038476337052712584
fresh egg pasta,1.0,0.0,1.0,0.0,0.038476337052712584,0.038476337052712584
hare meat,0.0,1.0,1.0,0.12658227848101267,0.0,-0.12658227848101267
hare hindquarter,0.0,1.0,1.0,0.12658227848101267,0.0,-0.12658227848101267
dough from recipe #277,0.0,1.0,1.0,0.12658227848101267,0.0,-0.12658227848101267
dough,0.0,1.0,1.0,0.12658227848101267,0.0,-0.12658227848101267
meat sauce with giblet,0.0,1.0,1.0,0.12658227848101267,0.0,-0.12658227848101267
pitta bread,1.0,0.0,1.0,0.0,0.038476337052712584,0.038476337052712584
cod,1.0,0.0,1.0,0.0,0.038476337052712584,0.038476337052712584
pig's brain,0.0,1.0,1.0,0.12658227848101267,0.0,-0.12658227848101267
pig's blood,0.0,1.0,1.0,0.12658227848101267,0.0,-0.12658227848101267
piedmont hazelnut,1.0,0.0,1.0,0.0,0.038476337052712584,0.038476337052712584
piece of pork and rib,1.0,0.0,1.0,0.0,0.038476337052712584,0.038476337052712584
coffee or milk,1.0,0.0,1.0,0.0,0.038476337052712584,0.038476337052712584
pickled mushroom,1.0,0.0,1.0,0.0,0.038476337052712584,0.038476337052712584
"cognac, rum, or other liqueur",0.0,1.0,1.0,0.12658227848101267,0.0,-0.12658227848101267
pickled cucumber,1.0,0.0,1.0,0.0,0.038476337052712584,0.038476337052712584
pickled chili pepper,1.0,0.0,1.0,0.0,0.038476337052712584,0.038476337052712584
pickled bell pepper,1.0,0.0,1.0,0.0,0.038476337052712584,0.038476337052712584
pickle,1.0,0.0,1.0,0.0,0.038476337052712584,0.038476337052712584
pici,1.0,0.0,1.0,0.0,0.038476337052712584,0.038476337052712584
piave,1.0,0.0,1.0,0.0,0.038476337052712584,0.038476337052712584
pheasant,1.0,0.0,1.0,0.0,0.038476337052712584,0.038476337052712584
pesto alla genovese,1.0,0.0,1.0,0.0,0.038476337052712584,0.038476337052712584
colored candy,0.0,1.0,1.0,0.12658227848101267,0.0,-0.12658227848101267
peruvian cinchona,0.0,1.0,1.0,0.12658227848101267,0.0,-0.12658227848101267
peretta,1.0,0.0,1.0,0.0,0.038476337052712584,0.038476337052712584
perciatelli pasta,1.0,0.0,1.0,0.0,0.038476337052712584,0.038476337052712584
perciatelli or bucatini pasta,1.0,0.0,1.0,0.0,0.038476337052712584,0.038476337052712584
pig's head,1.0,0.0,1.0,0.0,0.038476337052712584,0.038476337052712584
cocoa powder and dark chocolate,1.0,0.0,1.0,0.0,0.038476337052712584,0.038476337052712584
cockscomb,0.0,1.0,1.0,0.12658227848101267,0.0,-0.12658227848101267
pine nut and walnut,1.0,0.0,1.0,0.0,0.038476337052712584,0.038476337052712584
pistadein,1.0,0.0,1.0,0.0,0.038476337052712584,0.038476337052712584
pischidu,1.0,0.0,1.0,0.0,0.038476337052712584,0.038476337052712584
pipirella,1.0,0.0,1.0,0.0,0.038476337052712584,0.038476337052712584
pinza pasquale dough,1.0,0.0,1.0,0.0,0.038476337052712584,0.038476337052712584
pink lady apple,0.0,1.0,1.0,0.12658227848101267,0.0,-0.12658227848101267
pineapple slice,1.0,0.0,1.0,0.0,0.038476337052712584,0.038476337052712584
"pine nuts, candied citron and orange",1.0,0.0,1.0,0.0,0.038476337052712584,0.038476337052712584
"pine nut, walnut, and hazelnut mix",1.0,0.0,1.0,0.0,0.038476337052712584,0.038476337052712584
pine nut or walnut,1.0,0.0,1.0,0.0,0.038476337052712584,0.038476337052712584
coarsely ground beef,1.0,0.0,1.0,0.0,0.038476337052712584,0.038476337052712584
cockle or wedge clam,0.0,1.0,1.0,0.12658227848101267,0.0,-0.12658227848101267
cockerel,1.0,0.0,1.0,0.0,0.038476337052712584,0.038476337052712584
cockerel comb,1.0,0.0,1.0,0.0,0.038476337052712584,0.038476337052712584
pimpinella,1.0,0.0,1.0,0.0,0.038476337052712584,0.038476337052712584
cockerel giblet,1.0,0.0,1.0,0.0,0.038476337052712584,0.038476337052712584
pike-perch,1.0,0.0,1.0,0.0,0.038476337052712584,0.038476337052712584
cockle,0.0,1.0,1.0,0.12658227848101267,0.0,-0.12658227848101267
pigeon liver,0.0,1.0,1.0,0.12658227848101267,0.0,-0.12658227848101267
pigeon gizzard,0.0,1.0,1.0,0.12658227848101267,0.0,-0.12658227848101267
pigeon giblet,0.0,1.0,1.0,0.12658227848101267,0.0,-0.12658227848101267
colored sprinkles (anicini),1.0,0.0,1.0,0.0,0.038476337052712584,0.038476337052712584
perch,1.0,0.0,1.0,0.0,0.038476337052712584,0.038476337052712584
penne rigate,1.0,0.0,1.0,0.0,0.038476337052712584,0.038476337052712584
cooked wine must,1.0,0.0,1.0,0.0,0.038476337052712584,0.038476337052712584
cooked pork rind,1.0,0.0,1.0,0.0,0.038476337052712584,0.038476337052712584
cooked rice,0.0,1.0,1.0,0.12658227848101267,0.0,-0.12658227848101267
pastina or capellini,0.0,1.0,1.0,0.12658227848101267,0.0,-0.12658227848101267
pasticcio dough from recipe 372,0.0,1.0,1.0,0.12658227848101267,0.0,-0.12658227848101267
pasta reale (marzipan),1.0,0.0,1.0,0.0,0.038476337052712584,0.038476337052712584
cooked sausage,1.0,0.0,1.0,0.0,0.038476337052712584,0.038476337052712584
pasta mischiata,1.0,0.0,1.0,0.0,0.038476337052712584,0.038476337052712584
pasta matta dough,0.0,1.0,1.0,0.12658227848101267,0.0,-0.12658227848101267
pasta dough sheet,0.0,1.0,1.0,0.12658227848101267,0.0,-0.12658227848101267
coot,0.0,1.0,1.0,0.12658227848101267,0.0,-0.12658227848101267
cooked must,1.0,0.0,1.0,0.0,0.038476337052712584,0.038476337052712584
coot pulp,1.0,0.0,1.0,0.0,0.038476337052712584,0.038476337052712584
copertella beef,1.0,0.0,1.0,0.0,0.038476337052712584,0.038476337052712584
corallini pasta or fried durum wheat bread croutons (coccoi),1.0,0.0,1.0,0.0,0.038476337052712584,0.038476337052712584
corbezzolo or wildflower honey,1.0,0.0,1.0,0.0,0.038476337052712584,0.038476337052712584
coriander,0.0,1.0,1.0,0.12658227848101267,0.0,-0.12658227848101267
parsley or oregano,1.0,0.0,1.0,0.0,0.038476337052712584,0.038476337052712584
parsley and marjoram,1.0,0.0,1.0,0.0,0.038476337052712584,0.038476337052712584
parsley and celery leaf,1.0,0.0,1.0,0.0,0.038476337052712584,0.038476337052712584
corn,1.0,0.0,1.0,0.0,0.038476337052712584,0.038476337052712584
pastry wafer,1.0,0.0,1.0,0.0,0.038476337052712584,0.038476337052712584
pea pod,0.0,1.0,1.0,0.12658227848101267,0.0,-0.12658227848101267
colored tissue paper,1.0,0.0,1.0,0.0,0.038476337052712584,0.038476337052712584
pecorino cheese or caciocavallo,1.0,0.0,1.0,0.0,0.038476337052712584,0.038476337052712584
penne or ziti pasta,1.0,0.0,1.0,0.0,0.038476337052712584,0.038476337052712584
penne,1.0,0.0,1.0,0.0,0.038476337052712584,0.038476337052712584
common bread,0.0,1.0,1.0,0.12658227848101267,0.0,-0.12658227848101267
confettate olife,1.0,0.0,1.0,0.0,0.038476337052712584,0.038476337052712584
conger eel,1.0,0.0,1.0,0.0,0.038476337052712584,0.038476337052712584
pectin-based jam setting mix,1.0,0.0,1.0,0.0,0.038476337052712584,0.038476337052712584
cooked bean,1.0,0.0,1.0,0.0,0.038476337052712584,0.038476337052712584
cooked boiled meat,0.0,1.0,1.0,0.12658227848101267,0.0,-0.12658227848101267
cooked cherry,1.0,0.0,1.0,0.0,0.038476337052712584,0.038476337052712584
cooked fig sugar,1.0,0.0,1.0,0.0,0.038476337052712584,0.038476337052712584
cooked legume,1.0,0.0,1.0,0.0,0.038476337052712584,0.038476337052712584
peas (from recipe #427),0.0,1.0,1.0,0.12658227848101267,0.0,-0.12658227848101267
cooked fruit jam or mostarda,1.0,0.0,1.0,0.0,0.038476337052712584,0.038476337052712584
cooked grape must,1.0,0.0,1.0,0.0,0.038476337052712584,0.038476337052712584
pear jam,1.0,0.0,1.0,0.0,0.038476337052712584,0.038476337052712584
pear acquavite,1.0,0.0,1.0,0.0,0.038476337052712584,0.038476337052712584
cooked green,0.0,1.0,1.0,0.12658227848101267,0.0,-0.12658227848101267
cooked ham or mortadella,1.0,0.0,1.0,0.0,0.038476337052712584,0.038476337052712584
cooked ham slice,1.0,0.0,1.0,0.0,0.038476337052712584,0.038476337052712584
peach jam,1.0,0.0,1.0,0.0,0.038476337052712584,0.038476337052712584
pisto,1.0,0.0,1.0,0.0,0.038476337052712584,0.038476337052712584
pitted gaeta black olive,1.0,0.0,1.0,0.0,0.038476337052712584,0.038476337052712584
parmigiano cheese or toma,1.0,0.0,1.0,0.0,0.038476337052712584,0.038476337052712584
pitted gaeta olive,1.0,0.0,1.0,0.0,0.038476337052712584,0.038476337052712584
pre-cooked tripe,1.0,0.0,1.0,0.0,0.038476337052712584,0.038476337052712584
chicory and scarolella,1.0,0.0,1.0,0.0,0.038476337052712584,0.038476337052712584
poveracce clam,1.0,0.0,1.0,0.0,0.038476337052712584,0.038476337052712584
poultry,0.0,1.0,1.0,0.12658227848101267,0.0,-0.12658227848101267
chifel,0.0,1.0,1.0,0.12658227848101267,0.0,-0.12658227848101267
potato purée,0.0,1.0,1.0,0.12658227848101267,0.0,-0.12658227848101267
chifel bread roll,0.0,1.0,1.0,0.12658227848101267,0.0,-0.12658227848101267
chili oil,1.0,0.0,1.0,0.0,0.038476337052712584,0.038476337052712584
pork with rind,1.0,0.0,1.0,0.0,0.038476337052712584,0.038476337052712584
pork with bone and rind,1.0,0.0,1.0,0.0,0.038476337052712584,0.038476337052712584
pork trotter,1.0,0.0,1.0,0.0,0.038476337052712584,0.038476337052712584
chocolate chip,1.0,0.0,1.0,0.0,0.038476337052712584,0.038476337052712584
pork temple,1.0,0.0,1.0,0.0,0.038476337052712584,0.038476337052712584
pork tail,1.0,0.0,1.0,0.0,0.038476337052712584,0.038476337052712584
pork shank,1.0,0.0,1.0,0.0,0.038476337052712584,0.038476337052712584
chocolate cream,1.0,0.0,1.0,0.0,0.038476337052712584,0.038476337052712584
pork rind or other scrap part,1.0,0.0,1.0,0.0,0.038476337052712584,0.038476337052712584
chocolate flake,1.0,0.0,1.0,0.0,0.038476337052712584,0.038476337052712584
chocolate shaving,1.0,0.0,1.0,0.0,0.038476337052712584,0.038476337052712584
chopped almond,1.0,0.0,1.0,0.0,0.038476337052712584,0.038476337052712584
pork pancrea,0.0,1.0,1.0,0.12658227848101267,0.0,-0.12658227848101267
chicken wing,1.0,0.0,1.0,0.0,0.038476337052712584,0.038476337052712584
prepared truffle with sauce,0.0,1.0,1.0,0.12658227848101267,0.0,-0.12658227848101267
prickly pear,1.0,0.0,1.0,0.0,0.038476337052712584,0.038476337052712584
provatura,1.0,0.0,1.0,0.0,0.038476337052712584,0.038476337052712584
pullet gizzard,0.0,1.0,1.0,0.12658227848101267,0.0,-0.12658227848101267
pullet breast,0.0,1.0,1.0,0.12658227848101267,0.0,-0.12658227848101267
pullet,0.0,1.0,1.0,0.12658227848101267,0.0,-0.12658227848101267
puffed roll,1.0,0.0,1.0,0.0,0.038476337052712584,0.038476337052712584
puff pastry no. 154,0.0,1.0,1.0,0.12658227848101267,0.0,-0.12658227848101267
chicken head with neck,0.0,1.0,1.0,0.12658227848101267,0.0,-0.12658227848101267
puerto rico coffee bean,0.0,1.0,1.0,0.12658227848101267,0.0,-0.12658227848101267
chicken liver and heart,1.0,0.0,1.0,0.0,0.038476337052712584,0.038476337052712584
chicken or capon,1.0,0.0,1.0,0.0,0.038476337052712584,0.038476337052712584
prosecco wine,1.0,0.0,1.0,0.0,0.038476337052712584,0.038476337052712584
prickly pear sapa (cooked prickly pear must),1.0,0.0,1.0,0.0,0.038476337052712584,0.038476337052712584
prosciutto or salami,1.0,0.0,1.0,0.0,0.038476337052712584,0.038476337052712584
prosciutto lard,1.0,0.0,1.0,0.0,0.038476337052712584,0.038476337052712584
chicken or rabbit offal,1.0,0.0,1.0,0.0,0.038476337052712584,0.038476337052712584
prosciutto crudo and pancetta,1.0,0.0,1.0,0.0,0.038476337052712584,0.038476337052712584
chicken or turkey gizzard,0.0,1.0,1.0,0.12658227848101267,0.0,-0.12658227848101267
prosciutto cotto or prosciutto crudo,1.0,0.0,1.0,0.0,0.038476337052712584,0.038476337052712584
chicken part,1.0,0.0,1.0,0.0,0.038476337052712584,0.038476337052712584
fruit compote or sweet sauce,1.0,0.0,1.0,0.0,0.038476337052712584,0.038476337052712584
chicken testicle,1.0,0.0,1.0,0.0,0.038476337052712584,0.038476337052712584
chopped herb mix,1.0,0.0,1.0,0.0,0.038476337052712584,0.038476337052712584
pork ossobuco,1.0,0.0,1.0,0.0,0.038476337052712584,0.038476337052712584
"pork offal (cheek, liver, lung, intestines, sweetbreads, and tongue)",1.0,0.0,1.0,0.0,0.038476337052712584,0.038476337052712584
citrus zest,1.0,0.0,1.0,0.0,0.038476337052712584,0.038476337052712584
pork capocollo,1.0,0.0,1.0,0.0,0.038476337052712584,0.038476337052712584
pork broth,1.0,0.0,1.0,0.0,0.038476337052712584,0.038476337052712584
pork bones and rib,1.0,0.0,1.0,0.0,0.038476337052712584,0.038476337052712584
pork blood,1.0,0.0,1.0,0.0,0.038476337052712584,0.038476337052712584
pork bladder,1.0,0.0,1.0,0.0,0.038476337052712584,0.038476337052712584
pork belly,1.0,0.0,1.0,0.0,0.038476337052712584,0.038476337052712584
pork and veal mix,0.0,1.0,1.0,0.12658227848101267,0.0,-0.12658227848101267
citron zest,0.0,1.0,1.0,0.12658227848101267,0.0,-0.12658227848101267
citrus liqueur,1.0,0.0,1.0,0.0,0.038476337052712584,0.038476337052712584
clam and mussel,1.0,0.0,1.0,0.0,0.038476337052712584,0.038476337052712584
pork caul fat (omento),1.0,0.0,1.0,0.0,0.038476337052712584,0.038476337052712584
pomegranate,1.0,0.0,1.0,0.0,0.038476337052712584,0.038476337052712584
polipetti,1.0,0.0,1.0,0.0,0.038476337052712584,0.038476337052712584
polentina di cittadella,1.0,0.0,1.0,0.0,0.038476337052712584,0.038476337052712584
clarified butter,1.0,0.0,1.0,0.0,0.038476337052712584,0.038476337052712584
clarified lard,1.0,0.0,1.0,0.0,0.038476337052712584,0.038476337052712584
plum jam,1.0,0.0,1.0,0.0,0.038476337052712584,0.038476337052712584
clingstone peach,0.0,1.0,1.0,0.12658227848101267,0.0,-0.12658227848101267
pizza dough,1.0,0.0,1.0,0.0,0.038476337052712584,0.038476337052712584
pitted olive,1.0,0.0,1.0,0.0,0.038476337052712584,0.038476337052712584
citron or lemon zest,1.0,0.0,1.0,0.0,0.038476337052712584,0.038476337052712584
pork caul fat or omentum,1.0,0.0,1.0,0.0,0.038476337052712584,0.038476337052712584
pork offal,1.0,0.0,1.0,0.0,0.038476337052712584,0.038476337052712584
cinnamon bark,1.0,0.0,1.0,0.0,0.038476337052712584,0.038476337052712584
pork neck,1.0,0.0,1.0,0.0,0.038476337052712584,0.038476337052712584
pork muscle,1.0,0.0,1.0,0.0,0.038476337052712584,0.038476337052712584
chopped spaghetti,1.0,0.0,1.0,0.0,0.038476337052712584,0.038476337052712584
pork loin with rib,0.0,1.0,1.0,0.12658227848101267,0.0,-0.12658227848101267
pork loin or pulp,1.0,0.0,1.0,0.0,0.038476337052712584,0.038476337052712584
pork loin chop,0.0,1.0,1.0,0.12658227848101267,0.0,-0.12658227848101267
pork loin (bone-in),1.0,0.0,1.0,0.0,0.038476337052712584,0.038476337052712584
ciambella di pane casereccio,1.0,0.0,1.0,0.0,0.038476337052712584,0.038476337052712584
cigoli,1.0,0.0,1.0,0.0,0.038476337052712584,0.038476337052712584
pork jowl,1.0,0.0,1.0,0.0,0.038476337052712584,0.038476337052712584
pork cheek,1.0,0.0,1.0,0.0,0.038476337052712584,0.038476337052712584
pork ham,1.0,0.0,1.0,0.0,0.038476337052712584,0.038476337052712584
pork fat and lean meat,1.0,0.0,1.0,0.0,0.038476337052712584,0.038476337052712584
pork ear,1.0,0.0,1.0,0.0,0.038476337052712584,0.038476337052712584
pork cracklings (siccioli),0.0,1.0,1.0,0.12658227848101267,0.0,-0.12658227848101267
cipolline d'ivrea,1.0,0.0,1.0,0.0,0.038476337052712584,0.038476337052712584
pork crackling (curcuci),1.0,0.0,1.0,0.0,0.038476337052712584,0.038476337052712584
pork crackling (ciccioli),1.0,0.0,1.0,0.0,0.038476337052712584,0.038476337052712584
ciriole (small eel),1.0,0.0,1.0,0.0,0.038476337052712584,0.038476337052712584
pork cotechino,1.0,0.0,1.0,0.0,0.038476337052712584,0.038476337052712584
corn oil,1.0,0.0,1.0,0.0,0.038476337052712584,0.038476337052712584
costmary leaf,1.0,0.0,1.0,0.0,0.038476337052712584,0.038476337052712584
meat slice,1.0,0.0,1.0,0.0,0.038476337052712584,0.038476337052712584
mountain herb,1.0,0.0,1.0,0.0,0.038476337052712584,0.038476337052712584
mocha coffee bean,0.0,1.0,1.0,0.12658227848101267,0.0,-0.12658227848101267
mixture from recipe 374,0.0,1.0,1.0,0.12658227848101267,0.0,-0.12658227848101267
mixed wild herb,1.0,0.0,1.0,0.0,0.038476337052712584,0.038476337052712584
mixed wild green,1.0,0.0,1.0,0.0,0.038476337052712584,0.038476337052712584
"mixed vegetables (borage, chard, cauliflower, cabbage, etc.)",1.0,0.0,1.0,0.0,0.038476337052712584,0.038476337052712584
mixed vegetable,1.0,0.0,1.0,0.0,0.038476337052712584,0.038476337052712584
mixed veal tripe,1.0,0.0,1.0,0.0,0.038476337052712584,0.038476337052712584
mixed veal cut,1.0,0.0,1.0,0.0,0.038476337052712584,0.038476337052712584
mixed tripe,1.0,0.0,1.0,0.0,0.038476337052712584,0.038476337052712584
mixed spices and cinnamon powder,0.0,1.0,1.0,0.12658227848101267,0.0,-0.12658227848101267
mixed small fish,1.0,0.0,1.0,0.0,0.038476337052712584,0.038476337052712584
defatted coteghino broth,0.0,1.0,1.0,0.12658227848101267,0.0,-0.12658227848101267
mixed pork cut,1.0,0.0,1.0,0.0,0.038476337052712584,0.038476337052712584
mixed pork and veal stew meat,1.0,0.0,1.0,0.0,0.038476337052712584,0.038476337052712584
mixed pork,1.0,0.0,1.0,0.0,0.038476337052712584,0.038476337052712584
mixed pickle,1.0,0.0,1.0,0.0,0.038476337052712584,0.038476337052712584
demi-sec sherry,1.0,0.0,1.0,0.0,0.038476337052712584,0.038476337052712584
mixed liqueur,1.0,0.0,1.0,0.0,0.038476337052712584,0.038476337052712584
mixed jam,1.0,0.0,1.0,0.0,0.038476337052712584,0.038476337052712584
"mixed herbs (parsley, savory, bay leaf, mint, marjoram)",1.0,0.0,1.0,0.0,0.038476337052712584,0.038476337052712584
mixed ground veal and pork,1.0,0.0,1.0,0.0,0.038476337052712584,0.038476337052712584
moddizzosu bread,1.0,0.0,1.0,0.0,0.038476337052712584,0.038476337052712584
day-old white bread,0.0,1.0,1.0,0.12658227848101267,0.0,-0.12658227848101267
monk's beard (or chard),1.0,0.0,1.0,0.0,0.038476337052712584,0.038476337052712584
dark chocolate glaze,1.0,0.0,1.0,0.0,0.038476337052712584,0.038476337052712584
mountain bean,1.0,0.0,1.0,0.0,0.038476337052712584,0.038476337052712584
dark bean,1.0,0.0,1.0,0.0,0.038476337052712584,0.038476337052712584
mostarda veneta,1.0,0.0,1.0,0.0,0.038476337052712584,0.038476337052712584
mostarda mantovana,1.0,0.0,1.0,0.0,0.038476337052712584,0.038476337052712584
mostarda di frutta,1.0,0.0,1.0,0.0,0.038476337052712584,0.038476337052712584
dark bread,1.0,0.0,1.0,0.0,0.038476337052712584,0.038476337052712584
mostaccino,1.0,0.0,1.0,0.0,0.038476337052712584,0.038476337052712584
dark chocolate chip,1.0,0.0,1.0,0.0,0.038476337052712584,0.038476337052712584
mosciamme (tuna fillet),1.0,0.0,1.0,0.0,0.038476337052712584,0.038476337052712584
dark chocolate leaf,1.0,0.0,1.0,0.0,0.038476337052712584,0.038476337052712584
day-old fine bread,0.0,1.0,1.0,0.12658227848101267,0.0,-0.12658227848101267
"mortadella, homemade salami, or small meatball",1.0,0.0,1.0,0.0,0.038476337052712584,0.038476337052712584
dark chocolate shard,1.0,0.0,1.0,0.0,0.038476337052712584,0.038476337052712584
montepulciano wine,1.0,0.0,1.0,0.0,0.038476337052712584,0.038476337052712584
montepulciano d’abruzzo wine,1.0,0.0,1.0,0.0,0.038476337052712584,0.038476337052712584
monte baldo cheese,1.0,0.0,1.0,0.0,0.038476337052712584,0.038476337052712584
montasù bread,1.0,0.0,1.0,0.0,0.038476337052712584,0.038476337052712584
date,1.0,0.0,1.0,0.0,0.038476337052712584,0.038476337052712584
monkfish tail,1.0,0.0,1.0,0.0,0.038476337052712584,0.038476337052712584
monkfish liver,1.0,0.0,1.0,0.0,0.038476337052712584,0.038476337052712584
"mixed ground meat (pork, veal)",1.0,0.0,1.0,0.0,0.038476337052712584,0.038476337052712584
mixed green,1.0,0.0,1.0,0.0,0.038476337052712584,0.038476337052712584
denti di cavallo pasta,0.0,1.0,1.0,0.12658227848101267,0.0,-0.12658227848101267
dormituri snail,1.0,0.0,1.0,0.0,0.038476337052712584,0.038476337052712584
ditalini rigati pasta,1.0,0.0,1.0,0.0,0.038476337052712584,0.038476337052712584
dogfish and monkfish,1.0,0.0,1.0,0.0,0.038476337052712584,0.038476337052712584
dogfish steak,1.0,0.0,1.0,0.0,0.038476337052712584,0.038476337052712584
milk liqueur,1.0,0.0,1.0,0.0,0.038476337052712584,0.038476337052712584
mild olive,0.0,1.0,1.0,0.12658227848101267,0.0,-0.12658227848101267
mezzi ziti,1.0,0.0,1.0,0.0,0.038476337052712584,0.038476337052712584
mezzani pasta,1.0,0.0,1.0,0.0,0.038476337052712584,0.038476337052712584
mezzanella pasta,1.0,0.0,1.0,0.0,0.038476337052712584,0.038476337052712584
donkey steak,1.0,0.0,1.0,0.0,0.038476337052712584,0.038476337052712584
medium-sized goby fish,1.0,0.0,1.0,0.0,0.038476337052712584,0.038476337052712584
ditalini or spaghetti,1.0,0.0,1.0,0.0,0.038476337052712584,0.038476337052712584
medium-sized cuttlefish,1.0,0.0,1.0,0.0,0.038476337052712584,0.038476337052712584
medium-grain yellow polenta,1.0,0.0,1.0,0.0,0.038476337052712584,0.038476337052712584
medium-grain semolina,0.0,1.0,1.0,0.12658227848101267,0.0,-0.12658227848101267
medium scampi,1.0,0.0,1.0,0.0,0.038476337052712584,0.038476337052712584
medium pasta,1.0,0.0,1.0,0.0,0.038476337052712584,0.038476337052712584
medium fregola,1.0,0.0,1.0,0.0,0.038476337052712584,0.038476337052712584
medium eel,1.0,0.0,1.0,0.0,0.038476337052712584,0.038476337052712584
medium ditalini pasta (cannolicchi),1.0,0.0,1.0,0.0,0.038476337052712584,0.038476337052712584
medium ditalini pasta,1.0,0.0,1.0,0.0,0.038476337052712584,0.038476337052712584
ditalini rigati,1.0,0.0,1.0,0.0,0.038476337052712584,0.038476337052712584
milk-fed veal chop,0.0,1.0,1.0,0.12658227848101267,0.0,-0.12658227848101267
"mixed dried fruit (walnuts, almonds, hazelnuts)",1.0,0.0,1.0,0.0,0.038476337052712584,0.038476337052712584
minced veal pulp,1.0,0.0,1.0,0.0,0.038476337052712584,0.038476337052712584
mixed cured meat,1.0,0.0,1.0,0.0,0.038476337052712584,0.038476337052712584
mixed chopped pasta ('munnezzaglje'),1.0,0.0,1.0,0.0,0.038476337052712584,0.038476337052712584
mistrà,1.0,0.0,1.0,0.0,0.038476337052712584,0.038476337052712584
missoltino,1.0,0.0,1.0,0.0,0.038476337052712584,0.038476337052712584
missoltini,1.0,0.0,1.0,0.0,0.038476337052712584,0.038476337052712584
misericordia herb,1.0,0.0,1.0,0.0,0.038476337052712584,0.038476337052712584
mirepoix,1.0,0.0,1.0,0.0,0.038476337052712584,0.038476337052712584
mint sprig,1.0,0.0,1.0,0.0,0.038476337052712584,0.038476337052712584
desalted salted cod,1.0,0.0,1.0,0.0,0.038476337052712584,0.038476337052712584
minced veal,1.0,0.0,1.0,0.0,0.038476337052712584,0.038476337052712584
dill stalk,0.0,1.0,1.0,0.12658227848101267,0.0,-0.12658227848101267
minced pork,1.0,0.0,1.0,0.0,0.038476337052712584,0.038476337052712584
"minced parsley, thyme, and rosemary",1.0,0.0,1.0,0.0,0.038476337052712584,0.038476337052712584
desalted salted cod fillet,1.0,0.0,1.0,0.0,0.038476337052712584,0.038476337052712584
diavoletti sprinkle,1.0,0.0,1.0,0.0,0.038476337052712584,0.038476337052712584
milk-fed veal pajata,1.0,0.0,1.0,0.0,0.038476337052712584,0.038476337052712584
milk-fed veal loin,0.0,1.0,1.0,0.12658227848101267,0.0,-0.12658227848101267
diced bread,0.0,1.0,1.0,0.12658227848101267,0.0,-0.12658227848101267
milk-fed veal kidney fat,0.0,1.0,1.0,0.12658227848101267,0.0,-0.12658227848101267
milk-fed veal kidney,0.0,1.0,1.0,0.12658227848101267,0.0,-0.12658227848101267
mountain fennel,1.0,0.0,1.0,0.0,0.038476337052712584,0.038476337052712584
mountain lentil,1.0,0.0,1.0,0.0,0.038476337052712584,0.038476337052712584
parchment paper,0.0,1.0,1.0,0.12658227848101267,0.0,-0.12658227848101267
mountain pansies (malastre),1.0,0.0,1.0,0.0,0.038476337052712584,0.038476337052712584
crayfish,1.0,0.0,1.0,0.0,0.038476337052712584,0.038476337052712584
orecchiette pasta,1.0,0.0,1.0,0.0,0.038476337052712584,0.038476337052712584
orecchiette,1.0,0.0,1.0,0.0,0.038476337052712584,0.038476337052712584
crema di latte,1.0,0.0,1.0,0.0,0.038476337052712584,0.038476337052712584
orange slice,1.0,0.0,1.0,0.0,0.038476337052712584,0.038476337052712584
orange marmalade,1.0,0.0,1.0,0.0,0.038476337052712584,0.038476337052712584
crespella,1.0,0.0,1.0,0.0,0.038476337052712584,0.038476337052712584
croccante,1.0,0.0,1.0,0.0,0.038476337052712584,0.038476337052712584
orange honey,1.0,0.0,1.0,0.0,0.038476337052712584,0.038476337052712584
crostoni,1.0,0.0,1.0,0.0,0.038476337052712584,0.038476337052712584
crumbled dry biscuit,1.0,0.0,1.0,0.0,0.038476337052712584,0.038476337052712584
orange and lemon zest,1.0,0.0,1.0,0.0,0.038476337052712584,0.038476337052712584
crumbled sponge cake,1.0,0.0,1.0,0.0,0.038476337052712584,0.038476337052712584
ont,1.0,0.0,1.0,0.0,0.038476337052712584,0.038476337052712584
onion or leek,1.0,0.0,1.0,0.0,0.038476337052712584,0.038476337052712584
onion and carrot,1.0,0.0,1.0,0.0,0.038476337052712584,0.038476337052712584
crushed ice,0.0,1.0,1.0,0.12658227848101267,0.0,-0.12658227848101267
omento (pork caul fat),1.0,0.0,1.0,0.0,0.038476337052712584,0.038476337052712584
olive sprig,1.0,0.0,1.0,0.0,0.038476337052712584,0.038476337052712584
olive pulp,0.0,1.0,1.0,0.12658227848101267,0.0,-0.12658227848101267
crustless bread,1.0,0.0,1.0,0.0,0.038476337052712584,0.038476337052712584
organic lemon juice,1.0,0.0,1.0,0.0,0.038476337052712584,0.038476337052712584
cragno sausage,1.0,0.0,1.0,0.0,0.038476337052712584,0.038476337052712584
orvieto wine,1.0,0.0,1.0,0.0,0.038476337052712584,0.038476337052712584
cotechino sausage,1.0,0.0,1.0,0.0,0.038476337052712584,0.038476337052712584
parasol mushroom (lepiota procera),1.0,0.0,1.0,0.0,0.038476337052712584,0.038476337052712584
paprika,1.0,0.0,1.0,0.0,0.038476337052712584,0.038476337052712584
pappardelle pasta,0.0,1.0,1.0,0.12658227848101267,0.0,-0.12658227848101267
cotechino broth,0.0,1.0,1.0,0.12658227848101267,0.0,-0.12658227848101267
paper cup,1.0,0.0,1.0,0.0,0.038476337052712584,0.038476337052712584
cotechino or zampone,1.0,0.0,1.0,0.0,0.038476337052712584,0.038476337052712584
pannerone,1.0,0.0,1.0,0.0,0.038476337052712584,0.038476337052712584
pane fresa,1.0,0.0,1.0,0.0,0.038476337052712584,0.038476337052712584
pandispagna (sponge cake),1.0,0.0,1.0,0.0,0.038476337052712584,0.038476337052712584
country bread loaf,1.0,0.0,1.0,0.0,0.038476337052712584,0.038476337052712584
other preserf,0.0,1.0,1.0,0.12658227848101267,0.0,-0.12658227848101267
paccheri (or rigatoni),1.0,0.0,1.0,0.0,0.038476337052712584,0.038476337052712584
paccheri,1.0,0.0,1.0,0.0,0.038476337052712584,0.038476337052712584
oyster,1.0,0.0,1.0,0.0,0.038476337052712584,0.038476337052712584
ox tongue,0.0,1.0,1.0,0.12658227848101267,0.0,-0.12658227848101267
ox spleen,1.0,0.0,1.0,0.0,0.038476337052712584,0.038476337052712584
ox or pig bladder,0.0,1.0,1.0,0.12658227848101267,0.0,-0.12658227848101267
ox bone marrow,1.0,0.0,1.0,0.0,0.038476337052712584,0.038476337052712584
cracked farro,1.0,0.0,1.0,0.0,0.038476337052712584,0.038476337052712584
other vegetable,1.0,0.0,1.0,0.0,0.038476337052712584,0.038476337052712584
crétchan or williams pear,1.0,0.0,1.0,0.0,0.038476337052712584,0.038476337052712584
olive in brine,0.0,1.0,1.0,0.12658227848101267,0.0,-0.12658227848101267
cultivated fennel,1.0,0.0,1.0,0.0,0.038476337052712584,0.038476337052712584
muscovy duck,1.0,0.0,1.0,0.0,0.038476337052712584,0.038476337052712584
mutton broth,1.0,0.0,1.0,0.0,0.038476337052712584,0.038476337052712584
mutton (or large lamb),1.0,0.0,1.0,0.0,0.038476337052712584,0.038476337052712584
currant sauce,1.0,0.0,1.0,0.0,0.038476337052712584,0.038476337052712584
mustard syrup,1.0,0.0,1.0,0.0,0.038476337052712584,0.038476337052712584
custard,1.0,0.0,1.0,0.0,0.038476337052712584,0.038476337052712584
cutlet,0.0,1.0,1.0,0.12658227848101267,0.0,-0.12658227848101267
mussel and veraci clam,1.0,0.0,1.0,0.0,0.038476337052712584,0.038476337052712584
cuttlefish and squid,1.0,0.0,1.0,0.0,0.038476337052712584,0.038476337052712584
cuttlefish ink sac,1.0,0.0,1.0,0.0,0.038476337052712584,0.038476337052712584
muscat raisin,0.0,1.0,1.0,0.12658227848101267,0.0,-0.12658227848101267
currant juice,0.0,1.0,1.0,0.12658227848101267,0.0,-0.12658227848101267
muscari (lampascioni),1.0,0.0,1.0,0.0,0.038476337052712584,0.038476337052712584
muscari,1.0,0.0,1.0,0.0,0.038476337052712584,0.038476337052712584
murex snail,1.0,0.0,1.0,0.0,0.038476337052712584,0.038476337052712584
cyprus wine,0.0,1.0,1.0,0.12658227848101267,0.0,-0.12658227848101267
dandelion green,1.0,0.0,1.0,0.0,0.038476337052712584,0.038476337052712584
mugnoli (turnip tops),1.0,0.0,1.0,0.0,0.038476337052712584,0.038476337052712584
mud red mullet,1.0,0.0,1.0,0.0,0.038476337052712584,0.038476337052712584
mozzarella or provola,1.0,0.0,1.0,0.0,0.038476337052712584,0.038476337052712584
dark amaretti cookie,1.0,0.0,1.0,0.0,0.038476337052712584,0.038476337052712584
mutton chop,0.0,1.0,1.0,0.12658227848101267,0.0,-0.12658227848101267
mutton meat,1.0,0.0,1.0,0.0,0.038476337052712584,0.038476337052712584
cumin seed,1.0,0.0,1.0,0.0,0.038476337052712584,0.038476337052712584
cured pork liver sausage,1.0,0.0,1.0,0.0,0.038476337052712584,0.038476337052712584
cupello artichoke,1.0,0.0,1.0,0.0,0.038476337052712584,0.038476337052712584
cured beef (carne salada),1.0,0.0,1.0,0.0,0.038476337052712584,0.038476337052712584
nutmeg powder,1.0,0.0,1.0,0.0,0.038476337052712584,0.038476337052712584
cured ham,1.0,0.0,1.0,0.0,0.038476337052712584,0.038476337052712584
cured lardo,1.0,0.0,1.0,0.0,0.038476337052712584,0.038476337052712584
nocino,1.0,0.0,1.0,0.0,0.038476337052712584,0.038476337052712584
cured meat (carnesecca),0.0,1.0,1.0,0.12658227848101267,0.0,-0.12658227848101267
nettle shoot,1.0,0.0,1.0,0.0,0.038476337052712584,0.038476337052712584
cured meat or lardoon,0.0,1.0,1.0,0.12658227848101267,0.0,-0.12658227848101267
cured pork sausage,1.0,0.0,1.0,0.0,0.038476337052712584,0.038476337052712584
mutton or lamb,1.0,0.0,1.0,0.0,0.038476337052712584,0.038476337052712584
neapolitan salami,1.0,0.0,1.0,0.0,0.038476337052712584,0.038476337052712584
cured salami,1.0,0.0,1.0,0.0,0.038476337052712584,0.038476337052712584
napoletano salami,1.0,0.0,1.0,0.0,0.038476337052712584,0.038476337052712584
curly escarole,1.0,0.0,1.0,0.0,0.038476337052712584,0.038476337052712584
myrtle,1.0,0.0,1.0,0.0,0.038476337052712584,0.038476337052712584
mutton testicle,0.0,1.0,1.0,0.12658227848101267,0.0,-0.12658227848101267
mutton spleen,0.0,1.0,1.0,0.12658227848101267,0.0,-0.12658227848101267
curly lasagna,1.0,0.0,1.0,0.0,0.038476337052712584,0.038476337052712584
mutton pulp,1.0,0.0,1.0,0.0,0.038476337052712584,0.038476337052712584
"""pipi russu""",1.0,0.0,1.0,0.0,0.038476337052712584,0.038476337052712584
