recipe_id,source,ingredient
1,AIC,hot water
1,AIC,black pepper
1,AIC,salt
1,AIC,lemon juice
1,AIC,parmigiano cheese
1,AIC,egg yolk
1,AIC,garlic
1,AIC,parsley
1,AIC,wheat flour
1,AIC,white wine
1,AIC,olive oil
1,AIC,onion
1,AIC,prosciutto fat
1,AIC,lamb
2,AIC,water
2,AIC,frying oil
2,AIC,wildflower honey
2,AIC,lard
2,AIC,egg
2,AIC,durum wheat semolina
3,AIC,chili pepper
3,AIC,olive oil
3,AIC,white wine vinegar
3,AIC,garlic
3,AIC,parsley
3,AIC,salted anchovy
4,AIC,lemon
4,AIC,olive oil
4,AIC,black pepper
4,AIC,salt
4,AIC,parsley
4,AIC,wheat flour
4,AIC,breadcrumb
4,AIC,egg
4,AIC,salted anchovy
4,AIC,anchovy
5,AIC,water
5,AIC,black pepper
5,AIC,salt
5,AIC,toasted bread
5,AIC,olive oil
5,AIC,pecorino cheese
5,AIC,egg
5,AIC,nepitella
5,AIC,garlic
5,AIC,porcini mushroom
6,AIC,black pepper
6,AIC,sugar
6,AIC,olive oil
6,AIC,parsley
6,AIC,caper
6,AIC,garlic
6,AIC,bell pepper
6,AIC,tomato paste
6,AIC,salted anchovy
7,AIC,black pepper
7,AIC,salt
7,AIC,bread
7,AIC,olive oil
7,AIC,mountain herb
7,AIC,tomato
7,AIC,parsley
7,AIC,celery
7,AIC,onion
8,AIC,black pepper
8,AIC,salt
8,AIC,olive oil
8,AIC,fish broth
8,AIC,parsley
8,AIC,garlic
8,AIC,potato
8,AIC,anchovy
9,AIC,salt
9,AIC,olive oil
9,AIC,white wine vinegar
9,AIC,onion
9,AIC,anchovy
10,AIC,salt
10,AIC,olive oil
10,AIC,lemon
10,AIC,parsley
10,AIC,garlic
10,AIC,white wine vinegar
10,AIC,white wine
10,AIC,anchovy
11,AIC,olive oil
11,AIC,egg white
11,AIC,white wine
11,AIC,wheat flour
11,AIC,large sage leaf
11,AIC,salted anchovy
12,AIC,water
12,AIC,salt
12,AIC,nutmeg
12,AIC,parsley
12,AIC,garlic
12,AIC,grated pecorino cheese
12,AIC,stale bread
12,AIC,grated pecorino cheese
12,AIC,lemon
12,AIC,olive oil
12,AIC,anchovy
13,AIC,black pepper
13,AIC,salt
13,AIC,oregano
13,AIC,olive oil
13,AIC,salted anchovy
13,AIC,breadcrumb
13,AIC,garlic
13,AIC,parsley
13,AIC,tomato
13,AIC,anchovy
14,AIC,black pepper
14,AIC,salt
14,AIC,wine vinegar
14,AIC,white wine
14,AIC,anchovy
14,AIC,rosemary sprig
14,AIC,garlic
14,AIC,olive oil
14,AIC,suckling lamb
15,AIC,olive oil
15,AIC,garlic
15,AIC,salted caper
15,AIC,salted anchovy
16,AIC,black pepper
16,AIC,salt
16,AIC,olive oil
16,AIC,wine
16,AIC,garlic
16,AIC,rosemary sprig
16,AIC,potato
16,AIC,abbacchio lamb
17,AIC,salt
17,AIC,water
17,AIC,olive oil
17,AIC,vinegar
17,AIC,chili pepper
17,AIC,parsley
17,AIC,tomato
17,AIC,sun-dried tomato
17,AIC,garlic
18,AIC,black pepper
18,AIC,salt
18,AIC,lard
18,AIC,"minced parsley, thyme, and rosemary"
18,AIC,garlic
18,AIC,celery
18,AIC,tomato
18,AIC,onion
18,AIC,lamb
19,AIC,salt
19,AIC,olive oil
19,AIC,parsley
19,AIC,onion
19,AIC,garlic
19,AIC,sardinian spiny artichoke
19,AIC,lamb
20,AIC,water
20,AIC,salt
20,AIC,chili pepper
20,AIC,peanut oil
20,AIC,olive oil
20,AIC,vinegar
20,AIC,tomato paste
20,AIC,garlic
21,AIC,olive oil
21,AIC,white wine vinegar
21,AIC,basil
21,AIC,parsley
21,AIC,breadcrumb
21,AIC,almond
21,AIC,garlic
22,AIC,salt
22,AIC,garlic
22,AIC,bay leaf
22,AIC,olive oil
22,AIC,parsley
22,AIC,onion
22,AIC,tomato paste
22,AIC,olive
22,AIC,cauliflower
22,AIC,lamb
23,AIC,salt
23,AIC,olive oil
23,AIC,white wine vinegar
23,AIC,garlic
24,AIC,olive oil
24,AIC,wheat flour
24,AIC,dogfish
25,AIC,black pepper
25,AIC,salt
25,AIC,vinegar
25,AIC,olive oil
25,AIC,garlic
25,AIC,tomato
26,AIC,black pepper
26,AIC,salt
26,AIC,olive oil
26,AIC,celery leaf
26,AIC,basil
26,AIC,grated pecorino cheese
26,AIC,egg
26,AIC,peeled tomato
26,AIC,onion
26,AIC,stale bread
27,AIC,salt
27,AIC,bread
27,AIC,olive oil
27,AIC,cherry tomato
27,AIC,onion
27,AIC,lard
27,AIC,marjoram
27,AIC,chili pepper
27,AIC,garlic
27,AIC,sausage
27,AIC,pork rind
27,AIC,potato
27,AIC,artichoke
27,AIC,zucchini
27,AIC,chard
27,AIC,wild chicory
28,AIC,olive oil
28,AIC,chili pepper
28,AIC,celery
28,AIC,basil
28,AIC,oregano
28,AIC,salted anchovy
28,AIC,garlic
28,AIC,onion
28,AIC,tomato
28,AIC,stale black bread
29,AIC,stale bread
29,AIC,salt
29,AIC,dried chili pepper
29,AIC,parsley
29,AIC,garlic
29,AIC,olive oil
29,AIC,peeled tomato
29,AIC,onion
30,AIC,butter
30,AIC,marsala
30,AIC,vanilla
30,AIC,powdered sugar
30,AIC,egg yolk
31,AIC,black pepper
31,AIC,salt
31,AIC,olive oil
31,AIC,marsala wine
31,AIC,white onion
31,AIC,veal eye of round
32,AIC,water
32,AIC,lemon
32,AIC,alcohol
32,AIC,milk
32,AIC,vanilla
32,AIC,baking powder
32,AIC,butter
32,AIC,egg
32,AIC,powdered sugar
32,AIC,sugar
32,AIC,wheat flour
33,AIC,salt
33,AIC,lemon
33,AIC,chili pepper
33,AIC,breadcrumb
33,AIC,olive oil
33,AIC,garlic
33,AIC,yellow potato
33,AIC,suckling lamb
34,AIC,parsley
34,AIC,parmigiano or pecorino cheese
34,AIC,egg
34,AIC,black pepper
34,AIC,salt
34,AIC,rosemary sprig
34,AIC,garlic
34,AIC,white wine
34,AIC,olive oil
34,AIC,muscari (lampascioni)
34,AIC,lamb
35,AIC,black pepper
35,AIC,salt
35,AIC,nutmeg
35,AIC,wheat flour
35,AIC,egg
35,AIC,white wine
35,AIC,onion
35,AIC,olive oil
35,AIC,lemon
35,AIC,rosemary
35,AIC,pecorino abruzzese
35,AIC,lamb
36,AIC,salt
36,AIC,olive oil
36,AIC,white wine
36,AIC,candied olives with fennel and bay leaf
36,AIC,bay leaf
36,AIC,sun-dried tomato
36,AIC,chili pepper
36,AIC,garlic
36,AIC,onion
36,AIC,lamb
37,AIC,salt
37,AIC,white wine
37,AIC,olive oil
37,AIC,chili pepper
37,AIC,garlic
37,AIC,cardoncelli mushroom
37,AIC,lamb
38,AIC,black pepper
38,AIC,salt
38,AIC,parsley
38,AIC,olive oil
38,AIC,white wine
38,AIC,pecorino cheese
38,AIC,egg
38,AIC,onion
38,AIC,pea
38,AIC,lamb
39,AIC,salt
39,AIC,olive oil
39,AIC,vernaccia di oristano
39,AIC,saffron
39,AIC,lemon
39,AIC,onion
39,AIC,wild fennel
39,AIC,suckling lamb
40,AIC,black pepper
40,AIC,salt
40,AIC,olive oil
40,AIC,sage
40,AIC,rosemary
40,AIC,garlic
40,AIC,lardo
40,AIC,potato
40,AIC,lamb leg
41,AIC,salt
41,AIC,olive oil
41,AIC,meat broth
41,AIC,vernaccia wine
41,AIC,parsley
41,AIC,bay leaf
41,AIC,onion
41,AIC,garlic
41,AIC,lemon
41,AIC,egg yolk
41,AIC,lamb
42,AIC,water
42,AIC,rosemary
42,AIC,vinegar
42,AIC,salt
42,AIC,parsley
42,AIC,parmigiano cheese
42,AIC,egg
42,AIC,lemon juice
42,AIC,white wine
42,AIC,olive oil
42,AIC,onion
42,AIC,lamb stew meat
43,AIC,black pepper
43,AIC,salt
43,AIC,lemon juice
43,AIC,egg
43,AIC,carrot
43,AIC,onion
43,AIC,garlic
43,AIC,lamb
44,AIC,black pepper
44,AIC,salt
44,AIC,olive oil
44,AIC,rosemary
44,AIC,garlic
44,AIC,white wine
44,AIC,black truffle
44,AIC,lamb
45,AIC,fresh sage
45,AIC,cold water
45,AIC,meat broth
45,AIC,salt
45,AIC,rosemary
45,AIC,garlic
45,AIC,butter
45,AIC,olive oil
45,AIC,egg
45,AIC,veal brain
45,AIC,salami or sausage
45,AIC,grana padano
45,AIC,fresh seasonal vegetable
45,AIC,pork
45,AIC,fresh veal or young beef
45,AIC,egg yolk
45,AIC,wheat flour
46,AIC,salt
46,AIC,wild fennel
46,AIC,onion
46,AIC,white wine
46,AIC,olive oil
46,AIC,lamb
47,AIC,hot water
47,AIC,black pepper
47,AIC,salt
47,AIC,white wine
47,AIC,lemon juice
47,AIC,olive oil
47,AIC,egg
47,AIC,lamb
48,AIC,parmigiano cheese
48,AIC,lukewarm water
48,AIC,butter
48,AIC,olive oil
48,AIC,black pepper
48,AIC,salt
48,AIC,nutmeg
48,AIC,rosemary
48,AIC,sage
48,AIC,garlic
48,AIC,parmigiano cheese
48,AIC,egg
48,AIC,savoy cabbage leaf
48,AIC,white risotto
48,AIC,pork loin
48,AIC,veal rump
48,AIC,egg
48,AIC,wheat flour
49,AIC,ground cinnamon
49,AIC,smoked ricotta
49,AIC,parsley
49,AIC,sugar
49,AIC,orange zest
49,AIC,lemon zest
49,AIC,rum
49,AIC,dried fig
49,AIC,candied fruit
49,AIC,unsweetened cocoa powder
49,AIC,dark chocolate
49,AIC,peach jam
49,AIC,sultana raisin
49,AIC,dry biscuit
49,AIC,salt
49,AIC,egg
49,AIC,butter
49,AIC,wheat flour
50,AIC,broth
50,AIC,olive oil
50,AIC,water
50,AIC,garlic
50,AIC,basil
50,AIC,rosemary
50,AIC,sage
50,AIC,parmigiano cheese
50,AIC,butter
50,AIC,roast dripping
50,AIC,black pepper
50,AIC,salt
50,AIC,nutmeg
50,AIC,egg
50,AIC,grated parmigiano cheese
50,AIC,cabbage
50,AIC,sausage
50,AIC,pork neck
50,AIC,rabbit
50,AIC,veal neck
50,AIC,egg yolk
50,AIC,egg
50,AIC,wheat flour
51,AIC,broth
51,AIC,black pepper
51,AIC,salt
51,AIC,olive oil
51,AIC,parmigiano cheese
51,AIC,egg
51,AIC,escarole (endive)
51,AIC,spinach
51,AIC,onion
51,AIC,celery
51,AIC,carrot
51,AIC,rabbit leg
51,AIC,veal pulp
51,AIC,pork loin
51,AIC,egg
51,AIC,wheat flour
52,AIC,sugar
52,AIC,ground cinnamon
52,AIC,smoked ricotta
52,AIC,butter
52,AIC,lemon zest
52,AIC,black pepper
52,AIC,dried mint
52,AIC,butter
52,AIC,onion
52,AIC,ground cinnamon
52,AIC,sugar
52,AIC,sultana raisin
52,AIC,potato
52,AIC,water
52,AIC,salt
52,AIC,egg
52,AIC,wheat flour
53,AIC,salt
53,AIC,black pepper
53,AIC,red wine vinegar
53,AIC,parsley
53,AIC,bay leaf
53,AIC,thyme sprig
53,AIC,garlic
53,AIC,celery
53,AIC,carrot
53,AIC,scallion
53,AIC,olive oil
53,AIC,olive oil
53,AIC,wheat flour
53,AIC,agoni (lake shad)
54,AIC,salt
54,AIC,egg
54,AIC,parsley
54,AIC,breadcrumb
54,AIC,olive oil
54,AIC,caper
54,AIC,garlic
54,AIC,red wine vinegar
54,AIC,anchovy fillet
54,AIC,wheat flour
54,AIC,olive oil
54,AIC,agoni
55,AIC,salt
55,AIC,lemon
55,AIC,olive oil
55,AIC,wheat flour
55,AIC,egg
55,AIC,agoni (whitefish)
56,AIC,salt
56,AIC,unripe grape
57,AIC,honey
57,AIC,mosto cotto
57,AIC,white wine
57,AIC,red wine
57,AIC,sugar
57,AIC,almond
58,AIC,salt
58,AIC,parsley
58,AIC,garlic
58,AIC,breadcrumb
58,AIC,olive oil
58,AIC,anchovy
59,AIC,salt
59,AIC,olive oil
59,AIC,chili pepper
59,AIC,vinegar
59,AIC,garlic
59,AIC,parsley
59,AIC,anchovy
60,AIC,salt
60,AIC,wild thyme
60,AIC,red wine vinegar
60,AIC,olive oil
60,AIC,agoni (lake shad)
61,AIC,salt
61,AIC,olive oil
61,AIC,parsley
61,AIC,chili pepper
61,AIC,lemon
61,AIC,anchovy
62,AIC,black pepper
62,AIC,salt
62,AIC,parsley
62,AIC,olive oil
62,AIC,vinegar
62,AIC,oregano
62,AIC,garlic
62,AIC,anchovy
63,AIC,white pepper
63,AIC,salt
63,AIC,olive oil
63,AIC,parsley
63,AIC,garlic
63,AIC,lemon
63,AIC,anchovy
64,AIC,black pepper
64,AIC,salt
64,AIC,olive oil
64,AIC,parsley
64,AIC,egg
64,AIC,pecorino cheese
64,AIC,breadcrumb
64,AIC,anchovy
65,AIC,salt
65,AIC,olive oil
65,AIC,white endive
65,AIC,anchovy
66,AIC,olive oil
66,AIC,ground cinnamon
66,AIC,lemon zest
66,AIC,baking powder
66,AIC,olive oil
66,AIC,white wine
66,AIC,bitter almond
66,AIC,sweet almond
66,AIC,wheat flour
66,AIC,sugar
66,AIC,egg white
67,AIC,frying oil
67,AIC,black pepper
67,AIC,salt
67,AIC,bay leaf
67,AIC,olive oil
67,AIC,wheat flour
67,AIC,white wine vinegar
67,AIC,white onion
67,AIC,anchovy or sardine
68,AIC,whole almond
68,AIC,sugar
68,AIC,semolina
68,AIC,sugar
68,AIC,egg white
68,AIC,lemon zest
68,AIC,bitter almond
68,AIC,sweet almond
69,AIC,black pepper
69,AIC,salt
69,AIC,olive oil
69,AIC,vinegar
69,AIC,wheat flour
69,AIC,butter
69,AIC,white wine
69,AIC,sage
69,AIC,garlic
69,AIC,orange
69,AIC,duck
70,AIC,vanilla sugar
70,AIC,bitter armelline kernel
70,AIC,egg white
70,AIC,sweet almond
70,AIC,sugar
71,AIC,black pepper
71,AIC,salt
71,AIC,white wine
71,AIC,rosemary
71,AIC,bay leaf
71,AIC,olive oil
71,AIC,pancetta
71,AIC,duck
72,AIC,milk
72,AIC,broth
72,AIC,black pepper
72,AIC,salt
72,AIC,sage
72,AIC,rosemary
72,AIC,olive oil
72,AIC,nutmeg
72,AIC,hard-boiled egg
72,AIC,garlic
72,AIC,parsley
72,AIC,breadcrumb
72,AIC,rice
72,AIC,onion
72,AIC,lardo
72,AIC,pancetta
72,AIC,salsiccia
72,AIC,veal
72,AIC,white wine
72,AIC,pork
72,AIC,duck
73,AIC,olive oil
73,AIC,black pepper
73,AIC,salt
73,AIC,juniper berry
73,AIC,marjoram
73,AIC,thyme
73,AIC,bay leaf
73,AIC,sage
73,AIC,rosemary
73,AIC,garlic
73,AIC,onion
73,AIC,carrot
73,AIC,celery
73,AIC,white wine
73,AIC,duck
74,AIC,black pepper
74,AIC,salt
74,AIC,turnip
74,AIC,duck
75,AIC,water
75,AIC,black pepper
75,AIC,salt
75,AIC,tomato paste
75,AIC,ground cinnamon
75,AIC,olive oil
75,AIC,white wine
75,AIC,bay leaf
75,AIC,carrot
75,AIC,celery
75,AIC,onion
75,AIC,duck
76,AIC,black pepper
76,AIC,salt
76,AIC,garlic
76,AIC,olive oil
76,AIC,white wine
76,AIC,wild fennel
76,AIC,potato
76,AIC,duck
77,AIC,butter
77,AIC,salt and pepper
77,AIC,breadcrumb
77,AIC,olive oil
77,AIC,sugar
77,AIC,carrot
77,AIC,celery heart
77,AIC,white wine
77,AIC,onion
77,AIC,grated caciocavallo
77,AIC,primo sale cheese
77,AIC,shelled pea
77,AIC,tomato paste
77,AIC,ground veal pulp
77,AIC,anelletti pasta
78,AIC,black pepper
78,AIC,salt
78,AIC,parsley
78,AIC,white wine
78,AIC,olive oil
78,AIC,garlic
78,AIC,bell pepper
78,AIC,desalted salted cod fillet
78,AIC,fresh anellini pasta
79,AIC,salt
79,AIC,vinegar
79,AIC,bay leaf
79,AIC,large eel
80,AIC,black pepper
80,AIC,salt
80,AIC,olive oil
80,AIC,red wine vinegar
80,AIC,bread
80,AIC,parsley
80,AIC,garlic
80,AIC,bay leaf
80,AIC,eel
81,AIC,black pepper
81,AIC,salt
81,AIC,parsley
81,AIC,friulano wine
81,AIC,nutmeg
81,AIC,red wine vinegar
81,AIC,olive oil
81,AIC,amoli
81,AIC,juniper berry
81,AIC,bay leaf
81,AIC,garlic
81,AIC,tomato paste
81,AIC,tomato
81,AIC,river eel
82,AIC,black pepper
82,AIC,salt
82,AIC,bay leaf
82,AIC,white wine
82,AIC,eel
83,AIC,black pepper
83,AIC,salt
83,AIC,bay leaf
83,AIC,thyme
83,AIC,white wine
83,AIC,tomato pulp
83,AIC,olive oil
83,AIC,scallion
83,AIC,bell pepper
83,AIC,eel
84,AIC,black pepper
84,AIC,salt
84,AIC,olive oil
84,AIC,wheat flour
84,AIC,friulano wine
84,AIC,bay leaf
84,AIC,parsley
84,AIC,garlic
84,AIC,sage
84,AIC,eel
85,AIC,salt
85,AIC,olive oil
85,AIC,dried borlotti bean
85,AIC,tomato
85,AIC,sage
85,AIC,white wine
85,AIC,eel
86,AIC,black pepper
86,AIC,salt
86,AIC,breadcrumb
86,AIC,bay leaf
86,AIC,olive oil
86,AIC,lemon
86,AIC,vinegar
86,AIC,eel
87,AIC,salt
87,AIC,bay leaf
87,AIC,eel
88,AIC,black pepper
88,AIC,salt
88,AIC,water
88,AIC,vinegar
88,AIC,white wine
88,AIC,olive oil
88,AIC,butter
88,AIC,peeled tomato
88,AIC,onion
88,AIC,savoy cabbage
88,AIC,eel
89,AIC,black pepper
89,AIC,salt
89,AIC,wheat flour
89,AIC,bay leaf
89,AIC,onion
89,AIC,peeled tomato
89,AIC,olive oil
89,AIC,broth
89,AIC,white wine
89,AIC,pea
89,AIC,eel
90,AIC,salt
90,AIC,water
90,AIC,seed oil
90,AIC,wheat flour
90,AIC,vinegar
90,AIC,eel
91,AIC,olive oil
91,AIC,salt
91,AIC,vinegar
91,AIC,wheat flour
91,AIC,black pepper
91,AIC,garlic
91,AIC,sage
91,AIC,borettane onion
91,AIC,carrot
91,AIC,celery
91,AIC,eel
92,AIC,salt
92,AIC,clove
92,AIC,garlic
92,AIC,white wine
92,AIC,white wine vinegar
92,AIC,white pepper
92,AIC,bay leaf
92,AIC,olive oil
92,AIC,eel
93,AIC,black pepper
93,AIC,salt
93,AIC,vinegar
93,AIC,wheat flour
93,AIC,rosemary
93,AIC,sage
93,AIC,bay leaf
93,AIC,garlic
93,AIC,olive oil
93,AIC,butter
93,AIC,peeled tomato
93,AIC,parsley
93,AIC,carrot
93,AIC,celery
93,AIC,onion
93,AIC,pea
93,AIC,eel
94,AIC,black pepper
94,AIC,salt
94,AIC,olive oil
94,AIC,wheat flour
94,AIC,sage
94,AIC,bay leaf
94,AIC,garlic
94,AIC,red wine vinegar
94,AIC,eel
95,AIC,water
95,AIC,salt
95,AIC,bay leaf
95,AIC,aged vernaccia di oristano
95,AIC,olive oil
95,AIC,onion
95,AIC,sun-dried tomato
95,AIC,garlic
95,AIC,raisin
95,AIC,eel
96,AIC,black pepper
96,AIC,salt
96,AIC,wheat flour
96,AIC,olive oil
96,AIC,seed oil
96,AIC,onion
96,AIC,celery
96,AIC,carrot
96,AIC,garlic
96,AIC,sage
96,AIC,tomato paste
96,AIC,tomato
96,AIC,eel
97,AIC,salt
97,AIC,salt
97,AIC,bay leaf
97,AIC,medium eel
98,AIC,warm water
98,AIC,black pepper
98,AIC,salt
98,AIC,saffron
98,AIC,prosciutto
98,AIC,pea
98,AIC,wheat flour
98,AIC,milk
98,AIC,butter
98,AIC,sweetbread
99,AIC,garlic
99,AIC,olive oil
99,AIC,peeled tomato
99,AIC,salt
99,AIC,chili pepper
99,AIC,onion
99,AIC,olive oil
99,AIC,lard
99,AIC,wild chicory
99,AIC,eel
100,AIC,black pepper
100,AIC,salt
100,AIC,olive oil
100,AIC,chili pepper
100,AIC,onion
100,AIC,garlic
100,AIC,bay leaf
100,AIC,sage
100,AIC,tomato
100,AIC,eel
101,AIC,parmigiano cheese
101,AIC,beef or capon broth
101,AIC,black pepper
101,AIC,salt
101,AIC,nutmeg
101,AIC,tomato sauce
101,AIC,red wine
101,AIC,ground cinnamon
101,AIC,clove
101,AIC,garlic
101,AIC,onion
101,AIC,carrot
101,AIC,celery
101,AIC,egg
101,AIC,parmigiano cheese
101,AIC,breadcrumb
101,AIC,butter
101,AIC,beef thigh
101,AIC,egg
101,AIC,wheat flour
102,AIC,parsley
102,AIC,salt
102,AIC,vinegar
102,AIC,olive oil
102,AIC,garlic
102,AIC,sun-dried tomato
102,AIC,tomato
102,AIC,eel
103,AIC,butter
103,AIC,black pepper
103,AIC,salt
103,AIC,white wine
103,AIC,herbs
103,AIC,onion
103,AIC,garlic
103,AIC,egg
103,AIC,milk
103,AIC,bread roll
103,AIC,olive oil
103,AIC,fatty sausage
103,AIC,pancetta
103,AIC,pork liver
103,AIC,duck
104,AIC,onion
104,AIC,carrot
104,AIC,celery
104,AIC,pork bones and rib
104,AIC,veal tail
104,AIC,beef
104,AIC,hen
104,AIC,broth
104,AIC,red wine
104,AIC,nutmeg
104,AIC,black pepper
104,AIC,salt
104,AIC,garlic
104,AIC,onion
104,AIC,carrot
104,AIC,celery
104,AIC,egg
104,AIC,butter
104,AIC,grana padano
104,AIC,breadcrumb
104,AIC,beef pulp
104,AIC,water
104,AIC,egg
104,AIC,wheat flour
105,AIC,salt
105,AIC,semi-aged pecorino sardo
105,AIC,garlic
105,AIC,sun-dried tomato
105,AIC,eel
106,AIC,white wine vinegar
106,AIC,garlic
106,AIC,caper
106,AIC,salted anchovy
106,AIC,parsley
106,AIC,tuna in oil
106,AIC,olive oil
106,AIC,lemon
106,AIC,sole
106,AIC,scampi
106,AIC,squid
107,AIC,moscato wine
107,AIC,sour cherry jam
107,AIC,dark chocolate
107,AIC,candied citron and orange
107,AIC,raisin
107,AIC,untreated lemon
107,AIC,marsala wine
107,AIC,dark rum
107,AIC,egg yolk
107,AIC,vanilla sugar
107,AIC,whipped cream
107,AIC,sheep's milk ricotta
108,AIC,olive oil
108,AIC,salt
108,AIC,water
108,AIC,sugar
108,AIC,orange honey
108,AIC,orange zest
109,AIC,salt
109,AIC,olive oil
109,AIC,anchovy in oil
109,AIC,orange
110,AIC,almond
110,AIC,honey
110,AIC,orange zest
111,AIC,black pepper
111,AIC,salt
111,AIC,white wine
111,AIC,tomato paste
111,AIC,tomato sauce
111,AIC,celery
111,AIC,carrot
111,AIC,onion
111,AIC,shelled pea
111,AIC,ground beef
111,AIC,olive oil
111,AIC,breadcrumb
111,AIC,saffron
111,AIC,egg
111,AIC,butter
111,AIC,caciocavallo
111,AIC,caciocavallo
111,AIC,arborio rice
112,AIC,black pepper
112,AIC,salt
112,AIC,olive oil
112,AIC,breadcrumb
112,AIC,wild fennel
112,AIC,milk
112,AIC,egg
112,AIC,sheep's milk ricotta
112,AIC,pecorino cheese
112,AIC,polenta flour
112,AIC,chard leaf
112,AIC,scallion
113,AIC,white wine
113,AIC,egg
113,AIC,wheat flour
113,AIC,olive oil
113,AIC,argentine
114,AIC,black pepper
114,AIC,salt
114,AIC,sage
114,AIC,parsley
114,AIC,egg
114,AIC,cream
114,AIC,milk
114,AIC,butter
114,AIC,prosciutto cotto
114,AIC,pancetta
114,AIC,pecorino cheese
114,AIC,dried mushroom
114,AIC,potato flour
114,AIC,chestnut flour
115,AIC,black pepper
115,AIC,salt
115,AIC,wheat flour
115,AIC,olive oil
115,AIC,rosemary
115,AIC,sage
115,AIC,garlic
115,AIC,white wine
115,AIC,milk
115,AIC,pork loin
116,AIC,black pepper
116,AIC,salt
116,AIC,onion
116,AIC,sparkling wine
116,AIC,olive oil
116,AIC,butter
116,AIC,pork caul fat (omento)
116,AIC,veal kidney
116,AIC,veal loin
117,AIC,salt and pepper
117,AIC,olive oil
117,AIC,rosemary
117,AIC,garlic
117,AIC,pork loin (bone-in)
118,AIC,salt
118,AIC,wheat flour
118,AIC,milk
118,AIC,butter
118,AIC,prosciutto crudo
118,AIC,veal rump
119,AIC,black pepper
119,AIC,salt
119,AIC,oregano
119,AIC,olive oil
119,AIC,breadcrumb
119,AIC,veal cutlet
120,AIC,black pepper
120,AIC,salt
120,AIC,olive oil
120,AIC,broth
120,AIC,red wine
120,AIC,bay leaf
120,AIC,celery
120,AIC,carrot
120,AIC,onion
120,AIC,veal pulp
121,AIC,black pepper
121,AIC,salt
121,AIC,white wine
121,AIC,olive oil
121,AIC,garlic
121,AIC,parsley
121,AIC,arselle clam
122,AIC,olive oil
122,AIC,salt
122,AIC,white wine
122,AIC,breadcrumb
122,AIC,parsley
122,AIC,garlic
122,AIC,wedge clam
123,AIC,black pepper
123,AIC,salt
123,AIC,parmigiano cheese
123,AIC,egg
123,AIC,butter
123,AIC,green asparagus
124,AIC,black pepper
124,AIC,salt
124,AIC,butter
124,AIC,parmigiano cheese
124,AIC,green asparagus
125,AIC,black pepper
125,AIC,salt
125,AIC,egg yolk
125,AIC,butter
125,AIC,milk
125,AIC,fontina
125,AIC,asparagus
126,AIC,salt
126,AIC,butter
126,AIC,parmigiano cheese
126,AIC,egg
126,AIC,white asparagus
127,AIC,black pepper
127,AIC,salt
127,AIC,mustard
127,AIC,giardiniera
127,AIC,caper
127,AIC,garlic
127,AIC,parsley
127,AIC,salted anchovy
127,AIC,olive oil
127,AIC,vinegar
127,AIC,lemon
127,AIC,egg
127,AIC,green asparagus
128,AIC,black pepper
128,AIC,salt
128,AIC,olive oil
128,AIC,lemon juice
128,AIC,caper
128,AIC,anchovy fillet
128,AIC,hard-boiled egg
128,AIC,bassano asparagus
129,AIC,salt
129,AIC,lemon
129,AIC,gelatin
129,AIC,tongue
129,AIC,pistachio
129,AIC,cockerel comb
129,AIC,sweetbread
130,AIC,salt
130,AIC,white wine vinegar
130,AIC,olive oil
130,AIC,wild asparagus
131,AIC,black pepper
131,AIC,salt
131,AIC,olive oil
131,AIC,tomato paste
131,AIC,garlic
131,AIC,white wine
131,AIC,wild asparagus
132,AIC,black pepper
132,AIC,salt
132,AIC,olive oil
132,AIC,wheat flour
132,AIC,rosemary
132,AIC,parsley
132,AIC,garlic
132,AIC,white onion
132,AIC,tomato
132,AIC,salted cod
133,AIC,water
133,AIC,rum
133,AIC,sugar
133,AIC,brewer's yeast
133,AIC,milk
133,AIC,egg
133,AIC,butter
133,AIC,wheat flour
134,AIC,salt
134,AIC,white wine vinegar
134,AIC,olive oil
134,AIC,white wine
134,AIC,bay leaf
134,AIC,parsley
134,AIC,garlic
134,AIC,breadcrumb
134,AIC,salted cod
135,AIC,black pepper
135,AIC,salt
135,AIC,wheat flour
135,AIC,lemon
135,AIC,olive oil
135,AIC,butter
135,AIC,parsley
135,AIC,garlic
135,AIC,soaked salted cod
136,AIC,black pepper
136,AIC,salt
136,AIC,parmigiano cheese
136,AIC,butter
136,AIC,egg
136,AIC,green asparagus
137,AIC,black pepper
137,AIC,salt
137,AIC,breadcrumb
137,AIC,olive oil
137,AIC,tomato sauce
137,AIC,onion
137,AIC,salted cod
138,AIC,black pepper
138,AIC,salt
138,AIC,parsley
138,AIC,vinegar
138,AIC,olive oil
138,AIC,soaked baccalà
139,AIC,black pepper
139,AIC,salt
139,AIC,olive oil
139,AIC,white wine
139,AIC,onion
139,AIC,celery
139,AIC,passolina raisin
139,AIC,pine nut
139,AIC,caper
139,AIC,green olive
139,AIC,tomato sauce
139,AIC,potato
139,AIC,salted cod
140,AIC,black pepper
140,AIC,salt
140,AIC,parsley
140,AIC,grated parmigiano cheese
140,AIC,olive oil
140,AIC,milk
140,AIC,onion
140,AIC,garlic
140,AIC,potato
140,AIC,celeriac
140,AIC,baccalà (soaked stockfish)
141,AIC,black pepper
141,AIC,salt
141,AIC,wheat flour
141,AIC,olive oil
141,AIC,parmigiano cheese
141,AIC,parsley
141,AIC,milk
141,AIC,anchovy fillet
141,AIC,garlic
141,AIC,onion
141,AIC,stockfish (baccalà)
142,AIC,black pepper
142,AIC,salt
142,AIC,breadcrumb
142,AIC,milk
142,AIC,olive oil
142,AIC,parsley
142,AIC,garlic
142,AIC,celery
142,AIC,onion
142,AIC,salted caper
142,AIC,anchovy in oil
142,AIC,salted cod
143,AIC,water
143,AIC,black pepper
143,AIC,salt
143,AIC,olive oil
143,AIC,saffron
143,AIC,sultana raisin
143,AIC,onion
143,AIC,salted cod
144,AIC,frying oil
144,AIC,olive oil
144,AIC,tomato pulp
144,AIC,caper
144,AIC,celery
144,AIC,olive
144,AIC,bell pepper
144,AIC,onion
144,AIC,salted cod
145,AIC,water
145,AIC,black pepper
145,AIC,white wine
145,AIC,salted anchovy
145,AIC,lardo
145,AIC,olive oil
145,AIC,parsley
145,AIC,garlic
145,AIC,baccalà ragno (stockfish)
146,AIC,black pepper
146,AIC,salt
146,AIC,parsley
146,AIC,lemon juice
146,AIC,olive oil
146,AIC,caper
146,AIC,cauliflower
146,AIC,soaked salted cod
147,AIC,parsley
147,AIC,salt
147,AIC,chili pepper
147,AIC,garlic
147,AIC,olive oil
147,AIC,black olive
147,AIC,peeled tomato
147,AIC,pine nut
147,AIC,salted cod
148,AIC,black pepper
148,AIC,salt
148,AIC,parsley
148,AIC,bay leaf
148,AIC,garlic
148,AIC,onion
148,AIC,peeled tomato
148,AIC,potato
148,AIC,wheat flour
148,AIC,olive oil
148,AIC,baccalà
149,AIC,black pepper
149,AIC,salt
149,AIC,olive oil
149,AIC,onion
149,AIC,pitted black olive
149,AIC,pine nut
149,AIC,sultana raisin
149,AIC,peeled tomato
149,AIC,celery
149,AIC,baccalà
150,AIC,black pepper
150,AIC,salt
150,AIC,olive oil
150,AIC,chili pepper
150,AIC,wheat flour
150,AIC,vinegar
150,AIC,tomato
150,AIC,leek
150,AIC,salted cod
151,AIC,salt
151,AIC,olive oil
151,AIC,celery
151,AIC,onion
151,AIC,raisin
151,AIC,prune
151,AIC,tomato passata
151,AIC,baccalà
152,AIC,black pepper
152,AIC,lemon
152,AIC,calamint
152,AIC,garlic
152,AIC,olive oil
152,AIC,potato
152,AIC,onion
152,AIC,salted cod
153,AIC,olive oil
153,AIC,parsley
153,AIC,garlic
153,AIC,bell pepper
153,AIC,baccalà
154,AIC,black pepper
154,AIC,parsley
154,AIC,oregano
154,AIC,breadcrumb
154,AIC,olive oil
154,AIC,potato
154,AIC,salted cod
155,AIC,black pepper
155,AIC,salt
155,AIC,olive oil
155,AIC,breadcrumb
155,AIC,parsley
155,AIC,caper
155,AIC,chickpea
155,AIC,anchovy
155,AIC,salted cod
156,AIC,olive oil
156,AIC,garlic
156,AIC,parsley
156,AIC,mosto cotto
156,AIC,breadcrumb
156,AIC,dried grape
156,AIC,fig
156,AIC,walnut
156,AIC,salted cod fillet
157,AIC,frying oil
157,AIC,olive oil
157,AIC,wheat flour
157,AIC,brewer's yeast
157,AIC,white wine
157,AIC,soaked salted cod
158,AIC,pine nut
158,AIC,olive oil
158,AIC,wine vinegar
158,AIC,white wine
158,AIC,rosemary
158,AIC,garlic
158,AIC,tomato paste
158,AIC,dried mushroom
158,AIC,salted cod
159,AIC,black pepper
159,AIC,salt
159,AIC,olive oil
159,AIC,parsley
159,AIC,garlic
159,AIC,stockfish
160,AIC,black pepper
160,AIC,salt
160,AIC,olive oil
160,AIC,garlic
160,AIC,parsley
160,AIC,stockfish (baccalà)
161,AIC,water
161,AIC,black pepper
161,AIC,salt
161,AIC,parsley
161,AIC,white wine
161,AIC,potato
161,AIC,onion
161,AIC,olive oil
161,AIC,soaked salted cod
162,AIC,black pepper
162,AIC,salt
162,AIC,parsley
162,AIC,parmigiano cheese
162,AIC,olive oil
162,AIC,butter
162,AIC,egg
162,AIC,white onion
162,AIC,yellow potato
162,AIC,savory pie crust
163,AIC,water
163,AIC,salt
163,AIC,olive oil
163,AIC,parsley
163,AIC,garlic
163,AIC,soaked salted cod fillet
164,AIC,olive oil
164,AIC,chili pepper
164,AIC,radish
164,AIC,scallion
164,AIC,celery
164,AIC,carrot
164,AIC,green tomato
164,AIC,green olive
164,AIC,black olive
164,AIC,salted cod
165,AIC,black pepper
165,AIC,salt
165,AIC,potato
165,AIC,bay leaf
165,AIC,peeled tomato
165,AIC,garlic
165,AIC,olive oil
165,AIC,soaked stockfish
166,AIC,water
166,AIC,olive oil
166,AIC,wheat flour
166,AIC,olive oil
166,AIC,breadcrumb
166,AIC,wine vinegar
166,AIC,garlic
166,AIC,soaked salted cod
167,AIC,salt
167,AIC,chestnut
167,AIC,walnut
167,AIC,wheat flour
167,AIC,black pepper
167,AIC,parsley
167,AIC,raisin
167,AIC,celery
167,AIC,white wine
167,AIC,onion
167,AIC,olive oil
167,AIC,soaked salted cod
168,AIC,black pepper
168,AIC,salt
168,AIC,garlic
168,AIC,olive oil
168,AIC,soaked stockfish
169,AIC,dark chocolate
169,AIC,vanillin
169,AIC,sugar
169,AIC,butter
169,AIC,wheat flour
169,AIC,peeled almond
170,AIC,black pepper
170,AIC,salt
170,AIC,ground cinnamon
170,AIC,olive oil
170,AIC,milk
170,AIC,soaked stockfish
171,AIC,butter
171,AIC,vanilla
171,AIC,hazelnut
171,AIC,sugar
171,AIC,egg white
172,AIC,dark chocolate
172,AIC,cream
172,AIC,honey
172,AIC,unsweetened cocoa powder
172,AIC,egg white
172,AIC,sugar
172,AIC,piedmont hazelnut
173,AIC,chili pepper
173,AIC,tomato
173,AIC,sage
173,AIC,olive oil
173,AIC,guanciale (baffo)
174,AIC,egg
174,AIC,cold butter
174,AIC,red wine
174,AIC,spanish red anchovy
174,AIC,walnut oil
174,AIC,olive oil
174,AIC,garlic
175,AIC,water
175,AIC,chili pepper
175,AIC,olive oil
175,AIC,basil
175,AIC,celery
175,AIC,carrot
175,AIC,onion
175,AIC,chili pepper
175,AIC,sweet pepper
175,AIC,tomato
176,AIC,salt
176,AIC,chili pepper
176,AIC,olive oil
176,AIC,red wine vinegar
176,AIC,breadcrumb
176,AIC,garlic
176,AIC,salted anchovy
176,AIC,parsley
177,AIC,water
177,AIC,black pepper
177,AIC,salt
177,AIC,olive oil
177,AIC,leek
177,AIC,garlic
177,AIC,onion
177,AIC,egg
177,AIC,brussu
177,AIC,pecorino cheese
177,AIC,bean
177,AIC,chard
177,AIC,pumpkin
177,AIC,salt
177,AIC,olive oil
177,AIC,egg
177,AIC,wheat flour
178,AIC,dark chocolate
178,AIC,sugar
178,AIC,lemon
178,AIC,pear jam
178,AIC,ground cinnamon
178,AIC,salt
178,AIC,egg
178,AIC,sugar
178,AIC,almond
178,AIC,salt
178,AIC,egg yolk
178,AIC,sugar
178,AIC,butter
178,AIC,wheat flour
179,AIC,salt
179,AIC,milk
179,AIC,wheat flour
179,AIC,sultana raisin
179,AIC,orange
179,AIC,lemon
179,AIC,maraschino liqueur
179,AIC,candied citron and orange
179,AIC,baking powder
179,AIC,butter
179,AIC,sugar
179,AIC,egg
180,AIC,salt
180,AIC,bay leaf
180,AIC,lemon
180,AIC,olive oil
180,AIC,lamb's small intestine
180,AIC,lamb's pluck (coratella)
180,AIC,lamb's spleen
180,AIC,lamb's liver
180,AIC,lamb's lung
181,AIC,sugar
181,AIC,salt
181,AIC,olive oil
181,AIC,vin santo
181,AIC,wheat flour
181,AIC,orange zest
181,AIC,vanillin
181,AIC,baking powder
181,AIC,anise liqueur
181,AIC,sugar
181,AIC,egg yolk
181,AIC,egg
182,AIC,salt
182,AIC,olive oil
182,AIC,fennel seed
182,AIC,milk
182,AIC,brewer's yeast
182,AIC,wheat flour
182,AIC,polenta flour
183,AIC,pork broth
183,AIC,butter
183,AIC,parmigiano cheese
183,AIC,breadcrumb
183,AIC,tagliolini
184,AIC,salt
184,AIC,lemon juice
184,AIC,salted lard
184,AIC,aged woodcock
185,AIC,nutmeg
185,AIC,clof
185,AIC,ground cinnamon
185,AIC,milk
185,AIC,butter
185,AIC,sugar
185,AIC,wheat flour
186,AIC,lemon zest
186,AIC,starch
186,AIC,sugar
186,AIC,milk
187,AIC,lemon zest
187,AIC,wheat starch
187,AIC,sugar
187,AIC,milk
188,AIC,water
188,AIC,black pepper
188,AIC,salt
188,AIC,breadcrumb
188,AIC,olive oil
188,AIC,salt
188,AIC,egg
188,AIC,juniper berry
188,AIC,black pepper
188,AIC,clove
188,AIC,bay leaf
188,AIC,sage
188,AIC,celery
188,AIC,carrot
188,AIC,onion
188,AIC,red wine
188,AIC,red wine vinegar
188,AIC,pig's trotter
189,AIC,oregano
189,AIC,black pepper
189,AIC,salt
189,AIC,toasted bread slice
189,AIC,white wine
189,AIC,parsley
189,AIC,onion
189,AIC,garlic
189,AIC,olive oil
189,AIC,tomato
189,AIC,anchovy
190,AIC,sugar
190,AIC,anise liqueur
190,AIC,anise seed
190,AIC,butter
190,AIC,wheat flour
191,AIC,black pepper
191,AIC,salt
191,AIC,parmigiano cheese
191,AIC,white wine
191,AIC,olive oil
191,AIC,salted àola
191,AIC,bigoli al torchio
192,AIC,olive oil
192,AIC,salt
192,AIC,lemon zest
192,AIC,vanilla sugar
192,AIC,sugar
192,AIC,butter
192,AIC,egg yolk
192,AIC,egg
192,AIC,wheat flour
193,AIC,black pepper
193,AIC,salt
193,AIC,parsley
193,AIC,sage
193,AIC,bay leaf
193,AIC,garlic
193,AIC,celery
193,AIC,carrot
193,AIC,onion
193,AIC,olive oil
193,AIC,lardo
193,AIC,butter
193,AIC,young duck
193,AIC,bigoli pasta
194,AIC,salt
194,AIC,olive oil
194,AIC,parmigiano cheese
194,AIC,parsley
194,AIC,garlic
194,AIC,onion
194,AIC,butter
194,AIC,fresh porcini mushroom
194,AIC,goose breast
194,AIC,bigoli
195,AIC,black pepper
195,AIC,salt
195,AIC,olive oil
195,AIC,onion
195,AIC,salted sardine
195,AIC,bigoli al torchio
196,AIC,warm water
196,AIC,fennel seed
196,AIC,sugar
196,AIC,butter
196,AIC,wheat flour
197,AIC,salt
197,AIC,grappa
197,AIC,sultana raisin
197,AIC,dried fig
197,AIC,walnut
197,AIC,egg
197,AIC,butter
197,AIC,sugar
197,AIC,milk
197,AIC,chestnut honey
197,AIC,yeast
197,AIC,buckwheat flour
197,AIC,wheat flour
198,AIC,salt
198,AIC,baking powder
198,AIC,lemon
198,AIC,milk
198,AIC,butter
198,AIC,egg yolk
198,AIC,egg
198,AIC,sugar
198,AIC,potato starch
198,AIC,wheat flour
199,AIC,almond
199,AIC,milk
199,AIC,lemon zest
199,AIC,baking powder
199,AIC,olive oil
199,AIC,egg yolk
199,AIC,egg
199,AIC,sugar
199,AIC,wheat flour
200,AIC,salt
200,AIC,sweet vin santo
200,AIC,baking powder
200,AIC,butter
200,AIC,egg yolk
200,AIC,egg
200,AIC,almond
200,AIC,sugar
200,AIC,wheat flour
201,AIC,sugar
201,AIC,milk
201,AIC,egg yolk
201,AIC,baking powder
201,AIC,lemon zest
201,AIC,vanillin
201,AIC,liqueur
201,AIC,butter
201,AIC,egg
201,AIC,sugar
201,AIC,potato starch
201,AIC,wheat flour
202,AIC,salt
202,AIC,milk
202,AIC,egg white
202,AIC,brewer's yeast
202,AIC,sugar
202,AIC,butter
202,AIC,wheat flour
203,AIC,powdered sugar
203,AIC,ground cinnamon
203,AIC,rum
203,AIC,sassolino liqueur
203,AIC,alcherme
203,AIC,orange zest
203,AIC,lemon zest
203,AIC,walnut
203,AIC,sugar
203,AIC,ground almond
203,AIC,wheat flour
203,AIC,margarine
203,AIC,butter
203,AIC,sugar
203,AIC,egg
204,AIC,black pepper
204,AIC,salt
204,AIC,veal loin steak
205,AIC,vanilla
205,AIC,gelatin sheet
205,AIC,sugar
205,AIC,cream
206,AIC,black pepper
206,AIC,salt
206,AIC,olive oil
206,AIC,vinegar
206,AIC,lemon juice
206,AIC,salted anchovy
206,AIC,mustard powder
206,AIC,rosemary
206,AIC,lesser calamint leaf
206,AIC,onion
206,AIC,garlic
206,AIC,fresh marjoram
206,AIC,basil
206,AIC,veal chop
207,AIC,black pepper
207,AIC,meat broth
207,AIC,wheat flour
207,AIC,sage
207,AIC,marjoram
207,AIC,thyme
207,AIC,rosemary
207,AIC,garlic
207,AIC,onion
207,AIC,carrot
207,AIC,white wine
207,AIC,olive oil
207,AIC,lard
207,AIC,tomato sauce or paste
207,AIC,rooster
207,AIC,salt
207,AIC,olive oil
207,AIC,egg yolk
207,AIC,egg
207,AIC,wheat flour
208,AIC,smoked ricotta
208,AIC,sage
208,AIC,salt
208,AIC,latteria
208,AIC,butter
208,AIC,egg
208,AIC,corn flour
208,AIC,wheat flour
208,AIC,buckwheat flour
209,AIC,salt
209,AIC,olive oil
209,AIC,breadcrumb
209,AIC,wheat flour
209,AIC,l'aquila saffron
209,AIC,mozzarella
210,AIC,salt
210,AIC,olive oil
210,AIC,stone-ground polenta
210,AIC,salt
210,AIC,black pepper
210,AIC,lardo
210,AIC,olive oil
210,AIC,broth
210,AIC,barbera d’asti wine
210,AIC,clove
210,AIC,juniper berry
210,AIC,herbs
210,AIC,celery
210,AIC,leek
210,AIC,carrot
210,AIC,onion
210,AIC,wild boar pulp
211,AIC,butter
211,AIC,truffle
211,AIC,parmigiano cheese
211,AIC,béchamel sauce
211,AIC,mortadella
211,AIC,prosciutto cotto
211,AIC,chicken breast
211,AIC,vol-au-vent
212,AIC,black pepper
212,AIC,salt
212,AIC,parsley
212,AIC,wheat flour
212,AIC,olive oil
212,AIC,garlic
212,AIC,egg
212,AIC,pecorino cheese
212,AIC,breadcrumb
212,AIC,anchovy
213,AIC,powdered sugar
213,AIC,olive oil
213,AIC,butter
213,AIC,egg white
213,AIC,water
213,AIC,egg yolk
213,AIC,ground cinnamon
213,AIC,almond
213,AIC,chocolate
213,AIC,sugar
213,AIC,wheat flour
213,AIC,lemon zest
213,AIC,liqueur
213,AIC,olive oil
213,AIC,sugar
213,AIC,egg yolk
214,AIC,sugar
214,AIC,butter
214,AIC,candied fruit
214,AIC,ricotta
214,AIC,pastry cream
214,AIC,jam
214,AIC,sugar
214,AIC,butter
214,AIC,egg yolk
214,AIC,wheat flour
215,AIC,grated parmigiano cheese
215,AIC,rosemary
215,AIC,garlic
215,AIC,minced lard
215,AIC,water
215,AIC,salt
215,AIC,pork rind
215,AIC,egg
215,AIC,wheat flour
216,AIC,vegetable broth
216,AIC,bay leaf
216,AIC,rosemary sprig
216,AIC,sage
216,AIC,garlic
216,AIC,salt
216,AIC,beef eye of round
217,AIC,salt
217,AIC,wine
217,AIC,lemon
217,AIC,garlic
217,AIC,parsley
217,AIC,onion
217,AIC,butter
217,AIC,olive oil
217,AIC,large snail
218,AIC,black pepper
218,AIC,salt
218,AIC,olive oil
218,AIC,nutmeg
218,AIC,sage
218,AIC,red wine
218,AIC,breadcrumb
218,AIC,grated parmigiano cheese
218,AIC,tomato paste
218,AIC,onion
218,AIC,carrot
218,AIC,celery
218,AIC,egg
218,AIC,butter
218,AIC,young pigeon
218,AIC,arborio rice
219,AIC,sugar
219,AIC,egg
219,AIC,marsala
219,AIC,rum
219,AIC,coffee
219,AIC,sugar
219,AIC,cocoa powder
219,AIC,amaretti
219,AIC,milk
220,AIC,untreated orange
220,AIC,liqueur
220,AIC,unsweetened cocoa powder
220,AIC,egg
220,AIC,sugar
220,AIC,milk
220,AIC,dried fig
220,AIC,sultana raisin
220,AIC,hazelnut and walnut
220,AIC,rice
220,AIC,stale bread
221,AIC,salt
221,AIC,vanilla
221,AIC,milk
221,AIC,lemon zest
221,AIC,brewer's yeast
221,AIC,egg
221,AIC,butter
221,AIC,sugar
221,AIC,potato starch
221,AIC,wheat flour
222,AIC,olive oil
222,AIC,salt
222,AIC,wheat flour
222,AIC,egg
222,AIC,borage leaf
223,AIC,olive oil
223,AIC,sardinian spiny artichoke top
223,AIC,mullet bottarga
224,AIC,black pepper
224,AIC,salt
224,AIC,chianti wine
224,AIC,fennel seed
224,AIC,garlic
224,AIC,pork chop
225,AIC,bread
225,AIC,black pepper
225,AIC,salt
225,AIC,parsley
225,AIC,olive oil
225,AIC,butter
225,AIC,pecorino cheese
225,AIC,breadcrumb
225,AIC,meat slice
226,AIC,red wine
226,AIC,tomato paste
226,AIC,onion
226,AIC,olive oil
226,AIC,lard
226,AIC,black pepper
226,AIC,salt
226,AIC,parsley
226,AIC,spicy provolone
226,AIC,pine nut and raisin
226,AIC,garlic
226,AIC,lardo
226,AIC,prosciutto crudo
226,AIC,beef slice
227,AIC,salt
227,AIC,olive oil
227,AIC,parsley
227,AIC,garlic
227,AIC,oregano
227,AIC,wheat flour
227,AIC,white wine
227,AIC,pecorino cheese
227,AIC,breadcrumb
227,AIC,anchovy
228,AIC,black pepper
228,AIC,salt
228,AIC,tomato passata
228,AIC,red wine
228,AIC,olive oil
228,AIC,onion
228,AIC,parsley
228,AIC,garlic
228,AIC,grated pecorino cheese
228,AIC,caper
228,AIC,horse meat slice
229,AIC,black pepper
229,AIC,salt
229,AIC,olive oil
229,AIC,parsley
229,AIC,onion
229,AIC,caper
229,AIC,caciocavallo
229,AIC,breadcrumb
229,AIC,swordfish
230,AIC,dry liqueur
230,AIC,salt
230,AIC,yeast
230,AIC,egg
230,AIC,sugar
230,AIC,butter
230,AIC,wheat flour
231,AIC,salt
231,AIC,olive oil
231,AIC,butter
231,AIC,cinnamon stick
231,AIC,black pepper
231,AIC,bay leaf
231,AIC,garlic
231,AIC,clove
231,AIC,rosemary
231,AIC,onion
231,AIC,celery
231,AIC,carrot
231,AIC,barolo wine
231,AIC,beef
232,AIC,salt
232,AIC,chili pepper
232,AIC,olive oil
232,AIC,garlic
232,AIC,broccoli rabe
233,AIC,salt
233,AIC,wheat flour
233,AIC,butter
233,AIC,salame napoletano
233,AIC,prosciutto cotto
233,AIC,provolone
233,AIC,scamorza
233,AIC,butter
233,AIC,grated parmigiano cheese
233,AIC,sugar
233,AIC,brewer's yeast
233,AIC,milk
233,AIC,egg
233,AIC,wheat flour
234,AIC,salt
234,AIC,celery
234,AIC,onion
234,AIC,bay leaf
234,AIC,carrot
234,AIC,batuda (soured whole milk)
234,AIC,white pumpkin
234,AIC,shelled bean
234,AIC,potato
235,AIC,salt
235,AIC,olive oil
235,AIC,chili pepper
235,AIC,polenta flour
235,AIC,garlic
235,AIC,broccoletti (branching broccoli)
236,AIC,salt
236,AIC,bread
236,AIC,egg
236,AIC,chili pepper
236,AIC,olive oil
236,AIC,garlic
236,AIC,broccoli rabe
237,AIC,black pepper
237,AIC,salt
237,AIC,garlic
237,AIC,olive oil
237,AIC,white wine
237,AIC,cauliflower
238,AIC,salt
238,AIC,lemon
238,AIC,olive oil
238,AIC,broccoli
239,AIC,salt
239,AIC,chili pepper
239,AIC,white wine
239,AIC,garlic
239,AIC,olive oil
239,AIC,black broccoli
240,AIC,salt
240,AIC,chili pepper
240,AIC,olive oil
240,AIC,balsamic vinegar
240,AIC,red wine
240,AIC,garlic
240,AIC,romanesco broccoli
241,AIC,salt
241,AIC,garlic
241,AIC,vinegar
241,AIC,olive oil
241,AIC,broccoli
242,AIC,black pepper
242,AIC,salt
242,AIC,garlic
242,AIC,onion
242,AIC,tomato paste
242,AIC,water
242,AIC,wine vinegar
242,AIC,olive oil
242,AIC,mixed fish soup
243,AIC,salt
243,AIC,olive oil
243,AIC,fish broth
243,AIC,tomato passata
243,AIC,parsley
243,AIC,garlic
243,AIC,chili pepper
243,AIC,bell pepper
243,AIC,mantis shrimp
243,AIC,cuttlefish
243,AIC,mixed fish
244,AIC,salt
244,AIC,olive oil
244,AIC,basil
244,AIC,parsley
244,AIC,garlic
244,AIC,chili pepper
244,AIC,bell pepper
244,AIC,cherry tomato
244,AIC,clam
244,AIC,mussel
244,AIC,mixed fish
245,AIC,black pepper
245,AIC,salt
245,AIC,wheat flour
245,AIC,water
245,AIC,seed oil
245,AIC,white onion
245,AIC,razor clam
246,AIC,frying oil
246,AIC,black pepper
246,AIC,salt
246,AIC,parsley
246,AIC,bay leaf
246,AIC,white wine
246,AIC,tomato paste
246,AIC,garlic
246,AIC,onion
246,AIC,olive oil
246,AIC,wheat flour
246,AIC,mixed seafood
246,AIC,fish
247,AIC,black pepper
247,AIC,salt
247,AIC,parsley
247,AIC,garlic
247,AIC,peeled tomato
247,AIC,olive oil
247,AIC,mantis shrimp
248,AIC,hot water
248,AIC,black pepper
248,AIC,wheat flour
248,AIC,seed oil
248,AIC,garlic
248,AIC,clam
249,AIC,salt
249,AIC,chili pepper
249,AIC,bell pepper
249,AIC,basil
249,AIC,parsley
249,AIC,tomato
249,AIC,garlic
249,AIC,olive oil
249,AIC,mussel
249,AIC,lupini clam
249,AIC,mixed fish soup
250,AIC,hot water
250,AIC,salt
250,AIC,black pepper
250,AIC,white wine vinegar
250,AIC,seed oil
250,AIC,garlic
250,AIC,turbot
251,AIC,salt
251,AIC,olive oil
251,AIC,chili pepper
251,AIC,parsley
251,AIC,garlic
251,AIC,bell pepper
251,AIC,tomato
251,AIC,crab
251,AIC,mantis shrimp
251,AIC,cuttlefish
251,AIC,gurnard
251,AIC,skate wing
251,AIC,red mullet
251,AIC,scampi
251,AIC,dogfish steak
251,AIC,monkfish tail
251,AIC,john dory
252,AIC,water
252,AIC,salt
252,AIC,parsley
252,AIC,tomato pulp
252,AIC,white wine
252,AIC,vinegar
252,AIC,olive oil
252,AIC,lemon zest
252,AIC,garlic
252,AIC,mixed fish
253,AIC,stale bread
253,AIC,salt
253,AIC,chili pepper
253,AIC,tomato paste
253,AIC,garlic
253,AIC,parsley
253,AIC,onion
253,AIC,vinegar
253,AIC,olive oil
253,AIC,mixed fish
254,AIC,black pepper
254,AIC,salt
254,AIC,tomato paste
254,AIC,white wine vinegar
254,AIC,seed oil
254,AIC,garlic
254,AIC,anchovy
255,AIC,water
255,AIC,black pepper
255,AIC,salt
255,AIC,parsley
255,AIC,stock cube
255,AIC,white wine
255,AIC,olive oil
255,AIC,porcini mushroom
255,AIC,onion
255,AIC,butter
255,AIC,wheat flour
256,AIC,water
256,AIC,black pepper
256,AIC,salt
256,AIC,marjoram
256,AIC,cumin
256,AIC,bread
256,AIC,parmigiano cheese
256,AIC,egg
256,AIC,wheat flour
256,AIC,butter
257,AIC,salt
257,AIC,grated parmigiano cheese
257,AIC,butter
257,AIC,chicken liver
257,AIC,broth
257,AIC,rice
258,AIC,pistadein
258,AIC,dried saluggia bean
259,AIC,salt
259,AIC,chili pepper
259,AIC,olive oil
259,AIC,sweet green pepper
259,AIC,parsley
259,AIC,garlic
259,AIC,peeled tomato
259,AIC,wild chicory
259,AIC,mussel
259,AIC,mixed fish
260,AIC,black pepper
260,AIC,salt
260,AIC,olive oil
260,AIC,celery
260,AIC,carrot
260,AIC,frog
261,AIC,meat broth
261,AIC,guanciale
261,AIC,lardo
261,AIC,egg
261,AIC,wheat flour
262,AIC,water
262,AIC,toasted bread
262,AIC,black pepper
262,AIC,salt
262,AIC,olive oil
262,AIC,tomato
262,AIC,sage
262,AIC,garlic
262,AIC,tench
263,AIC,ground cinnamon
263,AIC,vanilla
263,AIC,butter
263,AIC,sugar
263,AIC,egg white
263,AIC,almond
264,AIC,sugar
264,AIC,olive oil
264,AIC,baking powder
264,AIC,rum
264,AIC,butter
264,AIC,egg
264,AIC,wheat flour
265,AIC,red wine
265,AIC,garlic
265,AIC,fennel seed
265,AIC,butter
265,AIC,beef chuck
266,AIC,salt
266,AIC,milk
266,AIC,rice
266,AIC,bean
267,AIC,salt
267,AIC,olive oil
267,AIC,garlic
267,AIC,bread
268,AIC,salt
268,AIC,olive oil
268,AIC,garlic
268,AIC,tomato
268,AIC,bread
269,AIC,black pepper
269,AIC,salt
269,AIC,olive oil
269,AIC,garlic
269,AIC,tomato
269,AIC,bucatini
270,AIC,salt
270,AIC,pecorino romano
270,AIC,chili pepper
270,AIC,tomato
270,AIC,olive oil
270,AIC,guanciale
270,AIC,bucatini (or spaghetti)
271,AIC,salt
271,AIC,anise seed
271,AIC,sultana raisin
271,AIC,milk
271,AIC,egg
271,AIC,brewer's yeast
271,AIC,butter
271,AIC,sugar
271,AIC,wheat flour
272,AIC,powdered sugar
272,AIC,apricot jam
272,AIC,lemon zest
272,AIC,milk
272,AIC,egg
272,AIC,brewer's yeast
272,AIC,butter
272,AIC,wheat flour
273,AIC,water
273,AIC,black pepper
273,AIC,salt
273,AIC,garlic
273,AIC,parsley
273,AIC,olive oil
273,AIC,pancetta
273,AIC,provola
273,AIC,pecorino cheese
273,AIC,kid goat caul fat
273,AIC,kid goat intestine
273,AIC,kid goat liver and lung
274,AIC,black pepper
274,AIC,salt
274,AIC,olive oil
274,AIC,milk
274,AIC,stale bread roll
274,AIC,butter
274,AIC,parsley
274,AIC,onion
274,AIC,egg
274,AIC,veal brain
275,AIC,powdered sugar
275,AIC,frying oil
275,AIC,lemon zest
275,AIC,rum
275,AIC,baking powder
275,AIC,egg yolk
275,AIC,butter
275,AIC,sugar
275,AIC,wheat flour
276,AIC,salt
276,AIC,parsley
276,AIC,scallion
276,AIC,lamb or kid intestine
277,AIC,salt
277,AIC,nutmeg
277,AIC,breadcrumb
277,AIC,butter
277,AIC,béchamel sauce
277,AIC,parmigiano cheese
277,AIC,egg
277,AIC,green bean
278,AIC,black pepper
278,AIC,salt
278,AIC,parsley
278,AIC,abbuoti
279,AIC,salt
279,AIC,bay leaf
279,AIC,olive oil
279,AIC,white or rosé wine vinegar
279,AIC,walnut
279,AIC,garlic
279,AIC,white onion
279,AIC,gattuccio (small shark)
280,AIC,salt
280,AIC,homemade bread slice
280,AIC,rosemary
280,AIC,chili pepper
280,AIC,olive oil
280,AIC,broth
280,AIC,peeled tomato
280,AIC,white wine
280,AIC,garlic
280,AIC,onion
280,AIC,lamb shoulder
281,AIC,olive oil
281,AIC,dried mushroom
281,AIC,salted anchovy
281,AIC,tomato
281,AIC,carrot
281,AIC,garlic
281,AIC,parsley
281,AIC,celery
281,AIC,onion
281,AIC,fish
282,AIC,salt
282,AIC,olive oil
282,AIC,white wine vinegar
282,AIC,bay leaf
282,AIC,parsley
282,AIC,garlic
282,AIC,raisin
282,AIC,peeled tomato
282,AIC,skate
283,AIC,grated parmigiano cheese
283,AIC,toasted bread slice
283,AIC,black pepper
283,AIC,broth
283,AIC,celery
283,AIC,lardo
283,AIC,garlic
283,AIC,parsley
283,AIC,onion
283,AIC,white tripe
284,AIC,olive oil or lard
284,AIC,salt
284,AIC,hot water
284,AIC,milk
284,AIC,brewer's yeast
284,AIC,lard
284,AIC,wheat flour
285,AIC,passito wine
285,AIC,white wine
285,AIC,heavy cream
285,AIC,dried chestnut
286,AIC,garlic
286,AIC,rosemary
286,AIC,water
286,AIC,salt
286,AIC,sugar
286,AIC,olive oil
286,AIC,brewer's yeast
286,AIC,wheat flour
287,AIC,salt
287,AIC,stale bread
287,AIC,sage
287,AIC,celery
287,AIC,onion
287,AIC,chili pepper
287,AIC,garlic
287,AIC,red wine
287,AIC,olive oil
287,AIC,tomato paste
287,AIC,tomato
287,AIC,fish soup
287,AIC,smooth-hound and/or moray eel
287,AIC,mantis shrimp
287,AIC,cuttlefish and squid
287,AIC,octopus
288,AIC,salt
288,AIC,bay leaf
288,AIC,stale bread
288,AIC,onion
288,AIC,carrot
288,AIC,celery
288,AIC,olive oil
288,AIC,chili pepper
288,AIC,tomato
288,AIC,white wine
288,AIC,garlic
288,AIC,parsley
288,AIC,clam and mussel
288,AIC,mixed small fish
288,AIC,mantis shrimp
288,AIC,baby octopus
288,AIC,cuttlefish
288,AIC,dogfish and monkfish
289,AIC,black pepper
289,AIC,olive oil
289,AIC,oregano
289,AIC,garlic
289,AIC,white wine vinegar
289,AIC,caciocavallo
290,AIC,frying oil
290,AIC,salt
290,AIC,olive oil
290,AIC,wheat flour
290,AIC,navelli saffron
290,AIC,caciotta
291,AIC,cheese
291,AIC,butter
291,AIC,olive oil
291,AIC,black pepper
291,AIC,salt
291,AIC,nutmeg
291,AIC,cooked sausage
291,AIC,garlic
291,AIC,parmigiano cheese or toma
291,AIC,wheat flour
291,AIC,onion
291,AIC,potato
292,AIC,salt
292,AIC,parsley
292,AIC,garlic
292,AIC,lemon
292,AIC,olive oil
292,AIC,squid
293,AIC,water
293,AIC,black pepper
293,AIC,salt
293,AIC,olive oil
293,AIC,garlic
293,AIC,parsley
293,AIC,breadcrumb
293,AIC,squid
294,AIC,olive oil
294,AIC,salt
294,AIC,white wine
294,AIC,breadcrumb
294,AIC,parsley
294,AIC,garlic
294,AIC,squid
295,AIC,water
295,AIC,black pepper
295,AIC,salt
295,AIC,rosemary sprig
295,AIC,garlic
295,AIC,olive oil
295,AIC,squid
295,AIC,taggiasca olive
295,AIC,artichoke
296,AIC,salt
296,AIC,milk
296,AIC,vegetable broth
296,AIC,aged vernaccia di cabra
296,AIC,olive oil
296,AIC,sage
296,AIC,nutmeg
296,AIC,parsley
296,AIC,onion
296,AIC,chili pepper
296,AIC,breadcrumb
296,AIC,egg
296,AIC,squid
297,AIC,water
297,AIC,olive oil
297,AIC,salt
297,AIC,parsley
297,AIC,breadcrumb
297,AIC,parmigiano cheese
297,AIC,egg
297,AIC,garlic
297,AIC,onion
297,AIC,tomato
297,AIC,squid
298,AIC,water
298,AIC,black pepper
298,AIC,salt
298,AIC,"spices (nutmeg, cloves)"
298,AIC,olive oil or lard
298,AIC,potato
298,AIC,tomato paste
298,AIC,carrot
298,AIC,onion
298,AIC,castrato lamb or mutton
299,AIC,salt
299,AIC,olive oil
299,AIC,chili pepper
299,AIC,breadcrumb
299,AIC,egg
299,AIC,wheat flour
299,AIC,garlic
299,AIC,wild chicory
299,AIC,caciocavallo
300,AIC,hot water
300,AIC,chili pepper
300,AIC,bread slice
300,AIC,salt
300,AIC,garlic
300,AIC,tomato paste
300,AIC,garlic
300,AIC,parsley
300,AIC,onion
300,AIC,white wine
300,AIC,olive oil
300,AIC,limpet
300,AIC,cuttlefish
300,AIC,octopus
300,AIC,moray eel
300,AIC,conger eel
300,AIC,king prawn
300,AIC,tub gurnard
300,AIC,weever fish
300,AIC,john dory
300,AIC,scorpionfish
301,AIC,sugar
301,AIC,chocolate
301,AIC,chestnut
301,AIC,ground cinnamon
301,AIC,walnut
301,AIC,almond
301,AIC,mosto cotto
301,AIC,wheat flour
301,AIC,white wine
301,AIC,olive oil
302,AIC,black pepper
302,AIC,salt
302,AIC,butter
302,AIC,onion
302,AIC,tomato
302,AIC,lard
302,AIC,dried borlotti bean
302,AIC,yellow polenta
303,AIC,olive oil
303,AIC,vanillin
303,AIC,white wine
303,AIC,ground cinnamon
303,AIC,lard
303,AIC,egg
303,AIC,sugar
303,AIC,wheat flour
303,AIC,strega liqueur
303,AIC,mandarin zest
303,AIC,lemon zest
303,AIC,unsweetened cocoa powder
303,AIC,dark chocolate
303,AIC,sugar
303,AIC,chestnut
303,AIC,chickpea
304,AIC,salt
304,AIC,olive oil
304,AIC,scamorza
304,AIC,grated grana padano
304,AIC,ricotta
304,AIC,ground pork and veal pulp
304,AIC,baking powder
304,AIC,sugar
304,AIC,butter
304,AIC,egg
304,AIC,wheat flour
305,AIC,black pepper
305,AIC,salt
305,AIC,tomato
305,AIC,salted anchovy
305,AIC,caper
305,AIC,grated pecorino cheese
305,AIC,black olive
305,AIC,onion
305,AIC,olive oil
305,AIC,brewer's yeast
305,AIC,wheat flour
306,AIC,salt
306,AIC,olive oil
306,AIC,chili pepper
306,AIC,black olive
306,AIC,chard
306,AIC,bread dough
307,AIC,mosto cotto
307,AIC,ground cinnamon
307,AIC,allspice
307,AIC,lemon zest
307,AIC,dark chocolate
307,AIC,sugar
307,AIC,sweetened white dried fig
307,AIC,olive oil
307,AIC,sugar
307,AIC,wheat flour
308,AIC,salt and pepper
308,AIC,tomato sauce
308,AIC,lard
308,AIC,grated parmigiano cheese
308,AIC,ricotta
308,AIC,provola or mozzarella
308,AIC,salame napoletano
308,AIC,ciccioli
308,AIC,water
308,AIC,sugar
308,AIC,salt
308,AIC,brewer's yeast
308,AIC,wheat flour
309,AIC,frying oil
309,AIC,black pepper
309,AIC,salt
309,AIC,olive oil
309,AIC,garlic
309,AIC,raisin
309,AIC,pine nut
309,AIC,salted caper
309,AIC,gaeta black olive
309,AIC,anchovy fillet in oil
309,AIC,smoked provola
309,AIC,curly endive
309,AIC,sugar
309,AIC,salt
309,AIC,brewer's yeast
309,AIC,wheat flour
310,AIC,salt
310,AIC,warm water
310,AIC,garlic
310,AIC,salted anchovy
310,AIC,caper
310,AIC,gaeta black olive
310,AIC,curly escarole
310,AIC,olive oil
310,AIC,yeast
310,AIC,wheat flour
311,AIC,salt
311,AIC,chive
311,AIC,butter
311,AIC,milk
311,AIC,cream
311,AIC,egg
311,AIC,onion
311,AIC,parmigiano cheese
311,AIC,montasio
311,AIC,stale bread
312,AIC,sugar sprinkle
312,AIC,royal icing
312,AIC,gold leaf
312,AIC,water
312,AIC,lemon
312,AIC,orange blossom water
312,AIC,vanillin
312,AIC,sugar
312,AIC,bitter almond
312,AIC,almond
313,AIC,powdered sugar
313,AIC,egg
313,AIC,sugar
313,AIC,butter
313,AIC,wheat flour
314,AIC,lemon zest
314,AIC,cognac
314,AIC,marsala wine
314,AIC,toasted hazelnut
314,AIC,vanillin sachet
314,AIC,egg
314,AIC,butter
314,AIC,cocoa powder
314,AIC,wheat flour
315,AIC,black pepper
315,AIC,salt
315,AIC,meat broth
315,AIC,nutmeg
315,AIC,parsley
315,AIC,onion
315,AIC,butter
315,AIC,grated parmigiano cheese
315,AIC,milk
315,AIC,egg
315,AIC,fresh trentina lucanica sausage
315,AIC,wheat flour
315,AIC,stale bread
316,AIC,powdered sugar
316,AIC,lemon zest
316,AIC,lard
316,AIC,colored sprinkle
316,AIC,sugar
316,AIC,egg
316,AIC,vanillin
316,AIC,baking powder
316,AIC,wheat flour
317,AIC,black pepper
317,AIC,salt
317,AIC,grated pecorino cheese
317,AIC,olive oil
317,AIC,saffron
317,AIC,guanciale
317,AIC,sheep's milk ricotta
317,AIC,cannarozzetti pasta
318,AIC,salt
318,AIC,sweet pecorino cheese
318,AIC,olive oil
318,AIC,onion
318,AIC,guanciale
318,AIC,ricotta
318,AIC,olaci
318,AIC,cannarozzetti pasta
319,AIC,salt
319,AIC,basil
319,AIC,olive oil
319,AIC,white wine
319,AIC,onion
319,AIC,tomato preserve
319,AIC,lean beef or pork pulp
319,AIC,parmigiano cheese
319,AIC,fiordilatte
319,AIC,ricotta
319,AIC,fresh pasta square
320,AIC,powdered sugar
320,AIC,candied orange
320,AIC,dark chocolate
320,AIC,sugar
320,AIC,dry ricotta
320,AIC,egg white
320,AIC,lard
320,AIC,olive oil
320,AIC,white wine
320,AIC,salt
320,AIC,unsweetened cocoa powder
320,AIC,sugar
320,AIC,vinegar or marsala wine
320,AIC,lard
320,AIC,wheat flour
321,AIC,black pepper
321,AIC,salt
321,AIC,parsley
321,AIC,garlic
321,AIC,olive oil
321,AIC,mantis shrimp
322,AIC,salt
322,AIC,toasted almond
322,AIC,lemon
322,AIC,honey
322,AIC,olive oil
322,AIC,white wine vinegar
322,AIC,tomato passata
322,AIC,caper
322,AIC,pitted green olive
322,AIC,celery
322,AIC,onion
322,AIC,artichoke
323,AIC,salt
323,AIC,fresh mint
323,AIC,olive oil
323,AIC,vinegar
323,AIC,sugar
323,AIC,peeled tomato
323,AIC,onion
323,AIC,caper
323,AIC,pitted green olive
323,AIC,celery
323,AIC,bell pepper
323,AIC,eggplant
324,AIC,black pepper
324,AIC,salt
324,AIC,lemon juice
324,AIC,white wine
324,AIC,white wine vinegar
324,AIC,olive oil
324,AIC,salted anchovy
324,AIC,black gaeta olive
324,AIC,caper
324,AIC,lettuce
324,AIC,curly endive
324,AIC,papaccella pepper
324,AIC,mixed pickle
324,AIC,cauliflower
324,AIC,fresella
324,AIC,mackerel
325,AIC,salt
325,AIC,white wine vinegar
325,AIC,olive oil
325,AIC,oregano
325,AIC,garlic
325,AIC,celery
325,AIC,black and green olive
325,AIC,tortarello
325,AIC,bell pepper
325,AIC,tomato
325,AIC,hard-boiled egg
325,AIC,salted anchovy
325,AIC,tarallo
326,AIC,salt
326,AIC,toasted almond
326,AIC,sugar
326,AIC,honey
326,AIC,olive oil
326,AIC,white wine vinegar
326,AIC,tomato passata
326,AIC,caper
326,AIC,pitted green olive
326,AIC,celery
326,AIC,white onion
326,AIC,eggplant
327,AIC,salt
327,AIC,sugar
327,AIC,olive oil
327,AIC,wine vinegar
327,AIC,caper
327,AIC,raisin
327,AIC,almond
327,AIC,green olive
327,AIC,celery
328,AIC,black pepper
328,AIC,salt
328,AIC,bay leaf
328,AIC,garlic
328,AIC,olive oil
328,AIC,white wine vinegar
328,AIC,large female eel
329,AIC,black pepper
329,AIC,salt
329,AIC,nutmeg
329,AIC,butter
329,AIC,beef pulp
329,AIC,pork pulp
329,AIC,lean veal
329,AIC,prosciutto crudo
329,AIC,parmigiano cheese
329,AIC,breadcrumb
329,AIC,wheat flour
329,AIC,egg
330,AIC,olive oil
330,AIC,salt
330,AIC,basil
330,AIC,sugar
330,AIC,celery
330,AIC,vinegar
330,AIC,caper
330,AIC,tomato
330,AIC,bell pepper
330,AIC,eggplant
331,AIC,beef and capon broth
331,AIC,salt
331,AIC,nutmeg
331,AIC,lemon zest
331,AIC,egg yolk
331,AIC,egg
331,AIC,grana padano or parmigiano cheese
331,AIC,ricotta
331,AIC,raviggiolo
331,AIC,egg
331,AIC,wheat flour
332,AIC,beef and capon broth
332,AIC,nutmeg
332,AIC,egg
332,AIC,grana padano
332,AIC,egg
332,AIC,wheat flour
333,AIC,black pepper
333,AIC,salt
333,AIC,beef broth
333,AIC,nutmeg
333,AIC,olive oil
333,AIC,butter
333,AIC,parmigiano cheese
333,AIC,egg
333,AIC,sausage
333,AIC,chicken breast
333,AIC,lean pork pulp
333,AIC,lean veal pulp
333,AIC,egg
333,AIC,wheat flour
334,AIC,parmigiano cheese
334,AIC,salt
334,AIC,onion
334,AIC,carrot
334,AIC,celery
334,AIC,veal tail
334,AIC,beef
334,AIC,hen or capon
334,AIC,broth
334,AIC,nutmeg
334,AIC,egg
334,AIC,butter
334,AIC,parmigiano cheese
334,AIC,chicken breast
334,AIC,prosciutto crudo
334,AIC,pork pulp
334,AIC,olive oil
334,AIC,egg
334,AIC,wheat flour
335,AIC,black pepper
335,AIC,salt
335,AIC,nutmeg
335,AIC,capon broth
335,AIC,butter
335,AIC,egg
335,AIC,lemon zest
335,AIC,sausage
335,AIC,parmigiano cheese
335,AIC,prosciutto
335,AIC,veal brain
335,AIC,chicken breast
335,AIC,veal
335,AIC,roasted pork
335,AIC,egg
335,AIC,wheat flour
336,AIC,salt
336,AIC,olive oil
336,AIC,beef broth
336,AIC,red wine
336,AIC,dried porcini mushroom
336,AIC,herbs
336,AIC,garlic
336,AIC,celery
336,AIC,carrot
336,AIC,prosciutto
336,AIC,cappello del prete (beef shoulder clod)
337,AIC,bread crouton
337,AIC,beef broth
337,AIC,parsley
337,AIC,garlic
337,AIC,olive oil
337,AIC,razor clam
338,AIC,salt
338,AIC,olive oil
338,AIC,vinegar
338,AIC,caper
338,AIC,green olive
338,AIC,salted anchovy
338,AIC,mosciame di tonno
338,AIC,sailor's biscuit
339,AIC,black pepper
339,AIC,salt
339,AIC,pork bladder
339,AIC,herbs
339,AIC,capon
340,AIC,black pepper
340,AIC,salt
340,AIC,orange
340,AIC,apple
340,AIC,prune
340,AIC,chestnut
340,AIC,broth
340,AIC,white wine
340,AIC,lard
340,AIC,olive oil
340,AIC,milk
340,AIC,carrot
340,AIC,celery
340,AIC,onion
340,AIC,nutmeg
340,AIC,parsley
340,AIC,provola
340,AIC,prosciutto cotto
340,AIC,sandwich bread
340,AIC,grated parmigiano cheese
340,AIC,egg
340,AIC,sliced almond
340,AIC,fresh shelled pistachio
340,AIC,mixed ground veal and pork
340,AIC,capon
341,AIC,black pepper
341,AIC,salt
341,AIC,nuragus wine
341,AIC,olive oil
341,AIC,chili pepper
341,AIC,saffron thread
341,AIC,parsley
341,AIC,onion
341,AIC,sun-dried tomato
341,AIC,tomato
341,AIC,potato
341,AIC,scorpionfish
342,AIC,salt
342,AIC,nutmeg
342,AIC,onion
342,AIC,carrot
342,AIC,celery
342,AIC,grated parmigiano cheese
342,AIC,egg
342,AIC,pistachio
342,AIC,prosciutto cotto
342,AIC,prosciutto crudo
342,AIC,turkey breast fillet
342,AIC,pork fillet
342,AIC,lean veal pulp
342,AIC,capon
343,AIC,mostarda di frutta
343,AIC,parmigiano cheese
343,AIC,salt
343,AIC,bay leaf
343,AIC,celery
343,AIC,carrot
343,AIC,clove
343,AIC,onion
343,AIC,black pepper
343,AIC,salt
343,AIC,ground cinnamon
343,AIC,nutmeg
343,AIC,egg
343,AIC,beef marrow
343,AIC,breadcrumb
343,AIC,butter
343,AIC,cream
343,AIC,sausage
343,AIC,walnut
343,AIC,capon
344,AIC,black pepper
344,AIC,salt
344,AIC,parsley
344,AIC,carrot
344,AIC,celery
344,AIC,onion
344,AIC,egg
344,AIC,breadcrumb
344,AIC,grated parmigiano cheese
344,AIC,mortadella
344,AIC,prosciutto cotto
344,AIC,ground pork loin
344,AIC,ground veal
344,AIC,capon
345,AIC,breadcrumb
345,AIC,wheat flour
345,AIC,prosciutto crudo
345,AIC,black pepper
345,AIC,salt
345,AIC,butter
345,AIC,parmigiano cheese
345,AIC,celery
345,AIC,onion
345,AIC,carrot
345,AIC,capon
345,AIC,anolini
346,AIC,tomato paste
346,AIC,lard or strutto
346,AIC,black pepper
346,AIC,salt
346,AIC,olive oil
346,AIC,parsley sprig
346,AIC,garlic
346,AIC,onion
346,AIC,onion
346,AIC,grated aged goat and cow cheese
346,AIC,egg
346,AIC,capon giblet
346,AIC,breadcrumb
346,AIC,capon
347,AIC,black pepper
347,AIC,salt
347,AIC,nutmeg
347,AIC,marsala wine
347,AIC,lemon
347,AIC,anchovy fillet
347,AIC,butter
347,AIC,capon
348,AIC,black pepper
348,AIC,salt
348,AIC,wheat flour
348,AIC,butter
348,AIC,meat broth
348,AIC,red or white wine
348,AIC,tomato
348,AIC,thyme sprig
348,AIC,clove
348,AIC,garlic
348,AIC,juniper berry
348,AIC,rosemary sprig
348,AIC,sage
348,AIC,bay leaf
348,AIC,lardo or pancetta
348,AIC,dried mushroom
348,AIC,celery
348,AIC,carrot
348,AIC,onion
348,AIC,goat meat
349,AIC,salt
349,AIC,hot water
349,AIC,olive oil
349,AIC,white wine
349,AIC,celery
349,AIC,chili pepper
349,AIC,scallion
349,AIC,onion
349,AIC,bell pepper
349,AIC,tomato
349,AIC,goat meat
350,AIC,black pepper
350,AIC,salt
350,AIC,olive oil
350,AIC,rosemary
350,AIC,chili pepper
350,AIC,bay leaf
350,AIC,tomato sauce
350,AIC,white wine
350,AIC,peeled tomato
350,AIC,red wine vinegar
350,AIC,onion
350,AIC,young goat meat
351,AIC,black pepper
351,AIC,salt
351,AIC,white wine
351,AIC,lard
351,AIC,rosemary
351,AIC,garlic
351,AIC,pecorino abruzzese
351,AIC,lamb liver
351,AIC,egg
351,AIC,chili pepper
351,AIC,olive oil
351,AIC,goat leg
352,AIC,red wine
352,AIC,garlic
352,AIC,rosemary
352,AIC,bay leaf
352,AIC,parsley
352,AIC,celery
352,AIC,carrot
352,AIC,onion
352,AIC,dried white bean
352,AIC,young goat meat ('bima')
353,AIC,chili pepper
353,AIC,salt
353,AIC,fresh oregano sprig
353,AIC,vinegar
353,AIC,olive oil
353,AIC,kid goat leg
354,AIC,water
354,AIC,black pepper
354,AIC,salt
354,AIC,potato starch
354,AIC,onion
354,AIC,white wine
354,AIC,olive oil
354,AIC,butter
354,AIC,kid goat
355,AIC,black pepper
355,AIC,salt
355,AIC,white wine vinegar
355,AIC,rosemary
355,AIC,garlic
355,AIC,olive oil
355,AIC,kid goat
356,AIC,black pepper
356,AIC,salt
356,AIC,lemon juice
356,AIC,parsley
356,AIC,olive oil or lard
356,AIC,onion
356,AIC,pecorino cheese or caciocavallo
356,AIC,egg
356,AIC,kid goat
357,AIC,black pepper
357,AIC,salt
357,AIC,juniper berry
357,AIC,sage
357,AIC,rosemary
357,AIC,butter
357,AIC,celery
357,AIC,olive oil
357,AIC,lard
357,AIC,onion
357,AIC,pancetta
357,AIC,clove
357,AIC,garlic
357,AIC,red wine
357,AIC,bay leaf
357,AIC,roe deer leg
358,AIC,black pepper
358,AIC,salt
358,AIC,chili pepper
358,AIC,olive oil
358,AIC,tomato sauce
358,AIC,bay leaf
358,AIC,parsley
358,AIC,garlic
358,AIC,potato
358,AIC,suckling kid goat
359,AIC,black pepper
359,AIC,salt
359,AIC,broth
359,AIC,spices
359,AIC,tomato sauce
359,AIC,parsley
359,AIC,garlic
359,AIC,onion
359,AIC,white wine
359,AIC,lardo
359,AIC,butter
359,AIC,kid goat meat
360,AIC,black pepper
360,AIC,salt
360,AIC,olive oil
360,AIC,bay leaf
360,AIC,pecorino cheese
360,AIC,egg
360,AIC,kid goat
361,AIC,black pepper
361,AIC,salt
361,AIC,lingonberry jam
361,AIC,cream
361,AIC,white lard
361,AIC,wheat flour
361,AIC,onion
361,AIC,sage
361,AIC,bay leaf
361,AIC,juniper berry
361,AIC,rosemary
361,AIC,red wine
361,AIC,roe deer meat
362,AIC,black pepper
362,AIC,salt
362,AIC,garlic
362,AIC,juniper berry
362,AIC,wild fennel leaf
362,AIC,thyme
362,AIC,white wine
362,AIC,olive oil
362,AIC,nutmeg
362,AIC,scallion
362,AIC,artichoke
362,AIC,kid goat
363,AIC,salt
363,AIC,nutmeg
363,AIC,meat broth
363,AIC,egg
363,AIC,grated grana padano
363,AIC,butter
363,AIC,breadcrumb
364,AIC,wheat flour
364,AIC,black pepper
364,AIC,salt
364,AIC,juniper berry
364,AIC,rosemary sprig
364,AIC,bay leaf
364,AIC,celery
364,AIC,carrot
364,AIC,onion
364,AIC,tomato sauce
364,AIC,red wine
364,AIC,broth
364,AIC,olive oil
364,AIC,butter
364,AIC,minced lard
364,AIC,roe deer meat
365,AIC,black pepper
365,AIC,salt
365,AIC,white wine
365,AIC,olive oil
365,AIC,onion
365,AIC,tomato passata
365,AIC,lamb pulp
365,AIC,pecorino cheese
365,AIC,capunti pasta
366,AIC,salt and pepper
366,AIC,olive oil
366,AIC,bread slice
366,AIC,pecorino cheese
366,AIC,white wine
366,AIC,pea
366,AIC,broth
366,AIC,celery
366,AIC,carrot
366,AIC,red onion
367,AIC,salt
367,AIC,wheat flour
367,AIC,meat broth
367,AIC,vinegar
367,AIC,garlic
367,AIC,cinnamon stick
367,AIC,black pepper
367,AIC,clof
367,AIC,juniper berry
367,AIC,bouquet garni
367,AIC,onion
367,AIC,red wine
367,AIC,butter
367,AIC,beef
368,AIC,black pepper
368,AIC,salt
368,AIC,parsley
368,AIC,garlic
368,AIC,olive oil
368,AIC,royal perch
369,AIC,black pepper
369,AIC,salt
369,AIC,white wine
369,AIC,olive oil
369,AIC,tomato passata
369,AIC,butter
369,AIC,onion
369,AIC,carrot
369,AIC,celery
369,AIC,veal sirloin
370,AIC,caciocavallo
370,AIC,pecorino cheese
370,AIC,breadcrumb
370,AIC,water
370,AIC,salt
370,AIC,olive oil
370,AIC,parsley
370,AIC,garlic
370,AIC,tender artichoke
371,AIC,salt
371,AIC,grated parmigiano cheese
371,AIC,butter
371,AIC,anchovy
371,AIC,parsley
371,AIC,hard-boiled egg
371,AIC,artichoke
372,AIC,black pepper
372,AIC,salt
372,AIC,wheat flour
372,AIC,lemon
372,AIC,garlic
372,AIC,parsley
372,AIC,olive oil
372,AIC,tomato sauce
372,AIC,egg
372,AIC,parmigiano or pecorino cheese
372,AIC,small round artichoke
373,AIC,salt
373,AIC,lemon
373,AIC,lardo
373,AIC,olive oil
373,AIC,scallion
373,AIC,pea
373,AIC,fava bean
373,AIC,sardinian spiny artichoke
374,AIC,salt
374,AIC,mint sprig
374,AIC,garlic
374,AIC,milk
374,AIC,vernaccia wine
374,AIC,olive oil
374,AIC,sardinian spiny artichoke
375,AIC,salt
375,AIC,olive oil
375,AIC,lemon
375,AIC,egg
375,AIC,artichoke
376,AIC,water
376,AIC,bay leaf
376,AIC,salt
376,AIC,olive oil
376,AIC,parsley
376,AIC,garlic
376,AIC,salted pork rib
376,AIC,potato
376,AIC,sardinian spiny artichoke
377,AIC,black pepper
377,AIC,salt
377,AIC,olive oil
377,AIC,parsley
377,AIC,salted anchovy
377,AIC,fresh calamint
377,AIC,garlic
377,AIC,artichoke
378,AIC,black pepper
378,AIC,salt
378,AIC,lardo
378,AIC,olive oil
378,AIC,lemon juice
378,AIC,garlic
378,AIC,onion
378,AIC,basil
378,AIC,parsley
378,AIC,sardinian spiny artichoke
379,AIC,salt
379,AIC,olive oil
379,AIC,breadcrumb
379,AIC,sugar
379,AIC,vinegar
379,AIC,white onion
379,AIC,tender artichoke
380,AIC,black pepper
380,AIC,salt
380,AIC,lemon
380,AIC,olive oil
380,AIC,breadcrumb
380,AIC,egg
380,AIC,sardinian spiny artichoke
381,AIC,salt
381,AIC,breadcrumb
381,AIC,olive oil
381,AIC,parsley
381,AIC,garlic
381,AIC,sardinian spiny artichoke
382,AIC,black pepper
382,AIC,salt
382,AIC,olive oil
382,AIC,egg
382,AIC,garlic
382,AIC,parsley
382,AIC,sweet pecorino cheese
382,AIC,breadcrumb
382,AIC,lemon juice
382,AIC,artichoke
383,AIC,salt
383,AIC,lemon
383,AIC,garlic
383,AIC,caper
383,AIC,parsley
383,AIC,pecorino cheese
383,AIC,breadcrumb
383,AIC,olive oil
383,AIC,potato
383,AIC,local artichoke
384,AIC,salt
384,AIC,parsley
384,AIC,garlic
384,AIC,olive oil
384,AIC,wheat flour
384,AIC,lemon
384,AIC,artichoke
385,AIC,lemon juice or vinegar
385,AIC,nutmeg
385,AIC,wheat flour
385,AIC,milk
385,AIC,black pepper
385,AIC,salt
385,AIC,white truffle
385,AIC,parmigiano cheese
385,AIC,cream
385,AIC,butter
385,AIC,egg
385,AIC,cardoon
386,AIC,black pepper
386,AIC,salt
386,AIC,wheat flour
386,AIC,lemon
386,AIC,butter
386,AIC,parmigiano cheese
386,AIC,cardoon
387,AIC,salt
387,AIC,aged pecorino cheese
387,AIC,egg
387,AIC,meat broth
387,AIC,cardoon
388,AIC,black pepper
388,AIC,salt
388,AIC,cream
388,AIC,milk
388,AIC,wheat flour
388,AIC,béchamel sauce
388,AIC,lemon
388,AIC,butter
388,AIC,parmigiano cheese
388,AIC,cardoon
389,AIC,salt
389,AIC,butter
389,AIC,wheat flour
389,AIC,lemon
389,AIC,turkey broth
389,AIC,parmigiano cheese
389,AIC,egg
389,AIC,cardoon
390,AIC,black pepper
390,AIC,salt
390,AIC,bread
390,AIC,clarified lard
390,AIC,parsley
390,AIC,egg
390,AIC,lemon
390,AIC,wild cardoon
391,AIC,salt
391,AIC,white wine vinegar
391,AIC,lemon
391,AIC,parsley
391,AIC,bay leaf
391,AIC,olive oil
391,AIC,garlic
391,AIC,wild thistle
392,AIC,olive oil
392,AIC,salt
392,AIC,egg
392,AIC,salsiccia
392,AIC,scamorza
392,AIC,lemon
392,AIC,cardoon
393,AIC,grated pecorino cheese
393,AIC,black pepper
393,AIC,salt
393,AIC,olive oil
393,AIC,parsley
393,AIC,breadcrumb
393,AIC,garlic
393,AIC,cardoon
394,AIC,olive oil
394,AIC,black pepper
394,AIC,salt
394,AIC,wheat flour
394,AIC,egg
394,AIC,lemon juice
394,AIC,cardoon
395,AIC,alchermes liqueur
395,AIC,whipped cream
395,AIC,pastry cream
395,AIC,coffee
395,AIC,liqueur
395,AIC,baking powder
395,AIC,lemon
395,AIC,milk
395,AIC,olive oil
395,AIC,egg
395,AIC,sugar
395,AIC,wheat flour
396,AIC,lemon
396,AIC,black pepper
396,AIC,salt
396,AIC,olive oil
396,AIC,parsley
396,AIC,breadcrumb
396,AIC,caciocavallo
396,AIC,tuma
396,AIC,anchovy fillet
396,AIC,cardoon
397,AIC,salt
397,AIC,fior di latte
397,AIC,parmigiano cheese
397,AIC,parsley
397,AIC,breadcrumb
397,AIC,celery
397,AIC,carrot
397,AIC,onion
397,AIC,potato
397,AIC,egg
397,AIC,minced meat
397,AIC,capon meat
397,AIC,cardoon
398,AIC,egg
398,AIC,ground veal
398,AIC,cheese
398,AIC,lemon
398,AIC,cheese
398,AIC,egg
398,AIC,turkey broth
398,AIC,cardoon
399,AIC,black pepper
399,AIC,salt
399,AIC,lemon
399,AIC,egg yolk
399,AIC,egg
399,AIC,grated parmigiano cheese
399,AIC,meat broth
399,AIC,cardoon
400,AIC,water
400,AIC,black pepper
400,AIC,salt
400,AIC,tomato paste
400,AIC,onion
400,AIC,pancetta
400,AIC,olive oil
400,AIC,red wine
400,AIC,lard
400,AIC,beef eye of round or pork ham
400,AIC,tracchiolelle
400,AIC,"beef, prime cut"
401,AIC,white wine
401,AIC,water
401,AIC,black pepper
401,AIC,salt
401,AIC,parsley
401,AIC,milk
401,AIC,olive oil
401,AIC,butter
401,AIC,carrot
401,AIC,onion
401,AIC,beef (or pork)
402,AIC,black pepper
402,AIC,salt
402,AIC,white wine
402,AIC,garlic
402,AIC,olive oil
402,AIC,oregano
402,AIC,peeled tomato
402,AIC,beef slice
403,AIC,boiling water
403,AIC,mixed cured meat
403,AIC,white wine
403,AIC,bouquet garni
403,AIC,black pepper
403,AIC,salt
403,AIC,clove
403,AIC,carrot
403,AIC,celery
403,AIC,olive oil
403,AIC,tomato paste
403,AIC,lard
403,AIC,lardo
403,AIC,tropea onion
403,AIC,sirloin steak
404,AIC,flaked fleur de sel
404,AIC,rosemary
404,AIC,black pepper
404,AIC,salt
404,AIC,olive oil
404,AIC,garlic
404,AIC,veal pulp (round or topside)
405,AIC,salt
405,AIC,tender artichoke
405,AIC,parsley
405,AIC,tomato sauce
405,AIC,white wine
405,AIC,olive oil
405,AIC,garlic
405,AIC,onion
405,AIC,beef
405,AIC,veal
405,AIC,pork
405,AIC,veal sweetbread
406,AIC,black pepper
406,AIC,salt
406,AIC,sage
406,AIC,rosemary
406,AIC,butter
406,AIC,pancetta
406,AIC,carp
407,AIC,salt
407,AIC,nutmeg
407,AIC,clof
407,AIC,bay leaf
407,AIC,sage
407,AIC,wheat flour
407,AIC,milk
407,AIC,pork
408,AIC,black pepper
408,AIC,salt
408,AIC,lard
408,AIC,olive oil
408,AIC,garlic
408,AIC,onion
408,AIC,fresh pecorino cheese
408,AIC,pork meat
409,AIC,black pepper
409,AIC,salt
409,AIC,caper
409,AIC,vinegar
409,AIC,carrot
409,AIC,juniper berry
409,AIC,sage
409,AIC,rosemary
409,AIC,garlic
409,AIC,onion
409,AIC,red wine
409,AIC,lard
409,AIC,wheat flour
409,AIC,onion
409,AIC,olive oil
409,AIC,butter
409,AIC,beef
410,AIC,black pepper
410,AIC,salt
410,AIC,oregano
410,AIC,olive oil
410,AIC,basil
410,AIC,onion
410,AIC,potato
410,AIC,tomato
410,AIC,veal topside
411,AIC,black pepper
411,AIC,salt
411,AIC,balsamic vinegar
411,AIC,lemon juice
411,AIC,olive oil
411,AIC,sesame seed
411,AIC,walnut
411,AIC,dill
411,AIC,parsley
411,AIC,pecorino cheese
411,AIC,lamb's lettuce
411,AIC,celeriac
411,AIC,local zucchini
411,AIC,fresh champignon mushroom
411,AIC,green asparagus
412,AIC,black pepper
412,AIC,salt
412,AIC,vinegar
412,AIC,olive oil
412,AIC,sage
412,AIC,wild fennel
412,AIC,rosemary
412,AIC,prosciutto fat
412,AIC,queen carp
413,AIC,black pepper
413,AIC,salt
413,AIC,olive oil
413,AIC,borlotti bean
413,AIC,cured beef (carne salada)
414,AIC,black pepper
414,AIC,salt
414,AIC,olive oil
414,AIC,red wine
414,AIC,onion
414,AIC,oregano
414,AIC,rosemary sprig
414,AIC,thyme sprig
414,AIC,bay leaf
414,AIC,juniper berry
414,AIC,garlic
414,AIC,lard or pancetta
414,AIC,beef or pork pulp
415,AIC,lukewarm water
415,AIC,black pepper
415,AIC,salt
415,AIC,egg
415,AIC,parmigiano cheese
415,AIC,pecorino romano
415,AIC,brewer's yeast
415,AIC,lard
415,AIC,wheat flour
416,AIC,colored sprinkles (anicini)
416,AIC,olive oil
416,AIC,vincotto
416,AIC,white wine
416,AIC,salt
416,AIC,olive oil
416,AIC,wheat flour
417,AIC,salt
417,AIC,broth
417,AIC,sage
417,AIC,garlic
417,AIC,parsley
417,AIC,butter
417,AIC,egg
417,AIC,grated grana padano
417,AIC,breadcrumb
417,AIC,ground beef
417,AIC,egg
417,AIC,wheat flour
418,AIC,salt
418,AIC,sage
418,AIC,onion
418,AIC,garlic
418,AIC,breadcrumb
418,AIC,wheat flour
418,AIC,olive oil
418,AIC,white wine
418,AIC,vinegar
418,AIC,egg
418,AIC,zucchini
418,AIC,rabbit meat
418,AIC,chicken breast
418,AIC,veal sirloin
419,AIC,cheese
419,AIC,sage
419,AIC,butter
419,AIC,ground cinnamon
419,AIC,nutmeg
419,AIC,milk
419,AIC,spadona pear
419,AIC,grated grana padano
419,AIC,egg
419,AIC,breadcrumb
419,AIC,salami
419,AIC,beef
419,AIC,salt
419,AIC,wheat flour
420,AIC,centerbe liqueur
420,AIC,egg yolk
420,AIC,powdered sugar
420,AIC,chocolate
420,AIC,croccante
420,AIC,torrone
420,AIC,butter
420,AIC,sponge cake
421,AIC,maraschino liqueur
421,AIC,candied fruit
421,AIC,dark chocolate
421,AIC,sugar
421,AIC,ricotta
421,AIC,pandispagna
422,AIC,candied orange
422,AIC,vanilla sugar
422,AIC,milk
422,AIC,dark chocolate
422,AIC,pandispagna
422,AIC,egg white
422,AIC,amaretto
422,AIC,milk
422,AIC,sugar
422,AIC,sugar
422,AIC,ricotta
423,AIC,dry biscuit
423,AIC,chocolate chip
423,AIC,sugar
423,AIC,ricotta
423,AIC,powdered sugar
423,AIC,egg white
423,AIC,baking powder
423,AIC,salt
423,AIC,vanillin
423,AIC,lemon zest
423,AIC,egg yolk
423,AIC,egg
423,AIC,butter
423,AIC,sugar
423,AIC,wheat flour
424,AIC,powdered sugar
424,AIC,water
424,AIC,marsala wine
424,AIC,cognac
424,AIC,almond and walnut
424,AIC,sugar
424,AIC,dried fig
424,AIC,sugar
424,AIC,lard
424,AIC,wheat flour
425,AIC,candied fruit
425,AIC,orange blossom water
425,AIC,powdered sugar
425,AIC,candied fruit
425,AIC,dark chocolate
425,AIC,sugar
425,AIC,dry ricotta
425,AIC,liqueur
425,AIC,pasta reale (marzipan)
425,AIC,sponge cake (pandispagna)
426,AIC,water
426,AIC,salt
426,AIC,sultana raisin
426,AIC,pine nut
426,AIC,rosemary
426,AIC,olive oil
426,AIC,chestnut flour
427,AIC,black pepper
427,AIC,salt
427,AIC,lardo or pancetta
427,AIC,savoy cabbage
427,AIC,tomato paste
427,AIC,onion
427,AIC,celery
427,AIC,carrot
427,AIC,verzino sausage
427,AIC,pork rind
427,AIC,pork rib
428,AIC,black pepper
428,AIC,salt
428,AIC,bread
428,AIC,nuragus wine
428,AIC,olive oil
428,AIC,chili pepper
428,AIC,bay leaf
428,AIC,saffron thread
428,AIC,parsley
428,AIC,garlic
428,AIC,sun-dried tomato
428,AIC,tomato
428,AIC,mixed seafood
428,AIC,fish soup
429,AIC,water
429,AIC,salt
429,AIC,olive oil
429,AIC,rosemary
429,AIC,sultana raisin
429,AIC,walnut
429,AIC,pine nut
429,AIC,chestnut flour
430,AIC,lukewarm water
430,AIC,chocolate flake
430,AIC,ground cinnamon
430,AIC,lemon zest
430,AIC,egg
430,AIC,sugar
430,AIC,tuma
430,AIC,salt
430,AIC,brewer's yeast
430,AIC,olive oil
430,AIC,wheat flour
431,AIC,olive oil
431,AIC,salt
431,AIC,sugar
431,AIC,sultana raisin
431,AIC,pine nut
431,AIC,fennel seed
431,AIC,milk
431,AIC,chestnut flour
432,AIC,salt
432,AIC,sugar
432,AIC,butter
432,AIC,lardo
432,AIC,chestnut
433,AIC,olive oil
433,AIC,sugar
433,AIC,baking soda
433,AIC,ground clof
433,AIC,ground cinnamon
433,AIC,orange blossom water
433,AIC,strong brewed coffee
433,AIC,unsweetened cocoa powder
433,AIC,wheat flour
433,AIC,sugar
434,AIC,lemon juice
434,AIC,egg white
434,AIC,powdered sugar
434,AIC,colored sprinkle
434,AIC,lemon zest
434,AIC,ground cinnamon
434,AIC,vanilla
434,AIC,baking powder
434,AIC,pine nut
434,AIC,citron
434,AIC,raisin
434,AIC,almond
434,AIC,cocoa powder
434,AIC,milk
434,AIC,olive oil
434,AIC,egg
434,AIC,sugar
434,AIC,wheat flour
435,AIC,black pepper
435,AIC,salt
435,AIC,garlic
435,AIC,onion
435,AIC,red wine
435,AIC,cream
435,AIC,juniper berry
435,AIC,bay leaf
435,AIC,sage
435,AIC,rosemary
435,AIC,wheat flour
435,AIC,lard
435,AIC,speck
435,AIC,lamb
436,AIC,black pepper
436,AIC,salt
436,AIC,cherry tomato
436,AIC,white wine
436,AIC,lard
436,AIC,onion
436,AIC,garlic
436,AIC,castrato
437,AIC,powdered sugar
437,AIC,frying oil
437,AIC,vanillin sachet
437,AIC,unsweetened cocoa powder
437,AIC,sugar
437,AIC,honey
437,AIC,chestnut
437,AIC,salt
437,AIC,lard
437,AIC,sugar
437,AIC,egg
437,AIC,wheat flour
438,AIC,bay leaf
438,AIC,unsweetened cocoa powder
438,AIC,chocolate cream
438,AIC,ladyfinger biscuit
438,AIC,sugar
438,AIC,egg yolk
438,AIC,cream
438,AIC,milk
439,AIC,salt
439,AIC,parsley
439,AIC,basil
439,AIC,bell pepper
439,AIC,celery
439,AIC,garlic
439,AIC,onion
439,AIC,cherry tomato
439,AIC,white wine
439,AIC,olive oil
439,AIC,mutton
440,AIC,salt
440,AIC,olive oil
440,AIC,tomato pulp
440,AIC,garlic
440,AIC,catalogna
441,AIC,salt
441,AIC,garlic
441,AIC,chili pepper
441,AIC,cured pancetta
441,AIC,olive oil
441,AIC,turnip green
441,AIC,wheat flour
442,AIC,salt
442,AIC,parsley
442,AIC,oregano
442,AIC,white wine
442,AIC,peeled tomato
442,AIC,celery
442,AIC,carrot
442,AIC,onion
442,AIC,pancetta
442,AIC,olive oil
442,AIC,mutton leg
443,AIC,black pepper
443,AIC,pecorino cheese
443,AIC,basil
443,AIC,parsley
443,AIC,garlic
443,AIC,olive oil
443,AIC,lardo
443,AIC,tomato
443,AIC,warm water
443,AIC,salt
443,AIC,remilled semolina flour
444,AIC,poppy seed
444,AIC,butter
444,AIC,black pepper
444,AIC,olive oil
444,AIC,clove
444,AIC,nutmeg
444,AIC,garlic
444,AIC,parmigiano cheese
444,AIC,yellow mountain turnip
444,AIC,red beet
444,AIC,salt
444,AIC,egg
444,AIC,olive oil
444,AIC,wheat flour
445,AIC,warm water
445,AIC,salt
445,AIC,pecorino cheese
445,AIC,herbs
445,AIC,garlic
445,AIC,red wine
445,AIC,tomato passata
445,AIC,prosciutto lard
445,AIC,olive oil
445,AIC,parsley
445,AIC,onion
445,AIC,wild boar pulp
445,AIC,wheat flour
446,AIC,salt
446,AIC,garlic
446,AIC,chili pepper
446,AIC,olive oil
446,AIC,cauliflower
446,AIC,cavatelli
447,AIC,black pepper
447,AIC,salt
447,AIC,olive oil
447,AIC,anchovy fillet
447,AIC,cauliflower
448,AIC,chili pepper
448,AIC,parsley
448,AIC,garlic
448,AIC,olive oil
448,AIC,walnut
448,AIC,salt
448,AIC,egg
448,AIC,wheat flour
449,AIC,warm water
449,AIC,salt
449,AIC,garlic
449,AIC,bay leaf
449,AIC,olive oil
449,AIC,parsley
449,AIC,onion
449,AIC,tomato paste
449,AIC,olive
449,AIC,cauliflower
450,AIC,salt
450,AIC,red beet
450,AIC,tuna
450,AIC,anchovy fillet in oil
450,AIC,giardiniera
450,AIC,olive oil
450,AIC,wine vinegar
450,AIC,bread
450,AIC,cauliflower
451,AIC,frying oil
451,AIC,salt
451,AIC,wheat flour
451,AIC,egg
451,AIC,cauliflower floret
452,AIC,black pepper
452,AIC,salt
452,AIC,olive oil
452,AIC,black olive
452,AIC,peeled tomato
452,AIC,sausage
452,AIC,garlic
452,AIC,wine vinegar
452,AIC,cauliflower
453,AIC,black pepper
453,AIC,salt
453,AIC,white onion
453,AIC,olive oil
453,AIC,green cabbage
454,AIC,salt
454,AIC,chili pepper
454,AIC,bay leaf
454,AIC,garlic
454,AIC,white wine
454,AIC,olive oil
454,AIC,cauliflower
455,AIC,water
455,AIC,black pepper
455,AIC,salt
455,AIC,ground cinnamon
455,AIC,tomato paste
455,AIC,olive oil
455,AIC,onion
455,AIC,cauliflower
456,AIC,water
456,AIC,baking soda
456,AIC,black pepper
456,AIC,salt
456,AIC,parsley
456,AIC,oregano
456,AIC,garlic
456,AIC,olive oil
456,AIC,chickpea
456,AIC,wheat flour
457,AIC,salt
457,AIC,butter
457,AIC,breadcrumb
457,AIC,grana padano
457,AIC,egg
457,AIC,cauliflower
458,AIC,black pepper
458,AIC,salt
458,AIC,white wine
458,AIC,parsley
458,AIC,garlic
458,AIC,bay leaf
458,AIC,diced tomato
458,AIC,caper
458,AIC,pitted black olive
458,AIC,olive oil
458,AIC,grouper
459,AIC,salt
459,AIC,olive oil
459,AIC,dried mushroom
459,AIC,chard
459,AIC,tomato
459,AIC,celery
459,AIC,garlic
459,AIC,onion
459,AIC,dried chickpea
460,AIC,butter
460,AIC,wine syrup or marsala
460,AIC,ammonium carbonate
460,AIC,ground cinnamon
460,AIC,dark chocolate
460,AIC,cocoa powder
460,AIC,pine nut
460,AIC,almond
460,AIC,cooked fruit jam or mostarda
460,AIC,candied fruit
460,AIC,honey
460,AIC,wheat flour
461,AIC,salt
461,AIC,olive oil
461,AIC,chili pepper
461,AIC,parsley
461,AIC,tomato
461,AIC,white wine
461,AIC,pitted green olive
461,AIC,salted caper
461,AIC,garlic
461,AIC,carrot
461,AIC,celery
461,AIC,onion
461,AIC,grouper
462,AIC,powdered sugar
462,AIC,olive oil
462,AIC,salt
462,AIC,orange zest
462,AIC,vin santo
462,AIC,egg
462,AIC,sugar
462,AIC,butter
462,AIC,wheat flour
463,AIC,salt
463,AIC,olive oil
463,AIC,chili pepper
463,AIC,garlic
463,AIC,cervellatine
463,AIC,friarielli
464,AIC,butter
464,AIC,ground cinnamon
464,AIC,clove
464,AIC,lemon zest
464,AIC,barolo wine
464,AIC,sugar
464,AIC,dried plum
464,AIC,martin sech pear
464,AIC,salt
464,AIC,lemon zest
464,AIC,marsala wine
464,AIC,egg yolk
464,AIC,butter
464,AIC,sugar
464,AIC,wheat flour
465,AIC,black pepper
465,AIC,salt
465,AIC,white wine
465,AIC,garlic
465,AIC,onion
465,AIC,ground lamb
465,AIC,ground pork
465,AIC,ground beef
466,AIC,stale sandwich bread
466,AIC,rum
466,AIC,lemon zest
466,AIC,white wine
466,AIC,butter
466,AIC,sultana raisin
466,AIC,sugar
466,AIC,reinette apple
467,AIC,powdered sugar
467,AIC,olive oil
467,AIC,salt
467,AIC,butter
467,AIC,egg yolk
467,AIC,egg
467,AIC,wheat flour
468,AIC,lukewarm water
468,AIC,salt
468,AIC,sugar
468,AIC,seed oil
468,AIC,almond essence
468,AIC,rum
468,AIC,egg
468,AIC,powdered sugar
468,AIC,butter
468,AIC,wheat flour
469,AIC,black pepper
469,AIC,salt
469,AIC,olive oil
469,AIC,parsley
469,AIC,onion
469,AIC,tomato
469,AIC,small snail
470,AIC,vegetable broth or water
470,AIC,vinegar
470,AIC,black pepper
470,AIC,salt
470,AIC,olive oil
470,AIC,nepitella
470,AIC,ginger
470,AIC,carrot
470,AIC,celery
470,AIC,onion
470,AIC,red wine
470,AIC,tomato
470,AIC,marinelle snail
471,AIC,black pepper
471,AIC,salt
471,AIC,bay leaf
471,AIC,parsley
471,AIC,friulano wine
471,AIC,garlic
471,AIC,olive oil
471,AIC,snail
472,AIC,black pepper
472,AIC,salt
472,AIC,butter
472,AIC,olive oil
472,AIC,parsley
472,AIC,garlic
472,AIC,wheat flour
472,AIC,milk
472,AIC,purged snail
473,AIC,black pepper
473,AIC,salt
473,AIC,tomato passata
473,AIC,breadcrumb
473,AIC,red wine
473,AIC,carrot
473,AIC,parsley
473,AIC,basil
473,AIC,celery
473,AIC,onion
473,AIC,olive oil
473,AIC,garlic
473,AIC,sea snail
474,AIC,black pepper
474,AIC,salt
474,AIC,puff pastry
474,AIC,olive oil
474,AIC,egg
474,AIC,corn flour
474,AIC,white onion
474,AIC,zucchini
474,AIC,potato
474,AIC,chard
475,AIC,shallot
475,AIC,salt
475,AIC,basil
475,AIC,parsley
475,AIC,sparkling wine
475,AIC,cherry tomato
475,AIC,green pepper
475,AIC,olive oil
475,AIC,scampi tail
475,AIC,egg chitarra pasta
476,AIC,salt
476,AIC,brown sugar
476,AIC,marjoram
476,AIC,thyme
476,AIC,pecorino cheese
476,AIC,olive oil
476,AIC,lemon
476,AIC,onion
476,AIC,garlic
476,AIC,zucchini
476,AIC,tomato
476,AIC,egg chitarra pasta
477,AIC,broth
477,AIC,black pepper
477,AIC,salt
477,AIC,nutmeg
477,AIC,parsley
477,AIC,bay leaf
477,AIC,white wine
477,AIC,fresh salsiccia sausage
477,AIC,pork loin
477,AIC,butter
477,AIC,vinegar
477,AIC,olive oil
477,AIC,onion
477,AIC,chiodini mushroom
478,AIC,sweet pecorino cheese
478,AIC,olive oil
478,AIC,black truffle
478,AIC,salt
478,AIC,olive oil
478,AIC,l'aquila saffron
478,AIC,egg
478,AIC,wheat flour
479,AIC,olive oil or lard
479,AIC,warm water
479,AIC,yeast
479,AIC,salt
479,AIC,olive oil
479,AIC,lard
479,AIC,butter
479,AIC,parmigiano cheese
479,AIC,wheat flour
480,AIC,chemical rennet
480,AIC,sugar
480,AIC,lemon
480,AIC,sheep's milk
481,AIC,water
481,AIC,salt
481,AIC,olive oil
481,AIC,oregano
481,AIC,parsley
481,AIC,tomato
481,AIC,onion
481,AIC,stale bread
482,AIC,black pepper
482,AIC,salt
482,AIC,pork rind
482,AIC,prosciutto crudo
482,AIC,untreated lemon
482,AIC,aged pecorino cheese
482,AIC,olive oil
482,AIC,egg
482,AIC,wheat flour
483,AIC,salt
483,AIC,baking powder
483,AIC,sugar
483,AIC,egg
483,AIC,milk or cream
483,AIC,wheat flour
484,AIC,salt
484,AIC,milk
484,AIC,lemon
484,AIC,baking powder
484,AIC,butter
484,AIC,egg
484,AIC,sugar
484,AIC,wheat flour
485,AIC,salt
485,AIC,baking powder
485,AIC,egg
485,AIC,milk
485,AIC,sugar
485,AIC,butter
485,AIC,wheat flour
486,AIC,sugar sprinkle
486,AIC,baking soda
486,AIC,cream of tartar
486,AIC,milk
486,AIC,lemon zest
486,AIC,butter
486,AIC,sugar
486,AIC,egg yolk
486,AIC,egg
486,AIC,wheat flour
487,AIC,black pepper
487,AIC,salt
487,AIC,olive oil
487,AIC,pecorino cheese
487,AIC,egg
487,AIC,rosemary
487,AIC,parsley
487,AIC,garlic
487,AIC,potato
487,AIC,eggplant
487,AIC,tomato
487,AIC,bell pepper
487,AIC,onion
488,AIC,salt
488,AIC,citrus zest
488,AIC,brewer's yeast
488,AIC,sugar
488,AIC,butter
488,AIC,egg
488,AIC,potato
488,AIC,wheat flour
488,AIC,wheat flour
489,AIC,beaten egg
489,AIC,vanillin or other flavoring
489,AIC,water
489,AIC,warm water
489,AIC,sesame seed
489,AIC,salt
489,AIC,brewer's yeast
489,AIC,lard
489,AIC,sugar
489,AIC,wheat flour
490,AIC,salt
490,AIC,egg
490,AIC,lemon
490,AIC,anise liqueur
490,AIC,lard
490,AIC,sugar
490,AIC,brewer's yeast
490,AIC,wheat flour
491,AIC,olive oil
491,AIC,olive oil
491,AIC,sweet pecorino cheese
491,AIC,bread dough
492,AIC,black pepper
492,AIC,salt
492,AIC,olive oil
492,AIC,parsley
492,AIC,oregano
492,AIC,basil
492,AIC,garlic
492,AIC,onion
492,AIC,peeled tomato
492,AIC,potato
492,AIC,eggplant
492,AIC,bell pepper
492,AIC,zucchini
493,AIC,water
493,AIC,salt
493,AIC,basil
493,AIC,olive oil
493,AIC,chili pepper
493,AIC,onion
493,AIC,pitted green olive
493,AIC,celery
493,AIC,tomato
493,AIC,eggplant
493,AIC,potato
493,AIC,sweet pepper
494,AIC,black pepper
494,AIC,salt
494,AIC,olive oil
494,AIC,parmigiano cheese
494,AIC,egg
494,AIC,peeled tomato
494,AIC,onion
494,AIC,garlic
495,AIC,black pepper
495,AIC,salt
495,AIC,olive oil
495,AIC,meat broth
495,AIC,pork pancetta
495,AIC,fava bean
495,AIC,onion
495,AIC,potato
495,AIC,artichoke
496,AIC,ground cinnamon
496,AIC,honey
496,AIC,vanillin
496,AIC,lemon zest
496,AIC,egg yolk
496,AIC,sugar
496,AIC,ricotta
496,AIC,ground cinnamon
496,AIC,salt
496,AIC,baking powder
496,AIC,vermouth
496,AIC,vanillin
496,AIC,baking powder
496,AIC,milk
496,AIC,lard
496,AIC,egg
496,AIC,sugar
496,AIC,wheat flour
497,AIC,black pepper
497,AIC,salt
497,AIC,olive oil
497,AIC,lemon
497,AIC,egg yolk
497,AIC,broth
497,AIC,nutmeg
497,AIC,sage
497,AIC,wheat flour
497,AIC,white wine
497,AIC,onion
497,AIC,butter
497,AIC,chicken testicle
497,AIC,chicken heart
497,AIC,chicken comb and wattle
497,AIC,chicken liver
498,AIC,orange liqueur
498,AIC,vanilla
498,AIC,sugar
498,AIC,apple
498,AIC,grated lemon peel
498,AIC,egg yolk
498,AIC,sugar
498,AIC,butter
498,AIC,wheat flour
499,AIC,salt
499,AIC,parsley
499,AIC,olive oil
499,AIC,tropea onion
499,AIC,calabrian oval orange
499,AIC,pork crackling (curcuci)
500,AIC,salt
500,AIC,peeled tomato
500,AIC,caper
500,AIC,gaeta olive
500,AIC,pancetta
500,AIC,chili pepper
500,AIC,olive oil
500,AIC,garlic
500,AIC,catalogna chicory
501,AIC,colored sprinkle
501,AIC,candied fruit
501,AIC,honey
501,AIC,olive oil
501,AIC,baking powder
501,AIC,egg
501,AIC,wheat flour
502,AIC,water
502,AIC,frying oil
502,AIC,black pepper
502,AIC,salt
502,AIC,olive oil
502,AIC,rosemary
502,AIC,onion
502,AIC,chickpea
502,AIC,semolina flour
502,AIC,wheat flour
503,AIC,black pepper
503,AIC,salt
503,AIC,broth
503,AIC,olive oil
503,AIC,pecorino cheese
503,AIC,egg
503,AIC,onion
503,AIC,lardo
503,AIC,chicory
504,AIC,water
504,AIC,salt
504,AIC,olive oil
504,AIC,baking powder
504,AIC,honey
504,AIC,anise liqueur
504,AIC,lard
504,AIC,sugar
504,AIC,egg
504,AIC,wheat flour
505,AIC,salt
505,AIC,stale bread
505,AIC,grated pecorino cheese
505,AIC,celery
505,AIC,onion
505,AIC,pork rind
505,AIC,pig's ear
505,AIC,pig's trotter
505,AIC,wild chicory
506,AIC,black pepper
506,AIC,salt
506,AIC,chili pepper
506,AIC,tomato paste
506,AIC,garlic
506,AIC,sage
506,AIC,olive oil
506,AIC,baby eel
507,AIC,salt
507,AIC,chili pepper
507,AIC,olive oil
507,AIC,garlic
507,AIC,cannellini bean
507,AIC,wild chicory
508,AIC,salt
508,AIC,chili pepper
508,AIC,garlic
508,AIC,celery
508,AIC,olive oil
508,AIC,dried cannellini bean
508,AIC,wild chicory
509,AIC,salt
509,AIC,pecorino cheese
509,AIC,egg
509,AIC,hen broth
509,AIC,wild chicory
510,AIC,water
510,AIC,black pepper
510,AIC,salt
510,AIC,olive oil
510,AIC,lemon
510,AIC,parmigiano cheese
510,AIC,egg yolk
510,AIC,sage
510,AIC,garlic
510,AIC,glass eel
511,AIC,black pepper
511,AIC,salt
511,AIC,garlic
511,AIC,rosemary
511,AIC,red wine
511,AIC,apple
511,AIC,onion
511,AIC,olive oil
511,AIC,butter
511,AIC,wild boar loin
512,AIC,black pepper
512,AIC,salt
512,AIC,marjoram
512,AIC,parsley
512,AIC,white wine
512,AIC,olive oil
512,AIC,chili pepper
512,AIC,garlic
512,AIC,onion
512,AIC,pork meat
513,AIC,black pepper
513,AIC,salt
513,AIC,myrtle berry
513,AIC,juniper berry
513,AIC,bay leaf
513,AIC,rosemary
513,AIC,thyme
513,AIC,olive oil
513,AIC,celery
513,AIC,garlic
513,AIC,onion
513,AIC,carrot
513,AIC,meat broth
513,AIC,green olive
513,AIC,red wine
513,AIC,larded wild boar pulp
514,AIC,olive oil or butter
514,AIC,salt
514,AIC,parmigiano cheese
514,AIC,nutmeg
514,AIC,fresh marjoram
514,AIC,fresh sage
514,AIC,beef marrow
514,AIC,pea
514,AIC,breadcrumb
514,AIC,lettuce
514,AIC,chard
514,AIC,egg
514,AIC,beef and veal broth
514,AIC,veal pocket
515,AIC,black pepper
515,AIC,salt
515,AIC,marjoram
515,AIC,garlic
515,AIC,breadcrumb
515,AIC,parmigiano cheese
515,AIC,egg
515,AIC,pea
515,AIC,artichoke
515,AIC,veal ear
515,AIC,veal offal (strigolo/castagnetta)
515,AIC,brain
515,AIC,veal testicle
515,AIC,sweetbread
515,AIC,udder
515,AIC,lean veal
515,AIC,beef and veal broth
515,AIC,veal pocket
516,AIC,raisin
516,AIC,walnut
516,AIC,pine nut
516,AIC,dark chocolate
516,AIC,black panforte
516,AIC,cavallucci
516,AIC,black pepper
516,AIC,salt
516,AIC,black pepper
516,AIC,juniper berry
516,AIC,bay leaf
516,AIC,butter
516,AIC,olive oil
516,AIC,meat broth
516,AIC,white wine vinegar
516,AIC,red wine
516,AIC,wheat flour
516,AIC,onion
516,AIC,celery
516,AIC,carrot
516,AIC,lean wild boar pulp
517,AIC,black pepper
517,AIC,salt
517,AIC,garlic
517,AIC,olive oil
517,AIC,parsley
517,AIC,bay leaf
517,AIC,wild boar saddle
518,AIC,salt
518,AIC,parsley
518,AIC,ground cinnamon
518,AIC,parmigiano cheese
518,AIC,garlic
518,AIC,tomato sauce
518,AIC,breadcrumb
518,AIC,egg
518,AIC,potato
518,AIC,white onion
519,AIC,salt
519,AIC,chife
519,AIC,wild fennel
519,AIC,myrtle
519,AIC,thyme
519,AIC,onion
519,AIC,lard or pancetta
519,AIC,potato
519,AIC,wild boar meat
520,AIC,salt
520,AIC,red wine
520,AIC,bay leaf
520,AIC,parsley
520,AIC,garlic
520,AIC,olive oil
520,AIC,lardo
520,AIC,celery
520,AIC,carrot
520,AIC,onion
520,AIC,wild boar meat
521,AIC,water
521,AIC,salt
521,AIC,olive oil
521,AIC,red wine
521,AIC,juniper berry
521,AIC,rosemary
521,AIC,garlic
521,AIC,parsley
521,AIC,bay leaf
521,AIC,celery
521,AIC,carrot
521,AIC,onion
521,AIC,wild boar
522,AIC,black pepper
522,AIC,salt
522,AIC,parsley
522,AIC,garlic
522,AIC,butter
522,AIC,breadcrumb
522,AIC,pecorino cheese
522,AIC,pumpkin pulp
522,AIC,sausage meat
522,AIC,pancetta
522,AIC,yellow onion
523,AIC,grated parmigiano cheese
523,AIC,bread
523,AIC,black pepper
523,AIC,salt
523,AIC,olive oil
523,AIC,peeled tomato
523,AIC,red wine
523,AIC,onion
523,AIC,carrot
523,AIC,celery
523,AIC,"veal head parts (snout, ears, lips, and cheeks)"
524,AIC,salt
524,AIC,chili pepper
524,AIC,tomato paste
524,AIC,red wine
524,AIC,sage
524,AIC,bay leaf
524,AIC,parsley
524,AIC,onion
524,AIC,olive oil
524,AIC,lard
524,AIC,red wine vinegar
524,AIC,wild boar
525,AIC,salt
525,AIC,parsley
525,AIC,olive oil
525,AIC,egg
525,AIC,onion
526,AIC,salt
526,AIC,butter
526,AIC,raisin
526,AIC,breadcrumb
526,AIC,milk
526,AIC,grated parmigiano cheese
526,AIC,egg
526,AIC,chard
526,AIC,herbs
526,AIC,onion
527,AIC,salt
527,AIC,butter
527,AIC,milk
527,AIC,"aromatic herbs (parsley, sage, rosemary, thyme)"
527,AIC,raisin
527,AIC,egg
527,AIC,breadcrumbs from a stale roll
527,AIC,grana padano
527,AIC,ground veal
527,AIC,onion
528,AIC,salt
528,AIC,sugar
528,AIC,white wine
528,AIC,broth
528,AIC,butter
528,AIC,olive oil
528,AIC,borettane onion
529,AIC,water
529,AIC,olive oil
529,AIC,black pepper
529,AIC,salt
529,AIC,wine vinegar
529,AIC,sugar
529,AIC,herbs
529,AIC,onion
530,AIC,salt
530,AIC,vinegar
530,AIC,sugar
530,AIC,pancetta
530,AIC,butter
530,AIC,borettane onion
531,AIC,white wine vinegar
531,AIC,glucose
531,AIC,sugar
531,AIC,black pepper
531,AIC,salt
531,AIC,white wine
531,AIC,white wine vinegar
531,AIC,sugar
531,AIC,butter
531,AIC,prosciutto fat
531,AIC,borettane onion
532,AIC,black pepper
532,AIC,salt
532,AIC,white wine
532,AIC,white wine vinegar
532,AIC,sugar
532,AIC,butter
532,AIC,prosciutto fat
532,AIC,borettane onion
533,AIC,black pepper
533,AIC,salt
533,AIC,toasted bread
533,AIC,olive oil
533,AIC,white wine
533,AIC,tomato
533,AIC,carrot
533,AIC,oregano
533,AIC,garlic
533,AIC,parsley
533,AIC,celery
533,AIC,onion
533,AIC,"fish (dentex, gurnard, sea bream, or scorpionfish)"
534,AIC,ground cinnamon
534,AIC,smoked ricotta
534,AIC,potato
534,AIC,sultana raisin
534,AIC,pear
534,AIC,apple
534,AIC,apricot jam
534,AIC,cocoa powder
534,AIC,dry biscuit
534,AIC,butter
534,AIC,basil
534,AIC,parsley
534,AIC,marjoram
534,AIC,scented geranium leaf
534,AIC,verbena
534,AIC,lemon balm
534,AIC,"lemon balm, calamint or mint leaf"
534,AIC,salt
534,AIC,wheat flour
535,AIC,black pepper
535,AIC,salt
535,AIC,dark chocolate
535,AIC,pine nut
535,AIC,sultana raisin
535,AIC,broth
535,AIC,celery
535,AIC,white wine
535,AIC,olive oil
535,AIC,tomato paste
535,AIC,peeled tomato
535,AIC,basil
535,AIC,garlic
535,AIC,carrot
535,AIC,onion
535,AIC,lard
535,AIC,beef cheek
535,AIC,oxtail
536,AIC,black pepper
536,AIC,salt
536,AIC,chili pepper
536,AIC,white wine
536,AIC,water
536,AIC,tomato sauce
536,AIC,olive oil
536,AIC,herbs
536,AIC,garlic
536,AIC,onion
536,AIC,mutton leg
537,AIC,bread crouton
537,AIC,black pepper
537,AIC,salt
537,AIC,parsley
537,AIC,garlic
537,AIC,olive oil
537,AIC,vegetable broth
537,AIC,chard
537,AIC,onion
537,AIC,celery
537,AIC,carrot
537,AIC,lardo
537,AIC,rolled pork rind
537,AIC,dried chickpea
538,AIC,black pepper
538,AIC,salt
538,AIC,olive oil
538,AIC,white wine
538,AIC,rosemary
538,AIC,onion
538,AIC,egg
538,AIC,chicken or rabbit offal
539,AIC,water
539,AIC,wheat flour
539,AIC,salt
539,AIC,parsley
539,AIC,peeled tomato
539,AIC,sweet romanesco pea
539,AIC,white wine
539,AIC,garlic
539,AIC,scallion
539,AIC,olive oil
539,AIC,ciriole (small eel)
540,AIC,frying oil
540,AIC,salt
540,AIC,water
540,AIC,lard
540,AIC,brewer's yeast
540,AIC,wheat flour
541,AIC,lemon zest
541,AIC,butter
541,AIC,powdered sugar
541,AIC,almond flour
541,AIC,wheat flour
542,AIC,parsley
542,AIC,black pepper
542,AIC,salt
542,AIC,olive oil
542,AIC,celery
542,AIC,tomato passata
542,AIC,white wine
542,AIC,garlic
542,AIC,onion
542,AIC,carrot
542,AIC,lardo
542,AIC,beef oxtail
543,AIC,black pepper
543,AIC,salt
543,AIC,parsley
543,AIC,egg
543,AIC,olive oil
543,AIC,onion
543,AIC,ground meat
543,AIC,wheat flour
543,AIC,goose neck skin
544,AIC,water
544,AIC,white wine
544,AIC,olive oil
544,AIC,onion
544,AIC,egg
544,AIC,milk
544,AIC,breadcrumb
544,AIC,parsley
544,AIC,garlic
544,AIC,stockfish tail
545,AIC,salt
545,AIC,yeast
545,AIC,white wine
545,AIC,grappa
545,AIC,lemon zest
545,AIC,sugar
545,AIC,butter
545,AIC,wheat flour
546,AIC,salt
546,AIC,lemon zest
546,AIC,pine nut
546,AIC,raisin
546,AIC,egg yolk
546,AIC,egg
546,AIC,yeast
546,AIC,marsala wine
546,AIC,milk
546,AIC,butter
546,AIC,sugar sprinkle
546,AIC,sugar
546,AIC,savòr dolce
546,AIC,wheat flour
547,AIC,olive oil
547,AIC,wheat flour
547,AIC,candied orange
547,AIC,almond
547,AIC,vinegar
547,AIC,honey
547,AIC,oyster
548,AIC,sprinkle
548,AIC,seed oil
548,AIC,water
548,AIC,ground cinnamon
548,AIC,nutmeg
548,AIC,lemon zest
548,AIC,brandy
548,AIC,egg white
548,AIC,egg
548,AIC,sugar
548,AIC,almond
548,AIC,vanillin sachet
548,AIC,lard
548,AIC,sugar
548,AIC,wheat flour
549,AIC,salt
549,AIC,rosemary sprig
549,AIC,garlic
549,AIC,selargius caper
549,AIC,olive oil
549,AIC,white wine
549,AIC,white wine vinegar
549,AIC,rabbit
550,AIC,olive oil
550,AIC,vinegar
550,AIC,tuna belly in oil
550,AIC,mosciamme (tuna fillet)
550,AIC,hard-boiled egg
550,AIC,salted anchovy
550,AIC,oven-dried black olive
550,AIC,caper
550,AIC,pickled pepper
550,AIC,tomato
550,AIC,onion
550,AIC,sailor's biscuit
551,AIC,salt
551,AIC,rosemary
551,AIC,lardo
551,AIC,sage
551,AIC,white wine
551,AIC,olive oil
551,AIC,rabbit
552,AIC,olive oil
552,AIC,vinegar
552,AIC,tuna or ventresca in oil
552,AIC,mosciame di tonno
552,AIC,hard-boiled egg
552,AIC,oven-dried black olive
552,AIC,salted anchovy
552,AIC,pickled pepper
552,AIC,tomato
552,AIC,onion
552,AIC,sailor's biscuit
553,AIC,water
553,AIC,salt
553,AIC,egg yolk
553,AIC,bechamel sauce
553,AIC,chicken breast
553,AIC,demi-sec sherry
553,AIC,champignon mushroom
553,AIC,prosciutto cotto
553,AIC,shelled pea
553,AIC,nutmeg
553,AIC,onion
553,AIC,sugar
553,AIC,grated parmigiano cheese
553,AIC,milk
553,AIC,brewer's yeast
553,AIC,egg
553,AIC,butter
553,AIC,wheat flour
554,AIC,salt
554,AIC,rosemary
554,AIC,parsley
554,AIC,vinegar
554,AIC,white wine
554,AIC,olive oil
554,AIC,garlic
554,AIC,onion
554,AIC,peeled tomato
554,AIC,rabbit
555,AIC,wheat flour
555,AIC,acidulated water
555,AIC,black pepper
555,AIC,salt
555,AIC,tomato
555,AIC,muscari
555,AIC,broth
555,AIC,celery
555,AIC,onion
555,AIC,locorotondo wine
555,AIC,olive oil
555,AIC,rabbit
556,AIC,olive oil
556,AIC,black pepper
556,AIC,salt
556,AIC,wheat flour
556,AIC,butter
556,AIC,meat broth
556,AIC,potato
556,AIC,carrot
556,AIC,celery
556,AIC,onion
556,AIC,water
556,AIC,vinegar
556,AIC,rabbit
557,AIC,broth
557,AIC,salt
557,AIC,white wine
557,AIC,olive oil
557,AIC,thyme
557,AIC,garlic
557,AIC,onion
557,AIC,rabbit
558,AIC,black pepper
558,AIC,salt
558,AIC,olive oil
558,AIC,white wine
558,AIC,sage
558,AIC,rosemary
558,AIC,red garlic
558,AIC,l'aquila saffron
558,AIC,rabbit
559,AIC,broth
559,AIC,salt
559,AIC,anchovy
559,AIC,wheat flour
559,AIC,butter
559,AIC,olive oil
559,AIC,rabbit liver
559,AIC,garlic
559,AIC,parsley
559,AIC,sage
559,AIC,rosemary
559,AIC,bay leaf
559,AIC,red wine
559,AIC,lardo
559,AIC,onion
559,AIC,rabbit
560,AIC,black pepper
560,AIC,vinegar
560,AIC,salt
560,AIC,chili pepper
560,AIC,rosemary
560,AIC,marjoram
560,AIC,thyme
560,AIC,basil
560,AIC,garlic
560,AIC,olive oil
560,AIC,white wine
560,AIC,cherry tomato
560,AIC,rabbit
561,AIC,black pepper
561,AIC,salt
561,AIC,vinegar
561,AIC,rosemary
561,AIC,sage
561,AIC,olive oil
561,AIC,garlic
561,AIC,rabbit
562,AIC,black pepper
562,AIC,salt
562,AIC,olive oil
562,AIC,butter
562,AIC,pine nut
562,AIC,vegetable broth
562,AIC,white wine
562,AIC,tomato paste
562,AIC,onion
562,AIC,bell pepper
562,AIC,rabbit
563,AIC,black pepper
563,AIC,salt
563,AIC,prosciutto
563,AIC,olive oil
563,AIC,white wine
563,AIC,sage
563,AIC,rosemary
563,AIC,fresh fennel
563,AIC,potato
563,AIC,rabbit
564,AIC,hard-boiled egg
564,AIC,black pepper
564,AIC,salt
564,AIC,wild fennel
564,AIC,shallot
564,AIC,white wine
564,AIC,green olive
564,AIC,pancetta
564,AIC,parmigiano cheese
564,AIC,egg
564,AIC,mortadella
564,AIC,pork
564,AIC,rabbit
565,AIC,salt and pepper
565,AIC,olive oil
565,AIC,sugar
565,AIC,vinegar
565,AIC,caper
565,AIC,celery
565,AIC,onion
565,AIC,pitted green olive
565,AIC,rabbit
566,AIC,black pepper
566,AIC,salt
566,AIC,olive oil
566,AIC,sugar
566,AIC,white wine vinegar
566,AIC,mint
566,AIC,garlic
566,AIC,caper
566,AIC,onion
566,AIC,celery heart
566,AIC,carrot
566,AIC,pitted green olive
566,AIC,rabbit
567,AIC,salt
567,AIC,wheat flour
567,AIC,olive oil
567,AIC,parsley
567,AIC,egg
567,AIC,lemon
567,AIC,rosemary
567,AIC,onion
567,AIC,carrot
567,AIC,celery
567,AIC,rabbit
568,AIC,black pepper
568,AIC,salt
568,AIC,lemon
568,AIC,egg
568,AIC,broth
568,AIC,white wine
568,AIC,olive oil
568,AIC,garlic
568,AIC,onion
568,AIC,bay leaf
568,AIC,parsley
568,AIC,celery heart
568,AIC,rabbit
569,AIC,black pepper
569,AIC,salt
569,AIC,pancetta
569,AIC,white wine
569,AIC,olive oil
569,AIC,lardo
569,AIC,garlic
569,AIC,wild fennel
569,AIC,rabbit
570,AIC,black pepper
570,AIC,salt
570,AIC,rabbit kidney
570,AIC,rabbit liver
570,AIC,parsley
570,AIC,celery
570,AIC,carrot
570,AIC,olive oil
570,AIC,lemon
570,AIC,clove
570,AIC,cinnamon stick
570,AIC,white wine
570,AIC,onion
570,AIC,butter
570,AIC,lardo
570,AIC,rosemary
570,AIC,sage
570,AIC,garlic
570,AIC,vinegar
570,AIC,rabbit
571,AIC,water
571,AIC,wheat flour
571,AIC,black pepper
571,AIC,salt
571,AIC,white wine
571,AIC,tomato passata
571,AIC,bay leaf
571,AIC,celery
571,AIC,carrot
571,AIC,onion
571,AIC,broth
571,AIC,olive oil
571,AIC,butter
571,AIC,rabbit
572,AIC,water
572,AIC,chili powder
572,AIC,black pepper
572,AIC,salt
572,AIC,olive oil
572,AIC,caper
572,AIC,white wine
572,AIC,parsley sprig
572,AIC,celery
572,AIC,tomato pulp
572,AIC,garlic
572,AIC,rabbit
573,AIC,black pepper
573,AIC,salt
573,AIC,white wine
573,AIC,onion
573,AIC,black olive
573,AIC,olive oil
573,AIC,bell pepper
573,AIC,rabbit
574,AIC,pastry wafer
574,AIC,walnut
574,AIC,almond
574,AIC,egg white
574,AIC,sugar
574,AIC,honey
575,AIC,black pepper
575,AIC,salt
575,AIC,brandy
575,AIC,butter
575,AIC,olive oil
575,AIC,onion
575,AIC,rosemary
575,AIC,garlic
575,AIC,pancetta
575,AIC,fresh pork coppa
576,AIC,salt and pepper
576,AIC,garlic
576,AIC,chili pepper
576,AIC,wild fennel
576,AIC,veal fillet or topside
577,AIC,salt
577,AIC,chili pepper
577,AIC,tender donkey meat
578,AIC,salt
578,AIC,pecorino cheese
578,AIC,egg
578,AIC,white wine
578,AIC,zucchini
578,AIC,bell pepper
578,AIC,onion
578,AIC,carrot
578,AIC,celery
578,AIC,olive oil
578,AIC,bay leaf
578,AIC,vinegar
578,AIC,lamb offal
579,AIC,salt
579,AIC,olive oil
579,AIC,white wine
579,AIC,chili pepper
579,AIC,onion
579,AIC,lamb coratella
580,AIC,salt
580,AIC,garlic
580,AIC,parsley
580,AIC,stale bread
580,AIC,salted lardo
580,AIC,caul fat
580,AIC,small intestine
580,AIC,kid goat or suckling lamb coratella
581,AIC,chili pepper
581,AIC,garlic
581,AIC,parsley
581,AIC,peeled tomato
581,AIC,bay leaf
581,AIC,olive oil
581,AIC,white wine
581,AIC,onion
581,AIC,kid goat coratella
582,AIC,salt
582,AIC,olive oil
582,AIC,chili pepper
582,AIC,red garlic
582,AIC,pickle
582,AIC,lamb pluck
583,AIC,grated pecorino cheese
583,AIC,peeled tomato
583,AIC,aromatic herb bouquet
583,AIC,montepulciano d’abruzzo wine
583,AIC,garlic
583,AIC,carrot
583,AIC,celery
583,AIC,onion
583,AIC,olive oil
583,AIC,mixed meat
583,AIC,water
583,AIC,egg white
583,AIC,wheat flour
584,AIC,anise liqueur
584,AIC,powdered sugar
584,AIC,egg white
584,AIC,egg
584,AIC,sugar
584,AIC,almond
584,AIC,salt
584,AIC,lard
584,AIC,sugar
584,AIC,wheat flour
585,AIC,powdered sugar
585,AIC,salt
585,AIC,sassolino liqueur
585,AIC,baking powder
585,AIC,lemon
585,AIC,butter
585,AIC,milk
585,AIC,egg
585,AIC,sugar
585,AIC,wheat flour
586,AIC,black pepper
586,AIC,salt
586,AIC,lemon juice
586,AIC,olive oil
586,AIC,lemon
586,AIC,white wine
586,AIC,onion
586,AIC,romanesco artichoke
586,AIC,lamb coratella
587,AIC,salt
587,AIC,vanillin sachet
587,AIC,lemon or orange
587,AIC,honey
587,AIC,sugar
587,AIC,peanut oil
587,AIC,egg
587,AIC,sweet almond
587,AIC,wheat flour
588,AIC,egg
588,AIC,butter
588,AIC,marjoram
588,AIC,pine nut
588,AIC,salt
588,AIC,egg
588,AIC,wheat flour
589,AIC,black pepper
589,AIC,salt
589,AIC,broth
589,AIC,vinegar
589,AIC,white wine
589,AIC,butter
589,AIC,bouquet garni
589,AIC,celery
589,AIC,onion
589,AIC,garlic
589,AIC,carrot
589,AIC,olive oil
589,AIC,lamb leg
590,AIC,salt
590,AIC,olive oil
590,AIC,white wine
590,AIC,scallion
590,AIC,clove
590,AIC,chili pepper
590,AIC,onion
590,AIC,bell pepper
590,AIC,tomato
590,AIC,leg of goat
591,AIC,salt
591,AIC,olive oil
591,AIC,parsley
591,AIC,oregano
591,AIC,garlic
591,AIC,lard
591,AIC,lamb leg
592,AIC,sugar
592,AIC,black pepper
592,AIC,salt
592,AIC,olive oil
592,AIC,marsala
592,AIC,rum
592,AIC,rosemary
592,AIC,garlic
592,AIC,lardo
592,AIC,onion
592,AIC,celery heart
592,AIC,carrot
592,AIC,chestnut
592,AIC,lamb leg
593,AIC,"aromatic herbs (sage, rosemary, bay leaf)"
593,AIC,olive oil
593,AIC,onion
593,AIC,black pepper
593,AIC,salt
593,AIC,parsley
593,AIC,garlic
593,AIC,grated pecorino cheese
593,AIC,egg
593,AIC,"mixed ground meat (pork, veal)"
593,AIC,milk
593,AIC,breadcrumb
593,AIC,boneless lamb leg
594,AIC,black pepper
594,AIC,salt
594,AIC,brandy
594,AIC,wheat flour
594,AIC,rutabaga
594,AIC,celery
594,AIC,onion
594,AIC,carrot
594,AIC,potato
594,AIC,butter
594,AIC,pancetta
594,AIC,mutton leg
595,AIC,vinegar
595,AIC,black pepper
595,AIC,salt
595,AIC,onion
595,AIC,butter
595,AIC,lardo
595,AIC,savoy cabbage
595,AIC,pork rib
596,AIC,black pepper
596,AIC,salt
596,AIC,wheat flour
596,AIC,white wine
596,AIC,olive oil
596,AIC,butter
596,AIC,onion
596,AIC,beef rib steak
597,AIC,salt
597,AIC,lemon
597,AIC,breadcrumb
597,AIC,egg
597,AIC,butter
597,AIC,veal cutlet
598,AIC,black pepper
598,AIC,salt
598,AIC,broth
598,AIC,white wine
598,AIC,butter
598,AIC,olive oil
598,AIC,wheat flour
598,AIC,sage
598,AIC,garlic
598,AIC,parmigiano cheese
598,AIC,veal cutlet
599,AIC,black pepper
599,AIC,salt
599,AIC,water
599,AIC,clove
599,AIC,tomato sauce
599,AIC,red wine
599,AIC,butter
599,AIC,mirepoix
599,AIC,dried mushroom
599,AIC,prosciutto crudo
599,AIC,beef slice
599,AIC,pork cotechino
600,AIC,salt
600,AIC,mint
600,AIC,garlic
600,AIC,vinegar
600,AIC,olive oil
600,AIC,caper
600,AIC,breadcrumb
600,AIC,wheat flour
600,AIC,saury pike
601,AIC,black pepper
601,AIC,salt
601,AIC,olive oil
601,AIC,sage
601,AIC,garlic
601,AIC,tomato
601,AIC,dried cannellini bean
601,AIC,pork rind
602,AIC,water
602,AIC,black pepper
602,AIC,salt
602,AIC,polenta flour
602,AIC,white wine
602,AIC,butter
602,AIC,pork rib
603,AIC,black pepper
603,AIC,salt
603,AIC,lardo
603,AIC,olive oil
603,AIC,bay leaf
603,AIC,onion
603,AIC,brovada
603,AIC,cotechino
604,AIC,water
604,AIC,sugar
604,AIC,quince
605,AIC,broth
605,AIC,wheat flour
605,AIC,black pepper
605,AIC,salt
605,AIC,butter
605,AIC,breadcrumb
605,AIC,grated parmigiano cheese
605,AIC,lemon
605,AIC,egg
605,AIC,prosciutto crudo
605,AIC,veal cutlet
606,AIC,whipping cream
606,AIC,rum
606,AIC,cocoa powder
606,AIC,sugar
606,AIC,egg
607,AIC,frying oil
607,AIC,black pepper
607,AIC,salt
607,AIC,parsley
607,AIC,egg
607,AIC,breadcrumb
607,AIC,wheat flour
607,AIC,mussel
608,AIC,black pepper
608,AIC,olive oil
608,AIC,bay leaf
608,AIC,thyme
608,AIC,white wine
608,AIC,parsley
608,AIC,onion
608,AIC,navelli saffron
608,AIC,mussel
609,AIC,black pepper
609,AIC,salt
609,AIC,lemon
609,AIC,parsley
609,AIC,olive oil
609,AIC,garlic
609,AIC,breadcrumb
609,AIC,mussel
610,AIC,olive oil
610,AIC,breadcrumb
610,AIC,parsley
610,AIC,garlic
610,AIC,mussel
611,AIC,frying oil
611,AIC,salt
611,AIC,beer
611,AIC,wheat flour
611,AIC,egg
611,AIC,mussel
612,AIC,black pepper
612,AIC,salt
612,AIC,chili pepper
612,AIC,olive oil
612,AIC,parsley
612,AIC,garlic
612,AIC,peeled tomato
612,AIC,mussel
613,AIC,olive oil
613,AIC,tomato passata
613,AIC,lemon
613,AIC,parsley
613,AIC,red garlic
613,AIC,breadcrumb
613,AIC,mussel
614,AIC,salt
614,AIC,olive oil
614,AIC,parsley
614,AIC,oregano
614,AIC,garlic
614,AIC,pecorino cheese
614,AIC,breadcrumb
614,AIC,mussel
615,AIC,salt
615,AIC,olive oil
615,AIC,lemon
615,AIC,parsley
615,AIC,garlic
615,AIC,olbia mussel
616,AIC,black pepper
616,AIC,salt
616,AIC,garlic
616,AIC,tomato passata
616,AIC,olive oil
616,AIC,parsley
616,AIC,pecorino cheese
616,AIC,breadcrumb
616,AIC,egg
616,AIC,mussel
617,AIC,black pepper
617,AIC,salt
617,AIC,olive oil
617,AIC,parsley
617,AIC,garlic
617,AIC,pecorino cheese
617,AIC,breadcrumb
617,AIC,egg
617,AIC,tomato sauce
617,AIC,mussel
618,AIC,black pepper
618,AIC,salt
618,AIC,olive oil
618,AIC,tomato sauce
618,AIC,parsley
618,AIC,cheese
618,AIC,stale bread
618,AIC,egg
618,AIC,mussel
619,AIC,black pepper
619,AIC,salt
619,AIC,cumin seed
619,AIC,bay leaf
619,AIC,smoked pork rib
619,AIC,wheat flour
619,AIC,garlic
619,AIC,lard
619,AIC,sauerkraut (sour cabbage)
620,AIC,candied orange
620,AIC,cream
620,AIC,ground cinnamon
620,AIC,orange zest
620,AIC,orange juice
620,AIC,sugar
620,AIC,egg yolk
620,AIC,starch
620,AIC,milk
621,AIC,sugar
621,AIC,cream
621,AIC,unsweetened cocoa powder
621,AIC,egg yolk
621,AIC,milk
622,AIC,salt
622,AIC,bay leaf
622,AIC,olive oil
622,AIC,onion
622,AIC,garlic
622,AIC,pancetta
622,AIC,pork rind
622,AIC,dried fava bean
623,AIC,butter
623,AIC,butter
623,AIC,stale bread
623,AIC,salt
623,AIC,grated parmigiano cheese
623,AIC,broth
623,AIC,potato
623,AIC,garlic
623,AIC,onion
623,AIC,nettle
624,AIC,rum
624,AIC,egg white
624,AIC,egg yolk
624,AIC,sugar
624,AIC,mascarpone
625,AIC,water
625,AIC,black pepper
625,AIC,salt
625,AIC,parsley
625,AIC,parmigiano cheese
625,AIC,egg yolk
625,AIC,milk
625,AIC,vegetable broth
625,AIC,leek
625,AIC,zucchini
626,AIC,olive oil
626,AIC,water
626,AIC,salt
626,AIC,salt
626,AIC,sugar
626,AIC,brewer's yeast
626,AIC,lard
626,AIC,prosciutto crudo and pancetta
626,AIC,wheat flour
627,AIC,black pepper
627,AIC,salt
627,AIC,black truffle
627,AIC,milk
627,AIC,broth
627,AIC,wheat flour
627,AIC,butter
627,AIC,white turnip
628,AIC,black pepper
628,AIC,salt
628,AIC,saffron
628,AIC,broth
628,AIC,parsley
628,AIC,cream
628,AIC,butter
628,AIC,bay leaf
628,AIC,garlic
628,AIC,carrot
628,AIC,celery
628,AIC,onion
628,AIC,pumpkin
629,AIC,black pepper
629,AIC,salt
629,AIC,sugar
629,AIC,milk
629,AIC,brewer's yeast
629,AIC,egg
629,AIC,olive oil
629,AIC,parmigiano cheese
629,AIC,wheat flour
630,AIC,black pepper
630,AIC,salt
630,AIC,sugar
630,AIC,milk
630,AIC,brewer's yeast
630,AIC,egg
630,AIC,olive oil
630,AIC,pecorino cheese
630,AIC,parmigiano cheese
630,AIC,wheat flour
631,AIC,lard
631,AIC,salt
631,AIC,milk or water
631,AIC,brewer's yeast
631,AIC,lard
631,AIC,wheat flour
632,AIC,water
632,AIC,salt
632,AIC,milk
632,AIC,gruyère
632,AIC,grana padano
632,AIC,sourdough starter
632,AIC,brewer's yeast
632,AIC,lard
632,AIC,butter
632,AIC,egg
632,AIC,wheat flour
633,AIC,black pepper
633,AIC,salt
633,AIC,olive oil
633,AIC,white wine
633,AIC,garlic
633,AIC,treviso radicchio
633,AIC,grated parmigiano cheese
633,AIC,egg yolk
633,AIC,broth
633,AIC,milk
633,AIC,milk
633,AIC,wheat flour
633,AIC,egg
634,AIC,salt
634,AIC,baking powder
634,AIC,lard
634,AIC,egg
634,AIC,milk
634,AIC,wheat flour
635,AIC,butter
635,AIC,olive oil
635,AIC,black pepper
635,AIC,salt
635,AIC,parsley
635,AIC,garlic
635,AIC,parmigiano cheese
635,AIC,béchamel sauce
635,AIC,spinach
635,AIC,porcini mushroom
635,AIC,milk
635,AIC,wheat flour
635,AIC,egg
636,AIC,black pepper
636,AIC,nutmeg
636,AIC,parmigiano cheese
636,AIC,tomato sauce
636,AIC,béchamel sauce
636,AIC,ricotta
636,AIC,spinach
636,AIC,salt
636,AIC,butter
636,AIC,milk
636,AIC,wheat flour
636,AIC,egg
637,AIC,parmigiano cheese
637,AIC,butter
637,AIC,béchamel sauce
637,AIC,primo sale cheese
637,AIC,emmental
637,AIC,ricotta
637,AIC,mortadella
637,AIC,salami
637,AIC,cured ham
637,AIC,prosciutto cotto
637,AIC,olive oil
637,AIC,salt
637,AIC,water
637,AIC,milk
637,AIC,wheat flour
637,AIC,egg
638,AIC,olive oil or lard
638,AIC,salt
638,AIC,vanilla
638,AIC,untreated orange peel
638,AIC,ground cinnamon
638,AIC,powdered sugar
638,AIC,orange blossom honey
638,AIC,water
638,AIC,milk
638,AIC,sugar
638,AIC,brewer's yeast
638,AIC,wheat flour
638,AIC,rice
639,AIC,orange zest
639,AIC,almond
639,AIC,honey
639,AIC,sugar
639,AIC,sesame seed
640,AIC,frying oil
640,AIC,black pepper
640,AIC,salt
640,AIC,nutmeg
640,AIC,wheat flour
640,AIC,breadcrumb
640,AIC,parsley
640,AIC,parmigiano cheese
640,AIC,egg
640,AIC,butter
640,AIC,starchy potato
641,AIC,whole wheat bread
641,AIC,black pepper
641,AIC,salt
641,AIC,olive oil
641,AIC,garlic
641,AIC,butter
641,AIC,fresh myrtle berry
642,AIC,salt
642,AIC,lemon zest
642,AIC,baking powder
642,AIC,candied and pitted sour cherry
642,AIC,egg yolk
642,AIC,sugar
642,AIC,butter
642,AIC,wheat flour
643,AIC,candied orange
643,AIC,torrone
643,AIC,vanilla sugar
643,AIC,raisin
643,AIC,sheep's milk ricotta
643,AIC,breadcrumb
643,AIC,baking powder
643,AIC,lemon zest
643,AIC,sugar
643,AIC,marsala and cognac mix
643,AIC,butter
643,AIC,cream
643,AIC,egg yolk
643,AIC,wheat flour
644,AIC,ripe white or black grape
644,AIC,egg yolk
644,AIC,egg
644,AIC,sugar
644,AIC,butter
644,AIC,wheat flour
645,AIC,stale bread
645,AIC,milk
645,AIC,anchovy in oil
645,AIC,butter
645,AIC,provatura
646,AIC,bread slice
646,AIC,garlic
646,AIC,fig
646,AIC,salted anchovy
647,AIC,toasted bread slice
647,AIC,black pepper
647,AIC,salt
647,AIC,sage
647,AIC,butter
647,AIC,anchovy
647,AIC,caper
647,AIC,chicken giblet
648,AIC,toasted bread slice
648,AIC,black pepper
648,AIC,olive oil
648,AIC,wine vinegar
648,AIC,herring
649,AIC,stale bread
649,AIC,black pepper
649,AIC,salt
649,AIC,olive oil
649,AIC,broth
649,AIC,white wine
649,AIC,celery
649,AIC,onion
649,AIC,salted caper
649,AIC,anchovy
649,AIC,veal spleen
649,AIC,chicken liver
650,AIC,salt
650,AIC,butter
650,AIC,grated grana padano
650,AIC,meat broth
650,AIC,onion
650,AIC,milk
650,AIC,stale bread
650,AIC,egg yolk
650,AIC,veal spleen
651,AIC,black pepper
651,AIC,salt
651,AIC,olive oil
651,AIC,breadcrumb
651,AIC,basil
651,AIC,parsley
651,AIC,garlic
651,AIC,onion
651,AIC,carrot
651,AIC,celery
651,AIC,butter
651,AIC,milk
651,AIC,scamorza
651,AIC,grated parmigiano cheese
651,AIC,tomato sauce
651,AIC,ground veal
651,AIC,pea
651,AIC,mushroom
651,AIC,meat broth
651,AIC,egg tagliolini
652,AIC,vanilla sugar
652,AIC,candied fruit
652,AIC,ground cinnamon
652,AIC,rum
652,AIC,orange zest
652,AIC,chocolate shaving
652,AIC,fresh ricotta
652,AIC,salt
652,AIC,lemon zest
652,AIC,egg
652,AIC,butter
652,AIC,sugar
652,AIC,wheat flour
653,AIC,black pepper
653,AIC,salt
653,AIC,meat broth
653,AIC,butter
653,AIC,nutmeg
653,AIC,parsley
653,AIC,stale bread roll
653,AIC,egg
653,AIC,onion
653,AIC,ox spleen
654,AIC,bread
654,AIC,salt
654,AIC,broth
654,AIC,salted caper
654,AIC,butter
654,AIC,chicken liver
655,AIC,stale bread
655,AIC,coffee
655,AIC,alcherme
655,AIC,rum
655,AIC,sweet almond
655,AIC,dark chocolate
655,AIC,chocolate
656,AIC,tuscan bread
656,AIC,black pepper
656,AIC,salt
656,AIC,olive oil
656,AIC,garlic
656,AIC,cannellini bean
657,AIC,sugar
657,AIC,salt
657,AIC,orange
657,AIC,water
657,AIC,wheat flour
657,AIC,honey
657,AIC,hazelnut
658,AIC,salt
658,AIC,zuccata
658,AIC,dark chocolate chip
658,AIC,sugar
658,AIC,dry ricotta
658,AIC,wheat
659,AIC,salt
659,AIC,parsley
659,AIC,garlic
659,AIC,white wine
659,AIC,olive oil
659,AIC,cherry tomato
659,AIC,gurnard (coccio)
660,AIC,guanciale
660,AIC,shallot
660,AIC,tomato pulp
660,AIC,salt
660,AIC,egg
660,AIC,wheat flour
661,AIC,vanilla
661,AIC,egg yolk
661,AIC,sugar
661,AIC,wheat flour
661,AIC,butter
662,AIC,salt
662,AIC,olive oil
662,AIC,bay leaf
662,AIC,wheat
663,AIC,sprinkle
663,AIC,water
663,AIC,saporita spice mix
663,AIC,ground cinnamon
663,AIC,clof
663,AIC,mandarin zest
663,AIC,orange zest
663,AIC,lemon zest
663,AIC,walnut
663,AIC,breadcrumb
663,AIC,sugar
663,AIC,honey
663,AIC,sugar
663,AIC,lard
663,AIC,wheat flour
664,AIC,water
664,AIC,salt and pepper
664,AIC,marjoram
664,AIC,garlic
664,AIC,pork rind
664,AIC,olive oil
664,AIC,coarse durum wheat semolina
664,AIC,fava bean and shelled pea
664,AIC,eggplant
664,AIC,carrot
664,AIC,onion
664,AIC,cabbage leaf
664,AIC,cauliflower
664,AIC,chickpea
665,AIC,almond
665,AIC,garlic
665,AIC,tomato sauce
665,AIC,onion
665,AIC,fish broth
665,AIC,fish soup
665,AIC,salt
665,AIC,bay leaf
665,AIC,parsley
665,AIC,ground cinnamon
665,AIC,chili pepper
665,AIC,onion
665,AIC,wheat flour
665,AIC,olive oil
665,AIC,coarse durum wheat semolina
666,AIC,sugar
666,AIC,olive oil
666,AIC,salt
666,AIC,pine nut
666,AIC,sultana raisin
666,AIC,sugar
666,AIC,egg
666,AIC,wheat flour
666,AIC,milk
666,AIC,apple
667,AIC,black pepper
667,AIC,salt
667,AIC,white wine
667,AIC,wheat flour
667,AIC,olive oil
667,AIC,lemon
667,AIC,parsley
667,AIC,celery
667,AIC,carrot
667,AIC,dentex
668,AIC,salt
668,AIC,olive oil
668,AIC,parmigiano cheese
668,AIC,onion
668,AIC,ricotta
668,AIC,zucchini
668,AIC,ditalini pasta
669,AIC,dark chocolate shaving
669,AIC,candied orange
669,AIC,lemon zest
669,AIC,lemon juice
669,AIC,sugar
669,AIC,sheep's milk ricotta
669,AIC,orange zest
669,AIC,powdered sugar
669,AIC,wheat flour
669,AIC,egg
669,AIC,milk
670,AIC,water
670,AIC,salt
670,AIC,chili pepper
670,AIC,parsley
670,AIC,bay leaf
670,AIC,onion
670,AIC,tomato
670,AIC,sweet pecorino cheese
670,AIC,celery
670,AIC,lamb
671,AIC,salt
671,AIC,breadcrumb
671,AIC,chili powder
671,AIC,white wine
671,AIC,parsley
671,AIC,garlic
671,AIC,olive oil
671,AIC,sun-dried tomato
671,AIC,anchovy
671,AIC,ditalini rigati
672,AIC,salted ricotta
672,AIC,chili pepper
672,AIC,olive oil
672,AIC,onion
672,AIC,tomato passata
672,AIC,short macaroni
673,AIC,chopped almond
673,AIC,cocoa powder
673,AIC,sugar
673,AIC,marsala wine
673,AIC,hard-boiled egg yolk
673,AIC,butter
673,AIC,hazelnut
673,AIC,toasted hazelnut
673,AIC,savoiardi biscuit
674,AIC,dark chocolate
674,AIC,almond nougat
674,AIC,heavy cream
674,AIC,rum
674,AIC,marsala wine
674,AIC,sugar
674,AIC,egg yolk
675,AIC,rum
675,AIC,cognac
675,AIC,alcherme
675,AIC,pandispagna
675,AIC,sugar
675,AIC,egg yolk
675,AIC,mascarpone
676,AIC,salt
676,AIC,lukewarm water
676,AIC,breadcrumb
676,AIC,butter
676,AIC,brewer's yeast
676,AIC,milk
676,AIC,lemon
676,AIC,sugar
676,AIC,egg
676,AIC,chestnut flour
677,AIC,olive oil
677,AIC,lemon
677,AIC,sugar
677,AIC,shelled almond
678,AIC,sugar
678,AIC,egg
678,AIC,honey
678,AIC,wheat flour
678,AIC,butter
678,AIC,milk
678,AIC,yellow pumpkin
679,AIC,verbena
679,AIC,lemon
679,AIC,wheat flour
679,AIC,honey
679,AIC,ground cinnamon
679,AIC,ground clove
679,AIC,walnut
679,AIC,almond
679,AIC,raisin
680,AIC,baking soda
680,AIC,shelled almond
680,AIC,sugar
680,AIC,wheat flour
681,AIC,sunflower oil
681,AIC,orange blossom honey
681,AIC,grated orange peel
681,AIC,ground cinnamon
681,AIC,sugar
681,AIC,olive oil
681,AIC,red wine
681,AIC,wheat flour
682,AIC,black pepper
682,AIC,salt
682,AIC,cream
682,AIC,dry marsala
682,AIC,wheat flour
682,AIC,olive oil
682,AIC,butter
682,AIC,egg
682,AIC,parmigiano cheese
682,AIC,prosciutto crudo
682,AIC,turkey breast slice
683,AIC,black pepper
683,AIC,salt
683,AIC,garlic
683,AIC,butter
683,AIC,mixed wild green
684,AIC,salt
684,AIC,garlic
684,AIC,lardo
684,AIC,wild green
685,AIC,vanilla sugar
685,AIC,vanillin
685,AIC,sugar
685,AIC,milk
685,AIC,butter
685,AIC,wheat flour
686,AIC,wheat flour
686,AIC,butter
686,AIC,salt
686,AIC,egg
686,AIC,wheat flour
686,AIC,sugar
686,AIC,butter
687,AIC,black pepper
687,AIC,salt
687,AIC,wheat flour
687,AIC,cognac
687,AIC,broth
687,AIC,cream
687,AIC,thyme
687,AIC,marjoram
687,AIC,sage
687,AIC,onion
687,AIC,butter
687,AIC,pheasant
688,AIC,black pepper
688,AIC,salt
688,AIC,olive oil
688,AIC,sage
688,AIC,garlic
688,AIC,peeled tomato
688,AIC,cannellini bean
689,AIC,water
689,AIC,black pepper
689,AIC,salt
689,AIC,olive oil
689,AIC,basil
689,AIC,garlic
689,AIC,onion
689,AIC,tomato
689,AIC,new potato
689,AIC,green bean
690,AIC,rosemary
690,AIC,sage
690,AIC,salt
690,AIC,chili pepper
690,AIC,olive oil
690,AIC,potato
690,AIC,tomato paste
690,AIC,red wine
690,AIC,onion
690,AIC,carrot
690,AIC,celery
690,AIC,veal heart
690,AIC,veal lung
691,AIC,warm water
691,AIC,salt
691,AIC,chili pepper
691,AIC,olive oil
691,AIC,garlic
691,AIC,green
691,AIC,wheat flour
692,AIC,black pepper
692,AIC,salt
692,AIC,garlic
692,AIC,olive oil
692,AIC,sage
692,AIC,cannellini bean
693,AIC,black pepper
693,AIC,salt
693,AIC,grated grana padano
693,AIC,tomato paste
693,AIC,garlic
693,AIC,onion
693,AIC,carrot
693,AIC,olive oil
693,AIC,butter
693,AIC,lardo
693,AIC,pork rind
693,AIC,black-eyed pea
694,AIC,soft clay
694,AIC,heavy waxed paper
694,AIC,ground cinnamon
694,AIC,juniper berry
694,AIC,nutmeg
694,AIC,dried basil
694,AIC,dried rosemary
694,AIC,clof
694,AIC,dried bay leaf
694,AIC,white pepper
694,AIC,black pepper
694,AIC,salt
694,AIC,butter
694,AIC,guinea fowl
695,AIC,black pepper
695,AIC,salt
695,AIC,baking soda
695,AIC,parsley
695,AIC,garlic
695,AIC,pork rind
695,AIC,dried borlotti bean
696,AIC,olive oil
696,AIC,white wine
696,AIC,onion
696,AIC,carrot
696,AIC,celery
696,AIC,mascarpone
696,AIC,butter
696,AIC,guinea fowl
697,AIC,salt
697,AIC,toasted bread
697,AIC,olive oil
697,AIC,white wine
697,AIC,bay leaf
697,AIC,sage
697,AIC,garlic
697,AIC,onion
697,AIC,carrot
697,AIC,celery
697,AIC,lemon
697,AIC,butter
697,AIC,caper
697,AIC,anchovy fillet
697,AIC,prosciutto crudo
697,AIC,guinea fowl
698,AIC,black pepper
698,AIC,salt
698,AIC,nutmeg
698,AIC,cognac
698,AIC,wheat flour
698,AIC,parsley
698,AIC,egg
698,AIC,mostarda
698,AIC,breadcrumb
698,AIC,grana padano
698,AIC,roasted chestnut
698,AIC,walnut
698,AIC,milk
698,AIC,rice
698,AIC,broth
698,AIC,onion
698,AIC,white wine
698,AIC,lardo
698,AIC,olive oil
698,AIC,butter
698,AIC,guinea fowl
699,AIC,black pepper
699,AIC,salt
699,AIC,sage
699,AIC,rosemary
699,AIC,white wine
699,AIC,olive oil
699,AIC,butter
699,AIC,prosciutto crudo
699,AIC,pork caul fat
699,AIC,guinea fowl
700,AIC,black pepper
700,AIC,salt
700,AIC,fresh sage leaf
700,AIC,garlic
700,AIC,salted anchovy
700,AIC,bay leaf
700,AIC,wild chicory plant
700,AIC,dark chocolate
700,AIC,bitter olive
700,AIC,spleen
700,AIC,red wine
700,AIC,olive oil
700,AIC,guinea fowl
701,AIC,salt
701,AIC,bay leaf
701,AIC,olive oil
701,AIC,guinea fowl
702,AIC,salt and pepper
702,AIC,vinegar
702,AIC,olive oil
702,AIC,soppressa
702,AIC,guinea fowl liver and gizzard
702,AIC,guinea fowl
703,AIC,black pepper
703,AIC,salt
703,AIC,broth
703,AIC,marsala wine
703,AIC,bay leaf
703,AIC,clove
703,AIC,cinnamon stick
703,AIC,nutmeg
703,AIC,sage
703,AIC,butter
703,AIC,prosciutto crudo
703,AIC,veal liver
703,AIC,guinea fowl
704,AIC,milk
704,AIC,tomato
704,AIC,celery
704,AIC,onion
704,AIC,hen
704,AIC,salt
704,AIC,nutmeg
704,AIC,parmigiano cheese
704,AIC,egg
704,AIC,breadcrumb
704,AIC,veal
704,AIC,farfalline pasta
705,AIC,water
705,AIC,black pepper
705,AIC,salt
705,AIC,olive oil
705,AIC,chickpea flour
706,AIC,water
706,AIC,salt
706,AIC,black pepper
706,AIC,olive oil
706,AIC,wheat flour
707,AIC,salt
707,AIC,olive oil
707,AIC,water
707,AIC,chickpea flour
708,AIC,water
708,AIC,salt
708,AIC,grated parmigiano cheese
708,AIC,butter
708,AIC,milk
708,AIC,polenta flour
709,AIC,milk
709,AIC,water
709,AIC,salt
709,AIC,grated smoked ricotta
709,AIC,milk
709,AIC,butter
709,AIC,wheat flour
709,AIC,yellow polenta
709,AIC,yellow pumpkin
710,AIC,powdered sugar
710,AIC,baking powder
710,AIC,salt
710,AIC,seed oil
710,AIC,grappa
710,AIC,lemon
710,AIC,milk
710,AIC,wheat flour
710,AIC,sugar
710,AIC,egg
711,AIC,black pepper
711,AIC,salt
711,AIC,olive oil
711,AIC,rosemary
711,AIC,sage
711,AIC,garlic
711,AIC,onion
711,AIC,pig's trotter
711,AIC,borlotti bean
711,AIC,spelt
712,AIC,black pepper
712,AIC,salt
712,AIC,olive oil
712,AIC,tomato paste
712,AIC,marsala wine
712,AIC,tomato sauce
712,AIC,scallion
712,AIC,parsley
712,AIC,hard-boiled egg
712,AIC,caciocavallo
712,AIC,salami
712,AIC,pork lard
712,AIC,veal topside
713,AIC,water
713,AIC,black pepper
713,AIC,salt
713,AIC,wheat flour
713,AIC,bay leaf
713,AIC,onion
713,AIC,pancetta
713,AIC,borlotti bean
714,AIC,salt
714,AIC,olive oil
714,AIC,prosciutto crudo
714,AIC,fresh pistachio
714,AIC,lemon
714,AIC,parmigiano cheese
714,AIC,bell pepper
714,AIC,carrot
714,AIC,hen
715,AIC,olive oil
715,AIC,breadcrumb
715,AIC,salt
715,AIC,chili pepper
715,AIC,garlic
715,AIC,olive oil
715,AIC,white fava bean
715,AIC,loane
716,AIC,olive oil
716,AIC,salt
716,AIC,wheat flour
716,AIC,egg
716,AIC,fava bean
717,AIC,salt
717,AIC,parsley
717,AIC,chili pepper
717,AIC,garlic
717,AIC,olive oil
717,AIC,fava bean
718,AIC,salt
718,AIC,olive oil
718,AIC,chicory
718,AIC,dried fava bean
719,AIC,salt
719,AIC,olive oil
719,AIC,fresh mint leaf
719,AIC,garlic
719,AIC,dried fava bean
720,AIC,grated chocolate
720,AIC,rose water
720,AIC,vanilla rosolio
720,AIC,sugar
720,AIC,egg white
720,AIC,wheat flour
720,AIC,peeled almond
721,AIC,black pepper
721,AIC,salt
721,AIC,olive oil
721,AIC,fresh wild mint sprig
721,AIC,garlic
721,AIC,fava bean
722,AIC,salt
722,AIC,parsley
722,AIC,sugar
722,AIC,olive oil
722,AIC,cream
722,AIC,milk
722,AIC,onion
722,AIC,garlic
722,AIC,lardo
722,AIC,fava bean
723,AIC,fresh pecorino sardo
723,AIC,fava bean
724,AIC,salt
724,AIC,olive oil
724,AIC,white wine
724,AIC,vegetable broth
724,AIC,onion
724,AIC,guanciale
724,AIC,fava bean
725,AIC,water
725,AIC,black pepper
725,AIC,salt
725,AIC,scallion
725,AIC,olive oil
725,AIC,fava bean
726,AIC,water
726,AIC,salt
726,AIC,mint
726,AIC,lardo
726,AIC,scallion
726,AIC,fava bean
727,AIC,salted anchovy
727,AIC,garlic
727,AIC,olive oil
727,AIC,fedelini
728,AIC,black pepper
728,AIC,salt
728,AIC,santoreggia sausage
728,AIC,herbs
728,AIC,tomato
728,AIC,celery
728,AIC,carrot
728,AIC,onion
728,AIC,butter
728,AIC,toma
728,AIC,fontina
728,AIC,whole wheat bread
728,AIC,tomato sauce
728,AIC,short pasta
728,AIC,fava bean
729,AIC,black pepper
729,AIC,salt
729,AIC,olive oil
729,AIC,bay leaf
729,AIC,breadcrumb
729,AIC,fennel seed
729,AIC,pork caul fat
729,AIC,pork liver
730,AIC,black pepper
730,AIC,salt
730,AIC,parsley
730,AIC,wheat flour
730,AIC,garlic
730,AIC,onion
730,AIC,barbera wine
730,AIC,lardo
730,AIC,butter
730,AIC,veal liver
731,AIC,black pepper
731,AIC,salt
731,AIC,parsley
731,AIC,white wine vinegar or lemon juice
731,AIC,olive oil
731,AIC,butter
731,AIC,white onion
731,AIC,veal liver
732,AIC,veal udder or spleen
732,AIC,breadcrumb
732,AIC,vinegar
732,AIC,salt
732,AIC,olive oil
732,AIC,veal liver
733,AIC,salt
733,AIC,lemon
733,AIC,lard
733,AIC,bay leaf
733,AIC,omento (pork caul fat)
733,AIC,pork liver
734,AIC,black pepper
734,AIC,salt
734,AIC,broth
734,AIC,garlic
734,AIC,rosemary
734,AIC,bay leaf
734,AIC,sage
734,AIC,red wine
734,AIC,lemon
734,AIC,olive oil
734,AIC,bread
734,AIC,pork caul fat
734,AIC,pork liver
735,AIC,cocoa powder
735,AIC,wine vinegar
735,AIC,sage
735,AIC,raisin
735,AIC,butter
735,AIC,pine nut
735,AIC,chili pepper
735,AIC,garlic
735,AIC,parsley
735,AIC,onion
735,AIC,pork caul fat
735,AIC,pork liver
736,AIC,salt
736,AIC,bay leaf
736,AIC,parsley
736,AIC,pecorino cheese
736,AIC,breadcrumb
736,AIC,pork caul fat
736,AIC,pork liver
737,AIC,black pepper
737,AIC,salt
737,AIC,wild fennel seed
737,AIC,orange slice
737,AIC,bay leaf
737,AIC,caul fat (omento or rezza)
737,AIC,pork liver
738,AIC,salt
738,AIC,lemon
738,AIC,olive oil
738,AIC,monkfish liver
739,AIC,salt
739,AIC,mint
739,AIC,garlic
739,AIC,breadcrumb
739,AIC,olive oil
739,AIC,sugar
739,AIC,vinegar
739,AIC,veal liver
740,AIC,lemon
740,AIC,black pepper
740,AIC,salt
740,AIC,sage
740,AIC,butter
740,AIC,breadcrumb
740,AIC,veal liver
741,AIC,tuscan bread
741,AIC,black pepper
741,AIC,salt
741,AIC,olive oil
741,AIC,garlic
741,AIC,tuscan kale
742,AIC,frying oil
742,AIC,egg
742,AIC,wheat flour
742,AIC,sugar
742,AIC,lemon
742,AIC,egg yolk
742,AIC,veal liver
743,AIC,black pepper
743,AIC,salt
743,AIC,meat broth
743,AIC,black truffle
743,AIC,butter
743,AIC,pancetta
743,AIC,ready-made aspic
743,AIC,bay leaf
743,AIC,celery
743,AIC,carrot
743,AIC,prosciutto crudo
743,AIC,veal top round
744,AIC,olive oil
744,AIC,anise liqueur
744,AIC,sugar
744,AIC,olive oil
744,AIC,egg
744,AIC,wheat flour
745,AIC,black pepper
745,AIC,salt
745,AIC,lemon
745,AIC,fish broth
745,AIC,onion
745,AIC,parsley
745,AIC,salted caper
745,AIC,chanterelle mushroom
745,AIC,pike-perch
745,AIC,egg fettuccine
746,AIC,hot water
746,AIC,salt
746,AIC,grated parmigiano cheese
746,AIC,white wine
746,AIC,tomato paste
746,AIC,tomato passata
746,AIC,onion
746,AIC,carrot
746,AIC,celery
746,AIC,chicken giblet
746,AIC,olive oil
746,AIC,egg fettuccine
747,AIC,egg
747,AIC,black pepper
747,AIC,baking powder
747,AIC,egg
747,AIC,pecorino cheese
747,AIC,salt
747,AIC,baking powder
747,AIC,milk
747,AIC,olive oil
747,AIC,egg
747,AIC,wheat flour
748,AIC,powdered sugar
748,AIC,salt
748,AIC,lemon zest
748,AIC,sugar
748,AIC,egg
748,AIC,sheep's milk ricotta
748,AIC,egg
748,AIC,olive oil
748,AIC,sugar
748,AIC,wheat flour
749,AIC,black pepper
749,AIC,egg yolk
749,AIC,prosciutto crudo
749,AIC,pecorino cheese
749,AIC,parmigiano cheese
749,AIC,ricotta
749,AIC,salt
749,AIC,white wine
749,AIC,olive oil
749,AIC,egg
749,AIC,wheat flour
750,AIC,butter
750,AIC,cow's milk cheese
750,AIC,cow's milk cheese
750,AIC,parmigiano cheese
750,AIC,egg
751,AIC,egg yolk
751,AIC,salt
751,AIC,lemon zest
751,AIC,sugar
751,AIC,egg
751,AIC,sheep's milk ricotta
751,AIC,egg
751,AIC,olive oil
751,AIC,sugar
751,AIC,wheat flour
752,AIC,salt
752,AIC,sugar
752,AIC,fig
752,AIC,butter
752,AIC,brewer's yeast
752,AIC,wheat flour
753,AIC,water
753,AIC,salt
753,AIC,vinegar
753,AIC,olive oil
753,AIC,wheat flour
753,AIC,salted cod fillet
754,AIC,black pepper
754,AIC,salt
754,AIC,myrtle berry
754,AIC,bay leaf
754,AIC,white wine
754,AIC,egg
754,AIC,semolina
754,AIC,carp
755,AIC,sugar
755,AIC,dark chocolate
755,AIC,ground cinnamon
755,AIC,candied citron
755,AIC,clove
755,AIC,almond
755,AIC,dried fig
756,AIC,olive oil
756,AIC,salt
756,AIC,bread dough
757,AIC,bay leaf
757,AIC,passito wine
757,AIC,ground cinnamon
757,AIC,sugar
757,AIC,candied citron
757,AIC,dark chocolate
757,AIC,walnut
757,AIC,almond
757,AIC,dried fig
758,AIC,salt
758,AIC,breadcrumb
758,AIC,egg
758,AIC,butter
758,AIC,perch fillet
759,AIC,black pepper
759,AIC,salt
759,AIC,parsley
759,AIC,fresh sage leaf
759,AIC,l'aquila saffron
759,AIC,cream
759,AIC,butter
759,AIC,olive oil
759,AIC,new potato
759,AIC,sole fillet
760,AIC,frying oil
760,AIC,salt
760,AIC,lemon
760,AIC,parsley
760,AIC,remilled semolina flour
760,AIC,trout
761,AIC,salt
761,AIC,wheat flour
761,AIC,rosemary
761,AIC,sage
761,AIC,bay leaf
761,AIC,marjoram
761,AIC,thyme
761,AIC,parsley
761,AIC,garlic
761,AIC,white wine
761,AIC,olive oil
761,AIC,breadcrumb
761,AIC,trout
762,AIC,chili oil
762,AIC,olive oil
762,AIC,parsley
762,AIC,garlic
762,AIC,white wine
762,AIC,lemon juice
762,AIC,black truffle
762,AIC,mushroom
762,AIC,trout
763,AIC,butter
763,AIC,olive oil
763,AIC,black pepper
763,AIC,salt
763,AIC,red wine
763,AIC,cream
763,AIC,broth
763,AIC,garlic
763,AIC,clove
763,AIC,black pepper
763,AIC,juniper berry
763,AIC,currant sauce
763,AIC,prune
763,AIC,black bread
763,AIC,celery
763,AIC,carrot
763,AIC,onion
763,AIC,white lard
763,AIC,well-aged beef fillet
764,AIC,black pepper
764,AIC,salt
764,AIC,fish broth
764,AIC,olive oil
764,AIC,tomato
764,AIC,onion
764,AIC,eggplant
764,AIC,dentex
765,AIC,salt
765,AIC,puff pastry
765,AIC,smoked pancetta
765,AIC,grated parmigiano cheese
765,AIC,egg
765,AIC,white wine
765,AIC,olive oil
765,AIC,garlic
765,AIC,onion
765,AIC,potato
765,AIC,bell pepper
765,AIC,carrot
765,AIC,rabbit liver
765,AIC,pork pulp
765,AIC,veal pulp
765,AIC,boneless rabbit
766,AIC,water
766,AIC,salt
766,AIC,balsamic vinegar
766,AIC,starch
766,AIC,bay leaf
766,AIC,garlic
766,AIC,olive oil
766,AIC,mustard
766,AIC,white wine
766,AIC,apple
766,AIC,pork fillet
767,AIC,black pepper
767,AIC,salt
767,AIC,aromatic herbs for roasting
767,AIC,olive oil
767,AIC,scallion
767,AIC,strawberry
767,AIC,pork fillet
768,AIC,black pepper
768,AIC,salt
768,AIC,bay leaf
768,AIC,marsala wine
768,AIC,white wine
768,AIC,white wine vinegar
768,AIC,wheat flour
768,AIC,butter
768,AIC,pickled mushroom
768,AIC,sweetbread
768,AIC,beef fillet
768,AIC,chicken liver
768,AIC,veal spinal cord
768,AIC,"chicken combs, wattles, and unlaid egg"
769,AIC,ground cinnamon
769,AIC,sugar
769,AIC,grappa
769,AIC,cream
770,AIC,salt
770,AIC,orange blossom water
770,AIC,apricot jam
770,AIC,powdered sugar
770,AIC,baking powder
770,AIC,olive oil
770,AIC,butter
770,AIC,milk
770,AIC,egg
770,AIC,wheat flour
771,AIC,frying oil
771,AIC,water
771,AIC,salt
771,AIC,sugar
771,AIC,egg
771,AIC,grappa
771,AIC,olive oil
771,AIC,wheat flour
771,AIC,robinia flower (or acacia)
772,AIC,olive oil
772,AIC,brewer's yeast
772,AIC,salt
772,AIC,wheat flour
772,AIC,anchovy fillet
772,AIC,grated grana padano
772,AIC,ricotta
772,AIC,zucchini flower
773,AIC,powdered sugar
773,AIC,olive oil
773,AIC,egg
773,AIC,white wine
773,AIC,lemon zest
773,AIC,milk
773,AIC,sugar
773,AIC,wheat flour
773,AIC,acacia and elderflower blossom
774,AIC,black pepper
774,AIC,salt
774,AIC,onion
774,AIC,green bean
774,AIC,potato
774,AIC,parmigiano cheese
774,AIC,egg
774,AIC,zucchini flower
775,AIC,sugar
775,AIC,sugar
775,AIC,salt
775,AIC,semolina
775,AIC,wheat flour
775,AIC,milk
775,AIC,egg
775,AIC,peanut oil
775,AIC,zucchini flower
776,AIC,black pepper
776,AIC,salt
776,AIC,butter
776,AIC,basil
776,AIC,marjoram
776,AIC,parmigiano cheese
776,AIC,olive oil
776,AIC,egg
776,AIC,potato
776,AIC,zucchini
776,AIC,green bean
776,AIC,zucchini flower
777,AIC,frying oil
777,AIC,salt
777,AIC,egg
777,AIC,wheat flour
777,AIC,zucchini flower
778,AIC,salt
778,AIC,milk
778,AIC,olive oil
778,AIC,egg white
778,AIC,egg yolk
778,AIC,wheat flour
778,AIC,olive oil
778,AIC,anchovy in oil
778,AIC,mozzarella
778,AIC,zucchini flower
779,AIC,salt
779,AIC,butter
779,AIC,red onion
779,AIC,bread dough
780,AIC,milk
780,AIC,salt
780,AIC,butter
780,AIC,egg
780,AIC,grated grana padano
780,AIC,breadcrumb
780,AIC,herbs
780,AIC,chard
780,AIC,zucchini
780,AIC,salsiccia
780,AIC,minced veal
780,AIC,zucchini flower
781,AIC,fresh pecorino cheese
781,AIC,pecorino cheese
781,AIC,neapolitan salami
781,AIC,warm water
781,AIC,salt
781,AIC,egg
781,AIC,lard
781,AIC,wheat flour
782,AIC,black pepper
782,AIC,salt
782,AIC,olive oil
782,AIC,nutmeg
782,AIC,garlic
782,AIC,parmigiano cheese
782,AIC,egg
782,AIC,fontina
782,AIC,milk
782,AIC,wheat flour
782,AIC,butter
782,AIC,spinach
783,AIC,black pepper
783,AIC,salt
783,AIC,nutmeg
783,AIC,spinach
783,AIC,milk
783,AIC,wheat flour
783,AIC,butter
783,AIC,egg
784,AIC,black pepper
784,AIC,salt
784,AIC,olive oil
784,AIC,tomato
784,AIC,sheep rib
784,AIC,white onion
784,AIC,focaccia dough
785,AIC,olive oil
785,AIC,lukewarm water
785,AIC,salt
785,AIC,black pepper
785,AIC,brewer's yeast
785,AIC,lardelli and lard
785,AIC,wheat flour
785,AIC,wheat flour
786,AIC,water
786,AIC,warm water
786,AIC,salt
786,AIC,olive oil
786,AIC,white wine
786,AIC,brewer's yeast
786,AIC,wheat flour
787,AIC,salt
787,AIC,lard
787,AIC,brewer's yeast
787,AIC,wheat flour
787,AIC,ciccioli
788,AIC,salt
788,AIC,stracchino
788,AIC,olive oil
788,AIC,wheat flour
789,AIC,black pepper
789,AIC,salt
789,AIC,olive oil
789,AIC,basil
789,AIC,tomato
789,AIC,milk
789,AIC,brewer's yeast
789,AIC,wheat flour
789,AIC,potato
790,AIC,olive oil
790,AIC,salted caper
790,AIC,black olive
790,AIC,anchovy
790,AIC,tuna in oil
790,AIC,tomato
790,AIC,salt
790,AIC,lard
790,AIC,brewer's yeast
790,AIC,wheat flour
791,AIC,water
791,AIC,olive oil
791,AIC,lukewarm water
791,AIC,salt
791,AIC,black pepper
791,AIC,honey
791,AIC,milk
791,AIC,brewer's yeast
791,AIC,scallion
791,AIC,lard
791,AIC,re-milled durum wheat semolina
791,AIC,wheat flour
792,AIC,water
792,AIC,black pepper
792,AIC,salt
792,AIC,leek
792,AIC,fava bean
792,AIC,olive oil
792,AIC,sugar
792,AIC,brewer's yeast
792,AIC,wheat flour
793,AIC,salt
793,AIC,dark chocolate shaving
793,AIC,raisin
793,AIC,baking powder
793,AIC,lemon zest
793,AIC,sugar
793,AIC,ricotta
793,AIC,wheat flour
794,AIC,warm water
794,AIC,salt
794,AIC,rum
794,AIC,lemon zest
794,AIC,orange zest
794,AIC,egg
794,AIC,egg yolk
794,AIC,butter
794,AIC,vanilla sugar
794,AIC,yeast
794,AIC,wheat flour
795,AIC,salt
795,AIC,chili pepper
795,AIC,garlic
795,AIC,olive oil
795,AIC,potato
795,AIC,cabbage
796,AIC,cold water
796,AIC,salt
796,AIC,egg
796,AIC,wheat flour
796,AIC,olive oil
796,AIC,anchovy paste
796,AIC,sage
797,AIC,salt
797,AIC,water
797,AIC,white wine
797,AIC,bay leaf
797,AIC,garlic
797,AIC,olive oil
797,AIC,cabbage
798,AIC,salt
798,AIC,lard
798,AIC,wheat flour
798,AIC,fresh pecorino cheese
799,AIC,salt
799,AIC,egg yolk
799,AIC,lemon
799,AIC,orange
799,AIC,sugar
799,AIC,lard
799,AIC,pecorino cheese
799,AIC,wheat flour
800,AIC,black pepper
800,AIC,salt
800,AIC,wheat flour
800,AIC,parsley
800,AIC,sage
800,AIC,peeled tomato
800,AIC,olive oil
800,AIC,garlic
800,AIC,onion
800,AIC,leftover boiled meat
801,AIC,salt
801,AIC,grated pecorino cheese
801,AIC,olive oil
801,AIC,mascarpone
801,AIC,tomato
801,AIC,onion
801,AIC,celery
801,AIC,bell pepper
801,AIC,egg
801,AIC,wheat flour
802,AIC,warm water
802,AIC,raisin
802,AIC,vanilla sugar
802,AIC,egg yolk
802,AIC,egg
802,AIC,lemon zest
802,AIC,ricotta
802,AIC,salt
802,AIC,sugar
802,AIC,lard
802,AIC,wheat flour
803,AIC,black pepper
803,AIC,salt
803,AIC,olive oil or lard
803,AIC,onion
803,AIC,chicken gizzards and liver
804,AIC,water
804,AIC,salt
804,AIC,chili pepper
804,AIC,marjoram
804,AIC,peeled tomato
804,AIC,prosciutto crudo
804,AIC,onion
804,AIC,olive oil
804,AIC,wheat flour
805,AIC,salt
805,AIC,water
805,AIC,grated pecorino cheese
805,AIC,chili pepper
805,AIC,olive oil
805,AIC,garlic
805,AIC,remilled semolina
806,AIC,black pepper
806,AIC,salt
806,AIC,vinegar
806,AIC,butter
806,AIC,olive oil
806,AIC,broth
806,AIC,peeled tomato
806,AIC,white wine
806,AIC,ground cinnamon
806,AIC,clove
806,AIC,celery
806,AIC,carrot
806,AIC,onion
806,AIC,roe deer offal
807,AIC,wheat flour
807,AIC,lemon
807,AIC,sugar
807,AIC,butter
808,AIC,grated pecorino cheese
808,AIC,tomato
808,AIC,onion
808,AIC,olive oil
808,AIC,egg
808,AIC,sausage
808,AIC,ground meat
808,AIC,salt
808,AIC,egg
808,AIC,wheat flour
809,AIC,black pepper
809,AIC,salt
809,AIC,hot water
809,AIC,parsley
809,AIC,white wine
809,AIC,olive oil
809,AIC,garlic
809,AIC,mussel
809,AIC,sun-dried tomato
809,AIC,tomato pulp
809,AIC,fine durum wheat semolina
810,AIC,cipolline d'ivrea
810,AIC,celery
810,AIC,carrot
810,AIC,onion
810,AIC,nutmeg
810,AIC,clove
810,AIC,juniper berry
810,AIC,grignolino wine
810,AIC,meat broth
810,AIC,garlic
810,AIC,bay leaf
810,AIC,rosemary
810,AIC,lardo
810,AIC,olive oil
810,AIC,mixed pork and veal stew meat
811,AIC,black pepper
811,AIC,salt
811,AIC,clof
811,AIC,parsley and celery leaf
811,AIC,carrot
811,AIC,onion
811,AIC,white wine
811,AIC,prosciutto crudo
811,AIC,butter
811,AIC,veal top round
812,AIC,black pepper
812,AIC,salt
812,AIC,olive oil
812,AIC,lemon juice
812,AIC,egg yolk
812,AIC,garlic
812,AIC,caesar's mushroom
812,AIC,waxy potato
813,AIC,tomato
813,AIC,vinegar
813,AIC,white wine
813,AIC,black pepper
813,AIC,salt
813,AIC,rosemary sprig
813,AIC,garlic
813,AIC,olive oil
813,AIC,chicken
814,AIC,black pepper
814,AIC,apple
814,AIC,onion
814,AIC,salted cheese
815,AIC,montasio
815,AIC,montasio
816,AIC,water
816,AIC,salt
816,AIC,olive oil
816,AIC,butter
816,AIC,boiled meat
816,AIC,tomato
816,AIC,bell pepper
816,AIC,onion
816,AIC,eggplant
816,AIC,zucchini
816,AIC,potato
817,AIC,water
817,AIC,salt
817,AIC,olive oil
817,AIC,butter
817,AIC,boiled meat
817,AIC,tomato
817,AIC,bell pepper
817,AIC,onion
817,AIC,eggplant
817,AIC,zucchini
817,AIC,potato
818,AIC,water
818,AIC,black pepper
818,AIC,salt
818,AIC,smoked pancetta
818,AIC,onion
818,AIC,potato
818,AIC,montasio
819,AIC,sugar
819,AIC,olive oil
819,AIC,sultana raisin
819,AIC,pine nut
819,AIC,salt
819,AIC,milk
819,AIC,chestnut flour
820,AIC,salt
820,AIC,chili pepper
820,AIC,sugar
820,AIC,lard
820,AIC,pancetta
820,AIC,tomato
820,AIC,yellow onion
821,AIC,black pepper
821,AIC,salt
821,AIC,olive oil
821,AIC,basil
821,AIC,chili pepper
821,AIC,peeled tomato
821,AIC,garlic
821,AIC,red onion
821,AIC,yellow potato
822,AIC,black pepper
822,AIC,salt
822,AIC,olive oil
822,AIC,scallion
822,AIC,tomato
822,AIC,chard leaf
822,AIC,green bean
822,AIC,zucchini flower
822,AIC,zucchini
823,AIC,black pepper
823,AIC,salt
823,AIC,balsamic vinegar
823,AIC,olive oil
823,AIC,red onion
823,AIC,egg
824,AIC,olive oil
824,AIC,salt
824,AIC,parmigiano or pecorino cheese
824,AIC,cherry tomato
824,AIC,tropea onion
824,AIC,egg
825,AIC,salt
825,AIC,olive oil
825,AIC,lemon juice
825,AIC,artichoke
825,AIC,egg
826,AIC,salt
826,AIC,olive oil
826,AIC,wheat flour
826,AIC,parsley
826,AIC,goby
826,AIC,egg
827,AIC,peanut oil
827,AIC,black pepper
827,AIC,salt
827,AIC,parsley
827,AIC,milk or water
827,AIC,egg
827,AIC,wheat flour
827,AIC,fish
828,AIC,black pepper
828,AIC,salt
828,AIC,butter
828,AIC,parsley
828,AIC,wheat flour
828,AIC,milk
828,AIC,parmigiano cheese
828,AIC,egg
829,AIC,black pepper
829,AIC,salt
829,AIC,parmigiano cheese
829,AIC,butter
829,AIC,onion
829,AIC,egg
830,AIC,black pepper
830,AIC,salt
830,AIC,vinegar
830,AIC,olive oil
830,AIC,parsley
830,AIC,bay leaf
830,AIC,garlic
830,AIC,red wine
830,AIC,onion
830,AIC,purged snail
830,AIC,egg
831,AIC,salt
831,AIC,butter
831,AIC,herbs
831,AIC,egg
832,AIC,grated parmigiano cheese
832,AIC,egg
832,AIC,leftover pasta
833,AIC,black pepper
833,AIC,salt
833,AIC,water
833,AIC,olive oil
833,AIC,parsley
833,AIC,wheat flour
833,AIC,milk
833,AIC,frog
833,AIC,egg
834,AIC,black pepper
834,AIC,salt
834,AIC,olive oil
834,AIC,frog
834,AIC,egg
835,AIC,salt
835,AIC,parsley
835,AIC,olive oil
835,AIC,caciocavallo
835,AIC,ricotta
835,AIC,egg
836,AIC,salt
836,AIC,butter
836,AIC,reinette apple
836,AIC,potato
836,AIC,egg
837,AIC,black pepper
837,AIC,salt
837,AIC,olive oil
837,AIC,garlic
837,AIC,basil
837,AIC,parsley
837,AIC,potato
837,AIC,egg
838,AIC,salt
838,AIC,olive oil
838,AIC,black truffle
838,AIC,egg
839,AIC,frying oil
839,AIC,black pepper
839,AIC,salt
839,AIC,balsamic vinegar
839,AIC,grated parmigiano cheese
839,AIC,white potato
839,AIC,egg
840,AIC,olive oil
840,AIC,anchovy in oil
840,AIC,caper
840,AIC,black gaeta olife
840,AIC,garlic
840,AIC,spaghetti
841,AIC,black pepper
841,AIC,salt
841,AIC,garlic
841,AIC,olive oil
841,AIC,wheat flour
841,AIC,vitalba shoot
841,AIC,egg
842,AIC,black pepper
842,AIC,salt
842,AIC,breadcrumb
842,AIC,wheat flour
842,AIC,béchamel sauce
842,AIC,butter
842,AIC,mortadella
842,AIC,parmigiano cheese
842,AIC,egg
843,AIC,black pepper
843,AIC,salt
843,AIC,olive oil
843,AIC,thyme
843,AIC,rosemary
843,AIC,sage
843,AIC,marjoram
843,AIC,basil
843,AIC,parsley
843,AIC,garlic
843,AIC,onion
843,AIC,artichoke
843,AIC,asparagus
843,AIC,spinach
843,AIC,salami
843,AIC,pancetta
843,AIC,sausage
843,AIC,egg
844,AIC,black pepper
844,AIC,salt
844,AIC,parmigiano cheese
844,AIC,salame duja
844,AIC,egg
845,AIC,salt
845,AIC,olive oil
845,AIC,onion
845,AIC,parsley
845,AIC,salami
845,AIC,egg
846,AIC,black pepper
846,AIC,salt
846,AIC,cheese
846,AIC,butter
846,AIC,olive oil
846,AIC,smoked pancetta
846,AIC,celery
846,AIC,minced pork
846,AIC,onion
846,AIC,egg
847,AIC,frying oil
847,AIC,salt
847,AIC,salted anchovy
847,AIC,grappa
847,AIC,white wine
847,AIC,olive oil
847,AIC,brewer's yeast
847,AIC,egg
847,AIC,wheat flour
848,AIC,water
848,AIC,frying oil
848,AIC,salt
848,AIC,wheat flour
848,AIC,egg
848,AIC,salted cod
849,AIC,black pepper
849,AIC,salt
849,AIC,olive oil
849,AIC,fresh white truffle
849,AIC,egg
850,AIC,salt
850,AIC,onion
850,AIC,tomato passata
850,AIC,mint
850,AIC,olive oil
850,AIC,caciocavallo
850,AIC,breadcrumb
850,AIC,egg
851,AIC,olive oil
851,AIC,salt
851,AIC,scamorza
851,AIC,black truffle
851,AIC,brewer's yeast
851,AIC,wheat flour
852,AIC,salt
852,AIC,acquavite
852,AIC,olive oil
852,AIC,milk
852,AIC,wheat flour
852,AIC,borage leaf
852,AIC,egg
853,AIC,powdered sugar
853,AIC,vanillin
853,AIC,raisin
853,AIC,pine nut
853,AIC,cold water
853,AIC,olive oil or lard
853,AIC,chestnut flour
854,AIC,frying oil
854,AIC,salt
854,AIC,milk
854,AIC,egg
854,AIC,maresina leaf
854,AIC,originario rice
855,AIC,salt
855,AIC,olive oil
855,AIC,sugar
855,AIC,powdered sugar
855,AIC,grappa
855,AIC,milk
855,AIC,egg
855,AIC,wheat flour
855,AIC,reinette apple
856,AIC,butter
856,AIC,black pepper
856,AIC,salt
856,AIC,nutmeg
856,AIC,breadcrumb
856,AIC,wheat flour
856,AIC,olive oil
856,AIC,lemon juice
856,AIC,egg
856,AIC,veal brain
857,AIC,salt
857,AIC,ground cinnamon
857,AIC,powdered sugar
857,AIC,olive oil
857,AIC,apple
857,AIC,vanilla baking powder
857,AIC,rum
857,AIC,sugar
857,AIC,egg
857,AIC,milk
857,AIC,wheat flour
858,AIC,powdered sugar
858,AIC,salt
858,AIC,olive oil
858,AIC,egg
858,AIC,acacia honey
858,AIC,baking powder
858,AIC,wheat flour
858,AIC,moscato wine
858,AIC,green apple
859,AIC,water
859,AIC,lard
859,AIC,black pepper
859,AIC,salt
859,AIC,salame
859,AIC,egg
859,AIC,parmigiano cheese
859,AIC,wheat flour
859,AIC,bean soup
860,AIC,lukewarm water
860,AIC,salt
860,AIC,olive oil
860,AIC,sourdough starter
860,AIC,brewer's yeast
860,AIC,wheat flour
860,AIC,wheat flour
861,AIC,water
861,AIC,sugar
861,AIC,frying oil
861,AIC,salt
861,AIC,raisin
861,AIC,baking powder
861,AIC,liqueur
861,AIC,lemon
861,AIC,egg
861,AIC,wheat flour
861,AIC,butter
861,AIC,sugar
861,AIC,milk
861,AIC,originario rice
862,AIC,black pepper
862,AIC,salt
862,AIC,olive oil
862,AIC,breadcrumb
862,AIC,egg
862,AIC,milk
862,AIC,rice
863,AIC,breadcrumb
863,AIC,lard
863,AIC,salt
863,AIC,sugar
863,AIC,coffee
863,AIC,water
863,AIC,marsala wine
863,AIC,lemon
863,AIC,sugar
863,AIC,wheat flour
863,AIC,egg
864,AIC,olive oil
864,AIC,warm water
864,AIC,powdered sugar
864,AIC,salt
864,AIC,potato
864,AIC,brewer's yeast
864,AIC,wheat flour
865,AIC,olive oil or lard
865,AIC,salt
865,AIC,wheat flour
865,AIC,cheese
865,AIC,egg
865,AIC,wild fennel
866,AIC,water
866,AIC,olive oil
866,AIC,salt
866,AIC,scamorza
866,AIC,saffron thread
866,AIC,brewer's yeast
866,AIC,wheat flour
867,AIC,water
867,AIC,olive oil
867,AIC,salt
867,AIC,brewer's yeast
867,AIC,casera
867,AIC,wheat flour
867,AIC,buckwheat flour
868,AIC,parsley
868,AIC,salt
868,AIC,olive oil
868,AIC,lemon juice
868,AIC,egg
868,AIC,wheat flour
868,AIC,romanesco artichoke
868,AIC,lamb sweetbread
868,AIC,veal spinal cord
868,AIC,veal brain
868,AIC,lamb brain
869,AIC,black pepper
869,AIC,salt
869,AIC,olive oil
869,AIC,egg
869,AIC,grated parmigiano cheese
869,AIC,breadcrumb
869,AIC,béchamel sauce
869,AIC,boiled beef
870,AIC,salt
870,AIC,wheat flour
870,AIC,olive oil
870,AIC,saffron
870,AIC,egg
870,AIC,celery
871,AIC,salt
871,AIC,peanut oil
871,AIC,wheat flour
871,AIC,mixed seafood
872,AIC,vinegar
872,AIC,salt
872,AIC,butter
872,AIC,olive oil
872,AIC,breadcrumb
872,AIC,egg
872,AIC,wheat flour
872,AIC,marsala wine
872,AIC,lemon zest
872,AIC,milk
872,AIC,sugar
872,AIC,durum wheat semolina
872,AIC,reinette apple
872,AIC,dry amaretti cookie
872,AIC,lung
872,AIC,sausage
872,AIC,veal spinal cord
872,AIC,sweetbread
872,AIC,veal brain
872,AIC,young calf's liver
872,AIC,veal steak
873,AIC,frying oil
873,AIC,salt
873,AIC,wheat flour
873,AIC,breadcrumb
873,AIC,grated parmigiano cheese
873,AIC,egg
873,AIC,zucchini with flower
873,AIC,artichoke
873,AIC,lamb chop
874,AIC,olive oil
874,AIC,salt
874,AIC,coarse semolina
874,AIC,wheat flour
874,AIC,sea anemone
875,AIC,brown sugar
875,AIC,water
875,AIC,salt
875,AIC,breadcrumb
875,AIC,margarine
875,AIC,apple
875,AIC,orange zest
875,AIC,margarine
875,AIC,sugar
875,AIC,dried fig
875,AIC,pine nut
875,AIC,raisin
875,AIC,wheat flour
875,AIC,yellow polenta
876,AIC,wheat flour
876,AIC,ham cooking water
876,AIC,salt
876,AIC,herbs
876,AIC,clove
876,AIC,ground cinnamon
876,AIC,lemon zest
876,AIC,orange zest
876,AIC,egg
876,AIC,lard
876,AIC,cheese
876,AIC,sugar
876,AIC,zibibbo raisin
876,AIC,breadcrumb
877,AIC,marsala wine
877,AIC,lemon zest
877,AIC,vanilla
877,AIC,salt
877,AIC,egg yolk
877,AIC,egg
877,AIC,butter
877,AIC,sugar
877,AIC,wheat flour
878,AIC,black pepper
878,AIC,salt
878,AIC,meat broth
878,AIC,olive oil
878,AIC,parsley
878,AIC,garlic
878,AIC,porcini mushroom
879,AIC,black pepper
879,AIC,salt
879,AIC,garlic
879,AIC,parsley
879,AIC,olive oil
879,AIC,porcini mushroom
880,AIC,onion
880,AIC,olive oil
880,AIC,pistachio
880,AIC,truffle shaving
880,AIC,black truffle
880,AIC,mortadella
880,AIC,chicken breast
880,AIC,rabbit
881,AIC,olive oil
881,AIC,onion
881,AIC,tomato sauce
881,AIC,breadcrumb
881,AIC,egg
881,AIC,pecorino cheese
881,AIC,parmigiano cheese
881,AIC,ground beef
881,AIC,scamorza
881,AIC,orecchiette
881,AIC,fusilli
882,AIC,salt
882,AIC,olive oil
882,AIC,bell pepper
882,AIC,garlic
882,AIC,lattaruli mushroom
883,AIC,salt
883,AIC,grated pecorino cheese
883,AIC,garlic
883,AIC,olive oil
883,AIC,black truffle
883,AIC,sausage
883,AIC,fusilli
884,AIC,salt
884,AIC,white wine
884,AIC,parsley
884,AIC,garlic
884,AIC,butter
884,AIC,porcini mushroom
885,AIC,truffle
885,AIC,black pepper
885,AIC,salt
885,AIC,carrot
885,AIC,celery
885,AIC,onion
885,AIC,marsala wine
885,AIC,egg
885,AIC,pistachio
885,AIC,prosciutto crudo
885,AIC,mortadella
885,AIC,cured tongue
885,AIC,pork loin
885,AIC,veal topside
885,AIC,chicken or capon
886,AIC,black pepper
886,AIC,salt
886,AIC,olive oil
886,AIC,orvieto wine
886,AIC,garlic
886,AIC,lardo
886,AIC,cherry tomato
886,AIC,free-range hen
887,AIC,olive oil
887,AIC,black pepper
887,AIC,parsley
887,AIC,nutmeg
887,AIC,prosciutto cotto or prosciutto crudo
887,AIC,egg
887,AIC,white wine
887,AIC,grated parmigiano cheese
887,AIC,breadcrumb
887,AIC,hen giblet
887,AIC,ground veal
887,AIC,salt
887,AIC,onion
887,AIC,free-range hen
888,AIC,black pepper
888,AIC,salt
888,AIC,nutmeg
888,AIC,parsley
888,AIC,onion
888,AIC,garlic
888,AIC,egg
888,AIC,grated pecorino cheese
888,AIC,stale bread
888,AIC,celery
888,AIC,hen
889,AIC,salt
889,AIC,saffron thread
889,AIC,semi-aged pecorino cheese
889,AIC,breadcrumb
889,AIC,celery
889,AIC,carrot
889,AIC,onion
889,AIC,egg
889,AIC,sun-dried tomato
889,AIC,lardo
889,AIC,hen
890,AIC,black pepper
890,AIC,salt
890,AIC,nutmeg
890,AIC,parsley
890,AIC,grana padano
890,AIC,puffed roll
890,AIC,egg
890,AIC,mortadella
890,AIC,sausage
890,AIC,hen
891,AIC,salt
891,AIC,parsley
891,AIC,rosemary
891,AIC,butter
891,AIC,brandy
891,AIC,garlic
891,AIC,onion
891,AIC,wheat flour
891,AIC,champignon mushroom
891,AIC,smoked pancetta
891,AIC,cabernet wine
891,AIC,hen
892,AIC,black pepper
892,AIC,salt
892,AIC,olive oil
892,AIC,white wine
892,AIC,basil
892,AIC,parsley
892,AIC,onion
892,AIC,tomato
892,AIC,chicken
893,AIC,black pepper
893,AIC,salt
893,AIC,nutmeg
893,AIC,pitted green olive
893,AIC,white wine
893,AIC,olive oil
893,AIC,hard-boiled egg
893,AIC,egg
893,AIC,grated parmigiano cheese
893,AIC,mortadella
893,AIC,minced veal pulp
893,AIC,hen
894,AIC,hot water
894,AIC,salt
894,AIC,olive oil
894,AIC,rosemary sprig
894,AIC,chili pepper
894,AIC,garlic
894,AIC,peeled tomato
894,AIC,free-range chicken meat
895,AIC,olive oil
895,AIC,garlic
895,AIC,carrot
895,AIC,black pepper
895,AIC,bay leaf
895,AIC,parsley
895,AIC,shrimp
896,AIC,black pepper
896,AIC,salt
896,AIC,olive oil
896,AIC,vinegar
896,AIC,garlic
896,AIC,nepitella
896,AIC,parsley
896,AIC,freshwater shrimp
897,AIC,black pepper
897,AIC,salt
897,AIC,olive oil
897,AIC,rosemary sprig
897,AIC,garlic
897,AIC,new potato
897,AIC,chicken
898,AIC,salt
898,AIC,olive oil
898,AIC,wheat flour
898,AIC,egg
898,AIC,saffron
898,AIC,pecorino cheese
898,AIC,meat broth
898,AIC,rice
899,AIC,salted water
899,AIC,baking soda
899,AIC,parmigiano cheese
899,AIC,butter
899,AIC,cream
899,AIC,bell pepper
899,AIC,pea
899,AIC,prosciutto
899,AIC,tagliatelle dough
900,AIC,chili pepper
900,AIC,parsley
900,AIC,white wine
900,AIC,olive oil
900,AIC,garlic
900,AIC,peeled tomato
900,AIC,mushroom
900,AIC,river prawn
901,AIC,black pepper
901,AIC,salt
901,AIC,lemon zest
901,AIC,white wine
901,AIC,garlic
901,AIC,calamint
901,AIC,bay leaf
901,AIC,wild fennel
901,AIC,tomato paste
901,AIC,olive oil
901,AIC,garagoli (pelican's foot snail)
902,AIC,black pepper
902,AIC,salt
902,AIC,clof
902,AIC,red wine
902,AIC,tomato paste
902,AIC,peeled tomato
902,AIC,celery
902,AIC,parsley
902,AIC,onion
902,AIC,carrot
902,AIC,olive oil
902,AIC,lardo
902,AIC,marjoram
902,AIC,garlic
902,AIC,beef eye of round
903,AIC,black pepper
903,AIC,salt
903,AIC,garlic
903,AIC,rosemary
903,AIC,white wine
903,AIC,butter
903,AIC,veal shank
904,AIC,breadcrumb
904,AIC,nutmeg
904,AIC,basil
904,AIC,parsley
904,AIC,wheat flour
904,AIC,milk
904,AIC,mozzarella
904,AIC,smoked provola
904,AIC,salami
904,AIC,pecorino cheese
904,AIC,parmigiano cheese
904,AIC,butter
904,AIC,hard-boiled egg
904,AIC,egg
904,AIC,potato
905,AIC,water
905,AIC,salt
905,AIC,whipped cream
905,AIC,powdered sugar
905,AIC,dark chocolate
905,AIC,pastry cream
905,AIC,alchermes liqueur
905,AIC,baking powder
905,AIC,wheat flour
905,AIC,butter
905,AIC,potato starch
905,AIC,egg
905,AIC,sugar
906,AIC,salt
906,AIC,black pepper
906,AIC,nutmeg
906,AIC,breadcrumb
906,AIC,scamorza
906,AIC,smoked scamorza
906,AIC,mortadella
906,AIC,egg
906,AIC,pecorino cheese
906,AIC,parmigiano cheese
906,AIC,butter
906,AIC,potato
907,AIC,salt and pepper
907,AIC,breadcrumb
907,AIC,milk
907,AIC,smoked provola
907,AIC,mozzarella
907,AIC,prosciutto or salami
907,AIC,egg
907,AIC,parmigiano cheese
907,AIC,butter
907,AIC,potato
908,AIC,water
908,AIC,salt
908,AIC,chili pepper
908,AIC,peanut oil
908,AIC,olive oil
908,AIC,white wine vinegar
908,AIC,tomato paste
908,AIC,garlic
908,AIC,remilled durum wheat semolina
908,AIC,dogfish
909,AIC,black pepper
909,AIC,salt
909,AIC,bay leaf
909,AIC,herbs
909,AIC,celery
909,AIC,onion
909,AIC,carrot
909,AIC,prosciutto cotto
909,AIC,veal tongue
909,AIC,veal ossobuco
909,AIC,beef shank
909,AIC,pig's ear
909,AIC,pig's trotter
910,AIC,sugar
910,AIC,raisin
910,AIC,walnut
910,AIC,pork ear
910,AIC,pork tail
910,AIC,pork trotter
911,AIC,black pepper
911,AIC,salt
911,AIC,orange
911,AIC,seed oil
911,AIC,white wine
911,AIC,butter
911,AIC,garlic
911,AIC,herbs
911,AIC,lard
911,AIC,mallard duck
912,AIC,black pepper
912,AIC,salt
912,AIC,broth
912,AIC,prosecco wine
912,AIC,tomato
912,AIC,carrot
912,AIC,celery
912,AIC,garlic
912,AIC,rosemary
912,AIC,sage
912,AIC,onion
912,AIC,butter
912,AIC,pancetta
912,AIC,mallard duck
913,AIC,jasmine flower
913,AIC,ground cinnamon
913,AIC,dark chocolate
913,AIC,wheat starch
913,AIC,sugar
913,AIC,watermelon
914,AIC,black pepper
914,AIC,salt
914,AIC,white wine
914,AIC,butter
914,AIC,pork capocollo
914,AIC,pineapple slice
914,AIC,scallion
914,AIC,rosemary sprig
914,AIC,garlic
914,AIC,veal cheek
915,AIC,salt
915,AIC,olive oil
915,AIC,sugar
915,AIC,vinegar
915,AIC,bell pepper
915,AIC,carrot
915,AIC,cauliflower
916,AIC,sardinian saffron
916,AIC,aged pecorino sardo
916,AIC,basil
916,AIC,bay leaf
916,AIC,onion
916,AIC,garlic
916,AIC,olive oil
916,AIC,campidanese sausage
916,AIC,tomato passata
916,AIC,salt
916,AIC,saffron thread
916,AIC,wheat flour
917,AIC,salt
917,AIC,white wine
917,AIC,carrot
917,AIC,parsley
917,AIC,celery
917,AIC,onion
917,AIC,olive oil
917,AIC,prosciutto
917,AIC,eye of round or shoulder clod
918,AIC,olive oil
918,AIC,grated pecorino cheese
918,AIC,celery
918,AIC,carrot
918,AIC,garlic
918,AIC,onion
918,AIC,sausage
918,AIC,boiled bean
918,AIC,tomato passata
918,AIC,pancetta
918,AIC,salt
918,AIC,breadcrumb
918,AIC,wheat flour
919,AIC,salt
919,AIC,olive oil
919,AIC,basil
919,AIC,peeled tomato
919,AIC,onion
919,AIC,eggplant
919,AIC,sweet pecorino cheese
919,AIC,sardinian gnocchetti
920,AIC,fresh pecorino sardo
920,AIC,walnut
920,AIC,parsley
920,AIC,bay leaf
920,AIC,garlic
920,AIC,olive oil
920,AIC,salt
920,AIC,saffron thread
920,AIC,wheat flour
921,AIC,montasio
921,AIC,grated smoked ricotta
921,AIC,salt
921,AIC,sage
921,AIC,butter
921,AIC,cheese
921,AIC,wheat flour
921,AIC,egg
921,AIC,fresh ricotta
921,AIC,wild spinach (good king henry)
922,AIC,salt
922,AIC,nutmeg
922,AIC,meat broth
922,AIC,parmigiano cheese
922,AIC,egg
922,AIC,wheat flour
922,AIC,butter
923,AIC,water
923,AIC,salt
923,AIC,butter
923,AIC,wheat flour
924,AIC,salt
924,AIC,egg
924,AIC,butter
924,AIC,gries (semolina)
924,AIC,broth
925,AIC,black pepper
925,AIC,salt
925,AIC,semolina or breadcrumb
925,AIC,nutmeg
925,AIC,marjoram or parsley
925,AIC,milk
925,AIC,onion
925,AIC,bread roll
925,AIC,egg
925,AIC,butter
925,AIC,spleen
926,AIC,olive oil
926,AIC,parsley
926,AIC,garlic
926,AIC,porcini mushroom
926,AIC,salt
926,AIC,egg yolk
926,AIC,egg
926,AIC,wheat flour
926,AIC,parmigiano cheese
926,AIC,ricotta
927,AIC,black pepper
927,AIC,nutmeg
927,AIC,cream
927,AIC,salt
927,AIC,parmigiano cheese
927,AIC,white wine
927,AIC,prosciutto cotto
927,AIC,butter
927,AIC,milk
927,AIC,wheat flour
927,AIC,boiled spinach
928,AIC,frying oil
928,AIC,olive oil
928,AIC,orange
928,AIC,ground cinnamon
928,AIC,moscato wine
928,AIC,honey
928,AIC,wheat flour
929,AIC,graukäse
929,AIC,parmigiano cheese
929,AIC,butter
929,AIC,black pepper
929,AIC,salt
929,AIC,wheat flour
929,AIC,milk
929,AIC,egg
929,AIC,emmental
929,AIC,bread roll
930,AIC,salt
930,AIC,basil
930,AIC,tomato sauce
930,AIC,parmigiano cheese
930,AIC,fiordilatte
930,AIC,gnocchi
931,AIC,sage
931,AIC,butter
931,AIC,smoked ricotta
931,AIC,rye bread
931,AIC,sausage
931,AIC,black pepper
931,AIC,salt
931,AIC,nutmeg
931,AIC,latteria
931,AIC,egg
931,AIC,wheat flour
931,AIC,potato
932,AIC,salt
932,AIC,grated pecorino cheese
932,AIC,onion
932,AIC,celery
932,AIC,carrot
932,AIC,olive oil
932,AIC,white wine
932,AIC,peeled tomato
932,AIC,goose
932,AIC,wheat flour
932,AIC,potato
933,AIC,black pepper
933,AIC,parmigiano cheese
933,AIC,butter
933,AIC,fontina
933,AIC,salt
933,AIC,wheat flour
933,AIC,potato
934,AIC,pecorino cheese
934,AIC,tomato sauce
934,AIC,red wine
934,AIC,garlic
934,AIC,onion
934,AIC,olive oil
934,AIC,pork rib
934,AIC,salt
934,AIC,wheat flour
934,AIC,potato
935,AIC,fontina
935,AIC,rosemary sprig
935,AIC,sage
935,AIC,butter
935,AIC,nutmeg
935,AIC,black pepper
935,AIC,salt
935,AIC,olive oil
935,AIC,egg yolk
935,AIC,chestnut
935,AIC,potato
935,AIC,yellow pumpkin
935,AIC,wheat flour
936,AIC,cheese
936,AIC,water
936,AIC,black pepper
936,AIC,tomato paste
936,AIC,white wine
936,AIC,herbs
936,AIC,carrot
936,AIC,celery
936,AIC,garlic
936,AIC,onion
936,AIC,pancetta
936,AIC,duck
936,AIC,salt
936,AIC,egg
936,AIC,wheat flour
936,AIC,potato
937,AIC,lukewarm water
937,AIC,salt
937,AIC,semi-aged pecorino cheese and peretta
937,AIC,basil
937,AIC,parsley
937,AIC,garlic
937,AIC,onion
937,AIC,olive oil
937,AIC,tomato
937,AIC,partridge
937,AIC,wheat flour
937,AIC,wheat flour
938,AIC,water
938,AIC,salt
938,AIC,grated pecorino cheese
938,AIC,olive oil
938,AIC,wheat flour
938,AIC,chestnut flour
939,AIC,salt
939,AIC,butter
939,AIC,parmigiano cheese
939,AIC,egg yolk
939,AIC,egg
939,AIC,wheat flour
939,AIC,fresh ricotta
939,AIC,nettle shoot
940,AIC,salt
940,AIC,parmigiano cheese
940,AIC,egg
940,AIC,butter
940,AIC,wheat flour
940,AIC,potato
941,AIC,black pepper
941,AIC,salt
941,AIC,wheat flour
941,AIC,egg
941,AIC,montasio
941,AIC,sage
941,AIC,butter
941,AIC,nutmeg
941,AIC,onion
941,AIC,milk
941,AIC,young nettle tip
941,AIC,stale bread
942,AIC,salt
942,AIC,pesto
942,AIC,egg yolk
942,AIC,wheat flour
942,AIC,floury potato
943,AIC,salt
943,AIC,white wine
943,AIC,parsley
943,AIC,nutmeg
943,AIC,tomato sauce
943,AIC,garlic
943,AIC,olive oil
943,AIC,monkfish
943,AIC,egg
943,AIC,wheat flour
943,AIC,potato
944,AIC,black pepper
944,AIC,nutmeg
944,AIC,bay leaf
944,AIC,broth
944,AIC,red wine
944,AIC,tomato pulp
944,AIC,butter
944,AIC,celery
944,AIC,carrot
944,AIC,onion
944,AIC,lardo
944,AIC,beef
944,AIC,salt
944,AIC,parmigiano cheese
944,AIC,butter
944,AIC,wheat flour
944,AIC,white potato
945,AIC,salt
945,AIC,parmigiano cheese
945,AIC,meat sauce
945,AIC,wheat flour
945,AIC,potato
946,AIC,black pepper
946,AIC,salt
946,AIC,sage
946,AIC,butter
946,AIC,parmigiano cheese
946,AIC,wheat flour
946,AIC,floury potato
947,AIC,black pepper
947,AIC,salt
947,AIC,parmigiano cheese
947,AIC,butter
947,AIC,egg
947,AIC,wheat flour
947,AIC,white potato
948,AIC,tomato paste
948,AIC,black pepper
948,AIC,salt
948,AIC,nutmeg
948,AIC,marjoram
948,AIC,white wine
948,AIC,olive oil
948,AIC,clove
948,AIC,carrot
948,AIC,celery
948,AIC,onion
948,AIC,tomato
948,AIC,duck
948,AIC,egg
948,AIC,wheat flour
948,AIC,potato
949,AIC,parmigiano cheese
949,AIC,butter
949,AIC,salted sardine
949,AIC,nutmeg
949,AIC,egg yolk
949,AIC,wheat flour
949,AIC,potato
950,AIC,salt
950,AIC,sugar
950,AIC,breadcrumb
950,AIC,butter
950,AIC,egg
950,AIC,wheat flour
950,AIC,plum
950,AIC,potato
951,AIC,olive oil
951,AIC,butter
951,AIC,sage
951,AIC,breadcrumb
951,AIC,black pepper
951,AIC,salt
951,AIC,parmigiano cheese
951,AIC,egg yolk
951,AIC,wheat flour
951,AIC,yellow pumpkin
952,AIC,salt
952,AIC,sugar
952,AIC,milk mixed with water
952,AIC,brewer's yeast
952,AIC,lard
952,AIC,pork cracklings (ciccioli)
952,AIC,wheat flour
953,AIC,salt
953,AIC,smoked ricotta
953,AIC,butter
953,AIC,egg
953,AIC,wheat flour
953,AIC,yellow pumpkin
954,AIC,grated pecorino cheese
954,AIC,butter
954,AIC,salt and pepper
954,AIC,wheat flour
954,AIC,egg
954,AIC,sheep's milk ricotta
954,AIC,spinach
955,AIC,black pepper
955,AIC,salt
955,AIC,grated parmigiano cheese
955,AIC,broth
955,AIC,garlic
955,AIC,butter
955,AIC,wheat flour
955,AIC,lemon
955,AIC,hunchback cardoon
956,AIC,salt
956,AIC,marjoram
956,AIC,sweet and hot paprika
956,AIC,cumin
956,AIC,red wine
956,AIC,lard
956,AIC,onion
956,AIC,beef cheek
957,AIC,grated parmigiano cheese
957,AIC,black pepper
957,AIC,salt
957,AIC,olive oil
957,AIC,white wine
957,AIC,bay leaf
957,AIC,white onion
957,AIC,butter
957,AIC,peeled tomato
957,AIC,fresh pork sausage
957,AIC,gramigna pasta
958,AIC,black pepper
958,AIC,salt
958,AIC,carrot
958,AIC,celery
958,AIC,onion
958,AIC,cotechino or zampone
958,AIC,marrow bone
958,AIC,capon or hen
958,AIC,beef or veal tail
958,AIC,beef or veal tongue
958,AIC,veal or pork trotter
958,AIC,veal head
958,AIC,veal
958,AIC,beef
959,AIC,salt
959,AIC,horseradish in vinegar
959,AIC,salsa verde
959,AIC,water
959,AIC,bay leaf
959,AIC,parsley
959,AIC,garlic
959,AIC,celery
959,AIC,clove
959,AIC,carrot
959,AIC,onion
959,AIC,capon
959,AIC,cured tongue
959,AIC,veal head
959,AIC,beef brisket
960,AIC,water
960,AIC,sugar
960,AIC,organic lemon juice
960,AIC,untreated lemon
961,AIC,black pepper
961,AIC,salt
961,AIC,parsley stalk
961,AIC,bay leaf
961,AIC,leek
961,AIC,onion
961,AIC,celery
961,AIC,carrot
961,AIC,cotechino sausage
961,AIC,hen
961,AIC,calf's head
961,AIC,tongue
961,AIC,oxtail
961,AIC,mixed veal cut
962,AIC,black pepper
962,AIC,salt
962,AIC,parsley
962,AIC,breadcrumb
962,AIC,olive oil
962,AIC,butter
962,AIC,spider crab
963,AIC,colored sprinkle
963,AIC,walnut
963,AIC,almond
963,AIC,dark chocolate
963,AIC,white grape
963,AIC,lemon
963,AIC,quince
963,AIC,pomegranate seed
963,AIC,soft wheat
963,AIC,vino cotto
964,AIC,black pepper
964,AIC,salt
964,AIC,nutmeg
964,AIC,olive oil
964,AIC,butter
964,AIC,bay leaf
964,AIC,juniper berry
964,AIC,pork caul fat or omentum
964,AIC,lean pork pulp (or sausage)
964,AIC,pork liver
965,AIC,hot water
965,AIC,lukewarm water
965,AIC,olive oil
965,AIC,onion
965,AIC,fava bean
965,AIC,wheat flour
966,AIC,water
966,AIC,black pepper
966,AIC,salt
966,AIC,broth
966,AIC,nocino
966,AIC,clove
966,AIC,white wine
966,AIC,butter
966,AIC,bay leaf
966,AIC,garlic
966,AIC,parsley
966,AIC,carrot
966,AIC,celery
966,AIC,onion
966,AIC,pork cheek
967,AIC,salt
967,AIC,broth
967,AIC,ont
967,AIC,wheat flour
967,AIC,chili pepper
967,AIC,garlic
967,AIC,red wine vinegar
967,AIC,cumin
967,AIC,onion
967,AIC,beef cheek
968,AIC,vincotto
968,AIC,sugar
968,AIC,cinnamon stick
968,AIC,candied citron
968,AIC,dark chocolate
968,AIC,walnut
968,AIC,ripe pomegranate
968,AIC,soft wheat
969,AIC,black pepper
969,AIC,salt
969,AIC,parsley
969,AIC,grana padano
969,AIC,white wine
969,AIC,meat broth
969,AIC,olive oil
969,AIC,butter
969,AIC,wheat flour
969,AIC,onion
969,AIC,veal offal
970,AIC,boiling water
970,AIC,garlic
970,AIC,salt
970,AIC,olive oil
970,AIC,vinegar
970,AIC,bread
970,AIC,chili pepper
970,AIC,parsley
970,AIC,clam
970,AIC,cuttlefish
970,AIC,red mullet
970,AIC,small hake
970,AIC,medium scampi
970,AIC,sole
971,AIC,crumbled dry biscuit
971,AIC,egg white
971,AIC,hazelnut
971,AIC,spices
971,AIC,flavoring
971,AIC,sugar or honey
971,AIC,marsala or rum
971,AIC,candied citron and orange
971,AIC,sultana raisin
971,AIC,pine nut
971,AIC,almond
971,AIC,walnut
971,AIC,water
971,AIC,lemon juice
971,AIC,white wine
971,AIC,egg yolk
971,AIC,butter
971,AIC,salt
971,AIC,wheat flour
972,AIC,white wine
972,AIC,egg
972,AIC,lemon zest
972,AIC,orange zest
972,AIC,amaretti cookie
972,AIC,prune
972,AIC,dried fig
972,AIC,sugar
972,AIC,hazelnut
972,AIC,almond
972,AIC,dark chocolate
972,AIC,pine nut
972,AIC,walnut
972,AIC,raisin
972,AIC,egg
972,AIC,salt
972,AIC,grappa or slivovitz
972,AIC,butter
972,AIC,wheat flour
973,AIC,colored tissue paper
973,AIC,lemon zest
973,AIC,orange blossom water
973,AIC,almond
973,AIC,sugar
974,AIC,wheat flour
974,AIC,olive oil
974,AIC,hot paprika
974,AIC,red wine
974,AIC,grappa
974,AIC,garlic
974,AIC,onion
974,AIC,pancetta
974,AIC,pork muscle
975,AIC,salt
975,AIC,sweet paprika
975,AIC,wheat flour
975,AIC,tomato paste
975,AIC,olive oil
975,AIC,onion
975,AIC,stewing beef
976,AIC,black pepper
976,AIC,salt
976,AIC,olive oil
976,AIC,basil
976,AIC,parsley
976,AIC,peeled tomato
976,AIC,onion
976,AIC,zucchini
976,AIC,eggplant
976,AIC,green pepper
977,AIC,salt
977,AIC,breadcrumb
977,AIC,olive oil
977,AIC,egg yolk
977,AIC,lard
977,AIC,wheat flour
977,AIC,egg
977,AIC,ricotta
977,AIC,chard
978,AIC,water
978,AIC,black pepper
978,AIC,salt
978,AIC,garlic
978,AIC,tomato paste
978,AIC,olive oil
978,AIC,marjoram
978,AIC,bay leaf
978,AIC,rosemary
978,AIC,lemon zest
978,AIC,wheat flour
978,AIC,paprika
978,AIC,red wine
978,AIC,onion
978,AIC,beef muscle
979,AIC,black pepper
979,AIC,thyme
979,AIC,bay leaf
979,AIC,juniper berry
979,AIC,garlic
979,AIC,onion
979,AIC,red wine
979,AIC,black pepper
979,AIC,salt
979,AIC,tomato paste
979,AIC,olive oil
979,AIC,oxtail
980,AIC,olive oil
980,AIC,salt
980,AIC,rosemary
980,AIC,sourdough starter
980,AIC,wheat flour
981,AIC,lemon zest
981,AIC,ground cinnamon
981,AIC,sugar
981,AIC,raisin
981,AIC,apple
981,AIC,egg
981,AIC,milk
981,AIC,bread roll
982,AIC,salt
982,AIC,olive oil
982,AIC,basil
982,AIC,fiordilatte
982,AIC,tomato
983,AIC,salt
983,AIC,olive oil
983,AIC,potato
983,AIC,onion
983,AIC,carrot
983,AIC,lentil
983,AIC,fava bean
983,AIC,bean
983,AIC,grass pea
983,AIC,chickpea
983,AIC,corn
983,AIC,barley
983,AIC,spelt
983,AIC,wheat
984,AIC,black pepper
984,AIC,salt
984,AIC,frying oil
984,AIC,wheat flour
984,AIC,olive oil
984,AIC,bread dough
984,AIC,caciocavallo
984,AIC,pine nut
984,AIC,sultana raisin
984,AIC,black olive
984,AIC,celery heart
984,AIC,tomato pulp
984,AIC,swordfish
985,AIC,black pepper
985,AIC,salt
985,AIC,olive oil
985,AIC,vinegar
985,AIC,speck
985,AIC,red radicchio
986,AIC,salt
986,AIC,vinegar
986,AIC,olive oil
986,AIC,tomato
986,AIC,white onion
986,AIC,potato
986,AIC,samphire (salicornia)
987,AIC,salt
987,AIC,olive oil
987,AIC,orange
988,AIC,salt
988,AIC,chili pepper
988,AIC,olive oil
988,AIC,vinegar
988,AIC,scallion
988,AIC,tender fennel
988,AIC,orange
989,AIC,black pepper
989,AIC,salt
989,AIC,parsley
989,AIC,radish
989,AIC,onion
989,AIC,sunflower oil
989,AIC,lemon juice
989,AIC,apple
989,AIC,cucumber
989,AIC,celery
989,AIC,vegetable broth
989,AIC,zander
990,AIC,black pepper
990,AIC,salt
990,AIC,olive oil
990,AIC,garlic
990,AIC,parsley
990,AIC,lettuce
990,AIC,lemon
990,AIC,scampi
990,AIC,shrimp
990,AIC,sea truffle
990,AIC,clam
990,AIC,mussel
990,AIC,baby octopus
991,AIC,black pepper
991,AIC,salt
991,AIC,bay leaf
991,AIC,parsley
991,AIC,olive oil
991,AIC,celery
991,AIC,carrot
991,AIC,onion
991,AIC,l'aquila saffron
991,AIC,scampi
991,AIC,shrimp
991,AIC,mussel
991,AIC,clam
991,AIC,polipetti
991,AIC,calamaretti
992,AIC,olive oil
992,AIC,garlic
992,AIC,parsley
992,AIC,scallion
992,AIC,lemon juice
992,AIC,"beef (knee, shin, foot)"
993,AIC,black pepper
993,AIC,salt
993,AIC,anchovy
993,AIC,parsley
993,AIC,egg yolk
993,AIC,lemon juice
993,AIC,olive oil
993,AIC,white truffle
993,AIC,caesar's mushroom
994,AIC,wine vinegar
994,AIC,olive oil
994,AIC,mint
994,AIC,garlic
994,AIC,tuna in oil
994,AIC,eggplant
995,AIC,parsley
995,AIC,black pepper
995,AIC,salt
995,AIC,bunch of herb
995,AIC,onion
995,AIC,vinegar
995,AIC,olive oil
995,AIC,veal knee
996,AIC,salt
996,AIC,olive oil
996,AIC,lemon
996,AIC,veal cartilage mix
997,AIC,black pepper
997,AIC,salt
997,AIC,lemon juice
997,AIC,chopped parsley
997,AIC,anchovy
997,AIC,garlic
997,AIC,olive oil
997,AIC,rice
998,AIC,white pepper
998,AIC,salt
998,AIC,chervil leaf
998,AIC,lemon
998,AIC,olive oil
998,AIC,escarole
998,AIC,trout roe
998,AIC,smoked salmon trout
999,AIC,black pepper
999,AIC,salt
999,AIC,lemon
999,AIC,parsley
999,AIC,garlic
999,AIC,carrot
999,AIC,white celery
999,AIC,olive oil
999,AIC,octopus
1000,AIC,apple cider vinegar
1000,AIC,walnut oil
1000,AIC,salted anchovy
1000,AIC,chili pepper
1000,AIC,endive
1001,AIC,hard-boiled egg
1001,AIC,vinegar
1001,AIC,lemon
1001,AIC,olive oil
1001,AIC,egg yolk
1001,AIC,black pepper
1001,AIC,salt
1001,AIC,vinegar
1001,AIC,sweet and sour gherkin
1001,AIC,pea
1001,AIC,celery heart
1001,AIC,carrot
1001,AIC,potato
1002,AIC,black pepper
1002,AIC,salt
1002,AIC,olive oil
1002,AIC,parsley
1002,AIC,scallion
1002,AIC,grated caciocavallo or pecorino cheese
1002,AIC,lamb offal
1003,AIC,salt
1003,AIC,olive oil
1003,AIC,balsamic vinegar
1003,AIC,raspberry
1003,AIC,lamb's lettuce
1003,AIC,dandelion green
1003,AIC,arugula
1003,AIC,pear
1004,AIC,black pepper
1004,AIC,salt
1004,AIC,broth
1004,AIC,white wine
1004,AIC,tomato sauce
1004,AIC,wheat flour
1004,AIC,onion
1004,AIC,lardo
1004,AIC,lucanica
1004,AIC,mixed meat
1005,AIC,salt
1005,AIC,olive oil
1005,AIC,tomato paste
1005,AIC,cavolo nero
1005,AIC,potato
1005,AIC,onion
1005,AIC,carrot
1005,AIC,celery
1005,AIC,zampone broth
1005,AIC,red bean
1005,AIC,yellow polenta
1006,AIC,black pepper
1006,AIC,salt
1006,AIC,tomato paste
1006,AIC,white wine
1006,AIC,lard
1006,AIC,sage
1006,AIC,pancetta
1006,AIC,cooked ham slice
1006,AIC,beef slice
1007,AIC,black pepper
1007,AIC,salt
1007,AIC,olive oil
1007,AIC,bay leaf
1007,AIC,onion
1007,AIC,pine nut
1007,AIC,passolina raisin
1007,AIC,peeled tomato
1007,AIC,grated caciocavallo
1007,AIC,caciocavallo or primo sale cheese
1007,AIC,breadcrumb
1007,AIC,beef or veal slice
1008,AIC,black pepper
1008,AIC,salt
1008,AIC,olive oil
1008,AIC,grated parmigiano cheese
1008,AIC,butter
1008,AIC,fontina
1008,AIC,prosciutto crudo
1008,AIC,green asparagus
1009,AIC,salt
1009,AIC,lardo
1009,AIC,garlic
1009,AIC,chili pepper
1009,AIC,long lettuce leaf
1009,AIC,rosemary
1009,AIC,polenta flour
1009,AIC,parsley
1009,AIC,hard-boiled egg
1009,AIC,caul fat (omento)
1009,AIC,lamb intestine
1009,AIC,lamb or kid coratella
1010,AIC,black pepper
1010,AIC,salt
1010,AIC,onion
1010,AIC,carrot
1010,AIC,celery
1010,AIC,prosciutto crudo
1010,AIC,olive oil
1010,AIC,peeled tomato
1010,AIC,white wine
1010,AIC,lean meat slice
1011,AIC,salt
1011,AIC,olive oil
1011,AIC,lemon
1011,AIC,broth
1011,AIC,parsley
1011,AIC,bread slice
1011,AIC,mayonnaise
1011,AIC,tuna
1011,AIC,caper
1011,AIC,anchovy fillet
1011,AIC,thinly sliced beef
1012,AIC,black pepper
1012,AIC,salt
1012,AIC,olive oil
1012,AIC,basil
1012,AIC,egg white
1012,AIC,salted anchovy
1012,AIC,tomato sauce
1012,AIC,grated caciocavallo
1012,AIC,breadcrumb
1012,AIC,eggplant
1013,AIC,black pepper
1013,AIC,salt
1013,AIC,olive oil or butter
1013,AIC,bay leaf
1013,AIC,rosemary sprig
1013,AIC,garlic
1013,AIC,onion
1013,AIC,ground cinnamon
1013,AIC,clove
1013,AIC,red wine
1013,AIC,tomato paste
1013,AIC,pancetta
1013,AIC,donkey steak
1014,AIC,lemon juice
1014,AIC,black pepper
1014,AIC,salt
1014,AIC,olive oil
1014,AIC,bay leaf
1014,AIC,pecorino cheese
1014,AIC,parsley
1014,AIC,garlic
1014,AIC,pine nut
1014,AIC,raisin
1014,AIC,caper
1014,AIC,breadcrumb
1014,AIC,swordfish
1015,AIC,black pepper
1015,AIC,salt
1015,AIC,olive oil
1015,AIC,breadcrumb
1015,AIC,basil
1015,AIC,egg
1015,AIC,grated parmigiano cheese
1015,AIC,breadcrumb
1015,AIC,prosciutto cotto
1015,AIC,emmental
1015,AIC,mozzarella
1015,AIC,bell pepper
1016,AIC,salt
1016,AIC,tomato sauce
1016,AIC,fresh spicy sausage
1016,AIC,savoy cabbage leaf
1017,AIC,pancetta
1017,AIC,butter
1017,AIC,onion
1017,AIC,white wine
1017,AIC,parsley
1017,AIC,breadcrumb
1017,AIC,grated grana padano
1017,AIC,salami
1017,AIC,roasted beef
1017,AIC,savoy cabbage
1018,AIC,sugar sprinkle
1018,AIC,orange blossom water
1018,AIC,powdered sugar
1018,AIC,water
1018,AIC,warm water
1018,AIC,sugar
1018,AIC,liqueur
1018,AIC,wheat flour
1018,AIC,lemon zest
1018,AIC,almond
1018,AIC,sugar
1018,AIC,egg white
1018,AIC,egg yolk
1018,AIC,lard
1018,AIC,sugar
1018,AIC,wheat flour
1019,AIC,olive oil
1019,AIC,black pepper
1019,AIC,salt
1019,AIC,smoked pork rib
1019,AIC,bay leaf
1019,AIC,wheat flour
1019,AIC,garlic
1019,AIC,sauerkraut
1019,AIC,potato
1019,AIC,dark bean
1020,AIC,black pepper
1020,AIC,salt
1020,AIC,bay leaf
1020,AIC,lard
1020,AIC,parsley
1020,AIC,garlic
1020,AIC,white onion
1020,AIC,seed oil
1020,AIC,pancetta
1020,AIC,rice
1020,AIC,carnic bean
1020,AIC,brovada carnica (“vis’cie”)
1021,AIC,salt
1021,AIC,polenta flour
1021,AIC,celery
1021,AIC,butter
1021,AIC,olive oil
1021,AIC,garlic
1021,AIC,onion
1021,AIC,carrot
1021,AIC,pancetta
1021,AIC,cooked bean
1021,AIC,repa or brovada
1022,AIC,cooked cherry
1022,AIC,lingonberry jam
1022,AIC,sugar
1022,AIC,salt
1022,AIC,lard
1022,AIC,raisin
1022,AIC,apple
1022,AIC,sugar
1022,AIC,wheat flour
1022,AIC,milk
1022,AIC,egg
1023,AIC,fruit compote or sweet sauce
1023,AIC,powdered sugar
1023,AIC,currant
1023,AIC,sultana raisin
1023,AIC,egg white
1023,AIC,egg yolk
1023,AIC,butter
1023,AIC,vanilla sugar
1023,AIC,milk
1023,AIC,wheat flour
1024,AIC,salt
1024,AIC,breadcrumb
1024,AIC,sugar
1024,AIC,butter
1024,AIC,wheat flour
1024,AIC,egg
1024,AIC,apple
1025,AIC,salt
1025,AIC,parmigiano cheese
1025,AIC,wheat flour
1025,AIC,parsley
1025,AIC,chife
1025,AIC,egg
1025,AIC,milk
1025,AIC,leek
1025,AIC,onion
1025,AIC,seed oil
1025,AIC,butter
1025,AIC,gorgonzola
1025,AIC,cheese (tilsiter and graukäse)
1025,AIC,stale bread
1026,AIC,apricot
1026,AIC,ground cinnamon
1026,AIC,sugar
1026,AIC,salt
1026,AIC,breadcrumb
1026,AIC,butter
1026,AIC,egg
1026,AIC,wheat flour
1026,AIC,potato
1027,AIC,black pepper
1027,AIC,salt
1027,AIC,wheat flour
1027,AIC,chife
1027,AIC,parsley
1027,AIC,butter
1027,AIC,onion
1027,AIC,milk
1027,AIC,egg
1027,AIC,speck
1027,AIC,stale bread
1028,AIC,salt
1028,AIC,grated parmigiano cheese
1028,AIC,butter
1028,AIC,milk
1028,AIC,chife
1028,AIC,wheat flour
1028,AIC,egg
1028,AIC,cheese
1028,AIC,field spinach or cultivated spinach
1028,AIC,stale bread
1029,AIC,black pepper
1029,AIC,salt
1029,AIC,nutmeg
1029,AIC,parmigiano cheese
1029,AIC,milk
1029,AIC,egg
1029,AIC,onion
1029,AIC,wheat flour
1029,AIC,butter
1029,AIC,spinach
1029,AIC,stale bread
1030,AIC,meat broth
1030,AIC,black pepper
1030,AIC,salt
1030,AIC,parsley
1030,AIC,chife
1030,AIC,wheat flour
1030,AIC,milk
1030,AIC,egg
1030,AIC,butter
1030,AIC,prosciutto crudo
1030,AIC,speck
1030,AIC,stale bread
1031,AIC,water
1031,AIC,salt
1031,AIC,breadcrumb
1031,AIC,wheat flour
1031,AIC,butter
1031,AIC,sugar
1031,AIC,plum
1031,AIC,potato
1032,AIC,salt
1032,AIC,orange and lemon zest
1032,AIC,egg
1032,AIC,pine nut
1032,AIC,raisin
1032,AIC,butter
1032,AIC,sugar
1032,AIC,semolina
1032,AIC,milk
1033,AIC,breadcrumb
1033,AIC,water
1033,AIC,egg
1033,AIC,lemon zest
1033,AIC,butter
1033,AIC,sugar
1033,AIC,rice
1033,AIC,milk
1034,AIC,olive oil
1034,AIC,apricot jam
1034,AIC,wheat flour
1034,AIC,brewer's yeast
1034,AIC,sugar
1034,AIC,butter
1034,AIC,egg
1034,AIC,potato
1035,AIC,black pepper
1035,AIC,salt
1035,AIC,lard
1035,AIC,egg
1035,AIC,scamorza
1035,AIC,pecorino cheese
1035,AIC,aged cow's milk cheese
1035,AIC,primo sale cheese
1035,AIC,dry sausage and prosciutto
1035,AIC,wheat kernel
1036,AIC,salt
1036,AIC,olive oil
1036,AIC,chili powder
1036,AIC,celery
1036,AIC,garlic
1036,AIC,pork rind
1036,AIC,seasonal wild green
1036,AIC,escarole
1036,AIC,chard
1036,AIC,white bean
1037,AIC,water
1037,AIC,salt
1037,AIC,olive oil
1037,AIC,chili pepper
1037,AIC,sausage
1037,AIC,fresh pecorino cheese
1037,AIC,peeled tomato
1037,AIC,onion
1037,AIC,potato
1037,AIC,lamb
1038,AIC,salt
1038,AIC,vinegar
1038,AIC,chili pepper
1038,AIC,cinnamon stick
1038,AIC,clove
1038,AIC,bell pepper
1038,AIC,leek
1038,AIC,beetroot
1038,AIC,chard
1038,AIC,turnip
1038,AIC,savoy cabbage
1039,AIC,butter
1039,AIC,porcini mushroom
1039,AIC,prosciutto crudo
1039,AIC,walnut
1039,AIC,sheep's milk ricotta
1039,AIC,salt
1039,AIC,pecorino cheese
1039,AIC,parsley
1039,AIC,olive oil
1039,AIC,l'aquila saffron
1039,AIC,milk
1039,AIC,egg
1040,AIC,black pepper
1040,AIC,salt
1040,AIC,clarified butter
1040,AIC,savory
1040,AIC,basil
1040,AIC,thyme
1040,AIC,toma
1040,AIC,pancetta
1040,AIC,bell pepper
1040,AIC,celery heart
1040,AIC,carrot
1040,AIC,onion
1040,AIC,tomato
1040,AIC,zucchini
1040,AIC,potato
1040,AIC,green bean
1041,AIC,water
1041,AIC,salt
1041,AIC,sage
1041,AIC,garlic
1041,AIC,butter
1041,AIC,fontina
1041,AIC,potato
1041,AIC,cabbage
1041,AIC,beef
1042,AIC,grated pecorino cheese
1042,AIC,olive oil
1042,AIC,garlic
1042,AIC,onion
1042,AIC,olaci
1042,AIC,pork jowl (guanciale)
1042,AIC,ricotta
1042,AIC,salt
1042,AIC,egg
1042,AIC,wheat flour
1043,AIC,black pepper
1043,AIC,parsley
1043,AIC,nutmeg
1043,AIC,wheat flour
1043,AIC,white wine
1043,AIC,garlic
1043,AIC,olive oil
1043,AIC,river crayfish
1043,AIC,fish broth
1043,AIC,water
1043,AIC,salt
1043,AIC,aromatic herb powder
1043,AIC,egg white
1043,AIC,wheat flour
1044,AIC,salt
1044,AIC,stale bread
1044,AIC,grappa or liqueur
1044,AIC,butter
1044,AIC,white wine
1044,AIC,ground cinnamon
1044,AIC,sugar
1044,AIC,egg
1045,AIC,aged cow's milk cheese
1045,AIC,salt
1045,AIC,white wine
1045,AIC,olive oil
1045,AIC,bell pepper
1045,AIC,celery
1045,AIC,onion
1045,AIC,peeled tomato
1045,AIC,lamb
1045,AIC,veal
1045,AIC,pork
1045,AIC,fresh laganelle
1046,AIC,olive oil
1046,AIC,lampascioni
1046,AIC,dried white fava bean
1047,AIC,olive oil
1047,AIC,breadcrumb
1047,AIC,anchovy
1047,AIC,almond
1047,AIC,tomato sauce
1047,AIC,lagane pasta
1048,AIC,rosemary
1048,AIC,black pepper
1048,AIC,salt
1048,AIC,olive oil
1048,AIC,dried chickpea
1048,AIC,lardo
1048,AIC,water
1048,AIC,egg
1048,AIC,wheat flour
1049,AIC,black pepper
1049,AIC,salt
1049,AIC,vinegar
1049,AIC,olive oil
1049,AIC,lampascioni
1050,AIC,black pepper
1050,AIC,salt
1050,AIC,olive oil
1050,AIC,egg
1050,AIC,lampascione
1051,AIC,olive oil
1051,AIC,salt
1051,AIC,wheat flour
1051,AIC,egg
1051,AIC,lampascione
1052,AIC,salt
1052,AIC,basil
1052,AIC,peeled tomato
1052,AIC,garlic
1052,AIC,olive oil
1052,AIC,lardari
1053,AIC,parmigiano cheese
1053,AIC,white wine
1053,AIC,olive oil
1053,AIC,garlic
1053,AIC,tomato passata
1053,AIC,veal
1053,AIC,black pepper
1053,AIC,salt
1053,AIC,parsley
1053,AIC,stale bread
1053,AIC,ground veal
1053,AIC,sweet pecorino cheese
1053,AIC,mozzarella
1053,AIC,egg yolk
1053,AIC,egg
1053,AIC,wheat flour
1054,AIC,scamorza
1054,AIC,parmigiano cheese
1054,AIC,salt
1054,AIC,nutmeg
1054,AIC,parmigiano cheese
1054,AIC,egg
1054,AIC,ground veal
1054,AIC,egg
1054,AIC,durum wheat semolina
1054,AIC,black pepper
1054,AIC,lemon zest
1054,AIC,nutmeg
1054,AIC,cinnamon stick
1054,AIC,clove
1054,AIC,white onion
1054,AIC,free-range hen
1055,AIC,salted ricotta
1055,AIC,eggplant
1055,AIC,tomato sauce
1055,AIC,water
1055,AIC,salt
1055,AIC,wheat flour
1056,AIC,grated pecorino cheese
1056,AIC,meat broth
1056,AIC,nutmeg
1056,AIC,mozzarella
1056,AIC,provola
1056,AIC,prosciutto cotto
1056,AIC,small meatball
1056,AIC,egg pasta
1057,AIC,salt
1057,AIC,onion
1057,AIC,basil
1057,AIC,fiordilatte
1057,AIC,tomato paste
1057,AIC,parmigiano cheese
1057,AIC,olive oil
1057,AIC,white wine
1057,AIC,beef
1057,AIC,cervellatine
1057,AIC,ricotta
1057,AIC,lasagna
1058,AIC,poppy seed
1058,AIC,ground cinnamon
1058,AIC,raisin
1058,AIC,dried fig
1058,AIC,walnut
1058,AIC,apple
1058,AIC,butter
1058,AIC,egg
1058,AIC,durum wheat semolina
1058,AIC,wheat flour
1059,AIC,salt and pepper
1059,AIC,olive oil
1059,AIC,onion
1059,AIC,egg yolk
1059,AIC,hard-boiled egg
1059,AIC,bay leaf
1059,AIC,pecorino cheese
1059,AIC,meat broth
1059,AIC,lard
1059,AIC,artichoke
1059,AIC,beef
1059,AIC,mushroom
1059,AIC,pea
1059,AIC,salt
1059,AIC,wheat flour
1060,AIC,olive oil
1060,AIC,pesto alla genovese
1060,AIC,salt
1060,AIC,egg
1060,AIC,wheat flour
1061,AIC,salt
1061,AIC,olive oil
1061,AIC,ricotta
1061,AIC,cauliflower
1061,AIC,curly lasagna
1062,AIC,olive oil
1062,AIC,parsley
1062,AIC,garlic
1062,AIC,porcini mushroom
1062,AIC,black pepper
1062,AIC,salt
1062,AIC,nutmeg
1062,AIC,butter
1062,AIC,cream
1062,AIC,parmigiano cheese
1062,AIC,bay leaf
1062,AIC,chicken liver
1062,AIC,sweetbread
1062,AIC,classic bolognese ragù
1062,AIC,egg
1062,AIC,wheat flour
1063,AIC,lemon
1063,AIC,ground cinnamon
1063,AIC,sugar
1063,AIC,milk
1063,AIC,egg
1064,AIC,black pepper
1064,AIC,salt
1064,AIC,nutmeg
1064,AIC,butter
1064,AIC,béchamel sauce
1064,AIC,parmigiano cheese
1064,AIC,classic bolognese ragù
1064,AIC,spinach
1064,AIC,egg
1064,AIC,wheat flour
1065,AIC,sugar
1065,AIC,vanilla
1065,AIC,egg yolk
1065,AIC,sugar
1065,AIC,milk
1066,AIC,water
1066,AIC,ground cinnamon
1066,AIC,wheat flour
1066,AIC,cornstarch
1066,AIC,sugar
1066,AIC,shelled almond
1067,AIC,cocoa powder
1067,AIC,powdered sugar
1067,AIC,milk
1067,AIC,wheat flour
1067,AIC,marsala wine
1067,AIC,lemon juice
1067,AIC,sugar
1067,AIC,egg white
1067,AIC,egg yolk
1068,AIC,egg
1068,AIC,olive oil
1068,AIC,breadcrumb
1068,AIC,ground cinnamon
1068,AIC,lemon zest
1068,AIC,sugar
1068,AIC,wheat flour
1068,AIC,egg yolk
1068,AIC,milk
1069,AIC,black pepper
1069,AIC,salt
1069,AIC,nutmeg
1069,AIC,parmigiano cheese
1069,AIC,egg
1069,AIC,parsley
1069,AIC,garlic
1069,AIC,dried mushroom
1069,AIC,bay leaf
1069,AIC,butter
1069,AIC,sweetbread
1069,AIC,brain
1069,AIC,veal
1069,AIC,veal broth
1069,AIC,lettuce
1070,AIC,water
1070,AIC,alcohol
1070,AIC,sugar
1070,AIC,cherry laurel berry
1071,AIC,water
1071,AIC,black pepper
1071,AIC,salt
1071,AIC,bay leaf
1071,AIC,garlic
1071,AIC,olive oil
1071,AIC,lentil
1072,AIC,water
1072,AIC,salt
1072,AIC,parsley
1072,AIC,garlic
1072,AIC,white wine
1072,AIC,lemon juice
1072,AIC,onion
1072,AIC,butter
1072,AIC,lavarello
1073,AIC,salt
1073,AIC,chili pepper
1073,AIC,bay leaf
1073,AIC,olive oil
1073,AIC,peeled tomato
1073,AIC,garlic
1073,AIC,celery
1073,AIC,carrot
1073,AIC,cotechino
1073,AIC,lentil
1074,AIC,wine
1074,AIC,black pepper
1074,AIC,salt
1074,AIC,barbera wine
1074,AIC,ground cinnamon
1074,AIC,bay leaf
1074,AIC,celery
1074,AIC,carrot
1074,AIC,onion
1074,AIC,broth
1074,AIC,butter
1074,AIC,hare
1075,AIC,salt
1075,AIC,olive oil
1075,AIC,white wine
1075,AIC,rosemary
1075,AIC,bay leaf
1075,AIC,garlic
1075,AIC,onion
1075,AIC,fava bean
1075,AIC,hare
1076,AIC,water
1076,AIC,black pepper
1076,AIC,bay leaf
1076,AIC,cinnamon stick
1076,AIC,garlic
1076,AIC,carrot
1076,AIC,onion
1076,AIC,wine vinegar
1076,AIC,salt
1076,AIC,sultana
1076,AIC,pine nut
1076,AIC,sugar
1076,AIC,wheat flour
1076,AIC,olive oil
1076,AIC,butter
1076,AIC,minced lard
1076,AIC,hare
1077,AIC,salt
1077,AIC,chili pepper
1077,AIC,garlic
1077,AIC,bay leaf
1077,AIC,olive oil
1077,AIC,parsley
1077,AIC,onion
1077,AIC,tomato paste
1077,AIC,sugar
1077,AIC,vinegar
1077,AIC,hare
1078,AIC,water
1078,AIC,juniper berry
1078,AIC,celery
1078,AIC,black pepper
1078,AIC,bay leaf
1078,AIC,cinnamon stick
1078,AIC,garlic
1078,AIC,carrot
1078,AIC,onion
1078,AIC,red wine
1078,AIC,salt
1078,AIC,wheat flour
1078,AIC,olive oil
1078,AIC,butter
1078,AIC,minced lard
1078,AIC,hare
1079,AIC,red wine
1079,AIC,sage
1079,AIC,rosemary sprig
1079,AIC,clove
1079,AIC,cinnamon stick
1079,AIC,celery
1079,AIC,bay leaf
1079,AIC,carrot
1079,AIC,onion
1079,AIC,salt
1079,AIC,nutmeg
1079,AIC,cognac
1079,AIC,beef bouillon cube
1079,AIC,unsweetened cocoa powder
1079,AIC,tomato paste
1079,AIC,wheat flour
1079,AIC,olive oil
1079,AIC,butter
1079,AIC,hare
1080,AIC,broth or water
1080,AIC,red wine
1080,AIC,vinegar
1080,AIC,juniper berry
1080,AIC,thyme
1080,AIC,bay leaf
1080,AIC,onion
1080,AIC,carrot
1080,AIC,celery
1080,AIC,black pepper
1080,AIC,salt
1080,AIC,olive oil
1080,AIC,wheat flour
1080,AIC,pancetta
1080,AIC,hare
1081,AIC,salt
1081,AIC,broth
1081,AIC,garlic
1081,AIC,pancetta
1081,AIC,zampone di modena
1081,AIC,capon
1081,AIC,veal head
1081,AIC,beef brisket
1081,AIC,beef
1082,AIC,powdered sugar
1082,AIC,ground cinnamon
1082,AIC,lemon zest
1082,AIC,vanillin
1082,AIC,cocoa powder
1082,AIC,sugar
1082,AIC,candied citron
1082,AIC,almond
1082,AIC,dark chocolate
1082,AIC,dried fig
1083,AIC,water
1083,AIC,alcohol
1083,AIC,sugar
1083,AIC,lemon
1084,AIC,water
1084,AIC,dark chocolate
1084,AIC,pine nut
1084,AIC,sugar
1084,AIC,vinegar
1084,AIC,black pepper
1084,AIC,salt
1084,AIC,olive oil
1084,AIC,wheat flour
1084,AIC,celery
1084,AIC,onion
1084,AIC,carrot
1084,AIC,veal tongue
1085,AIC,salt
1085,AIC,parsley
1085,AIC,white wine
1085,AIC,garlic
1085,AIC,olive oil
1085,AIC,tomato
1085,AIC,squid
1085,AIC,scampi tail
1085,AIC,shrimp tail
1085,AIC,clam
1085,AIC,mussel
1085,AIC,linguine
1086,AIC,salt
1086,AIC,chili pepper
1086,AIC,parsley
1086,AIC,garlic
1086,AIC,olive oil
1086,AIC,cherry tomato
1086,AIC,black olive
1086,AIC,artichoke
1086,AIC,lupini clam
1086,AIC,linguine
1087,AIC,olive oil
1087,AIC,chili pepper
1087,AIC,garlic
1087,AIC,parsley
1087,AIC,linguine
1087,AIC,sea urchin roe
1088,AIC,garlic
1088,AIC,olive oil
1088,AIC,parsley
1088,AIC,tomato sauce
1088,AIC,mussel
1088,AIC,shrimp
1088,AIC,calamari
1088,AIC,linguine
1089,AIC,black pepper
1089,AIC,salt
1089,AIC,pecorino pugliese
1089,AIC,parsley
1089,AIC,olive oil
1089,AIC,onion
1089,AIC,peeled tomato
1089,AIC,cuttlefish
1089,AIC,linguine
1090,AIC,salt
1090,AIC,parsley
1090,AIC,chili pepper
1090,AIC,garlic
1090,AIC,olive oil
1090,AIC,caper
1090,AIC,gaeta olive
1090,AIC,anchovy fillet
1090,AIC,peeled tomato
1090,AIC,linguine
1091,AIC,black pepper
1091,AIC,salt
1091,AIC,olive oil
1091,AIC,parsley
1091,AIC,dried sweet pepper
1091,AIC,garlic
1091,AIC,anchovy
1091,AIC,linguine
1092,AIC,salt
1092,AIC,brandy
1092,AIC,parsley
1092,AIC,tomato passata
1092,AIC,olive oil
1092,AIC,small scampi
1092,AIC,spelt linguine
1093,AIC,salt
1093,AIC,parsley
1093,AIC,celery
1093,AIC,basil
1093,AIC,chili pepper
1093,AIC,olive oil
1093,AIC,onion
1093,AIC,garlic
1093,AIC,bell pepper
1093,AIC,zucchini
1093,AIC,eggplant
1093,AIC,porcini mushroom
1093,AIC,tomato
1093,AIC,linguine pasta
1094,AIC,salt
1094,AIC,parsley
1094,AIC,oregano
1094,AIC,basil
1094,AIC,sun-dried tomato in oil
1094,AIC,linguine
1095,AIC,bread
1095,AIC,salt
1095,AIC,sweet paprika
1095,AIC,parsley
1095,AIC,onion
1095,AIC,caper
1095,AIC,mustard
1095,AIC,butter
1095,AIC,cow's milk ricotta
1096,AIC,water
1096,AIC,alcohol
1096,AIC,sugar
1096,AIC,licorice powder
1097,AIC,olive oil
1097,AIC,butter
1097,AIC,dried porcini mushroom
1097,AIC,milk
1097,AIC,celery
1097,AIC,onion
1097,AIC,carrot
1097,AIC,pancetta
1097,AIC,pork loin
1098,AIC,water
1098,AIC,salt
1098,AIC,basil
1098,AIC,bay leaf
1098,AIC,onion
1098,AIC,olive oil
1098,AIC,tomato passata
1098,AIC,meat
1099,AIC,black pepper
1099,AIC,salt
1099,AIC,rosemary
1099,AIC,garlic
1099,AIC,olive oil
1099,AIC,lardo
1099,AIC,pike
1100,AIC,black pepper
1100,AIC,salt
1100,AIC,milk
1100,AIC,wine
1100,AIC,lemon
1100,AIC,garlic
1100,AIC,parsley
1100,AIC,wheat flour
1100,AIC,olive oil
1100,AIC,butter
1100,AIC,salted anchovy
1100,AIC,stale bread roll
1100,AIC,egg
1100,AIC,pike
1101,AIC,olive oil
1101,AIC,salted sardine
1101,AIC,bay leaf
1101,AIC,celery
1101,AIC,onion
1101,AIC,pike
1102,AIC,black pepper
1102,AIC,salt
1102,AIC,vinegar
1102,AIC,olive oil
1102,AIC,garlic
1102,AIC,pike
1103,AIC,water
1103,AIC,lemon zest
1103,AIC,alcohol
1103,AIC,sugar
1103,AIC,verbena
1104,AIC,vinegar
1104,AIC,salt
1104,AIC,breadcrumb
1104,AIC,lettuce leaf
1104,AIC,salt
1104,AIC,tomato
1104,AIC,chili pepper
1104,AIC,parsley
1104,AIC,olive oil
1104,AIC,white wine
1104,AIC,garlic
1104,AIC,dormituri snail
1105,AIC,black pepper
1105,AIC,salt
1105,AIC,white wine
1105,AIC,onion
1105,AIC,celery
1105,AIC,carrot
1105,AIC,leek
1105,AIC,olive oil
1105,AIC,butter
1105,AIC,vineyard snail
1106,AIC,black pepper
1106,AIC,salt
1106,AIC,grated parmigiano cheese
1106,AIC,water
1106,AIC,bouillon cube
1106,AIC,broth
1106,AIC,brandy
1106,AIC,tomato paste
1106,AIC,red wine
1106,AIC,white wine
1106,AIC,olive oil
1106,AIC,butter
1106,AIC,milk
1106,AIC,garlic
1106,AIC,carrot
1106,AIC,celery
1106,AIC,onion
1106,AIC,snail
1107,AIC,butter
1107,AIC,olive oil
1107,AIC,white wine
1107,AIC,garlic
1107,AIC,parsley
1107,AIC,snail
1108,AIC,black pepper
1108,AIC,salt
1108,AIC,olive oil
1108,AIC,grated pecorino cheese
1108,AIC,white wine
1108,AIC,butter
1108,AIC,sausage meat
1108,AIC,onion
1108,AIC,lumache pasta (durum wheat)
1109,AIC,warm water
1109,AIC,black pepper
1109,AIC,salt
1109,AIC,nutmeg
1109,AIC,tomato paste
1109,AIC,sage
1109,AIC,bay leaf
1109,AIC,parsley
1109,AIC,carrot
1109,AIC,celery
1109,AIC,onion
1109,AIC,olive oil
1109,AIC,butter
1109,AIC,snail
1110,AIC,salt and pepper
1110,AIC,tomato paste
1110,AIC,white wine
1110,AIC,olive oil
1110,AIC,garlic
1110,AIC,rosemary
1110,AIC,wild fennel
1110,AIC,sea snail
1111,AIC,black pepper
1111,AIC,salt
1111,AIC,white wine
1111,AIC,wheat flour
1111,AIC,parsley
1111,AIC,garlic
1111,AIC,leek
1111,AIC,shallot
1111,AIC,olive oil
1111,AIC,butter
1111,AIC,mushroom
1111,AIC,purged snail
1112,AIC,parsley
1112,AIC,black pepper
1112,AIC,salt
1112,AIC,white wine
1112,AIC,olive oil
1112,AIC,tomato sauce
1112,AIC,chili pepper
1112,AIC,bay leaf
1112,AIC,rosemary
1112,AIC,garlic
1112,AIC,onion
1112,AIC,carrot
1112,AIC,celery
1112,AIC,snail
1113,AIC,black pepper
1113,AIC,salt
1113,AIC,white wine
1113,AIC,red wine vinegar
1113,AIC,vinegar
1113,AIC,parsley
1113,AIC,garlic
1113,AIC,small shallot
1113,AIC,carrot
1113,AIC,onion
1113,AIC,olive oil
1113,AIC,butter
1113,AIC,mushroom
1113,AIC,tomato paste
1113,AIC,peeled tomato
1113,AIC,purged snail
1114,AIC,black pepper
1114,AIC,salt
1114,AIC,chili pepper
1114,AIC,tomato passata
1114,AIC,bay leaf
1114,AIC,rosemary
1114,AIC,sage
1114,AIC,marjoram
1114,AIC,garlic
1114,AIC,olive oil
1114,AIC,sea snail
1115,AIC,black pepper
1115,AIC,salt
1115,AIC,breadcrumb
1115,AIC,wheat flour
1115,AIC,parmigiano cheese
1115,AIC,olive oil
1115,AIC,white wine
1115,AIC,butter
1115,AIC,parsley
1115,AIC,carrot
1115,AIC,garlic
1115,AIC,onion
1115,AIC,snail
1116,AIC,salt
1116,AIC,olive oil
1116,AIC,parsley
1116,AIC,garlic
1116,AIC,parmigiano cheese
1116,AIC,breadcrumb
1116,AIC,snail
1117,AIC,black pepper
1117,AIC,salt
1117,AIC,white wine vinegar
1117,AIC,breadcrumb
1117,AIC,lettuce leaf
1117,AIC,parsley
1117,AIC,dried mushroom
1117,AIC,white wine
1117,AIC,garlic
1117,AIC,butter
1117,AIC,purged snail
1118,AIC,olive oil
1118,AIC,salt
1118,AIC,parsley
1118,AIC,salted anchovy
1118,AIC,tomato paste
1118,AIC,tomato passata
1118,AIC,garlic
1118,AIC,sea snail
1119,AIC,black pepper
1119,AIC,salt
1119,AIC,pancetta
1119,AIC,pecorino cheese
1119,AIC,lard
1119,AIC,olive oil
1119,AIC,brewer's yeast
1119,AIC,wheat flour
1120,AIC,black pepper
1120,AIC,salt
1120,AIC,olive oil
1120,AIC,onion
1120,AIC,tomato passata
1120,AIC,black truffle
1120,AIC,trout
1120,AIC,lumachine pasta
1121,AIC,salt
1121,AIC,olive oil
1121,AIC,diced tomato
1121,AIC,onion
1121,AIC,garlic
1121,AIC,herbs
1121,AIC,sea snail
1122,AIC,black pepper
1122,AIC,salt
1122,AIC,white wine
1122,AIC,lemon zest
1122,AIC,garlic
1122,AIC,wild fennel
1122,AIC,tomato paste
1122,AIC,olive oil
1122,AIC,small snail
1123,AIC,raisin
1123,AIC,pine nut
1123,AIC,garlic
1123,AIC,parsley
1123,AIC,lamb meat trimming
1123,AIC,pecorino cheese
1123,AIC,egg
1123,AIC,basil
1123,AIC,onion
1123,AIC,tomato sauce
1123,AIC,olive oil
1123,AIC,lean lamb belly
1123,AIC,pork jowl (guanciale)
1123,AIC,salt
1123,AIC,wheat flour
1124,AIC,parsley
1124,AIC,chili pepper
1124,AIC,olive oil
1124,AIC,garlic
1124,AIC,pecorino pugliese
1124,AIC,tomato
1124,AIC,arugula
1124,AIC,salt
1124,AIC,wheat flour
1124,AIC,wheat flour
1125,AIC,pecorino sardo
1125,AIC,basil
1125,AIC,olive oil
1125,AIC,onion
1125,AIC,tomato passata
1125,AIC,water
1125,AIC,salt
1125,AIC,egg
1125,AIC,fine durum wheat semolina
1126,AIC,lesser calamint
1126,AIC,rosemary
1126,AIC,thyme
1126,AIC,fresh pecorino cheese
1126,AIC,water
1126,AIC,salt
1126,AIC,egg
1126,AIC,remilled semolina flour
1127,AIC,salt
1127,AIC,egg
1127,AIC,wheat flour
1128,AIC,salt
1128,AIC,water
1128,AIC,olive oil
1128,AIC,garlic
1128,AIC,dried chili pepper
1128,AIC,maccheroni
1129,AIC,salt
1129,AIC,breadcrumb
1129,AIC,"mortadella, homemade salami, or small meatball"
1129,AIC,mozzarella
1129,AIC,tomato
1129,AIC,tomato sauce
1129,AIC,maccheroni
1130,AIC,black pepper
1130,AIC,salt
1130,AIC,onion
1130,AIC,white wine
1130,AIC,olive oil
1130,AIC,pancetta
1130,AIC,grated parmigiano cheese
1130,AIC,peeled tomato
1130,AIC,chicken meat
1130,AIC,egg
1130,AIC,wheat flour
1131,AIC,black pepper
1131,AIC,salt
1131,AIC,olive oil
1131,AIC,broth
1131,AIC,grated parmigiano cheese
1131,AIC,wheat flour
1131,AIC,soffritto vegetable
1131,AIC,butter
1131,AIC,chicken liver
1131,AIC,pancetta
1131,AIC,lean beef
1131,AIC,maccheroni rigati
1132,AIC,mozzarella
1132,AIC,parmigiano cheese
1132,AIC,black pepper
1132,AIC,salt
1132,AIC,nutmeg
1132,AIC,milk
1132,AIC,butter
1132,AIC,wheat flour
1132,AIC,mezzani pasta
1133,AIC,sweet pecorino cheese
1133,AIC,chili pepper
1133,AIC,celery
1133,AIC,carrot
1133,AIC,onion
1133,AIC,red wine
1133,AIC,olive oil
1133,AIC,tomato passata
1133,AIC,lean pork
1133,AIC,lamb
1133,AIC,beef
1133,AIC,salt
1133,AIC,egg
1133,AIC,wheat flour
1134,AIC,salt
1134,AIC,grated pecorino romano
1134,AIC,grated parmigiano cheese
1134,AIC,butter
1134,AIC,olive oil
1134,AIC,white wine
1134,AIC,cherry tomato
1134,AIC,carrot
1134,AIC,celery
1134,AIC,napoletano salami
1134,AIC,onion
1134,AIC,beef
1134,AIC,maccheroni
1135,AIC,pecorino abruzzese
1135,AIC,celery
1135,AIC,carrot
1135,AIC,onion
1135,AIC,white wine
1135,AIC,olive oil
1135,AIC,tomato passata
1135,AIC,pork
1135,AIC,lamb
1135,AIC,beef
1135,AIC,salt
1135,AIC,water
1135,AIC,wheat flour
1135,AIC,wheat flour
1136,AIC,puff pastry
1136,AIC,black pepper
1136,AIC,salt
1136,AIC,nutmeg
1136,AIC,butter
1136,AIC,parsley
1136,AIC,tomato passata
1136,AIC,egg
1136,AIC,béchamel sauce
1136,AIC,parmigiano cheese
1136,AIC,gruyère
1136,AIC,veal liver
1136,AIC,prosciutto cotto
1136,AIC,mortadella
1136,AIC,chicken breast
1136,AIC,maccheroni
1137,AIC,salt
1137,AIC,grated pecorino cheese
1137,AIC,onion
1137,AIC,fresh lard
1137,AIC,maccheroni
1138,AIC,salt
1138,AIC,olive oil
1138,AIC,marjoram
1138,AIC,parsley
1138,AIC,basil
1138,AIC,celery
1138,AIC,carrot
1138,AIC,onion
1138,AIC,tomato passata
1138,AIC,vermicelli
1139,AIC,pecorino cheese
1139,AIC,salt
1139,AIC,water
1139,AIC,celery
1139,AIC,carrot
1139,AIC,onion
1139,AIC,olive oil
1139,AIC,white wine
1139,AIC,tomato passata
1139,AIC,pork
1139,AIC,lamb
1139,AIC,beef
1139,AIC,olive oil
1139,AIC,egg
1139,AIC,wheat flour
1140,AIC,salt
1140,AIC,olive oil
1140,AIC,bay leaf
1140,AIC,chili pepper
1140,AIC,garlic
1140,AIC,red wine
1140,AIC,peeled tomato
1140,AIC,pork
1140,AIC,pecorino cheese
1140,AIC,maccheroni
1141,AIC,black pepper
1141,AIC,salt
1141,AIC,olive oil
1141,AIC,butter
1141,AIC,parmigiano cheese
1141,AIC,tomato sauce
1141,AIC,dried mushroom
1141,AIC,salt
1141,AIC,egg
1141,AIC,wheat flour
1142,AIC,grated parmigiano cheese
1142,AIC,olive oil
1142,AIC,salt
1142,AIC,parsley
1142,AIC,capon broth
1142,AIC,"long, lean sausage (luganega)"
1142,AIC,white wine
1142,AIC,carrot
1142,AIC,onion
1142,AIC,cardoon
1142,AIC,butter
1142,AIC,centopelli tripe
1142,AIC,maccheroni
1143,AIC,parmigiano cheese
1143,AIC,black pepper
1143,AIC,salt
1143,AIC,onion
1143,AIC,white wine
1143,AIC,olive oil
1143,AIC,butter
1143,AIC,peeled tomato
1143,AIC,sausage
1143,AIC,rigatoni
1144,AIC,water
1144,AIC,black pepper
1144,AIC,salt
1144,AIC,black olife
1144,AIC,olive oil
1144,AIC,tomato paste
1144,AIC,white wine
1144,AIC,chili pepper
1144,AIC,rosemary
1144,AIC,sage
1144,AIC,onion
1144,AIC,celery
1144,AIC,carrot
1144,AIC,lean prosciutto crudo
1144,AIC,duck liver
1144,AIC,boneless duck meat
1144,AIC,maccheroni
1145,AIC,black pepper
1145,AIC,salt
1145,AIC,olive oil
1145,AIC,tomato sauce
1145,AIC,celery
1145,AIC,carrot
1145,AIC,onion
1145,AIC,bean
1145,AIC,polenta flour
1146,AIC,salt and pepper
1146,AIC,parsley
1146,AIC,pine nut
1146,AIC,raisin
1146,AIC,garlic
1146,AIC,olive oil
1146,AIC,tomato paste
1146,AIC,peeled tomato
1146,AIC,capitone eel head and tail
1146,AIC,linguine or spaghetti
1147,AIC,salt
1147,AIC,chili flake
1147,AIC,olive oil
1147,AIC,wild fennel
1147,AIC,dried fava bean
1148,AIC,salt
1148,AIC,milk
1148,AIC,rice
1148,AIC,dried chestnut
1149,AIC,salt
1149,AIC,wheat flour
1149,AIC,milk
1149,AIC,dried chestnut
1150,AIC,aromatic reduction
1150,AIC,onion
1150,AIC,marasca cherry
1150,AIC,golden apple
1150,AIC,black pepper
1150,AIC,salt
1150,AIC,bread
1150,AIC,butter
1150,AIC,olive oil
1150,AIC,sangue morlacco liqueur
1150,AIC,rosemary
1150,AIC,lemon juice
1150,AIC,duck breast
1151,AIC,salt
1151,AIC,olive oil
1151,AIC,chili pepper
1151,AIC,pickled chili pepper
1151,AIC,pork meat
1152,AIC,vinegar
1152,AIC,white wine
1152,AIC,sugar
1152,AIC,garlic
1152,AIC,celery
1152,AIC,carrot
1152,AIC,borettane onion
1152,AIC,pork loin
1153,AIC,salt and pepper
1153,AIC,parsley
1153,AIC,celery
1153,AIC,bay leaf
1153,AIC,carrot
1153,AIC,scallion
1153,AIC,dried chickpea
1153,AIC,pork temple
1153,AIC,lean pork pulp
1154,AIC,salt
1154,AIC,olive oil
1154,AIC,pickled pepper
1154,AIC,pork pulp
1155,AIC,black pepper
1155,AIC,salt
1155,AIC,lard
1155,AIC,olive sprig
1155,AIC,bay leaf sprig
1155,AIC,fennel
1155,AIC,rosemary
1155,AIC,garlic
1155,AIC,olive oil
1155,AIC,suckling pig
1156,AIC,black pepper
1156,AIC,salt
1156,AIC,olive oil
1156,AIC,oregano
1156,AIC,parsley
1156,AIC,garlic
1156,AIC,fresh pecorino cheese
1156,AIC,pork pulp
1156,AIC,potato
1157,AIC,salt
1157,AIC,tomato
1157,AIC,basil
1157,AIC,parsley
1157,AIC,onion
1157,AIC,savoy cabbage
1157,AIC,pork with rind
1158,AIC,salt
1158,AIC,red wine vinegar
1158,AIC,pork loin or pulp
1159,AIC,black pepper
1159,AIC,salt
1159,AIC,grated parmigiano cheese
1159,AIC,meat extract
1159,AIC,tomato paste
1159,AIC,butter
1159,AIC,garlic
1159,AIC,onion
1159,AIC,dried borlotti bean
1159,AIC,maltagliati
1160,AIC,salt
1160,AIC,grated parmigiano cheese
1160,AIC,cream
1160,AIC,butter
1160,AIC,leek
1160,AIC,egg
1160,AIC,wheat flour
1161,AIC,butter
1161,AIC,egg white
1161,AIC,wheat flour
1161,AIC,sugar
1161,AIC,almond
1162,AIC,egg white
1162,AIC,ground cinnamon
1162,AIC,white wafer
1162,AIC,candied citron
1162,AIC,peeled sweet almond
1162,AIC,wildflower honey
1163,AIC,water
1163,AIC,salt
1163,AIC,olive oil
1163,AIC,lemon zest
1163,AIC,nutmeg
1163,AIC,celery
1163,AIC,carrot
1163,AIC,onion
1163,AIC,tomato paste
1163,AIC,parmigiano cheese
1163,AIC,egg
1163,AIC,meat broth
1163,AIC,wheat flour
1163,AIC,spinach
1164,AIC,egg
1164,AIC,black pepper
1164,AIC,nutmeg
1164,AIC,casera
1164,AIC,cream
1164,AIC,milk
1164,AIC,stale bread
1164,AIC,salt
1164,AIC,olive oil
1164,AIC,egg
1164,AIC,milk
1164,AIC,wheat flour
1164,AIC,buckwheat flour
1165,AIC,salt
1165,AIC,wheat flour
1165,AIC,pancetta
1165,AIC,cream
1165,AIC,broth
1165,AIC,red wine vinegar
1165,AIC,butter
1165,AIC,white onion
1165,AIC,beef shoulder
1166,AIC,salt
1166,AIC,broth
1166,AIC,olive oil
1166,AIC,anchovy
1166,AIC,caper
1166,AIC,parsley
1166,AIC,garlic
1166,AIC,onion
1166,AIC,carrot
1166,AIC,celery
1166,AIC,beef chuck ('cappello da prete')
1167,AIC,black pepper
1167,AIC,nutmeg
1167,AIC,clove
1167,AIC,celery
1167,AIC,scallion
1167,AIC,carrot
1167,AIC,red wine
1167,AIC,salt
1167,AIC,potato starch
1167,AIC,bay leaf
1167,AIC,wheat flour
1167,AIC,butter
1167,AIC,pancetta
1167,AIC,beef pulp
1168,AIC,potato starch
1168,AIC,wheat flour
1168,AIC,hard-boiled egg yolk
1168,AIC,powdered sugar
1168,AIC,butter
1169,AIC,white pepper
1169,AIC,salt
1169,AIC,nutmeg
1169,AIC,grated grana padano
1169,AIC,egg
1169,AIC,milk
1169,AIC,meat broth
1169,AIC,butter
1169,AIC,breadcrumb
1170,AIC,black pepper
1170,AIC,salt
1170,AIC,nutmeg
1170,AIC,capon broth
1170,AIC,parmigiano cheese
1170,AIC,butter
1170,AIC,milk
1170,AIC,mortadella
1170,AIC,egg
1170,AIC,breadcrumb
1171,AIC,black pepper
1171,AIC,salt
1171,AIC,olive oil
1171,AIC,parsley
1171,AIC,garlic
1171,AIC,egg
1171,AIC,pecorino cheese
1171,AIC,meat broth
1171,AIC,breadcrumb
1172,AIC,salt
1172,AIC,candied orange
1172,AIC,egg
1172,AIC,pine nut
1172,AIC,zibibbo raisin
1172,AIC,sugar
1172,AIC,olive oil
1172,AIC,brewer's yeast
1172,AIC,wheat flour
1173,AIC,pectin-based jam setting mix
1173,AIC,lemon juice
1173,AIC,apple
1173,AIC,sugar
1173,AIC,bergamot pulp
1174,AIC,salt
1174,AIC,olive oil
1174,AIC,mint
1174,AIC,garlic
1174,AIC,pecorino cheese
1174,AIC,fava bean
1175,AIC,black pepper
1175,AIC,salt
1175,AIC,olive oil
1175,AIC,parsley
1175,AIC,wine vinegar
1175,AIC,lamb caul fat
1175,AIC,kid or lamb offal and giblet
1176,AIC,pork pulp
1176,AIC,beef pulp
1176,AIC,hen
1176,AIC,celery
1176,AIC,onion
1176,AIC,carrot
1176,AIC,salt
1176,AIC,nutmeg
1176,AIC,breadcrumb
1176,AIC,grated grana padano
1176,AIC,egg
1176,AIC,pork loin
1176,AIC,white wine
1176,AIC,rosemary
1176,AIC,sage
1176,AIC,veal
1176,AIC,red wine
1176,AIC,celery
1176,AIC,carrot
1176,AIC,onion
1176,AIC,lean beef
1176,AIC,olive oil
1176,AIC,egg
1176,AIC,wheat flour
1177,AIC,vanilla
1177,AIC,sugar
1177,AIC,chestnut
1178,AIC,lemon juice
1178,AIC,water
1178,AIC,candied citron
1178,AIC,pine nut
1178,AIC,currant
1178,AIC,sultana raisin
1178,AIC,sugar
1178,AIC,almond
1179,AIC,pandispagna (sponge cake)
1179,AIC,marsala wine
1179,AIC,sugar
1179,AIC,egg
1179,AIC,mascarpone
1180,AIC,olive oil
1180,AIC,salt
1180,AIC,chili pepper
1180,AIC,basil
1180,AIC,parsley
1180,AIC,garlic
1180,AIC,black olive
1180,AIC,caper
1180,AIC,breadcrumb
1180,AIC,anchovy
1181,AIC,dark rum
1181,AIC,coffee
1181,AIC,dark chocolate
1181,AIC,hazelnut grain
1181,AIC,egg yolk
1181,AIC,sugar
1181,AIC,mascarpone
1181,AIC,ladyfinger
1182,AIC,black pepper
1182,AIC,salt
1182,AIC,grated parmigiano cheese
1182,AIC,red wine
1182,AIC,bay leaf
1182,AIC,carrot
1182,AIC,onion
1182,AIC,celery
1182,AIC,dried mushroom
1182,AIC,peeled tomato
1182,AIC,olive oil
1182,AIC,sausage
1182,AIC,yellow polenta
1183,AIC,lard
1183,AIC,salt
1183,AIC,pecorino sardo
1183,AIC,basil
1183,AIC,onion
1183,AIC,garlic
1183,AIC,olive oil
1183,AIC,tomato passata
1183,AIC,milk
1183,AIC,sourdough bread
1184,AIC,salt
1184,AIC,olive oil
1184,AIC,butter
1184,AIC,breadcrumb
1184,AIC,egg
1184,AIC,parasol mushroom (lepiota procera)
1185,AIC,water
1185,AIC,black pepper
1185,AIC,salt
1185,AIC,vinegar
1185,AIC,large endive leaf
1185,AIC,scallion
1185,AIC,marjoram
1185,AIC,olive oil
1185,AIC,white wine
1185,AIC,parsley
1185,AIC,garlic
1185,AIC,lamb coratella
1186,AIC,salt
1186,AIC,egg
1186,AIC,baking powder
1186,AIC,milk
1186,AIC,olive oil
1186,AIC,sugar
1186,AIC,pear
1186,AIC,apple
1186,AIC,raisin
1186,AIC,dried fig
1186,AIC,walnut
1186,AIC,wheat flour
1186,AIC,corn flour
1187,AIC,salt
1187,AIC,vinegar
1187,AIC,olive oil
1187,AIC,salted anchovy
1187,AIC,garlic
1187,AIC,puntarelle
1188,AIC,truffle slice
1188,AIC,goose liver pâté medallion
1188,AIC,broth
1188,AIC,black pepper
1188,AIC,salt
1188,AIC,wheat flour
1188,AIC,madeira wine
1188,AIC,butter
1188,AIC,bread slice
1188,AIC,beef fillet medallion
1189,AIC,black pepper
1189,AIC,salt
1189,AIC,bouillon cube
1189,AIC,butter
1189,AIC,brandy
1189,AIC,olive oil
1189,AIC,wheat flour
1189,AIC,lardo
1189,AIC,well-aged venison loin
1190,AIC,frying oil
1190,AIC,salt
1190,AIC,basil
1190,AIC,garlic
1190,AIC,tomato
1190,AIC,eggplant
1191,AIC,black pepper
1191,AIC,salt
1191,AIC,honey
1191,AIC,olive oil
1191,AIC,basil
1191,AIC,onion
1191,AIC,breadcrumb
1191,AIC,caciocavallo
1191,AIC,peeled tomato
1191,AIC,egg
1191,AIC,eggplant
1192,AIC,salt
1192,AIC,olive oil
1192,AIC,mint
1192,AIC,garlic
1192,AIC,chili pepper
1192,AIC,wine vinegar
1192,AIC,eggplant
1193,AIC,salt
1193,AIC,chili pepper
1193,AIC,garlic
1193,AIC,parsley
1193,AIC,olive oil
1193,AIC,eggplant
1194,AIC,black pepper
1194,AIC,salt
1194,AIC,olive oil
1194,AIC,wheat flour
1194,AIC,butter
1194,AIC,peeled tomato
1194,AIC,onion
1194,AIC,prosciutto crudo
1194,AIC,eggplant
1195,AIC,salt
1195,AIC,tomato sauce
1195,AIC,breadcrumb
1195,AIC,olive oil
1195,AIC,chili pepper
1195,AIC,oregano
1195,AIC,garlic
1195,AIC,caper
1195,AIC,pitted black olive
1195,AIC,cherry tomato
1195,AIC,eggplant
1196,AIC,bread crust
1196,AIC,salt
1196,AIC,olive oil
1196,AIC,ventricina
1196,AIC,breadcrumb
1196,AIC,pecorino cheese
1196,AIC,parmigiano cheese
1196,AIC,bell pepper
1196,AIC,basil
1196,AIC,tomato
1196,AIC,garlic
1196,AIC,eggplant
1197,AIC,salt
1197,AIC,milk
1197,AIC,egg
1197,AIC,molass
1197,AIC,pine nut
1197,AIC,sultana raisin
1197,AIC,dried fig
1197,AIC,wheat flour
1197,AIC,corn flour
1197,AIC,apple
1198,AIC,powdered sugar
1198,AIC,egg white
1199,AIC,salt
1199,AIC,olive oil
1199,AIC,parsley
1199,AIC,garlic
1199,AIC,green olive
1199,AIC,cod
1200,AIC,salt
1200,AIC,olive oil
1200,AIC,garlic
1200,AIC,parsley
1200,AIC,sage
1200,AIC,wheat flour
1200,AIC,celery
1200,AIC,tomato paste
1200,AIC,caper
1200,AIC,milk
1200,AIC,leek
1200,AIC,scallion
1200,AIC,chard
1200,AIC,spinach
1200,AIC,salted cod
1201,AIC,black pepper
1201,AIC,salt
1201,AIC,olive oil
1201,AIC,tomato sauce
1201,AIC,onion
1201,AIC,soaked salted cod
1202,AIC,salt
1202,AIC,frying oil
1202,AIC,egg
1202,AIC,sugar
1202,AIC,butter
1202,AIC,wheat flour
1202,AIC,potato
1203,AIC,fresh pecorino cheese
1203,AIC,baking soda
1203,AIC,black pepper
1203,AIC,salt
1203,AIC,olive oil
1203,AIC,spelt
1203,AIC,chickpea
1203,AIC,cannellini bean
1204,AIC,salt
1204,AIC,sugar
1204,AIC,olive oil
1204,AIC,butter
1204,AIC,rosemary
1204,AIC,sugar
1204,AIC,corn flour
1204,AIC,wheat flour
1204,AIC,sultana raisin
1204,AIC,apple
1204,AIC,pear
1204,AIC,lemon zest
1204,AIC,egg
1204,AIC,stale bread
1204,AIC,milk
1205,AIC,water
1205,AIC,black pepper
1205,AIC,salt
1205,AIC,olive oil
1205,AIC,parsley
1205,AIC,onion
1205,AIC,egg
1205,AIC,wheat flour
1205,AIC,anchovy fillet
1205,AIC,tuna in oil
1206,AIC,powdered sugar
1206,AIC,cinnamon stick
1206,AIC,citrus liqueur
1206,AIC,fresh lemon
1206,AIC,egg
1206,AIC,ricotta
1206,AIC,sugar
1206,AIC,butter
1206,AIC,semolina
1206,AIC,milk
1207,AIC,black pepper
1207,AIC,salt
1207,AIC,ciccioli
1207,AIC,lard
1207,AIC,sausage
1207,AIC,pecorino cheese
1207,AIC,parmigiano cheese
1207,AIC,yellow polenta
1208,AIC,water
1208,AIC,black pepper
1208,AIC,salt
1208,AIC,ciccioli
1208,AIC,lard
1208,AIC,sausage
1208,AIC,pecorino cheese
1208,AIC,parmigiano cheese
1208,AIC,polenta flour
1209,AIC,water
1209,AIC,salt
1209,AIC,vinegar
1209,AIC,mint
1209,AIC,olive oil
1209,AIC,chili pepper
1209,AIC,garlic
1209,AIC,parsley
1209,AIC,veal spleen
1210,AIC,water
1210,AIC,salt
1210,AIC,toma
1210,AIC,butter
1210,AIC,cinnamon stick
1210,AIC,pasta
1210,AIC,nettle leaf
1210,AIC,potato
1210,AIC,onion
1210,AIC,milk
1211,AIC,black pepper
1211,AIC,salt
1211,AIC,grated grana padano
1211,AIC,olive oil
1211,AIC,egg
1211,AIC,meat extract
1211,AIC,rice
1211,AIC,leek
1211,AIC,butter
1211,AIC,lardo
1211,AIC,chard leaf
1212,AIC,black pepper
1212,AIC,salt
1212,AIC,olive oil
1212,AIC,peeled tomato
1212,AIC,garlic
1212,AIC,anchovy
1212,AIC,parsley
1212,AIC,celery
1212,AIC,carrot
1212,AIC,onion
1212,AIC,spaghetti
1212,AIC,thornback ray (arzilla)
1213,AIC,salt
1213,AIC,carrot
1213,AIC,celery
1213,AIC,yellow onion
1213,AIC,rosemary
1213,AIC,sage
1213,AIC,bone
1213,AIC,pork pulp
1213,AIC,dried chickpea
1214,AIC,salt
1214,AIC,tagliatelle
1214,AIC,grated parmigiano cheese
1214,AIC,tomato sauce
1214,AIC,onion
1214,AIC,chicken liver
1214,AIC,meat broth
1215,AIC,saffron
1215,AIC,pecorino cheese
1215,AIC,sun-dried tomato
1215,AIC,vegetable broth
1215,AIC,fregolina (tempestine pasta)
1215,AIC,olive oil
1215,AIC,potato
1215,AIC,onion
1215,AIC,spiny artichoke
1216,AIC,black pepper
1216,AIC,onion
1216,AIC,olive oil
1216,AIC,dry pasta
1216,AIC,potato
1216,AIC,very salty sheep's milk curd (merca)
1217,AIC,salt
1217,AIC,clove
1217,AIC,lard
1217,AIC,butter
1217,AIC,rice
1217,AIC,dried chestnut
1217,AIC,milk
1218,AIC,black pepper
1218,AIC,salt
1218,AIC,nutmeg
1218,AIC,parsley
1218,AIC,celery
1218,AIC,carrot
1218,AIC,scallion
1218,AIC,lard
1218,AIC,borlotti bean
1218,AIC,dried chestnut
1219,AIC,salt
1219,AIC,cultivated fennel
1219,AIC,wild fennel
1219,AIC,carrot
1219,AIC,onion
1219,AIC,dried chestnut
1219,AIC,salted pork
1220,AIC,crouton
1220,AIC,water
1220,AIC,black pepper
1220,AIC,salt
1220,AIC,broth or milk
1220,AIC,olive oil
1220,AIC,butter
1220,AIC,garlic
1220,AIC,parsley
1220,AIC,celery
1220,AIC,leek
1220,AIC,chestnut
1221,AIC,salt
1221,AIC,parsley
1221,AIC,onion
1221,AIC,lardo
1221,AIC,olive oil
1221,AIC,short pasta
1221,AIC,dried chestnut
1222,AIC,salt
1222,AIC,black pepper
1222,AIC,olive oil
1222,AIC,vegetable broth
1222,AIC,spaghetti
1222,AIC,tomato passata
1222,AIC,garlic
1222,AIC,cauliflower
1223,AIC,salt
1223,AIC,chili pepper
1223,AIC,rosemary
1223,AIC,lardo
1223,AIC,sun-dried tomato
1223,AIC,olive oil
1223,AIC,carrot
1223,AIC,onion
1223,AIC,celery
1223,AIC,wild fennel
1223,AIC,bavette pasta
1223,AIC,chickpea
1224,AIC,salt
1224,AIC,olive oil
1224,AIC,peeled tomato
1224,AIC,rosemary
1224,AIC,garlic
1224,AIC,chestnut
1224,AIC,chickpea
1225,AIC,baking soda
1225,AIC,black pepper
1225,AIC,salt
1225,AIC,rosemary
1225,AIC,garlic
1225,AIC,olive oil
1225,AIC,chickpea
1226,AIC,salt
1226,AIC,tomato sauce
1226,AIC,parsley
1226,AIC,pig's trotter
1226,AIC,pasta
1226,AIC,olive oil
1226,AIC,wild fennel
1226,AIC,onion
1226,AIC,chickpea
1227,AIC,salt
1227,AIC,chili pepper
1227,AIC,onion
1227,AIC,parsley
1227,AIC,wild fennel
1227,AIC,garlic
1227,AIC,olive oil
1227,AIC,homemade tagliolini pasta
1227,AIC,pancetta
1227,AIC,dried chickpea
1228,AIC,olive oil
1228,AIC,baking soda
1228,AIC,salt
1228,AIC,mixed green
1228,AIC,chickpea
1229,AIC,pecorino cheese
1229,AIC,bread
1229,AIC,salt
1229,AIC,sweet pecorino cheese
1229,AIC,egg
1229,AIC,hen broth
1229,AIC,chicory
1230,AIC,salt
1230,AIC,boiling water
1230,AIC,herbs
1230,AIC,butter
1230,AIC,rice
1230,AIC,potato
1231,AIC,salt
1231,AIC,pane fresa
1231,AIC,pork lard
1231,AIC,fresh cheese in brine (casu e' murgia)
1231,AIC,sausage
1231,AIC,dried bean
1231,AIC,mixed wild herb
1232,AIC,black pepper
1232,AIC,salt
1232,AIC,olive oil
1232,AIC,tomato passata
1232,AIC,lardo or prosciutto fat
1232,AIC,onion
1232,AIC,carrot
1232,AIC,celery
1232,AIC,bean
1233,AIC,black pepper
1233,AIC,salt
1233,AIC,wide homemade tagliatelle
1233,AIC,bay leaf
1233,AIC,celery
1233,AIC,onion
1233,AIC,potato
1233,AIC,lardo
1233,AIC,pork rind
1233,AIC,dried lamon borlotti bean
1234,AIC,salt
1234,AIC,olive oil
1234,AIC,chili pepper
1234,AIC,celery
1234,AIC,garlic
1234,AIC,broccoli floret
1234,AIC,mountain bean
1235,AIC,parmigiano cheese
1235,AIC,water
1235,AIC,black pepper
1235,AIC,salt
1235,AIC,maltagliati pasta
1235,AIC,olive oil
1235,AIC,parsley
1235,AIC,garlic
1235,AIC,tomato
1235,AIC,dried borlotti bean
1236,AIC,chili powder
1236,AIC,stale bread slice
1236,AIC,salt
1236,AIC,olive oil
1236,AIC,grated pecorino cheese
1236,AIC,garlic
1236,AIC,onion
1236,AIC,pork rind
1236,AIC,cardoncelli mushroom
1236,AIC,white bean of rotonda
1237,AIC,salt
1237,AIC,chili pepper
1237,AIC,onion
1237,AIC,savoy cabbage
1237,AIC,pancetta
1237,AIC,dried bean
1238,AIC,water
1238,AIC,short ridged pasta
1238,AIC,sage
1238,AIC,salt
1238,AIC,ginger
1238,AIC,tomato paste
1238,AIC,olive oil
1238,AIC,onion
1238,AIC,carrot
1238,AIC,celery
1238,AIC,herbs
1238,AIC,black-eyed pea
1239,AIC,black pepper
1239,AIC,salt
1239,AIC,parsley
1239,AIC,bay leaf
1239,AIC,garlic
1239,AIC,sage
1239,AIC,carrot
1239,AIC,celery
1239,AIC,onion
1239,AIC,potato
1239,AIC,lardo
1239,AIC,dried bean
1240,AIC,cold water
1240,AIC,salt
1240,AIC,butter
1240,AIC,wheat flour
1241,AIC,salt
1241,AIC,grated pecorino cheese
1241,AIC,tomato
1241,AIC,carrot
1241,AIC,celery
1241,AIC,onion
1241,AIC,prosciutto bone
1241,AIC,spelt
1242,AIC,fresh wild fennel
1242,AIC,salted lard
1242,AIC,olive oil
1242,AIC,onion
1242,AIC,dried fava bean
1243,AIC,black pepper
1243,AIC,salt
1243,AIC,garlic
1243,AIC,olive oil
1243,AIC,celery
1243,AIC,carrot
1243,AIC,zucchini
1243,AIC,dried fava bean
1244,AIC,water
1244,AIC,salt
1244,AIC,fresh mint leaf
1244,AIC,olive oil
1244,AIC,fresh cheese in brine (casu e' murgia)
1244,AIC,fregola
1244,AIC,lardo
1244,AIC,onion
1244,AIC,potato
1244,AIC,fava bean
1245,AIC,water
1245,AIC,basil
1245,AIC,black pepper
1245,AIC,salt
1245,AIC,onion
1245,AIC,olive oil
1245,AIC,peeled tomato
1245,AIC,sardinian fregola
1245,AIC,spider crab
1246,AIC,water
1246,AIC,salt
1246,AIC,grated parmigiano cheese
1246,AIC,butter
1246,AIC,milk
1246,AIC,wheat flour
1247,AIC,toasted bread
1247,AIC,black pepper
1247,AIC,salt
1247,AIC,parmigiano cheese
1247,AIC,olive oil
1247,AIC,parsley
1247,AIC,garlic
1247,AIC,egg
1247,AIC,cardoncelli mushroom
1247,AIC,parmigiano cheese
1247,AIC,broth
1248,AIC,water
1248,AIC,salt
1248,AIC,parsley
1248,AIC,olive oil
1248,AIC,garlic
1248,AIC,arselle clam
1248,AIC,sun-dried tomato
1248,AIC,tomato pulp
1248,AIC,fine durum wheat semolina
1249,AIC,water
1249,AIC,salt
1249,AIC,fregola
1249,AIC,olive oil
1249,AIC,parsley
1249,AIC,sun-dried tomato
1249,AIC,garlic
1249,AIC,porcini mushroom
1250,AIC,salt
1250,AIC,bread crouton
1250,AIC,parmigiano cheese
1250,AIC,lemon
1250,AIC,egg
1250,AIC,chicken giblet
1250,AIC,celery
1250,AIC,cardoon
1250,AIC,capon
1251,AIC,black pepper
1251,AIC,salt
1251,AIC,garlic
1251,AIC,lard
1251,AIC,olive oil
1251,AIC,tomato
1251,AIC,fresh pig's trotter
1251,AIC,prosciutto bone
1251,AIC,potato
1251,AIC,bean
1251,AIC,ear of corn
1252,AIC,black pepper
1252,AIC,salt
1252,AIC,marsala wine
1252,AIC,hot paprika
1252,AIC,broth
1252,AIC,wheat flour
1252,AIC,garlic
1252,AIC,bay leaf
1252,AIC,marjoram
1252,AIC,thyme
1252,AIC,white wine
1252,AIC,tomato paste
1252,AIC,caraway seeds (kümmel)
1252,AIC,sweet paprika
1252,AIC,onion
1252,AIC,olive oil or butter
1252,AIC,potato
1252,AIC,beef
1253,AIC,black pepper
1253,AIC,meat broth
1253,AIC,grated parmigiano cheese
1253,AIC,lardo
1253,AIC,garlic
1253,AIC,celery
1253,AIC,onion
1253,AIC,carrot
1253,AIC,lentil
1253,AIC,rice
1254,AIC,black pepper
1254,AIC,salt
1254,AIC,olive oil
1254,AIC,parsley
1254,AIC,garlic
1254,AIC,bay leaf
1254,AIC,celery
1254,AIC,lentil
1254,AIC,olive oil
1254,AIC,egg
1254,AIC,stale bread
1255,AIC,salt
1255,AIC,chili pepper
1255,AIC,small pasta
1255,AIC,basil
1255,AIC,parsley
1255,AIC,garlic
1255,AIC,onion
1255,AIC,olive oil
1255,AIC,tomato
1255,AIC,mixed fish
1256,AIC,black pepper
1256,AIC,salt
1256,AIC,nutmeg
1256,AIC,dark bread
1256,AIC,white wine
1256,AIC,lemon zest
1256,AIC,montasio
1256,AIC,montasio
1256,AIC,broth
1256,AIC,milk
1256,AIC,wheat flour
1256,AIC,garlic
1256,AIC,onion
1256,AIC,butter
1257,AIC,parsley
1257,AIC,salt
1257,AIC,vernaccia wine
1257,AIC,fish broth
1257,AIC,corallini pasta or fried durum wheat bread croutons (coccoi)
1257,AIC,peeled tomato
1257,AIC,basil
1257,AIC,parsley
1257,AIC,garlic
1257,AIC,onion
1257,AIC,mullet
1258,AIC,black pepper
1258,AIC,salt
1258,AIC,bread slice
1258,AIC,olive oil
1258,AIC,onion
1258,AIC,pancetta
1258,AIC,tomato
1258,AIC,young nettle stalk
1259,AIC,bread crouton
1259,AIC,melted butter
1259,AIC,water
1259,AIC,salt
1259,AIC,rice
1259,AIC,butter
1259,AIC,onion
1259,AIC,leek
1259,AIC,potato
1259,AIC,nettle leaf
1260,AIC,black pepper
1260,AIC,salt
1260,AIC,meat broth
1260,AIC,cream
1260,AIC,milk
1260,AIC,walnut
1261,AIC,black pepper
1261,AIC,salt
1261,AIC,olive oil
1261,AIC,wheat flour
1261,AIC,potato
1261,AIC,marjoram
1261,AIC,rosemary sprig
1261,AIC,sage
1261,AIC,parsley
1261,AIC,celery
1261,AIC,carrot
1261,AIC,broth
1261,AIC,pearl barley
1261,AIC,smoked pork hock
1262,AIC,salt
1262,AIC,celery
1262,AIC,onion
1262,AIC,carrot
1262,AIC,potato
1262,AIC,milk
1262,AIC,bay leaf
1262,AIC,garlic
1262,AIC,pearl barley
1262,AIC,smoked pork
1263,AIC,water
1263,AIC,black pepper
1263,AIC,salt
1263,AIC,butter
1263,AIC,smoked pancetta
1263,AIC,bay leaf
1263,AIC,parsley
1263,AIC,sage
1263,AIC,garlic
1263,AIC,celery
1263,AIC,carrot
1263,AIC,potato
1263,AIC,barley
1264,AIC,salt
1264,AIC,grated grana padano
1264,AIC,garlic
1264,AIC,butter
1264,AIC,pork rind or other scrap part
1264,AIC,pearl barley
1265,AIC,salt
1265,AIC,pearled barley
1265,AIC,lard
1265,AIC,pork rind
1265,AIC,bay leaf
1265,AIC,garlic
1265,AIC,onion
1265,AIC,celery
1265,AIC,parsley
1265,AIC,potato
1265,AIC,dried bean
1265,AIC,brovada
1266,AIC,salt
1266,AIC,parmigiano cheese
1266,AIC,broth
1266,AIC,nutmeg
1266,AIC,butter
1266,AIC,grated breadcrumb
1266,AIC,egg yolk
1267,AIC,black pepper
1267,AIC,salt
1267,AIC,beef broth
1267,AIC,parmigiano cheese
1267,AIC,rice
1267,AIC,egg
1268,AIC,salt
1268,AIC,sweet pecorino cheese
1268,AIC,hen broth
1268,AIC,egg
1268,AIC,wheat flour
1269,AIC,white pepper
1269,AIC,salt
1269,AIC,celery
1269,AIC,carrot
1269,AIC,onion
1269,AIC,grana padano
1269,AIC,nutmeg
1269,AIC,egg
1269,AIC,wheat flour
1270,AIC,salt
1270,AIC,chili pepper
1270,AIC,oregano
1270,AIC,tomato
1270,AIC,basil
1270,AIC,onion
1270,AIC,parsley
1270,AIC,olive oil
1270,AIC,ditalini pasta
1270,AIC,potato
1271,AIC,black pepper
1271,AIC,salt
1271,AIC,parsley
1271,AIC,vegetable broth
1271,AIC,pecorino cheese
1271,AIC,egg
1271,AIC,cherry tomato
1271,AIC,olive oil
1271,AIC,onion
1271,AIC,white zucchini
1271,AIC,potato
1272,AIC,salt
1272,AIC,olive oil
1272,AIC,saffron thread
1272,AIC,celery
1272,AIC,carrot
1272,AIC,onion
1272,AIC,cannarozzetti pasta
1272,AIC,potato
1273,AIC,salt
1273,AIC,parsley
1273,AIC,olive oil
1273,AIC,spaghettini
1273,AIC,tomato paste
1273,AIC,garlic
1273,AIC,mixed fish
1274,AIC,black pepper
1274,AIC,salt
1274,AIC,olive oil
1274,AIC,butter
1274,AIC,crouton
1274,AIC,parsley
1274,AIC,wheat flour
1274,AIC,cragno sausage
1274,AIC,potato
1274,AIC,dried pea
1275,AIC,salt
1275,AIC,fresh egg quadrucci
1275,AIC,tomato
1275,AIC,chili pepper
1275,AIC,parsley
1275,AIC,garlic
1275,AIC,olive oil
1275,AIC,fish
1276,AIC,butter
1276,AIC,meat broth
1276,AIC,beer
1276,AIC,egg yolk
1276,AIC,cream
1276,AIC,fresh chestnut
1276,AIC,potato
1276,AIC,leek
1277,AIC,black pepper
1277,AIC,salt
1277,AIC,grana padano
1277,AIC,sage
1277,AIC,celery
1277,AIC,onion
1277,AIC,carrot
1277,AIC,thyme
1277,AIC,rosemary
1277,AIC,bay leaf
1277,AIC,butter
1277,AIC,olive oil
1277,AIC,parsley
1277,AIC,luvertìn (wild hop shoots)
1277,AIC,rônséle (tender poppy plants)
1277,AIC,rice
1277,AIC,veal lung
1278,AIC,salt
1278,AIC,grated parmigiano cheese
1278,AIC,milk
1278,AIC,pumpkin
1278,AIC,potato
1278,AIC,rice
1279,AIC,salt
1279,AIC,butter
1279,AIC,rice
1279,AIC,borage leaf
1279,AIC,onion
1279,AIC,potato
1279,AIC,milk
1280,AIC,salt
1280,AIC,sage
1280,AIC,parsley
1280,AIC,meat broth
1280,AIC,butter
1280,AIC,rice
1280,AIC,veal heart
1281,AIC,melted butter
1281,AIC,toma
1281,AIC,water
1281,AIC,salt
1281,AIC,milk
1281,AIC,butter or lard
1281,AIC,rice
1281,AIC,borlotti bean
1282,AIC,salt
1282,AIC,hot water
1282,AIC,rice
1282,AIC,olive oil
1282,AIC,potato
1282,AIC,tomato paste
1282,AIC,"aromatic herbs (basil, parsley, nepitella)"
1282,AIC,garlic
1282,AIC,onion
1282,AIC,snail
1283,AIC,black pepper
1283,AIC,salt
1283,AIC,olive oil
1283,AIC,grated parmigiano cheese
1283,AIC,originario rice
1283,AIC,tomato paste
1283,AIC,broth
1283,AIC,celery
1283,AIC,carrot
1283,AIC,onion
1283,AIC,chard
1283,AIC,lampredotto
1284,AIC,black pepper
1284,AIC,salt
1284,AIC,montasio
1284,AIC,parsley
1284,AIC,broth
1284,AIC,onion
1284,AIC,potato
1284,AIC,rice
1285,AIC,salt and pepper
1285,AIC,parmigiano cheese
1285,AIC,beef broth
1285,AIC,celery
1285,AIC,parsley
1285,AIC,onion
1285,AIC,olive oil
1285,AIC,butter
1285,AIC,white potato
1285,AIC,vialone nano rice
1286,AIC,potato
1286,AIC,black pepper
1286,AIC,salt
1286,AIC,latteria
1286,AIC,vegetable broth
1286,AIC,onion
1286,AIC,lardo
1286,AIC,savoy cabbage
1286,AIC,rice
1287,AIC,olive oil
1287,AIC,pecorino cheese
1287,AIC,egg
1287,AIC,fish broth
1287,AIC,cascigni
1287,AIC,escarole
1288,AIC,water
1288,AIC,black pepper
1288,AIC,salt
1288,AIC,olive oil
1288,AIC,onion
1288,AIC,potato
1288,AIC,celery
1289,AIC,salt
1289,AIC,mint
1289,AIC,olive oil
1289,AIC,fresh pecorino cheese
1289,AIC,barley semolina
1290,AIC,broth
1290,AIC,salt
1290,AIC,nutmeg
1290,AIC,egg
1290,AIC,parmigiano cheese
1290,AIC,butter
1290,AIC,semolina
1291,AIC,salt
1291,AIC,water
1291,AIC,wine vinegar
1291,AIC,onion
1291,AIC,beef marrow
1291,AIC,barley semolina
1292,AIC,rosemary
1292,AIC,parsley
1292,AIC,garlic
1292,AIC,olive oil
1292,AIC,black pepper
1292,AIC,salt
1292,AIC,bay leaf
1292,AIC,onion
1292,AIC,lardo
1292,AIC,borlotti bean
1293,AIC,salt
1293,AIC,tagliatelle
1293,AIC,butter
1293,AIC,olive oil
1293,AIC,onion
1293,AIC,dried chestnut
1294,AIC,salt
1294,AIC,garlic
1294,AIC,olive oil
1294,AIC,tomato
1294,AIC,zucchini shoot
1295,AIC,black pepper
1295,AIC,salt
1295,AIC,bread crouton
1295,AIC,celery
1295,AIC,carrot
1295,AIC,savoy cabbage
1295,AIC,pork rind
1296,AIC,black pepper
1296,AIC,salt
1296,AIC,grated parmigiano cheese
1296,AIC,butter
1296,AIC,olive oil
1296,AIC,vegetable broth
1296,AIC,breadcrumb
1296,AIC,celery
1296,AIC,garlic
1296,AIC,yellow carrot
1296,AIC,potato
1296,AIC,onion
1296,AIC,tripe
1297,AIC,salt
1297,AIC,olive oil
1297,AIC,onion
1297,AIC,savoy cabbage
1297,AIC,parmigiano cheese
1297,AIC,pancetta
1297,AIC,rice
1298,AIC,salt
1298,AIC,olive oil
1298,AIC,basil
1298,AIC,celery
1298,AIC,onion
1298,AIC,peeled tomato
1298,AIC,ground pork
1298,AIC,long squash
1299,AIC,water
1299,AIC,salt
1299,AIC,olive oil
1299,AIC,aged pecorino cheese
1299,AIC,onion
1299,AIC,peeled tomato
1299,AIC,potato
1299,AIC,zucchini with flower
1300,AIC,salt
1300,AIC,beef broth
1300,AIC,fresh mint leaf
1300,AIC,fresh pecorino sardo
1300,AIC,barley semolina
1301,AIC,water
1301,AIC,salt
1301,AIC,savory
1301,AIC,bay leaf
1301,AIC,butter
1301,AIC,lardo
1301,AIC,pearl barley
1301,AIC,seasonal vegetable
1302,AIC,broth
1302,AIC,black pepper
1302,AIC,salt
1302,AIC,nutmeg
1302,AIC,grated parmigiano cheese
1302,AIC,breadcrumb
1302,AIC,egg
1302,AIC,spinach
1303,AIC,grated pecorino cheese
1303,AIC,chard or spinach
1303,AIC,garden chicory
1303,AIC,fennel
1303,AIC,curly endive
1303,AIC,savoy cabbage
1303,AIC,prosciutto bone
1304,AIC,salt
1304,AIC,grated parmigiano cheese
1304,AIC,wheat flour
1304,AIC,vialone nano rice
1304,AIC,egg tagliolini
1304,AIC,chicken giblet
1304,AIC,chicken broth
1305,AIC,black pepper
1305,AIC,salt
1305,AIC,caciocavallo
1305,AIC,pecorino cheese
1305,AIC,lard
1305,AIC,chili pepper
1305,AIC,carrot
1305,AIC,onion
1305,AIC,garlic
1305,AIC,meat broth
1305,AIC,celery
1305,AIC,cabbage
1305,AIC,chicory
1305,AIC,curly endive
1305,AIC,tubettoni rigati
1306,AIC,cheese
1306,AIC,water
1306,AIC,salt
1306,AIC,aromatic
1306,AIC,chili pepper
1306,AIC,caciocavallo
1306,AIC,lardo
1306,AIC,sausage
1306,AIC,fresh pork
1306,AIC,tracchiolelle (pork rib)
1306,AIC,salamino
1306,AIC,salted pork rind
1306,AIC,prosciutto bone
1306,AIC,herbs
1306,AIC,torzelle
1306,AIC,cabbage
1306,AIC,chicory and scarolella
1306,AIC,broccoletti
1306,AIC,leaf broccoli
1307,AIC,chopped parsley
1307,AIC,grated parmigiano cheese
1307,AIC,egg white
1307,AIC,egg yolk
1307,AIC,milk
1307,AIC,celery
1307,AIC,sage
1307,AIC,parsley
1307,AIC,garlic
1307,AIC,butter
1307,AIC,olive oil
1307,AIC,rice
1307,AIC,beef broth
1307,AIC,spinach
1308,AIC,salt
1308,AIC,parmigiano cheese
1308,AIC,olive oil
1308,AIC,celery
1308,AIC,carrot
1308,AIC,boston lettuce
1308,AIC,veal
1309,AIC,olive oil
1309,AIC,spinach
1309,AIC,chard
1309,AIC,escarole
1309,AIC,chicory
1309,AIC,'nduja
1310,AIC,parmigiano cheese
1310,AIC,broth
1310,AIC,black pepper
1310,AIC,salt
1310,AIC,nutmeg
1310,AIC,butter
1310,AIC,grated grana padano
1310,AIC,breadcrumb
1310,AIC,egg
1311,AIC,toasted bread
1311,AIC,black pepper
1311,AIC,salt
1311,AIC,grated pecorino cheese
1311,AIC,lard
1311,AIC,olive oil
1311,AIC,onion
1311,AIC,hard-boiled egg
1311,AIC,meat broth
1311,AIC,provola
1311,AIC,salsiccia
1311,AIC,white celery
1312,AIC,cold butter
1312,AIC,salt
1312,AIC,grated grana padano
1312,AIC,parsley
1312,AIC,small pasta
1312,AIC,butter
1312,AIC,meat broth
1312,AIC,chicken gizzard
1312,AIC,chicken liver
1312,AIC,chicken
1313,AIC,tomato paste
1313,AIC,broth
1313,AIC,black pepper
1313,AIC,salt
1313,AIC,egg yolk
1313,AIC,spinach
1313,AIC,egg white
1313,AIC,parmigiano cheese
1313,AIC,butter
1313,AIC,wheat flour
1314,AIC,hot water
1314,AIC,black pepper
1314,AIC,salt
1314,AIC,peeled tomato
1314,AIC,potato
1314,AIC,wheat
1314,AIC,fresh corn
1314,AIC,bean
1314,AIC,onion
1314,AIC,olive oil
1314,AIC,celery
1314,AIC,lardo
1315,AIC,salt
1315,AIC,parmigiano cheese rind
1315,AIC,pesto
1315,AIC,olive oil
1315,AIC,onion
1315,AIC,carrot
1315,AIC,garlic
1315,AIC,parsley
1315,AIC,celery
1315,AIC,tomato
1315,AIC,bean
1315,AIC,green bean
1315,AIC,zucchini
1315,AIC,fava bean
1315,AIC,cabbage
1315,AIC,mantovana pumpkin
1315,AIC,pea
1315,AIC,potato
1315,AIC,pasta
1316,AIC,olive oil
1316,AIC,sugar
1316,AIC,parsley
1316,AIC,basil
1316,AIC,tomato
1316,AIC,onion
1316,AIC,potato
1316,AIC,bell pepper
1316,AIC,eggplant
1317,AIC,salt
1317,AIC,garlic
1317,AIC,rosemary
1317,AIC,parsley
1317,AIC,sage
1317,AIC,grated grana padano
1317,AIC,fresh pork rind
1317,AIC,pancetta
1317,AIC,basil
1317,AIC,tomato
1317,AIC,borlotti bean
1317,AIC,potato
1317,AIC,scallion
1317,AIC,green celery
1317,AIC,carrot
1317,AIC,zucchini
1317,AIC,savoy cabbage
1317,AIC,rice
1318,AIC,black pepper
1318,AIC,salt
1318,AIC,olive oil
1318,AIC,potato
1318,AIC,onion
1318,AIC,celery
1318,AIC,tomato paste
1318,AIC,dried chestnut
1318,AIC,dried borlotti bean
1319,AIC,baking soda
1319,AIC,black pepper
1319,AIC,salt
1319,AIC,grated parmigiano cheese
1319,AIC,bread crostini
1319,AIC,tomato sauce
1319,AIC,parsley
1319,AIC,onion
1319,AIC,potato
1319,AIC,dried mushroom
1319,AIC,chickpea
1319,AIC,pork rib
1320,AIC,chili pepper
1320,AIC,salt
1320,AIC,lard
1320,AIC,pancetta
1320,AIC,potato
1320,AIC,cabbage
1320,AIC,dried bean
1321,AIC,water
1321,AIC,salt
1321,AIC,onion
1321,AIC,olive oil
1321,AIC,salted curd
1321,AIC,potato
1321,AIC,sorrel leaf
1321,AIC,strigoli leaf
1321,AIC,mint
1321,AIC,wild fennel
1321,AIC,pork pancetta
1321,AIC,bean
1322,AIC,olive oil
1322,AIC,semolina
1322,AIC,meat broth
1322,AIC,pischidu
1322,AIC,wild fennel
1322,AIC,garlic
1322,AIC,chard
1322,AIC,onion
1322,AIC,celery
1322,AIC,carrot
1322,AIC,bean
1322,AIC,potato
1323,AIC,salt
1323,AIC,olive oil
1323,AIC,chili pepper
1323,AIC,sweet pepper
1323,AIC,fennel seed
1323,AIC,oregano
1323,AIC,garlic
1323,AIC,mutton (or large lamb)
1324,AIC,polenta
1324,AIC,vinegar
1324,AIC,olive oil
1324,AIC,parsley
1324,AIC,missoltino
1325,AIC,salt
1325,AIC,egg
1325,AIC,butter
1325,AIC,polenta flour
1325,AIC,wheat flour
1326,AIC,water
1326,AIC,salt
1326,AIC,milk
1326,AIC,olive oil or lard
1326,AIC,chestnut flour
1327,AIC,salt
1327,AIC,olive oil
1327,AIC,wheat flour
1327,AIC,egg
1327,AIC,soft-shell crab
1328,AIC,salt
1328,AIC,cream
1328,AIC,milk
1328,AIC,butter
1328,AIC,grappa or rum
1328,AIC,cocoa powder
1328,AIC,sugar
1328,AIC,chestnut
1329,AIC,salt
1329,AIC,olive oil
1329,AIC,tomato
1329,AIC,onion
1329,AIC,parsley
1329,AIC,stale bread
1329,AIC,dried pea
1330,AIC,pitta bread
1330,AIC,water
1330,AIC,salt
1330,AIC,chili pepper
1330,AIC,oregano
1330,AIC,white wine
1330,AIC,olive oil
1330,AIC,tomato passata
1330,AIC,stockfish
1331,AIC,black pepper
1331,AIC,salt
1331,AIC,olive oil
1331,AIC,lemon zest
1331,AIC,breadcrumb
1331,AIC,tomato
1331,AIC,parsley
1331,AIC,garlic
1331,AIC,mosciolo (mussel)
1332,AIC,salt
1332,AIC,olive oil
1332,AIC,marjoram
1332,AIC,sugar
1332,AIC,vinegar
1332,AIC,water
1332,AIC,white wine
1332,AIC,onion
1332,AIC,red onion
1332,AIC,baby octopus
1333,AIC,butter
1333,AIC,ground cinnamon
1333,AIC,black pepper
1333,AIC,egg white
1333,AIC,honey
1333,AIC,walnut
1333,AIC,wheat flour
1334,AIC,lard
1334,AIC,anise liqueur
1334,AIC,honey
1334,AIC,wheat flour
1335,AIC,wheat flour
1335,AIC,butter
1335,AIC,ground cinnamon
1335,AIC,lemon zest
1335,AIC,almond
1335,AIC,olive oil
1335,AIC,egg
1335,AIC,sugar
1335,AIC,wheat flour
1336,AIC,lard
1336,AIC,water
1336,AIC,ground cinnamon
1336,AIC,orange
1336,AIC,toasted almond and walnut
1336,AIC,wheat flour
1336,AIC,cooked wine must
1337,AIC,walnut
1337,AIC,orange zest
1337,AIC,pear
1337,AIC,quince
1337,AIC,sweet apple
1337,AIC,fermented black grape must
1338,AIC,salt
1338,AIC,red wine vinegar
1338,AIC,honey
1338,AIC,mustard powder
1338,AIC,candied citron
1338,AIC,candied orange
1338,AIC,vin santo
1338,AIC,pear
1338,AIC,red apple
1338,AIC,white grape
1339,AIC,liquid mustard
1339,AIC,lemon
1339,AIC,sugar
1339,AIC,fruit
1340,AIC,ground cinnamon
1340,AIC,starch
1340,AIC,clove
1340,AIC,lemon zest
1340,AIC,toasted hazelnut
1340,AIC,toasted almond
1340,AIC,prickly pear
1341,AIC,frying oil
1341,AIC,mustard syrup
1341,AIC,sugar
1341,AIC,apple
1342,AIC,candied orange
1342,AIC,water
1342,AIC,sugar
1342,AIC,orange liqueur
1342,AIC,whipping cream
1342,AIC,orange
1342,AIC,egg
1343,AIC,white pepper
1343,AIC,salt
1343,AIC,brandy
1343,AIC,whipping cream
1343,AIC,prosciutto cotto
1344,AIC,heavy cream
1344,AIC,parmigiano cheese
1344,AIC,fresh ricotta
1344,AIC,mortadella
1345,AIC,frying oil
1345,AIC,milk
1345,AIC,wheat flour
1345,AIC,egg
1345,AIC,anchovy fillet
1345,AIC,mozzarella
1345,AIC,stale bread
1346,AIC,olive oil
1346,AIC,salt
1346,AIC,wheat flour
1346,AIC,milk
1346,AIC,egg
1346,AIC,stale bread
1346,AIC,buffalo mozzarella
1347,AIC,powdered sugar
1347,AIC,lukewarm water
1347,AIC,egg white
1347,AIC,lemon
1347,AIC,ground cinnamon
1347,AIC,sugar
1347,AIC,dark chocolate
1347,AIC,almond
1347,AIC,veal pulp
1347,AIC,egg
1347,AIC,lard
1347,AIC,sugar
1347,AIC,wheat flour
1348,AIC,wheat flour
1348,AIC,olive oil
1348,AIC,warm milk
1348,AIC,baker's ammonia
1348,AIC,black pepper
1348,AIC,clove
1348,AIC,orange
1348,AIC,ground cinnamon
1348,AIC,shelled almond
1348,AIC,honey
1348,AIC,wheat flour
1349,AIC,powdered sugar
1349,AIC,lemon
1349,AIC,egg white
1349,AIC,egg yolk
1349,AIC,shelled almond
1349,AIC,lard
1349,AIC,sugar
1349,AIC,wheat flour
1350,AIC,fish broth
1350,AIC,olive oil
1350,AIC,onion
1350,AIC,pea
1350,AIC,tomato
1350,AIC,garlic
1350,AIC,moray eel
1351,AIC,salt
1351,AIC,oregano
1351,AIC,bay leaf
1351,AIC,celery
1351,AIC,basil
1351,AIC,chili pepper
1351,AIC,lard
1351,AIC,peeled tomato
1351,AIC,lung
1351,AIC,heart
1351,AIC,beef tripe (centopelli)
1352,AIC,black pepper
1352,AIC,salt
1352,AIC,parsley
1352,AIC,garlic
1352,AIC,lard
1352,AIC,lamb (or kid) intestine
1353,AIC,black pepper
1353,AIC,salt
1353,AIC,olive oil
1353,AIC,onion
1353,AIC,wine vinegar
1353,AIC,wheat flour
1353,AIC,sugar
1353,AIC,butter
1353,AIC,veal musetto
1354,AIC,water
1354,AIC,black pepper
1354,AIC,lemon wedge
1354,AIC,clam
1355,AIC,sugar
1355,AIC,water
1355,AIC,milk
1355,AIC,egg
1355,AIC,brewer's yeast
1355,AIC,lemon zest
1355,AIC,baking soda
1355,AIC,ground cinnamon
1355,AIC,vanillin
1355,AIC,baking powder
1355,AIC,bitter almond
1355,AIC,sweet almond
1355,AIC,sugar
1355,AIC,wheat flour
1356,AIC,olive oil
1356,AIC,breadcrumb
1356,AIC,egg
1356,AIC,lemon
1356,AIC,sugar
1356,AIC,semolina
1356,AIC,milk
1357,AIC,water
1357,AIC,egg
1357,AIC,salt
1357,AIC,brewer's yeast
1357,AIC,vanilla sugar
1357,AIC,sugar
1357,AIC,butter
1357,AIC,wheat flour
1358,AIC,olive oil
1358,AIC,lard
1358,AIC,water
1358,AIC,chestnut leaf
1358,AIC,salt
1358,AIC,sugar
1358,AIC,chestnut flour
1359,AIC,wheat flour
1359,AIC,ground cinnamon
1359,AIC,vanillin
1359,AIC,orange zest
1359,AIC,anise seed
1359,AIC,sugar
1359,AIC,water
1359,AIC,olive oil
1359,AIC,cooked grape must
1360,AIC,salt
1360,AIC,ground cinnamon
1360,AIC,clove
1360,AIC,orange
1360,AIC,orange marmalade
1360,AIC,sultana raisin
1360,AIC,walnut
1360,AIC,almond
1360,AIC,dried fig
1360,AIC,egg
1360,AIC,sugar
1360,AIC,lard
1360,AIC,wheat flour
1361,AIC,salt
1361,AIC,olive oil
1361,AIC,vinegar
1361,AIC,garlic
1361,AIC,parsley
1361,AIC,veal foot
1362,AIC,clove
1362,AIC,orange zest
1362,AIC,breadcrumb
1362,AIC,sweet almond
1362,AIC,honey
1362,AIC,sugar
1362,AIC,lard
1362,AIC,wheat flour
1363,AIC,black pepper
1363,AIC,salt
1363,AIC,orange zest
1363,AIC,bay leaf
1363,AIC,chili pepper
1363,AIC,pork blood
1363,AIC,mixed pork cut
1364,AIC,sugar sprinkle
1364,AIC,salt
1364,AIC,lard
1364,AIC,orange zest
1364,AIC,almond
1364,AIC,wildflower honey
1364,AIC,egg
1364,AIC,wheat flour
1365,AIC,bay leaf
1365,AIC,lemon zest
1365,AIC,orange zest
1365,AIC,egg white
1365,AIC,walnut
1365,AIC,honey
1366,AIC,water
1366,AIC,vanilla
1366,AIC,clove
1366,AIC,mace flower
1366,AIC,ground cinnamon
1366,AIC,alcohol
1366,AIC,sugar
1366,AIC,walnut
1367,AIC,black pepper
1367,AIC,salt
1367,AIC,tomato
1367,AIC,parsley
1367,AIC,garlic
1367,AIC,lardo
1367,AIC,lamb tripe
1368,AIC,black pepper
1368,AIC,salt
1368,AIC,broth
1368,AIC,sage
1368,AIC,rosemary
1368,AIC,wheat flour
1368,AIC,white wine
1368,AIC,tomato paste
1368,AIC,pancetta
1368,AIC,olive oil
1368,AIC,butter
1368,AIC,veal medallion
1369,AIC,salt
1369,AIC,rosemary sprig
1369,AIC,garlic
1369,AIC,water
1369,AIC,young goose
1370,AIC,black pepper
1370,AIC,salt
1370,AIC,broth
1370,AIC,butter
1370,AIC,lean lard
1370,AIC,wheat flour
1370,AIC,sausage
1370,AIC,bouquet garni
1370,AIC,garlic
1370,AIC,tomato sauce
1370,AIC,red wine
1370,AIC,savoy cabbage
1370,AIC,carrot
1370,AIC,onion
1370,AIC,fat goose
1371,AIC,salt
1371,AIC,olive oil
1371,AIC,rosemary
1371,AIC,goose
1372,AIC,black pepper
1372,AIC,salt
1372,AIC,olive oil
1372,AIC,white wine
1372,AIC,garlic
1372,AIC,rosemary
1372,AIC,wild fennel
1372,AIC,potato
1372,AIC,pork tenderloin
1372,AIC,whole goose
1373,AIC,lingonberry jam
1373,AIC,powdered sugar
1373,AIC,butter
1373,AIC,salt
1373,AIC,raisin
1373,AIC,sugar
1373,AIC,wheat flour
1373,AIC,egg
1374,AIC,olive oil
1374,AIC,wheat flour
1374,AIC,egg
1374,AIC,breadcrumb
1374,AIC,boiling water
1374,AIC,salt
1374,AIC,black pepper
1374,AIC,nutmeg
1374,AIC,celery
1374,AIC,carrot
1374,AIC,onion
1374,AIC,white wine
1374,AIC,butter
1374,AIC,olive oil
1374,AIC,egg
1374,AIC,parmigiano cheese
1374,AIC,pork
1374,AIC,beef
1374,AIC,green olive
1375,AIC,salt
1375,AIC,olive oil
1375,AIC,chili pepper
1375,AIC,garlic
1375,AIC,salted anchovy
1375,AIC,turnip green
1375,AIC,homemade orecchiette
1376,AIC,frying oil
1376,AIC,orange juice
1376,AIC,orange zest
1376,AIC,wildflower honey
1376,AIC,anise liqueur or grappa
1376,AIC,egg
1376,AIC,lard
1376,AIC,very fine durum wheat semolina
1377,AIC,wheat flour
1377,AIC,lemon
1377,AIC,white wine
1377,AIC,olive oil
1377,AIC,parsley
1377,AIC,garlic
1377,AIC,white onion
1377,AIC,ricotta forte
1377,AIC,pecorino cheese
1377,AIC,pork
1377,AIC,tomato
1377,AIC,artichoke
1377,AIC,lukewarm water
1377,AIC,salt
1377,AIC,semolina flour
1377,AIC,wheat flour
1378,AIC,salt
1378,AIC,olive oil
1378,AIC,egg
1378,AIC,wheat flour
1378,AIC,breadcrumb
1378,AIC,prosciutto cotto
1378,AIC,mozzarella
1378,AIC,egg
1378,AIC,parmigiano cheese
1378,AIC,butter
1378,AIC,tagliolini
1379,AIC,wheat flour
1379,AIC,black pepper
1379,AIC,salt
1379,AIC,tomato passata
1379,AIC,zucchini
1379,AIC,potato
1379,AIC,tomato
1379,AIC,black pepper
1379,AIC,tropea onion
1379,AIC,lard
1379,AIC,olive oil
1379,AIC,parsley
1379,AIC,pecorino cheese
1379,AIC,breadcrumb
1379,AIC,ground pork
1379,AIC,ground veal
1380,AIC,black pepper
1380,AIC,salt
1380,AIC,parmigiano cheese
1380,AIC,olive oil
1380,AIC,vegetable broth
1380,AIC,milk
1380,AIC,wheat flour
1380,AIC,parsley
1380,AIC,celery
1380,AIC,potato
1380,AIC,carrot
1380,AIC,leek
1380,AIC,pearl barley
1381,AIC,celery
1381,AIC,chife
1381,AIC,parsley
1381,AIC,olive oil
1381,AIC,vegetable broth
1381,AIC,onion
1381,AIC,saffron thread
1381,AIC,soaked salted cod
1381,AIC,pearled barley
1382,AIC,lemon zest
1382,AIC,sweet almond
1382,AIC,sugar
1382,AIC,egg white
1382,AIC,wheat flour
1383,AIC,black pepper
1383,AIC,salt
1383,AIC,olive oil
1383,AIC,broth
1383,AIC,tomato paste
1383,AIC,wheat flour
1383,AIC,thyme
1383,AIC,onion
1383,AIC,veal ossobuco
1384,AIC,lemon zest
1384,AIC,egg white
1384,AIC,wheat flour
1384,AIC,sugar
1384,AIC,almond
1385,AIC,black pepper
1385,AIC,salt
1385,AIC,wheat flour
1385,AIC,tomato sauce
1385,AIC,broth
1385,AIC,white wine
1385,AIC,olive oil
1385,AIC,butter
1385,AIC,pancetta
1385,AIC,celery
1385,AIC,garlic
1385,AIC,carrot
1385,AIC,onion
1385,AIC,pork ossobuco
1386,AIC,salt
1386,AIC,parsley
1386,AIC,garlic
1386,AIC,lemon zest
1386,AIC,tomato
1386,AIC,anchovy
1386,AIC,broth
1386,AIC,onion
1386,AIC,butter
1386,AIC,wheat flour
1386,AIC,veal shank
1387,AIC,coffee powder
1387,AIC,ground cinnamon
1387,AIC,orange zest
1387,AIC,almond
1387,AIC,walnut
1387,AIC,dark chocolate
1387,AIC,unsweetened cocoa powder
1387,AIC,sugar
1387,AIC,honey
1387,AIC,salt
1387,AIC,olive oil
1387,AIC,water
1387,AIC,wheat flour
1388,AIC,wafer
1388,AIC,ground cinnamon
1388,AIC,sugar
1388,AIC,honey
1388,AIC,sweet almond
1389,AIC,salt
1389,AIC,garlic
1389,AIC,parsley
1389,AIC,olive oil
1389,AIC,pecorino cheese
1389,AIC,bell pepper
1389,AIC,cured pancetta
1389,AIC,dry pork sausage
1389,AIC,egg
1389,AIC,country bread loaf
1390,AIC,black pepper
1390,AIC,salt
1390,AIC,marjoram
1390,AIC,oregano
1390,AIC,garlic
1390,AIC,olive oil
1390,AIC,milk
1390,AIC,soft bread crumb
1390,AIC,egg
1390,AIC,parmigiano cheese
1390,AIC,caesar's mushroom
1391,AIC,powdered sugar
1391,AIC,rum
1391,AIC,unsweetened cocoa powder
1391,AIC,sugar
1391,AIC,milk
1391,AIC,chestnut
1392,AIC,powdered sugar
1392,AIC,butter
1392,AIC,jam
1392,AIC,salt
1392,AIC,sugar
1392,AIC,milk
1392,AIC,wheat flour
1392,AIC,egg
1393,AIC,breadcrumb
1393,AIC,white wine
1393,AIC,tomato paste
1393,AIC,onion
1393,AIC,butter
1393,AIC,butter
1393,AIC,pancetta
1393,AIC,dried mushroom
1393,AIC,mozzarella
1393,AIC,shelled pea
1393,AIC,prosciutto
1393,AIC,chicken liver
1393,AIC,frying oil
1393,AIC,black pepper
1393,AIC,salt
1393,AIC,basil
1393,AIC,parsley
1393,AIC,butter
1393,AIC,cheese
1393,AIC,egg
1393,AIC,rice
1394,AIC,salt
1394,AIC,chili pepper
1394,AIC,olive oil
1394,AIC,white wine
1394,AIC,pea
1394,AIC,tomato pulp
1394,AIC,parsley
1394,AIC,garlic
1394,AIC,onion
1394,AIC,bonito slice
1395,AIC,black pepper
1395,AIC,salt
1395,AIC,olive oil
1395,AIC,sage
1395,AIC,caper
1395,AIC,black olife
1395,AIC,prosciutto
1395,AIC,garlic
1395,AIC,onion
1395,AIC,lemon
1395,AIC,red wine
1395,AIC,wood pigeon
1396,AIC,olive oil
1396,AIC,salt
1396,AIC,olive oil
1396,AIC,basil
1396,AIC,black pepper
1396,AIC,tomato sauce
1396,AIC,garlic
1396,AIC,parsley
1396,AIC,egg
1396,AIC,stale bread
1396,AIC,semi-aged cow's milk cheese
1397,AIC,salt
1397,AIC,lemon
1397,AIC,fernet
1397,AIC,breadcrumb
1397,AIC,raisin
1397,AIC,egg
1397,AIC,sugar
1397,AIC,cocoa powder
1397,AIC,amaretti cookie
1397,AIC,butter
1397,AIC,sweet pear
1398,AIC,vinegar
1398,AIC,salt
1398,AIC,dried chili pepper
1398,AIC,dried chili pepper
1398,AIC,garlic
1398,AIC,pork with bone and rind
1399,AIC,ristretto coffee
1399,AIC,wheat flour
1399,AIC,rosolio
1399,AIC,rum
1399,AIC,alcherme
1399,AIC,cooked must
1399,AIC,black pepper
1399,AIC,sultana raisin
1399,AIC,candied citron
1399,AIC,honey
1399,AIC,ground cinnamon
1399,AIC,nutmeg
1399,AIC,sugar
1399,AIC,sweetened cocoa powder
1399,AIC,dark chocolate
1399,AIC,sweet almond
1399,AIC,hazelnut
1399,AIC,walnut
1400,AIC,salt
1400,AIC,olive oil
1400,AIC,vanilla sugar
1400,AIC,milk
1400,AIC,elderflower
1400,AIC,egg
1400,AIC,brewer's yeast
1400,AIC,butter
1400,AIC,sugar
1400,AIC,coarse yellow polenta
1400,AIC,fine-grain yellow polenta
1400,AIC,wheat flour
1401,AIC,olive oil
1401,AIC,black pepper
1401,AIC,salt
1401,AIC,olive oil
1401,AIC,pecorino cheese
1401,AIC,walnut
1401,AIC,bread dough
1402,AIC,dark chocolate
1402,AIC,milk
1402,AIC,clove
1402,AIC,ground cinnamon
1402,AIC,cocoa powder
1402,AIC,candied fruit
1402,AIC,almond
1402,AIC,honey
1402,AIC,wheat flour
1403,AIC,salt
1403,AIC,water
1403,AIC,olive oil
1403,AIC,garlic
1403,AIC,parsley
1403,AIC,sun-dried tomato
1403,AIC,eel
1403,AIC,lard
1403,AIC,fine semolina
1403,AIC,wheat flour
1404,AIC,black pepper
1404,AIC,salt
1404,AIC,broth
1404,AIC,parmigiano cheese
1404,AIC,egg
1404,AIC,butter
1404,AIC,breadcrumb
1405,AIC,salt
1405,AIC,olive oil
1405,AIC,garlic
1405,AIC,bread
1406,AIC,salt
1406,AIC,milk
1406,AIC,broth
1406,AIC,butter
1406,AIC,onion
1406,AIC,stale bread
1407,AIC,hot water
1407,AIC,salt
1407,AIC,stale bread
1407,AIC,chili pepper
1407,AIC,onion
1407,AIC,garlic
1407,AIC,olive oil
1407,AIC,yellow pumpkin
1408,AIC,black pepper
1408,AIC,salt
1408,AIC,olive oil
1408,AIC,grated parmigiano cheese
1408,AIC,sage
1408,AIC,garlic
1408,AIC,vegetable broth
1408,AIC,stale bread
1409,AIC,black pepper
1409,AIC,salt
1409,AIC,olive oil
1409,AIC,sage
1409,AIC,parmigiano cheese
1409,AIC,beef broth
1409,AIC,butter
1409,AIC,stale bread
1410,AIC,salt
1410,AIC,chili pepper
1410,AIC,garlic
1410,AIC,olive oil
1410,AIC,chard
1410,AIC,potato
1410,AIC,stale bread
1411,AIC,salt
1411,AIC,chili pepper
1411,AIC,bell pepper
1411,AIC,basil
1411,AIC,parsley
1411,AIC,tomato
1411,AIC,garlic
1411,AIC,olive oil
1411,AIC,stale bread
1411,AIC,mixed fish soup
1412,AIC,salt
1412,AIC,olive oil
1412,AIC,garlic
1412,AIC,onion
1412,AIC,stale bread slice
1412,AIC,cured lardo
1412,AIC,fresh pork rind
1412,AIC,white turnip
1412,AIC,borlotti bean
1413,AIC,black pepper
1413,AIC,salt
1413,AIC,chili pepper
1413,AIC,garlic
1413,AIC,olive oil
1413,AIC,arugula
1413,AIC,potato
1413,AIC,stale bread
1414,AIC,water
1414,AIC,anise seed
1414,AIC,pine nut
1414,AIC,pistachio
1414,AIC,raisin
1414,AIC,orange blossom water
1414,AIC,marsala wine
1414,AIC,butter
1414,AIC,powdered sugar
1414,AIC,yeast
1414,AIC,wheat flour
1415,AIC,lukewarm water
1415,AIC,salt
1415,AIC,yeast
1415,AIC,rye flour
1415,AIC,corn flour
1416,AIC,olive oil
1416,AIC,sugar syrup
1416,AIC,honey
1416,AIC,sugar
1416,AIC,brandy
1416,AIC,star anise
1416,AIC,pimento
1416,AIC,ground cinnamon
1416,AIC,clove
1416,AIC,bread dough
1416,AIC,orange
1416,AIC,pine nut
1416,AIC,walnut
1416,AIC,rum
1416,AIC,candied orange
1416,AIC,candied citron
1416,AIC,sultana raisin
1416,AIC,unpeeled almond
1416,AIC,date
1416,AIC,raisin
1416,AIC,dried fig
1417,AIC,salt
1417,AIC,brewer's yeast
1417,AIC,butter
1417,AIC,egg
1417,AIC,ciccioli
1417,AIC,wheat flour
1418,AIC,egg yolk
1418,AIC,warm water
1418,AIC,salt
1418,AIC,milk
1418,AIC,yeast
1418,AIC,sugar
1418,AIC,butter
1418,AIC,egg
1418,AIC,polenta flour
1418,AIC,wheat flour
1418,AIC,potato
1419,AIC,onion
1419,AIC,sage
1419,AIC,butter
1419,AIC,bitto
1419,AIC,meat broth
1419,AIC,rye bread
1420,AIC,powdered sugar
1420,AIC,nutmeg
1420,AIC,ground cinnamon
1420,AIC,"pine nuts, candied citron and orange"
1420,AIC,sultana raisin
1420,AIC,peeled almond
1420,AIC,wheat flour
1420,AIC,honey
1420,AIC,white wine
1420,AIC,chocolate
1420,AIC,cocoa powder
1420,AIC,brown sugar
1421,AIC,warm water
1421,AIC,salt
1421,AIC,brewer's yeast
1421,AIC,polenta flour
1421,AIC,buckwheat flour
1422,AIC,sugar sprinkle
1422,AIC,orange
1422,AIC,vanillin
1422,AIC,ground cinnamon
1422,AIC,baking powder
1422,AIC,sapa
1422,AIC,wheat flour
1422,AIC,dried fruit and nut mix
1422,AIC,baking soda
1422,AIC,milk
1422,AIC,lard
1422,AIC,sugar
1422,AIC,egg
1423,AIC,salt
1423,AIC,cream
1423,AIC,olive oil
1423,AIC,parmigiano cheese
1423,AIC,prosciutto crudo
1423,AIC,butter
1423,AIC,brewer's yeast
1423,AIC,wheat flour
1424,AIC,salt
1424,AIC,sourdough starter
1424,AIC,brewer's yeast
1424,AIC,butter
1424,AIC,sugar
1424,AIC,wheat flour
1424,AIC,pumpkin
1425,AIC,anise sapa or sassolino liqueur
1425,AIC,melted butter
1425,AIC,fennel seed
1425,AIC,zibibbo raisin
1425,AIC,unsweetened cocoa powder
1425,AIC,pine nut
1425,AIC,hazelnut and walnut
1425,AIC,almond
1425,AIC,baking powder
1425,AIC,butter
1425,AIC,egg
1425,AIC,sugar
1425,AIC,wheat flour
1426,AIC,salt
1426,AIC,lemon
1426,AIC,wheat flour
1426,AIC,rum
1426,AIC,brewer's yeast
1426,AIC,olive oil
1426,AIC,butter
1426,AIC,raisin
1426,AIC,sugar
1426,AIC,egg
1426,AIC,cream
1426,AIC,milk
1427,AIC,sugar
1427,AIC,red wine
1427,AIC,butter
1427,AIC,stale bread
1428,AIC,butter
1428,AIC,lemon
1428,AIC,wine
1428,AIC,egg
1428,AIC,sugar
1428,AIC,milk
1428,AIC,bread
1429,AIC,black pepper
1429,AIC,salt
1429,AIC,milk
1429,AIC,egg yolk
1429,AIC,egg
1429,AIC,olive oil
1429,AIC,pecorino cheese
1429,AIC,dried fig
1429,AIC,candied fruit
1429,AIC,raisin
1429,AIC,walnut
1429,AIC,bread dough
1430,AIC,black pepper
1430,AIC,salt
1430,AIC,yeast
1430,AIC,milk
1430,AIC,egg yolk
1430,AIC,egg
1430,AIC,olive oil
1430,AIC,pecorino cheese
1430,AIC,dried fig
1430,AIC,candied fruit
1430,AIC,raisin
1430,AIC,walnut
1430,AIC,bread dough
1431,AIC,water
1431,AIC,salt
1431,AIC,l'aquila black truffle
1431,AIC,olive oil
1431,AIC,egg
1431,AIC,cheese
1431,AIC,brewer's yeast
1431,AIC,wheat flour
1432,AIC,water
1432,AIC,frying oil
1432,AIC,salt
1432,AIC,parsley
1432,AIC,chickpea flour
1433,AIC,sugar
1433,AIC,cream
1433,AIC,coffee
1434,AIC,lemon zest
1434,AIC,candied citron
1434,AIC,candied pumpkin
1434,AIC,corinthian raisin
1434,AIC,milk
1434,AIC,sugar
1434,AIC,butter
1434,AIC,brewer's yeast
1434,AIC,egg
1434,AIC,wheat flour
1435,AIC,salt
1435,AIC,egg
1435,AIC,egg yolk
1435,AIC,candied citron and orange
1435,AIC,bread dough starter
1435,AIC,sultana raisin
1435,AIC,milk
1435,AIC,sugar
1435,AIC,butter
1435,AIC,wheat flour
1436,AIC,orange zest
1436,AIC,candied fruit
1436,AIC,raisin
1436,AIC,potato
1436,AIC,lard
1436,AIC,sugar
1436,AIC,egg
1436,AIC,wheat flour
1436,AIC,brewer's yeast
1436,AIC,salt
1436,AIC,warm water
1436,AIC,wheat flour
1437,AIC,water
1437,AIC,egg white
1437,AIC,olive oil
1437,AIC,saffron
1437,AIC,ground cinnamon
1437,AIC,sultana raisin
1437,AIC,walnut
1437,AIC,hazelnut
1437,AIC,almond
1437,AIC,pine nut
1437,AIC,candied citron
1437,AIC,candied orange
1437,AIC,sugar
1437,AIC,brewer's yeast
1437,AIC,bread dough
1437,AIC,wheat flour
1438,AIC,powdered sugar
1438,AIC,wheat flour
1438,AIC,coriander seed
1438,AIC,ground cinnamon
1438,AIC,ground cinnamon
1438,AIC,black pepper
1438,AIC,wheat flour
1438,AIC,shelled almond
1438,AIC,water
1438,AIC,milk
1438,AIC,sugar
1438,AIC,candied orange
1438,AIC,candied black melon
1439,AIC,sprinkle
1439,AIC,egg
1439,AIC,egg
1439,AIC,sugar
1439,AIC,lard
1439,AIC,semolina
1440,AIC,black pepper
1440,AIC,salt
1440,AIC,red wine
1440,AIC,leek
1440,AIC,zucchini
1440,AIC,onion
1440,AIC,tomato
1440,AIC,carrot
1440,AIC,celery
1440,AIC,shallot
1440,AIC,savoy cabbage
1440,AIC,borlotti bean
1440,AIC,butter
1440,AIC,lard
1440,AIC,pork rind
1440,AIC,salame duja
1440,AIC,rice
1441,AIC,warm water
1441,AIC,salt
1441,AIC,olive oil
1441,AIC,brewer's yeast
1441,AIC,chestnut flour
1441,AIC,wheat flour
1442,AIC,water
1442,AIC,salt
1442,AIC,potato
1442,AIC,olive oil
1442,AIC,wheat flour
1443,AIC,black pepper
1443,AIC,salt
1443,AIC,red wine
1443,AIC,tomato paste
1443,AIC,tomato
1443,AIC,garlic
1443,AIC,celery
1443,AIC,carrot
1443,AIC,onion
1443,AIC,salame duja
1443,AIC,lardo
1443,AIC,dried borlotti bean
1443,AIC,superfino rice
1444,AIC,water
1444,AIC,frying oil
1444,AIC,salt
1444,AIC,chickpea flour
1445,AIC,salt
1445,AIC,sultana raisin
1445,AIC,sugar
1445,AIC,egg
1445,AIC,butter
1445,AIC,milk
1445,AIC,stale bread
1446,AIC,gelatin sheet
1446,AIC,vanilla extract
1446,AIC,sugar
1446,AIC,milk
1446,AIC,cream
1447,AIC,black pepper
1447,AIC,salt
1447,AIC,olive oil
1447,AIC,white wine
1447,AIC,breadcrumb
1447,AIC,parsley
1447,AIC,red garlic
1447,AIC,mantis shrimp
1448,AIC,sugar
1448,AIC,olive oil
1448,AIC,lemon zest
1448,AIC,baking powder
1448,AIC,butter
1448,AIC,milk
1448,AIC,egg
1448,AIC,wheat flour
1449,AIC,olive oil
1449,AIC,salt
1449,AIC,marjoram
1449,AIC,garlic
1449,AIC,egg
1449,AIC,grated grana padano
1449,AIC,fresh ricotta
1449,AIC,preboggion
1449,AIC,chard
1449,AIC,borage
1449,AIC,water
1449,AIC,white wine
1449,AIC,wheat flour
1450,AIC,olive oil
1450,AIC,black pepper
1450,AIC,"grated, unaged pecorino cheese"
1450,AIC,marjoram
1450,AIC,chopped parsley
1450,AIC,garlic
1450,AIC,olive oil
1450,AIC,pine nut
1450,AIC,walnut
1450,AIC,grated pecorino cheese
1450,AIC,hard-boiled egg
1450,AIC,chard
1450,AIC,salt
1450,AIC,egg
1450,AIC,wheat flour
1451,AIC,black pepper
1451,AIC,salt
1451,AIC,grated grana padano
1451,AIC,egg
1451,AIC,butter
1451,AIC,breadcrumb
1451,AIC,meat broth
1452,AIC,black pepper
1452,AIC,salt
1452,AIC,wine vinegar
1452,AIC,olive oil
1452,AIC,basil
1452,AIC,cucumber
1452,AIC,red onion
1452,AIC,tomato
1452,AIC,stale bread
1453,AIC,salt
1453,AIC,wine vinegar
1453,AIC,olive oil
1453,AIC,basil
1453,AIC,tomato
1453,AIC,bread
1454,AIC,black pepper
1454,AIC,parsley
1454,AIC,egg
1454,AIC,parmigiano cheese
1454,AIC,caciotta
1454,AIC,salami
1454,AIC,salt
1454,AIC,lard
1454,AIC,wheat flour
1455,AIC,lukewarm water
1455,AIC,salt
1455,AIC,olive oil
1455,AIC,powdered sugar
1455,AIC,honey
1455,AIC,egg white
1455,AIC,egg
1455,AIC,wheat flour
1455,AIC,lemon zest
1455,AIC,sugar
1455,AIC,unsweetened cocoa powder
1455,AIC,strega liqueur
1455,AIC,ristretto coffee
1455,AIC,ground cinnamon
1455,AIC,rosemary
1455,AIC,chestnut
1456,AIC,nutmeg
1456,AIC,cream
1456,AIC,chard
1456,AIC,spinach
1456,AIC,egg yolk
1456,AIC,parmigiano cheese
1456,AIC,mascarpone
1456,AIC,ricotta
1456,AIC,black pepper
1456,AIC,rosemary
1456,AIC,peeled tomato
1456,AIC,white wine
1456,AIC,olive oil
1456,AIC,onion
1456,AIC,veal pulp
1456,AIC,sausage
1456,AIC,salt
1456,AIC,milk
1456,AIC,butter
1456,AIC,egg
1456,AIC,wheat flour
1457,AIC,olive oil
1457,AIC,black pepper
1457,AIC,olive oil
1457,AIC,thyme
1457,AIC,caciocavallo
1457,AIC,salt
1457,AIC,white wine
1457,AIC,egg
1457,AIC,wheat flour
1458,AIC,olive oil
1458,AIC,black pepper
1458,AIC,salt
1458,AIC,pecorino romano
1458,AIC,soft pork ciccioli
1458,AIC,mozzarella
1458,AIC,buffalo ricotta
1458,AIC,water
1458,AIC,sugar
1458,AIC,salt
1458,AIC,brewer's yeast
1458,AIC,wheat flour
1459,AIC,black pepper
1459,AIC,salt
1459,AIC,garlic
1459,AIC,salsiccia
1459,AIC,olive oil
1459,AIC,butter
1459,AIC,corn flour
1459,AIC,spinach
1460,AIC,salt
1460,AIC,vincotto
1460,AIC,olive oil
1460,AIC,parsley
1460,AIC,garlic
1460,AIC,caper
1460,AIC,sultana raisin
1460,AIC,gaeta olive
1460,AIC,breadcrumb
1460,AIC,papaccella pepper
1461,AIC,frying oil
1461,AIC,black pepper
1461,AIC,salted anchovy
1461,AIC,onion
1461,AIC,cherry tomato
1461,AIC,ricotta forte
1461,AIC,salt
1461,AIC,brewer's yeast
1461,AIC,wheat flour
1462,AIC,traggera (sprinkles)
1462,AIC,egg white
1462,AIC,sugar
1462,AIC,orange zest
1462,AIC,lemon zest
1462,AIC,egg
1462,AIC,walnut
1462,AIC,almond
1462,AIC,raisin
1462,AIC,sugar
1462,AIC,lard
1462,AIC,wheat flour
1463,AIC,salt
1463,AIC,caper
1463,AIC,sugar
1463,AIC,butter
1463,AIC,olive oil
1463,AIC,grapes or cherry
1463,AIC,pear
1463,AIC,lemon
1463,AIC,young duck
1464,AIC,pecorino cheese
1464,AIC,chili pepper
1464,AIC,olive oil
1464,AIC,tomato passata
1464,AIC,warm water
1464,AIC,salt
1464,AIC,wheat flour
1465,AIC,water
1465,AIC,salt
1465,AIC,olive oil
1465,AIC,pecorino pugliese
1465,AIC,brewer's yeast
1465,AIC,wheat flour
1466,AIC,hot water
1466,AIC,black pepper
1466,AIC,salt
1466,AIC,olive oil
1466,AIC,basil
1466,AIC,garlic
1466,AIC,tomato pulp
1466,AIC,stale bread
1467,AIC,salt
1467,AIC,black bread crouton
1467,AIC,butter
1467,AIC,fontina
1467,AIC,milk
1467,AIC,buckwheat flour
1468,AIC,warm water
1468,AIC,black pepper
1468,AIC,salt
1468,AIC,olive oil
1468,AIC,grated parmigiano cheese
1468,AIC,tomato sauce
1468,AIC,milk
1468,AIC,red wine
1468,AIC,celery
1468,AIC,onion
1468,AIC,carrot
1468,AIC,hare
1468,AIC,fresh pappardelle
1469,AIC,chili pepper
1469,AIC,garlic
1469,AIC,olive oil
1469,AIC,tomato sauce
1469,AIC,black olive
1469,AIC,caper
1469,AIC,rosemary
1469,AIC,sage
1469,AIC,bay leaf
1469,AIC,white wine
1469,AIC,celery
1469,AIC,carrot
1469,AIC,lemon
1469,AIC,hare
1469,AIC,salt
1469,AIC,egg
1469,AIC,wheat flour
1470,AIC,salt
1470,AIC,grated grana padano
1470,AIC,chili pepper
1470,AIC,celery
1470,AIC,onion
1470,AIC,carrot
1470,AIC,olive oil
1470,AIC,muscovy duck
1470,AIC,egg
1470,AIC,wheat flour
1471,AIC,black pepper
1471,AIC,salt
1471,AIC,grated pecorino cheese
1471,AIC,red wine
1471,AIC,bay leaf
1471,AIC,tomato passata
1471,AIC,carrot
1471,AIC,celery
1471,AIC,onion
1471,AIC,olive oil
1471,AIC,prosciutto crudo
1471,AIC,stewing hare meat
1471,AIC,salt
1471,AIC,egg
1471,AIC,wheat flour
1472,AIC,stale bread
1472,AIC,salt
1472,AIC,water
1472,AIC,chili pepper
1472,AIC,bell pepper
1472,AIC,basil
1472,AIC,parsley
1472,AIC,peeled tomato
1472,AIC,garlic
1472,AIC,olive oil
1472,AIC,wild chicory or turnip green
1472,AIC,small fish soup
1473,AIC,grated pecorino cheese
1473,AIC,broth
1473,AIC,black pepper
1473,AIC,olive oil
1473,AIC,salt
1473,AIC,chili pepper
1473,AIC,tomato paste
1473,AIC,peeled tomato
1473,AIC,pancetta
1473,AIC,parsley
1473,AIC,onion
1473,AIC,rosemary sprig
1473,AIC,garlic
1473,AIC,red wine vinegar
1473,AIC,red wine
1473,AIC,wild boar meat
1473,AIC,pappardelle
1474,AIC,bread crouton
1474,AIC,black pepper
1474,AIC,salt
1474,AIC,parmigiano cheese
1474,AIC,chive
1474,AIC,cream
1474,AIC,butter
1474,AIC,nutmeg
1474,AIC,meat broth
1474,AIC,milk
1474,AIC,potato
1474,AIC,leek
1475,AIC,powdered sugar
1475,AIC,salted water
1475,AIC,saffron
1475,AIC,vanillin
1475,AIC,grated lemon zest
1475,AIC,grated orange zest
1475,AIC,egg yolk
1475,AIC,sugar
1475,AIC,ricotta
1475,AIC,lard
1475,AIC,sugar
1475,AIC,semolina flour
1476,AIC,frying oil
1476,AIC,salt
1476,AIC,basil
1476,AIC,onion
1476,AIC,olive oil
1476,AIC,grated parmigiano cheese
1476,AIC,fiordilatte
1476,AIC,tomato sauce
1476,AIC,eggplant
1477,AIC,black pepper
1477,AIC,salt
1477,AIC,milk
1477,AIC,butter
1477,AIC,grana padano
1477,AIC,chard
1478,AIC,salt and pepper
1478,AIC,olive oil
1478,AIC,basil
1478,AIC,sugar
1478,AIC,garlic
1478,AIC,grated caciocavallo
1478,AIC,tuma
1478,AIC,egg
1478,AIC,tomato
1478,AIC,eggplant
1479,AIC,salt
1479,AIC,olive oil
1479,AIC,sausage
1479,AIC,parmigiano cheese
1479,AIC,mozzarella
1479,AIC,tomato sauce
1479,AIC,egg
1479,AIC,wheat flour
1479,AIC,eggplant
1480,AIC,chili pepper
1480,AIC,salt
1480,AIC,olive oil
1480,AIC,basil
1480,AIC,breadcrumb
1480,AIC,grated parmigiano cheese
1480,AIC,hard-boiled egg
1480,AIC,cooked ham or mortadella
1480,AIC,fior di latte
1480,AIC,tomato passata
1480,AIC,eggplant
1480,AIC,long eggplant
1481,AIC,dark chocolate
1481,AIC,egg
1481,AIC,butter
1481,AIC,bitter almond
1481,AIC,sweet almond
1481,AIC,potato starch
1481,AIC,wheat flour
1481,AIC,sugar
1482,AIC,salt
1482,AIC,white pepper
1482,AIC,clam
1482,AIC,fresh langoustine
1482,AIC,parsley
1482,AIC,garlic
1482,AIC,olive oil
1482,AIC,chickpea
1483,AIC,parmigiano cheese
1483,AIC,black pepper
1483,AIC,salt
1483,AIC,lemon zest
1483,AIC,meat broth
1483,AIC,beef marrow
1483,AIC,egg
1483,AIC,parmigiano cheese
1483,AIC,breadcrumb
1484,AIC,salt
1484,AIC,turkey broth
1484,AIC,nutmeg
1484,AIC,lemon zest
1484,AIC,breadcrumb
1484,AIC,parmigiano cheese
1484,AIC,egg
1485,AIC,wheat flour
1485,AIC,black pepper
1485,AIC,salt
1485,AIC,lemon zest
1485,AIC,nutmeg
1485,AIC,egg
1485,AIC,grated parmigiano cheese
1485,AIC,breadcrumb
1485,AIC,fish broth
1486,AIC,salt
1486,AIC,vegetable broth
1486,AIC,olive oil
1486,AIC,white wine
1486,AIC,garlic
1486,AIC,celery
1486,AIC,parsley
1486,AIC,white onion
1486,AIC,go fish (ghiozzi)
1487,AIC,salt
1487,AIC,bay leaf
1487,AIC,ground cinnamon
1487,AIC,basil
1487,AIC,onion
1487,AIC,garlic
1487,AIC,olive oil
1487,AIC,tomato paste
1487,AIC,grated caciocavallo
1487,AIC,tomato passata
1487,AIC,eggplant
1487,AIC,mutton or lamb
1487,AIC,beef
1487,AIC,pasta
1488,AIC,black pepper
1488,AIC,salt
1488,AIC,olive oil
1488,AIC,garlic
1488,AIC,tomato paste
1488,AIC,medium-sized cuttlefish
1488,AIC,spaghetti
1489,AIC,salt
1489,AIC,olive oil
1489,AIC,grated pecorino cheese
1489,AIC,basil
1489,AIC,garlic
1489,AIC,sweet pepper
1489,AIC,guanciale
1489,AIC,tomato
1489,AIC,spaghetti
1490,AIC,water
1490,AIC,salt and pepper
1490,AIC,olive oil
1490,AIC,basil
1490,AIC,garlic
1490,AIC,eggplant
1490,AIC,ricotta salata
1490,AIC,spaghetti
1490,AIC,white onion
1490,AIC,tomato
1491,AIC,salt
1491,AIC,breadcrumb
1491,AIC,chili pepper
1491,AIC,garlic
1491,AIC,salted anchovy
1491,AIC,olive oil
1491,AIC,broccoli or cauliflower
1491,AIC,homemade pasta
1492,AIC,salt
1492,AIC,olive oil
1492,AIC,pancetta
1492,AIC,green bean
1492,AIC,black broccoli
1492,AIC,short pasta
1493,AIC,salt and pepper
1493,AIC,breadcrumb
1493,AIC,olive oil
1493,AIC,saffron
1493,AIC,anchovy fillet
1493,AIC,pine nut
1493,AIC,raisin
1493,AIC,white onion
1493,AIC,bucatini
1493,AIC,cauliflower
1494,AIC,black pepper
1494,AIC,salt
1494,AIC,parmigiano cheese
1494,AIC,white wine
1494,AIC,parsley
1494,AIC,basil
1494,AIC,olive oil
1494,AIC,tomato
1494,AIC,onion
1494,AIC,garlic
1494,AIC,zucchini flower
1494,AIC,pasta
1495,AIC,salt
1495,AIC,chili pepper
1495,AIC,lemon
1495,AIC,parsley
1495,AIC,garlic
1495,AIC,pecorino cheese
1495,AIC,olive oil
1495,AIC,artichoke
1495,AIC,paccheri
1496,AIC,black pepper
1496,AIC,salt
1496,AIC,olive oil
1496,AIC,basil
1496,AIC,garlic
1496,AIC,aged pecorino cheese
1496,AIC,trapanese busiati pasta
1496,AIC,tomato
1497,AIC,garlic
1497,AIC,olive oil
1497,AIC,breadcrumb
1497,AIC,salted anchovy
1497,AIC,spaghetti
1498,AIC,warm water
1498,AIC,salt
1498,AIC,parsley
1498,AIC,olive oil
1498,AIC,garlic
1498,AIC,bottarga
1498,AIC,pasta
1499,AIC,salt
1499,AIC,olive oil
1499,AIC,parsley
1499,AIC,garlic
1499,AIC,tomato sauce
1499,AIC,breadcrumb
1499,AIC,anchovy
1499,AIC,bucatini
1500,AIC,black pepper
1500,AIC,salt
1500,AIC,olive oil
1500,AIC,breadcrumb
1500,AIC,saffron
1500,AIC,pine nut
1500,AIC,passolina raisin
1500,AIC,salted anchovy
1500,AIC,onion
1500,AIC,wild fennel
1500,AIC,sardine
1500,AIC,pasta
1501,AIC,salt
1501,AIC,salted ricotta
1501,AIC,garlic
1501,AIC,basil
1501,AIC,olive oil
1501,AIC,zucchini
1501,AIC,vermicelli
1502,AIC,basil
1502,AIC,chili flake
1502,AIC,salt
1502,AIC,olive oil
1502,AIC,garlic
1502,AIC,caciocavallo
1502,AIC,green zucchini
1502,AIC,spaghetti
1503,AIC,black pepper
1503,AIC,olive oil
1503,AIC,breadcrumb
1503,AIC,anchovy in oil
1503,AIC,vermicelli
1504,AIC,olive oil
1504,AIC,parsley
1504,AIC,garlic
1504,AIC,tuna bottarga
1504,AIC,spaghetti
1505,AIC,salt
1505,AIC,oregano
1505,AIC,garlic
1505,AIC,breadcrumb
1505,AIC,olive oil
1505,AIC,tomato sauce
1505,AIC,mezzi ziti
1506,AIC,salt
1506,AIC,olive oil
1506,AIC,black pepper
1506,AIC,parsley
1506,AIC,black olive
1506,AIC,breadcrumb
1506,AIC,white wine
1506,AIC,salted anchovy
1506,AIC,garlic
1506,AIC,broccoletti
1506,AIC,ditalini rigati pasta
1507,AIC,vanilla extract
1507,AIC,egg white
1507,AIC,lemon zest
1507,AIC,sugar
1507,AIC,almond
1508,AIC,boiling water
1508,AIC,salt
1508,AIC,tomato passata
1508,AIC,chili pepper
1508,AIC,garlic
1508,AIC,olive oil
1508,AIC,green broccoli
1508,AIC,cannolicchi (ditalini) pasta
1509,AIC,water
1509,AIC,salt
1509,AIC,tomato passata
1509,AIC,chili pepper
1509,AIC,garlic
1509,AIC,olive oil
1509,AIC,green broccoli
1509,AIC,cannolicchi pasta
1510,AIC,black pepper
1510,AIC,salt
1510,AIC,olive oil
1510,AIC,garlic
1510,AIC,gaeta olive
1510,AIC,cauliflower
1510,AIC,pasta mischiata
1511,AIC,black pepper
1511,AIC,salt
1511,AIC,tomato paste
1511,AIC,olive oil
1511,AIC,rosemary sprig
1511,AIC,anchovy
1511,AIC,garlic
1511,AIC,medium ditalini pasta (cannolicchi)
1511,AIC,dried chickpea
1512,AIC,black pepper
1512,AIC,salt
1512,AIC,garlic
1512,AIC,olive oil
1512,AIC,salted olive
1512,AIC,pasta mista
1512,AIC,cauliflower
1513,AIC,salt
1513,AIC,chili pepper
1513,AIC,tomato passata
1513,AIC,fresh rosemary sprig
1513,AIC,garlic
1513,AIC,olive oil
1513,AIC,cannolicchi pasta
1513,AIC,chickpea
1514,AIC,water
1514,AIC,black pepper
1514,AIC,salt
1514,AIC,rosemary
1514,AIC,olive oil
1514,AIC,lardo
1514,AIC,garlic
1514,AIC,peeled tomato
1514,AIC,chickpea
1514,AIC,maltagliati
1515,AIC,water
1515,AIC,wheat flour
1515,AIC,black pepper
1515,AIC,salt
1515,AIC,olive oil
1515,AIC,garlic
1515,AIC,celery
1515,AIC,chickpea
1516,AIC,salt
1516,AIC,chili pepper
1516,AIC,tomato passata
1516,AIC,fresh rosemary sprig
1516,AIC,garlic
1516,AIC,olive oil
1516,AIC,cannolicchi or conchigliette pasta
1516,AIC,chickpea
1517,AIC,salt
1517,AIC,chili pepper
1517,AIC,pasta mista
1517,AIC,parsley
1517,AIC,oregano
1517,AIC,celery
1517,AIC,tomato paste
1517,AIC,peeled tomato
1517,AIC,garlic
1517,AIC,olive oil
1517,AIC,bean
1518,AIC,black pepper
1518,AIC,salt
1518,AIC,grated parmigiano cheese
1518,AIC,peeled tomato
1518,AIC,olive oil
1518,AIC,slice of minced lardo
1518,AIC,onion
1518,AIC,celery
1518,AIC,garlic
1518,AIC,medium ditalini pasta
1518,AIC,dried borlotti bean
1519,AIC,water
1519,AIC,salt
1519,AIC,chili pepper
1519,AIC,parsley
1519,AIC,garlic
1519,AIC,olive oil
1519,AIC,cherry tomato
1519,AIC,mussel
1519,AIC,borlotti bean
1519,AIC,wheat flour
1520,AIC,salt
1520,AIC,olive oil
1520,AIC,tomato paste
1520,AIC,chili pepper
1520,AIC,rosemary
1520,AIC,sage
1520,AIC,garlic
1520,AIC,maltagliati or tagliolini pasta
1520,AIC,dried cannellini bean
1521,AIC,salt
1521,AIC,chili pepper
1521,AIC,pasta mista
1521,AIC,parsley
1521,AIC,oregano
1521,AIC,celery
1521,AIC,tomato paste
1521,AIC,garlic
1521,AIC,olive oil
1521,AIC,peeled tomato
1521,AIC,bean
1522,AIC,black pepper
1522,AIC,salt
1522,AIC,basil
1522,AIC,tomato paste
1522,AIC,tomato passata
1522,AIC,yellow carrot
1522,AIC,celery
1522,AIC,olive oil
1522,AIC,onion
1522,AIC,cannolicchi pasta
1522,AIC,cannellini bean
1523,AIC,black pepper
1523,AIC,hot water
1523,AIC,salt
1523,AIC,olive oil
1523,AIC,tomato paste
1523,AIC,tomato passata
1523,AIC,carrot
1523,AIC,basil
1523,AIC,celery
1523,AIC,onion
1523,AIC,cannolicchi pasta
1523,AIC,borlotti or cannellini bean
1524,AIC,salt
1524,AIC,chili pepper
1524,AIC,olive oil
1524,AIC,spaghetti
1524,AIC,tomato paste
1524,AIC,tomato passata
1524,AIC,garlic
1524,AIC,celery
1524,AIC,lentil
1525,AIC,olive oil
1525,AIC,chili pepper
1525,AIC,salt
1525,AIC,tomato paste
1525,AIC,tomato passata
1525,AIC,garlic
1525,AIC,celery
1525,AIC,lentil
1525,AIC,spaghetti
1526,AIC,black pepper
1526,AIC,salt
1526,AIC,olive oil
1526,AIC,peeled tomato
1526,AIC,onion
1526,AIC,garlic
1526,AIC,celery
1526,AIC,lentil
1526,AIC,ditalini or spaghetti
1527,AIC,salt
1527,AIC,olive oil
1527,AIC,basil
1527,AIC,bell pepper
1527,AIC,onion
1527,AIC,caciocavallo
1527,AIC,salsiccia or soppressata
1527,AIC,tomato
1527,AIC,potato
1527,AIC,penne or ziti pasta
1528,AIC,black pepper
1528,AIC,salt
1528,AIC,olive oil
1528,AIC,parsley
1528,AIC,new potato
1528,AIC,pecorino cheese
1528,AIC,egg
1528,AIC,ditalini pasta
1529,AIC,water
1529,AIC,salt
1529,AIC,meat broth
1529,AIC,egg
1529,AIC,cheese
1529,AIC,wheat flour
1530,AIC,salt
1530,AIC,pork rind
1530,AIC,nutmeg
1530,AIC,broth
1530,AIC,grated parmigiano cheese
1530,AIC,egg
1530,AIC,wheat flour
1531,AIC,salt
1531,AIC,malga cheese
1531,AIC,butter
1531,AIC,pancetta
1531,AIC,onion
1531,AIC,potato
1531,AIC,ditalini pasta
1532,AIC,beef or pork ragù
1532,AIC,olive oil
1532,AIC,parmigiano cheese
1532,AIC,eggplant
1532,AIC,provola
1532,AIC,paccheri (or rigatoni)
1533,AIC,lemon
1533,AIC,egg
1533,AIC,sugar
1533,AIC,butter
1533,AIC,polenta flour
1534,AIC,black pepper
1534,AIC,salt
1534,AIC,garlic
1534,AIC,olive oil
1534,AIC,white wine
1534,AIC,tomato pulp
1534,AIC,clove
1534,AIC,onion
1534,AIC,celery
1534,AIC,carrot
1534,AIC,veal round
1535,AIC,wheat flour
1535,AIC,butter
1535,AIC,egg
1535,AIC,egg yolk
1535,AIC,sugar
1535,AIC,lemon zest
1535,AIC,salt
1535,AIC,ground veal
1535,AIC,ground beef
1535,AIC,ground chicken
1535,AIC,chicken giblet
1535,AIC,prosciutto crudo
1535,AIC,dried mushroom
1535,AIC,olive oil
1535,AIC,white wine
1535,AIC,marsala wine
1535,AIC,broth
1535,AIC,celery
1535,AIC,carrot
1535,AIC,onion
1535,AIC,black pepper
1535,AIC,milk
1535,AIC,nutmeg
1535,AIC,maccheroncini pasta
1535,AIC,parmigiano cheese
1535,AIC,truffle
1536,AIC,parsley
1536,AIC,garlic
1536,AIC,olive oil
1536,AIC,salt
1536,AIC,dried mushroom
1536,AIC,parmigiano cheese
1536,AIC,ziti pasta
1536,AIC,marsala wine
1536,AIC,egg yolk
1536,AIC,egg
1536,AIC,sugar
1536,AIC,butter
1536,AIC,wheat flour
1537,AIC,salt
1537,AIC,olive oil
1537,AIC,butter
1537,AIC,cream
1537,AIC,prosciutto crudo
1537,AIC,egg
1537,AIC,wheat flour
1538,AIC,black pepper
1538,AIC,salt
1538,AIC,sugar
1538,AIC,egg yolk
1538,AIC,egg
1538,AIC,butter
1538,AIC,wheat flour
1538,AIC,meat broth
1538,AIC,white truffle
1538,AIC,grated parmigiano cheese
1538,AIC,butter
1538,AIC,bolognese ragù
1538,AIC,tortellini
1539,AIC,salt
1539,AIC,garlic
1539,AIC,corn flour
1539,AIC,rice
1539,AIC,pork rind
1539,AIC,fresh lard
1539,AIC,ravisse
1540,AIC,powdered sugar
1540,AIC,ground cinnamon
1540,AIC,candied fruit
1540,AIC,orange blossom water
1540,AIC,egg white
1540,AIC,egg yolk
1540,AIC,sugar
1540,AIC,ricotta
1540,AIC,milk
1540,AIC,orange zest
1540,AIC,vanillin
1540,AIC,sugar
1540,AIC,lard
1540,AIC,soaked wheat
1540,AIC,lemon zest
1540,AIC,lard
1540,AIC,sugar
1540,AIC,egg yolk
1540,AIC,wheat flour
1541,AIC,black pepper
1541,AIC,salt
1541,AIC,fresh leek
1541,AIC,onion
1541,AIC,small pasta
1541,AIC,parsley
1541,AIC,tomato sauce
1541,AIC,olive oil
1541,AIC,mixed fish soup
1542,AIC,lemon zest
1542,AIC,cinnamon stick
1542,AIC,egg yolk
1542,AIC,sugar
1542,AIC,rice
1542,AIC,milk
1542,AIC,salt
1542,AIC,lemon zest
1542,AIC,lard
1542,AIC,egg yolk
1542,AIC,egg
1542,AIC,sugar
1542,AIC,wheat flour
1543,AIC,black pepper
1543,AIC,salt
1543,AIC,tarragon
1543,AIC,clove
1543,AIC,bay leaf
1543,AIC,butter
1543,AIC,wheat flour
1543,AIC,beef broth
1543,AIC,red wine
1543,AIC,olive oil
1543,AIC,lardo
1543,AIC,celery
1543,AIC,carrot
1543,AIC,onion
1543,AIC,horse meat
1544,AIC,salt
1544,AIC,lard
1544,AIC,raisin
1544,AIC,egg
1544,AIC,sausage
1544,AIC,corn flour
1545,AIC,black pepper
1545,AIC,salt
1545,AIC,olive oil
1545,AIC,parsley
1545,AIC,grated parmigiano cheese
1545,AIC,salted anchovy
1545,AIC,pickled pepper
1545,AIC,potato
1546,AIC,salt
1546,AIC,olive oil
1546,AIC,oregano
1546,AIC,breadcrumb
1546,AIC,grated pecorino cheese
1546,AIC,tomato
1546,AIC,onion
1546,AIC,potato
1547,AIC,water
1547,AIC,black pepper
1547,AIC,salt
1547,AIC,olive oil
1547,AIC,parsley
1547,AIC,egg
1547,AIC,parmigiano cheese
1547,AIC,aged pecorino cheese
1547,AIC,caciocavallo
1547,AIC,aged cow's milk cheese
1547,AIC,onion
1547,AIC,potato
1548,AIC,water
1548,AIC,toasted bread slice
1548,AIC,salt
1548,AIC,chili pepper
1548,AIC,olive oil
1548,AIC,garlic
1548,AIC,parsley
1548,AIC,peeled tomato
1548,AIC,white celery
1548,AIC,potato
1549,AIC,butter
1549,AIC,savoy cabbage
1549,AIC,potato
1550,AIC,salt
1550,AIC,basil
1550,AIC,vegetable broth
1550,AIC,olive oil
1550,AIC,onion
1550,AIC,garlic
1550,AIC,cherry tomato
1550,AIC,potato
1551,AIC,black pepper
1551,AIC,salt
1551,AIC,sage
1551,AIC,ready-made gelatin
1551,AIC,lardo
1551,AIC,prosciutto cotto
1551,AIC,pork loin
1551,AIC,rabbit meat
1552,AIC,black pepper
1552,AIC,salt
1552,AIC,lard
1552,AIC,onion
1552,AIC,potato
1553,AIC,black pepper
1553,AIC,salt
1553,AIC,marjoram
1553,AIC,thyme
1553,AIC,rosemary
1553,AIC,sage
1553,AIC,cognac
1553,AIC,shallot
1553,AIC,butter
1553,AIC,pork liver
1554,AIC,lardo
1554,AIC,salt and pepper
1554,AIC,milk
1554,AIC,bread slice
1554,AIC,bay leaf
1554,AIC,grated parmigiano cheese
1554,AIC,egg yolk
1554,AIC,prosciutto crudo
1554,AIC,large black truffle
1554,AIC,chicken breast
1554,AIC,very lean pork pulp
1554,AIC,veal pulp
1555,AIC,salt
1555,AIC,chestnut flour
1556,AIC,dark chocolate leaf
1556,AIC,alcherme
1556,AIC,polentina di cittadella
1556,AIC,wheat flour
1556,AIC,marsala wine
1556,AIC,sugar
1556,AIC,egg yolk
1556,AIC,dark chocolate glaze
1556,AIC,salt
1556,AIC,egg white
1556,AIC,bitter almond
1556,AIC,sweet almond
1556,AIC,wheat flour
1556,AIC,butter
1556,AIC,sugar
1557,AIC,salt
1557,AIC,chili pepper
1557,AIC,sage
1557,AIC,rosemary
1557,AIC,thyme
1557,AIC,olive oil
1557,AIC,white wine
1557,AIC,sun-dried tomato
1557,AIC,garlic
1557,AIC,onion
1557,AIC,carrot
1557,AIC,celery
1557,AIC,mutton leg
1558,AIC,olive oil
1558,AIC,white wine
1558,AIC,peeled tomato
1558,AIC,tomato paste
1558,AIC,parsley
1558,AIC,basil
1558,AIC,rosemary
1558,AIC,bay leaf
1558,AIC,onion
1558,AIC,mutton leg
1559,AIC,black pepper
1559,AIC,butter
1559,AIC,beef broth
1559,AIC,bone marrow
1559,AIC,stale bread
1560,AIC,onion
1560,AIC,chili pepper
1560,AIC,black pepper
1560,AIC,salt
1560,AIC,olive oil
1560,AIC,white wine
1560,AIC,tomato sauce
1560,AIC,rosemary
1560,AIC,bay leaf
1560,AIC,celery
1560,AIC,carrot
1560,AIC,garlic
1560,AIC,mutton
1561,AIC,ground cinnamon
1561,AIC,clove
1561,AIC,nutmeg
1561,AIC,vinegar
1561,AIC,water
1561,AIC,black pepper
1561,AIC,salt
1561,AIC,olive oil
1561,AIC,red wine
1561,AIC,peeled tomato
1561,AIC,garlic
1561,AIC,carrot
1561,AIC,celery
1561,AIC,onion
1561,AIC,mutton meat
1562,AIC,salt
1562,AIC,carasau bread
1562,AIC,potato
1562,AIC,onion
1562,AIC,mutton pulp
1563,AIC,pecorino cheese
1563,AIC,black pepper
1563,AIC,nutmeg
1563,AIC,butter
1563,AIC,lemon juice
1563,AIC,guanciale
1563,AIC,sausage
1563,AIC,salt
1563,AIC,egg
1563,AIC,wheat flour
1564,AIC,salt
1564,AIC,butter
1564,AIC,parsley
1564,AIC,olive oil
1564,AIC,parmigiano cheese
1564,AIC,black truffle
1564,AIC,penne
1565,AIC,salt
1565,AIC,parsley
1565,AIC,garlic
1565,AIC,olive oil
1565,AIC,chili pepper
1565,AIC,peeled tomato
1565,AIC,penne pasta
1566,AIC,salt
1566,AIC,pecorino cheese
1566,AIC,basil
1566,AIC,chili pepper
1566,AIC,olive oil
1566,AIC,garlic
1566,AIC,peeled tomato
1566,AIC,prosciutto
1566,AIC,penne pasta
1567,AIC,black pepper
1567,AIC,salt
1567,AIC,olive oil
1567,AIC,butter
1567,AIC,white wine
1567,AIC,meat broth
1567,AIC,pecorino cheese
1567,AIC,parmigiano cheese
1567,AIC,sage
1567,AIC,shallot
1567,AIC,prosciutto crudo
1567,AIC,potato
1567,AIC,penne rigate
1568,AIC,butter
1568,AIC,black pepper
1568,AIC,orange zest
1568,AIC,almond
1568,AIC,honey
1568,AIC,wheat flour
1569,AIC,black pepper
1569,AIC,salt
1569,AIC,olive oil
1569,AIC,grated parmigiano cheese
1569,AIC,red wine
1569,AIC,parsley
1569,AIC,basil
1569,AIC,bay leaf
1569,AIC,sage
1569,AIC,rosemary
1569,AIC,garlic
1569,AIC,tomato pulp
1569,AIC,onion
1569,AIC,chicken liver
1569,AIC,sausage
1569,AIC,veal pulp
1569,AIC,pork loin
1569,AIC,beef pulp
1569,AIC,smooth penne
1570,AIC,salt
1570,AIC,chili pepper
1570,AIC,basil
1570,AIC,garlic
1570,AIC,olive oil
1570,AIC,peeled tomato
1570,AIC,green pepper
1571,AIC,white wine
1571,AIC,salt
1571,AIC,olive oil
1571,AIC,bay leaf
1571,AIC,rosemary
1571,AIC,onion
1571,AIC,anchovy fillet
1571,AIC,garlic
1571,AIC,basil
1571,AIC,celery leaf
1571,AIC,parsley
1571,AIC,tomato
1571,AIC,bell pepper
1572,AIC,salt
1572,AIC,vinegar
1572,AIC,butter
1572,AIC,olive oil
1572,AIC,peeled tomato
1572,AIC,sage
1572,AIC,parsley
1572,AIC,garlic
1572,AIC,onion
1572,AIC,bell pepper
1573,AIC,pitted green olive
1573,AIC,anchovy
1573,AIC,caper
1573,AIC,canned tuna
1573,AIC,olive oil
1573,AIC,vinegar
1573,AIC,bell pepper
1574,AIC,black pepper
1574,AIC,salt
1574,AIC,olive oil
1574,AIC,tomato
1574,AIC,bell pepper
1575,AIC,water
1575,AIC,salt
1575,AIC,basil
1575,AIC,olive oil
1575,AIC,tomato
1575,AIC,bell pepper
1575,AIC,bell pepper
1575,AIC,bell pepper
1575,AIC,potato
1575,AIC,white onion
1576,AIC,black pepper
1576,AIC,salt
1576,AIC,basil
1576,AIC,marjoram
1576,AIC,thyme
1576,AIC,sage
1576,AIC,parsley
1576,AIC,olive oil
1576,AIC,caper
1576,AIC,garlic
1576,AIC,anchovy fillet
1576,AIC,bell pepper
1576,AIC,bell pepper
1577,AIC,black pepper
1577,AIC,garlic
1577,AIC,salt
1577,AIC,olive oil
1577,AIC,gaeta black olive
1577,AIC,caper
1577,AIC,bell pepper
1578,AIC,black pepper
1578,AIC,salt
1578,AIC,olive oil
1578,AIC,vinegar
1578,AIC,garlic
1578,AIC,caper
1578,AIC,breadcrumb
1578,AIC,black pepper
1579,AIC,salt
1579,AIC,parsley
1579,AIC,chili pepper
1579,AIC,garlic
1579,AIC,caper
1579,AIC,gaeta olive
1579,AIC,anchovy fillet in oil
1579,AIC,olive oil
1579,AIC,peeled tomato
1579,AIC,bell pepper
1579,AIC,bucatini
1580,AIC,frying oil
1580,AIC,salt
1580,AIC,basil
1580,AIC,oregano
1580,AIC,garlic
1580,AIC,olive oil
1580,AIC,breadcrumb
1580,AIC,gaeta olive
1580,AIC,caper
1580,AIC,peeled tomato
1580,AIC,eggplant
1580,AIC,bell pepper
1581,AIC,breadcrumb
1581,AIC,black pepper
1581,AIC,salt
1581,AIC,parsley
1581,AIC,salted anchovy
1581,AIC,pitted black olive
1581,AIC,caper
1581,AIC,cherry tomato
1581,AIC,garlic
1581,AIC,olive oil
1581,AIC,bucatini
1581,AIC,bell pepper
1582,AIC,black pepper
1582,AIC,salt
1582,AIC,olive oil
1582,AIC,sugar
1582,AIC,vinegar
1582,AIC,sauce
1582,AIC,bell pepper
1583,AIC,black pepper
1583,AIC,salt
1583,AIC,olive oil
1583,AIC,caper
1583,AIC,anchovy
1583,AIC,caciocavallo
1583,AIC,pine nut and raisin
1583,AIC,breadcrumb
1583,AIC,black pepper
1584,AIC,frying oil
1584,AIC,salt
1584,AIC,anchovy in oil
1584,AIC,dried chili pepper
1584,AIC,brewer's yeast
1584,AIC,wheat flour
1585,AIC,salt
1585,AIC,olive oil
1585,AIC,parsley
1585,AIC,salted anchovy
1585,AIC,caper
1585,AIC,pitted black olive
1585,AIC,grated pecorino pugliese
1585,AIC,breadcrumb
1585,AIC,yellow pepper
1586,AIC,salt
1586,AIC,olive oil
1586,AIC,pecorino cheese
1586,AIC,basil
1586,AIC,parsley
1586,AIC,garlic
1586,AIC,egg
1586,AIC,breadcrumb
1586,AIC,sweet pepper
1587,AIC,salt
1587,AIC,olive oil
1587,AIC,milk
1587,AIC,parsley
1587,AIC,garlic
1587,AIC,stale bread roll
1587,AIC,grated parmigiano cheese
1587,AIC,egg
1587,AIC,mortadella
1587,AIC,ground meat
1587,AIC,yellow pepper
1588,AIC,water
1588,AIC,vinegar
1588,AIC,cherry pepper
1589,AIC,black pepper
1589,AIC,salt
1589,AIC,olive oil
1589,AIC,grated pecorino cheese
1589,AIC,parsley
1589,AIC,chili pepper
1589,AIC,tomato
1589,AIC,onion
1589,AIC,garlic
1589,AIC,snail
1589,AIC,perciatelli or bucatini pasta
1590,AIC,salt
1590,AIC,oregano
1590,AIC,olive oil
1590,AIC,garlic
1590,AIC,white wine
1590,AIC,white wine vinegar
1590,AIC,bell pepper
1591,AIC,water
1591,AIC,lemon zest
1591,AIC,nutmeg
1591,AIC,cinnamon stick
1591,AIC,clove
1591,AIC,sugar
1591,AIC,red wine
1591,AIC,martin sec or williams pear
1592,AIC,olive oil
1592,AIC,hot water
1592,AIC,black pepper
1592,AIC,salt
1592,AIC,tomato paste
1592,AIC,red wine
1592,AIC,garlic
1592,AIC,beef muscle
1593,AIC,salt
1593,AIC,olive oil
1593,AIC,walnut
1593,AIC,arugula
1593,AIC,pear
1593,AIC,malga cheese
1594,AIC,nutmeg
1594,AIC,clove
1594,AIC,cinnamon stick
1594,AIC,red wine
1594,AIC,sugar
1594,AIC,martin sec or williams pear
1595,AIC,salt
1595,AIC,olive oil
1595,AIC,white wine
1595,AIC,confettate olife
1595,AIC,bay leaf
1595,AIC,garlic
1595,AIC,onion
1595,AIC,partridge
1596,AIC,black pepper
1596,AIC,salt
1596,AIC,garlic
1596,AIC,parsley
1596,AIC,olive oil
1596,AIC,potato
1596,AIC,partridge
1597,AIC,salt
1597,AIC,crostoni
1597,AIC,lemon
1597,AIC,breadcrumb
1597,AIC,carrot
1597,AIC,anchovy
1597,AIC,broth
1597,AIC,red wine
1597,AIC,olive oil
1597,AIC,partridge
1598,AIC,water
1598,AIC,polenta
1598,AIC,white wine
1598,AIC,butter
1598,AIC,bay leaf
1598,AIC,garlic
1598,AIC,rosemary
1598,AIC,sage
1598,AIC,pancetta
1598,AIC,partridge
1599,AIC,garlic
1599,AIC,salt
1599,AIC,parsley
1599,AIC,fish broth
1599,AIC,l'aquila saffron
1599,AIC,white wine
1599,AIC,olive oil
1599,AIC,cherry tomato
1599,AIC,mussel
1599,AIC,monkfish
1600,AIC,black pepper
1600,AIC,salt
1600,AIC,tomato paste
1600,AIC,parsley
1600,AIC,seed oil
1600,AIC,garlic
1600,AIC,catfish
1601,AIC,polenta
1601,AIC,black pepper
1601,AIC,salt
1601,AIC,nutmeg
1601,AIC,whisky
1601,AIC,vinegar
1601,AIC,butter
1601,AIC,olive oil
1601,AIC,tomato passata
1601,AIC,wheat flour
1601,AIC,garlic
1601,AIC,celery
1601,AIC,carrot
1601,AIC,onion
1601,AIC,asparagus
1601,AIC,catfish
1602,AIC,lemon
1602,AIC,lard
1602,AIC,salt and pepper
1602,AIC,rosemary
1602,AIC,garlic
1602,AIC,olive oil or lard
1602,AIC,wheat flour
1602,AIC,milk
1602,AIC,catfish
1603,AIC,olive oil
1603,AIC,salt
1603,AIC,sage
1603,AIC,garlic
1603,AIC,vinegar
1603,AIC,wheat flour
1603,AIC,"bogue, anchovy, or sardine"
1604,AIC,wheat flour
1604,AIC,butter
1604,AIC,black pepper
1604,AIC,salt
1604,AIC,cream
1604,AIC,white wine
1604,AIC,crema di latte
1604,AIC,fish broth
1604,AIC,scallion
1604,AIC,perch fillet
1605,AIC,black pepper
1605,AIC,salt
1605,AIC,olive oil
1605,AIC,parsley
1605,AIC,tomato passata
1605,AIC,bell pepper
1605,AIC,carrot
1605,AIC,onion
1605,AIC,swordfish
1606,AIC,salt
1606,AIC,olive oil
1606,AIC,pickled caper
1606,AIC,pitted black olive
1606,AIC,diced tomato
1606,AIC,tropea onion
1606,AIC,swordfish
1607,AIC,salt
1607,AIC,basil
1607,AIC,olive oil
1607,AIC,chili pepper
1607,AIC,parsley
1607,AIC,caper
1607,AIC,black olive
1607,AIC,tomato sauce
1607,AIC,breadcrumb
1607,AIC,swordfish
1608,AIC,black pepper
1608,AIC,salt
1608,AIC,white wine
1608,AIC,parsley
1608,AIC,garlic
1608,AIC,olive oil
1608,AIC,tomato
1608,AIC,wheat flour
1608,AIC,onion
1608,AIC,catfish
1609,AIC,milk liqueur
1609,AIC,paper cup
1609,AIC,fresh edible herb leaf
1609,AIC,sugar
1609,AIC,alchermes liqueur
1609,AIC,vov liqueur
1609,AIC,sugar syrup
1609,AIC,liqueur
1609,AIC,custard
1609,AIC,milk
1609,AIC,brewer's yeast
1609,AIC,sugar
1609,AIC,olive oil
1609,AIC,egg
1609,AIC,wheat flour
1610,AIC,black pepper
1610,AIC,salt
1610,AIC,parsley
1610,AIC,olive oil
1610,AIC,garlic
1610,AIC,caper
1610,AIC,lemon
1610,AIC,swordfish
1611,AIC,powdered sugar
1611,AIC,butter
1611,AIC,milk
1611,AIC,egg white
1611,AIC,sugar
1611,AIC,egg yolk
1611,AIC,breadcrumb
1611,AIC,amaretti
1611,AIC,almond
1611,AIC,peach
1612,AIC,butter
1612,AIC,egg
1612,AIC,sugar
1612,AIC,cocoa powder
1612,AIC,amaretti cookie
1612,AIC,yellow peach
1613,AIC,maraschino or rum
1613,AIC,butter
1613,AIC,sugar
1613,AIC,unsweetened cocoa powder
1613,AIC,amaretto cookie
1613,AIC,marsala
1613,AIC,yellow peach
1614,AIC,amaretti
1614,AIC,grappa
1614,AIC,butter
1614,AIC,honey
1614,AIC,sugar
1614,AIC,sweet almond
1614,AIC,yellow peach
1615,AIC,salt
1615,AIC,lemon
1615,AIC,olive oil
1615,AIC,sùrici
1616,AIC,salt
1616,AIC,butter
1616,AIC,wheat flour
1616,AIC,polenta flour
1616,AIC,sweet pumpkin
1616,AIC,milk
1617,AIC,water
1617,AIC,salt
1617,AIC,olive oil
1617,AIC,pecorino sardo
1617,AIC,basil
1617,AIC,garlic
1618,AIC,clove
1618,AIC,ground cinnamon
1618,AIC,red wine
1618,AIC,sugar
1618,AIC,volpina or kaiser pear
1619,AIC,salt
1619,AIC,olive oil
1619,AIC,parmigiano cheese
1619,AIC,aged pecorino sardo
1619,AIC,pine nut
1619,AIC,basil
1619,AIC,garlic
1620,AIC,olive oil
1620,AIC,ground cinnamon
1620,AIC,citron or lemon zest
1620,AIC,orange zest
1620,AIC,wildflower honey
1621,AIC,black pepper
1621,AIC,salt
1621,AIC,white wine
1621,AIC,butter
1621,AIC,wheat flour
1621,AIC,parmigiano cheese
1621,AIC,thin prosciutto crudo slice
1621,AIC,thin turkey breast slice
1622,AIC,warm water
1622,AIC,frying oil
1622,AIC,salt
1622,AIC,anchovy fillet in oil
1622,AIC,brewer's yeast
1622,AIC,wheat flour
1623,AIC,honey
1623,AIC,powdered sugar
1623,AIC,olive oil
1623,AIC,lemon
1623,AIC,ground cinnamon
1623,AIC,sugar
1623,AIC,sweet ricotta
1623,AIC,warm water
1623,AIC,salt
1623,AIC,brewer's yeast
1623,AIC,wheat flour
1624,AIC,water
1624,AIC,sugar
1624,AIC,ammonium bicarbonate
1624,AIC,white pepper
1624,AIC,wheat flour
1624,AIC,lard
1624,AIC,molass
1625,AIC,black pepper
1625,AIC,salt
1625,AIC,meat broth
1625,AIC,butter
1625,AIC,breadcrumb
1626,AIC,black pepper
1626,AIC,olive oil
1626,AIC,lemon
1626,AIC,garlic
1626,AIC,juniper berry
1626,AIC,salted anchovy
1626,AIC,chicken liver
1627,AIC,black pepper
1627,AIC,salt
1627,AIC,broth
1627,AIC,white wine
1627,AIC,vinegar
1627,AIC,breadcrumb
1627,AIC,butter
1627,AIC,chicken liver
1628,AIC,salt
1628,AIC,milk
1628,AIC,lard
1628,AIC,wheat flour
1629,AIC,black pepper
1629,AIC,salt
1629,AIC,olive oil
1629,AIC,tomato paste
1629,AIC,white wine
1629,AIC,bay leaf
1629,AIC,sage
1629,AIC,rosemary
1629,AIC,garlic
1629,AIC,carrot
1629,AIC,onion
1629,AIC,veal lung
1630,AIC,polenta
1630,AIC,butter
1630,AIC,black pepper
1630,AIC,salt
1630,AIC,white wine
1630,AIC,juniper berry
1630,AIC,parsley
1630,AIC,sage
1630,AIC,rosemary
1630,AIC,pancetta
1630,AIC,pigeon
1631,AIC,salt and pepper
1631,AIC,nutmeg
1631,AIC,olive oil
1631,AIC,rosemary
1631,AIC,garlic
1631,AIC,egg
1631,AIC,breadcrumb
1631,AIC,grated parmigiano cheese
1631,AIC,parsley
1631,AIC,carrot
1631,AIC,celery
1631,AIC,onion
1631,AIC,prosciutto crudo
1631,AIC,young pigeon
1632,AIC,white wine
1632,AIC,black pepper
1632,AIC,salt
1632,AIC,lemon zest
1632,AIC,nutmeg
1632,AIC,parsley
1632,AIC,sage
1632,AIC,milk
1632,AIC,garlic
1632,AIC,egg
1632,AIC,pigeon
1632,AIC,lardo
1632,AIC,parmigiano cheese
1632,AIC,breadcrumb
1633,AIC,black pepper
1633,AIC,salt
1633,AIC,parsley
1633,AIC,grated parmigiano cheese
1633,AIC,wheat flour
1633,AIC,milk
1633,AIC,egg
1633,AIC,puzzone di moena
1633,AIC,stale bread
1634,AIC,water
1634,AIC,salt
1634,AIC,wheat flour
1635,AIC,black pepper
1635,AIC,salt
1635,AIC,olive oil
1635,AIC,tomato
1635,AIC,garlic
1635,AIC,pici
1636,AIC,black pepper
1636,AIC,salt
1636,AIC,white wine
1636,AIC,olive oil
1636,AIC,garlic
1636,AIC,herbs
1636,AIC,lardo
1636,AIC,sweet pepper
1636,AIC,tomato
1636,AIC,onion
1636,AIC,horse meat
1637,AIC,ground cinnamon
1637,AIC,olive oil
1637,AIC,sugar
1637,AIC,lard
1637,AIC,marsala wine
1637,AIC,honey
1637,AIC,egg
1637,AIC,wheat flour
1638,AIC,salt
1638,AIC,honey
1638,AIC,sugar
1638,AIC,baking powder
1638,AIC,ground cinnamon
1638,AIC,orange zest
1638,AIC,orange
1638,AIC,orange liqueur
1638,AIC,lard
1638,AIC,butter
1638,AIC,egg
1638,AIC,wheat flour
1639,AIC,water
1639,AIC,powdered sugar
1639,AIC,dark chocolate
1639,AIC,lemon
1639,AIC,limoncello
1639,AIC,egg white
1639,AIC,powdered sugar
1639,AIC,lemon
1639,AIC,grappa
1639,AIC,powdered sugar
1639,AIC,butter
1639,AIC,egg yolk
1639,AIC,egg
1639,AIC,wheat flour
1640,AIC,olive oil
1640,AIC,salt
1640,AIC,olive oil
1640,AIC,garlic
1640,AIC,chili pepper
1641,AIC,salt
1641,AIC,fennel seed
1641,AIC,baking powder
1641,AIC,lemon
1641,AIC,grappa
1641,AIC,sugar
1641,AIC,dried fig
1641,AIC,sultana raisin
1641,AIC,wheat flour
1641,AIC,polenta flour
1641,AIC,milk
1641,AIC,pumpkin
1642,AIC,honey
1642,AIC,warm water
1642,AIC,lemon zest
1642,AIC,butter
1642,AIC,dried fig
1642,AIC,rum
1642,AIC,zibibbo raisin
1642,AIC,unsweetened cocoa powder
1642,AIC,hazelnut and walnut
1642,AIC,almond
1642,AIC,fruit jam
1642,AIC,egg
1642,AIC,brewer's yeast
1642,AIC,wheat flour
1643,AIC,salt
1643,AIC,ground cinnamon
1643,AIC,clove
1643,AIC,black pepper
1643,AIC,egg
1643,AIC,garlic
1643,AIC,butter
1643,AIC,grana padano
1643,AIC,savoy cabbage
1644,AIC,water
1644,AIC,water
1644,AIC,sugar
1644,AIC,lemon zest
1644,AIC,baking powder
1644,AIC,egg
1644,AIC,lard
1644,AIC,wheat flour
1645,AIC,bouillon cube
1645,AIC,black pepper
1645,AIC,salt
1645,AIC,parsley
1645,AIC,garlic
1645,AIC,scallion
1645,AIC,carrot
1645,AIC,celery
1645,AIC,peeled tomato
1645,AIC,olive oil
1645,AIC,butter
1645,AIC,grated grana padano
1645,AIC,dried borlotti bean
1645,AIC,fresh pork rind
1645,AIC,lard
1645,AIC,breadcrumb
1645,AIC,wheat flour
1646,AIC,cold water
1646,AIC,black pepper
1646,AIC,salt
1646,AIC,olive oil
1646,AIC,parsley
1646,AIC,sugar
1646,AIC,pancetta
1646,AIC,garlic
1646,AIC,shelled pea
1647,AIC,bean broth
1647,AIC,egg
1647,AIC,wheat flour
1648,AIC,sugared water
1648,AIC,lemon juice
1648,AIC,powdered sugar
1648,AIC,egg white
1648,AIC,orange liqueur
1648,AIC,lemon zest
1648,AIC,vanillin
1648,AIC,orange blossom water
1648,AIC,sugar
1648,AIC,ground almond
1648,AIC,wheat flour
1648,AIC,lard
1648,AIC,egg yolk
1648,AIC,egg
1649,AIC,powdered sugar
1649,AIC,broth
1649,AIC,salt
1649,AIC,ground cinnamon
1649,AIC,pine nut
1649,AIC,candied citron
1649,AIC,raisin
1649,AIC,egg
1649,AIC,herbs
1649,AIC,butter
1649,AIC,sugar
1649,AIC,stale bread
1650,AIC,salt
1650,AIC,cheese
1650,AIC,broth
1650,AIC,nutmeg
1650,AIC,ground cinnamon
1650,AIC,garlic
1650,AIC,onion
1650,AIC,egg yolk
1650,AIC,egg
1650,AIC,sugar
1650,AIC,butter
1650,AIC,pine nut
1650,AIC,corinthian raisin
1650,AIC,stale bread
1651,AIC,salt
1651,AIC,chili pepper
1651,AIC,olive oil
1651,AIC,wild fennel
1651,AIC,"mixed vegetables (borage, chard, cauliflower, cabbage, etc.)"
1651,AIC,chickpea flour
1652,AIC,sugar
1652,AIC,ground cinnamon
1652,AIC,orange zest
1652,AIC,walnut
1652,AIC,raisin
1652,AIC,olive oil
1652,AIC,cooked wine
1652,AIC,salt
1652,AIC,lemon zest
1652,AIC,lard
1652,AIC,sugar
1652,AIC,egg
1652,AIC,wheat flour
1653,AIC,lard
1653,AIC,hard-boiled egg
1653,AIC,cooked pork rind
1653,AIC,fresh pecorino cheese
1653,AIC,salsiccia
1653,AIC,bread dough
1654,AIC,tomato sauce
1654,AIC,parmigiano cheese
1654,AIC,prosciutto crudo
1654,AIC,fiordilatte
1654,AIC,salt
1654,AIC,butter
1654,AIC,egg
1654,AIC,brewer's yeast
1654,AIC,milk
1654,AIC,wheat flour
1655,AIC,salt
1655,AIC,sugar
1655,AIC,brewer's yeast
1655,AIC,olive oil
1655,AIC,wheat flour
1656,AIC,chili pepper
1656,AIC,warm water
1656,AIC,olive oil
1656,AIC,bell pepper
1656,AIC,salted anchovy
1656,AIC,onion
1656,AIC,salt
1656,AIC,sourdough starter
1656,AIC,brewer's yeast
1656,AIC,wheat flour
1657,AIC,water
1657,AIC,salt
1657,AIC,olive oil
1657,AIC,parmigiano or pecorino cheese
1657,AIC,pork cracklings (ciccioli)
1657,AIC,brewer's yeast
1657,AIC,wheat flour
1658,AIC,lard
1658,AIC,pork cracklings (ciccioli)
1658,AIC,bread dough
1659,AIC,black pepper
1659,AIC,salt
1659,AIC,grated orange peel
1659,AIC,grasselli
1659,AIC,white wine
1659,AIC,lard
1659,AIC,brewer's yeast
1659,AIC,wheat flour
1660,AIC,salt
1660,AIC,water
1660,AIC,black pepper
1660,AIC,oregano
1660,AIC,olive oil
1660,AIC,hard-boiled egg
1660,AIC,sardine
1660,AIC,pitted black olive
1660,AIC,peeled tomato
1660,AIC,provola
1660,AIC,escarole
1660,AIC,lard
1660,AIC,brewer's yeast
1660,AIC,wheat flour
1661,AIC,black pepper
1661,AIC,salt
1661,AIC,white wine
1661,AIC,olive oil
1661,AIC,raisin
1661,AIC,caper
1661,AIC,black olive
1661,AIC,tropea onion
1661,AIC,salt
1661,AIC,olive oil
1661,AIC,brewer's yeast
1661,AIC,wheat flour
1662,AIC,garlic
1662,AIC,salt and pepper
1662,AIC,cheese
1662,AIC,salame napoletano
1662,AIC,egg
1662,AIC,artichoke
1662,AIC,warm water
1662,AIC,salt
1662,AIC,olive oil
1662,AIC,wheat flour
1663,AIC,water
1663,AIC,salt
1663,AIC,polenta flour
1664,AIC,parmigiano or pecorino cheese
1664,AIC,wheat flour
1664,AIC,butter
1664,AIC,salt
1664,AIC,wheat flour
1664,AIC,egg
1664,AIC,milk
1664,AIC,salt
1664,AIC,nutmeg
1664,AIC,parsley
1664,AIC,free-range hen
1665,AIC,salt
1665,AIC,chili pepper
1665,AIC,garlic
1665,AIC,olive oil
1665,AIC,friarielli (tender broccoli rabe)
1665,AIC,sausage
1665,AIC,milk
1665,AIC,polenta flour
1666,AIC,garlic
1666,AIC,water
1666,AIC,pancetta
1666,AIC,celery
1666,AIC,onion
1666,AIC,pork rind
1666,AIC,pig's ear
1666,AIC,pig's tail
1666,AIC,pig's trotter
1666,AIC,chili pepper
1666,AIC,escarole
1666,AIC,dried red pinto bean
1666,AIC,salt
1666,AIC,olive oil
1666,AIC,polenta flour
1667,AIC,boiling water
1667,AIC,salt
1667,AIC,olive oil
1667,AIC,polenta flour
1668,AIC,warm water
1668,AIC,wheat flour
1668,AIC,butter
1668,AIC,grated lemon
1668,AIC,candied citron
1668,AIC,raisin
1668,AIC,anise seed
1668,AIC,yeast
1668,AIC,egg yolk
1668,AIC,egg
1668,AIC,olive oil
1668,AIC,sugar
1668,AIC,wheat flour
1669,AIC,olive oil
1669,AIC,sultana raisin
1669,AIC,anchovy fillet in oil
1669,AIC,white onion
1669,AIC,warm water
1669,AIC,salt
1669,AIC,brewer's yeast
1669,AIC,wheat flour
1670,AIC,olive oil
1670,AIC,sultana raisin
1670,AIC,pine nut
1670,AIC,salted anchovy
1670,AIC,gaeta black olive
1670,AIC,caper
1670,AIC,garlic
1670,AIC,smooth escarole
1670,AIC,black pepper
1670,AIC,salt
1670,AIC,lard
1670,AIC,brewer's yeast
1670,AIC,wheat flour
1671,AIC,olive oil
1671,AIC,garlic
1671,AIC,pine nut
1671,AIC,caper
1671,AIC,raisin
1671,AIC,salted anchovy
1671,AIC,green olive
1671,AIC,smooth-leaf escarole
1671,AIC,salt
1671,AIC,olive oil
1671,AIC,wheat flour
1672,AIC,candied cherry
1672,AIC,coffee
1672,AIC,alcherme
1672,AIC,rum
1672,AIC,butter
1672,AIC,dark chocolate
1672,AIC,lemon zest
1672,AIC,cinnamon sachet
1672,AIC,milk
1672,AIC,sugar
1672,AIC,wheat flour
1672,AIC,egg yolk
1672,AIC,lemon juice
1672,AIC,wheat flour
1672,AIC,sugar
1672,AIC,egg
1672,AIC,egg yolk
1673,AIC,salt
1673,AIC,wheat flour
1673,AIC,sugar
1673,AIC,egg
1674,AIC,warm milk
1674,AIC,brewer's yeast
1674,AIC,wheat flour
1674,AIC,vanillin
1674,AIC,rosolio
1674,AIC,marsala wine
1674,AIC,vinsanto
1674,AIC,orange
1674,AIC,lemon
1674,AIC,butter
1674,AIC,olive oil
1674,AIC,sugar
1674,AIC,egg
1675,AIC,egg white
1675,AIC,ground cinnamon
1675,AIC,maraschino liqueur
1675,AIC,untreated lemon
1675,AIC,candied fruit
1675,AIC,dark chocolate
1675,AIC,pastry cream
1675,AIC,powdered sugar
1675,AIC,ricotta
1675,AIC,wheat flour
1675,AIC,butter
1675,AIC,egg yolk
1675,AIC,butter
1675,AIC,sugar
1675,AIC,wheat flour
1676,AIC,clam
1676,AIC,mussel
1676,AIC,black pepper
1676,AIC,tomato
1676,AIC,mushroom
1676,AIC,ham
1676,AIC,cherry tomato
1676,AIC,basil
1676,AIC,buffalo mozzarella
1676,AIC,olive oil
1676,AIC,oregano
1676,AIC,garlic
1676,AIC,tomato passata
1676,AIC,water
1676,AIC,salt
1676,AIC,brewer's yeast
1676,AIC,wheat flour
1677,AIC,black pepper
1677,AIC,salt
1677,AIC,grated parmigiano cheese
1677,AIC,mortadella
1677,AIC,salame napoletano
1677,AIC,prosciutto cotto
1677,AIC,egg
1677,AIC,provola or mozzarella
1677,AIC,ricotta
1677,AIC,puff pastry
1678,AIC,hard-boiled egg
1678,AIC,lard
1678,AIC,salami
1678,AIC,sheep's milk ricotta
1678,AIC,bread dough
1679,AIC,black pepper
1679,AIC,ricotta
1679,AIC,grated pecorino cheese
1679,AIC,sausage
1679,AIC,cheese
1679,AIC,salt
1679,AIC,lard
1679,AIC,egg
1679,AIC,wheat flour
1680,AIC,salt
1680,AIC,sugar
1680,AIC,olive oil
1680,AIC,tomato
1680,AIC,caper
1680,AIC,pitted black olive
1680,AIC,onion
1680,AIC,brewer's yeast
1680,AIC,potato
1680,AIC,wheat flour
1681,AIC,warm water
1681,AIC,salt
1681,AIC,brewer's yeast
1681,AIC,milk
1681,AIC,white wine
1681,AIC,lemon juice
1681,AIC,olive oil
1681,AIC,lard
1681,AIC,grana padano
1681,AIC,pecorino cheese
1681,AIC,egg
1681,AIC,wheat flour
1682,AIC,water
1682,AIC,salt
1682,AIC,brewer's yeast
1682,AIC,olive oil
1682,AIC,sfrizzoli
1682,AIC,wheat flour
1683,AIC,black pepper
1683,AIC,olive oil
1683,AIC,scamorza
1683,AIC,prosciutto crudo
1683,AIC,semi-aged pecorino cheese
1683,AIC,onion
1683,AIC,tomato
1683,AIC,salt
1683,AIC,milk
1683,AIC,brewer's yeast
1683,AIC,egg
1683,AIC,sugar
1683,AIC,lard
1683,AIC,wheat flour
1684,AIC,water
1684,AIC,saffron
1684,AIC,saffron thread
1684,AIC,ricotta
1684,AIC,salt
1684,AIC,egg
1684,AIC,caciotta
1684,AIC,mozzarella
1684,AIC,sausage
1684,AIC,prosciutto cotto
1684,AIC,olive oil
1684,AIC,wheat flour
1685,AIC,egg
1685,AIC,olive oil
1685,AIC,cheese
1685,AIC,egg
1685,AIC,mozzarella
1685,AIC,salsiccia sausage
1685,AIC,salt
1685,AIC,egg
1685,AIC,olive oil
1685,AIC,wheat flour
1686,AIC,black pepper
1686,AIC,parsley
1686,AIC,grated pecorino cheese
1686,AIC,salame aquilano
1686,AIC,prosciutto crudo
1686,AIC,hard-boiled egg
1686,AIC,ricotta
1686,AIC,salt
1686,AIC,olive oil
1686,AIC,water
1686,AIC,milk
1686,AIC,brewer's yeast
1686,AIC,wheat flour
1687,AIC,water
1687,AIC,salt
1687,AIC,pecorino cheese
1687,AIC,milk
1687,AIC,olive oil
1687,AIC,baking powder
1687,AIC,wheat flour
1688,AIC,olive oil
1688,AIC,black pepper
1688,AIC,salt
1688,AIC,oregano
1688,AIC,basil
1688,AIC,pitted black olive
1688,AIC,tuna in oil
1688,AIC,peeled tomato
1688,AIC,pizza dough
1689,AIC,salt
1689,AIC,parmigiano cheese
1689,AIC,garlic
1689,AIC,casera
1689,AIC,butter
1689,AIC,chard or curly white cabbage
1689,AIC,wheat flour
1689,AIC,buckwheat flour
1690,AIC,pecorino cheese
1690,AIC,salt
1690,AIC,chili pepper
1690,AIC,onion
1690,AIC,tomato passata
1690,AIC,olive oil
1690,AIC,sausage
1690,AIC,pancetta
1690,AIC,polenta flour
1691,AIC,salt
1691,AIC,milk
1691,AIC,polenta flour
1692,AIC,salt
1692,AIC,olive oil
1692,AIC,garlic
1692,AIC,pork crackling
1692,AIC,polenta flour
1692,AIC,calabrian broccoli
1693,AIC,salt
1693,AIC,olive oil
1693,AIC,garlic
1693,AIC,cabbage
1693,AIC,polenta flour
1694,AIC,black pepper
1694,AIC,salt
1694,AIC,grated parmigiano cheese
1694,AIC,onion
1694,AIC,butter
1694,AIC,pork crackling (ciccioli)
1694,AIC,yellow polenta
1695,AIC,water
1695,AIC,salt
1695,AIC,sapa
1695,AIC,polenta flour
1696,AIC,water
1696,AIC,butter
1696,AIC,olive oil
1696,AIC,egg yolk
1696,AIC,parmigiano cheese
1696,AIC,robiola di roccaverano
1696,AIC,fontina
1696,AIC,salted anchovy
1696,AIC,leek
1696,AIC,yellow polenta
1697,AIC,black pepper
1697,AIC,pecorino cheese
1697,AIC,pork rib
1697,AIC,sausage
1697,AIC,salt
1697,AIC,water
1697,AIC,polenta flour
1698,AIC,salt
1698,AIC,olive oil
1698,AIC,fennel seed
1698,AIC,green tomato
1698,AIC,polenta flour
1699,AIC,grated parmigiano cheese
1699,AIC,black pepper
1699,AIC,salt
1699,AIC,butter
1699,AIC,toma
1699,AIC,fontina
1699,AIC,polenta flour
1700,AIC,salt
1700,AIC,olive oil
1700,AIC,butter
1700,AIC,parmigiano cheese
1700,AIC,polenta flour
1701,AIC,grana padano
1701,AIC,butter
1701,AIC,olive oil
1701,AIC,onion
1701,AIC,tomato
1701,AIC,leftover polenta
1702,AIC,salt and pepper
1702,AIC,sage
1702,AIC,parmigiano or pecorino cheese
1702,AIC,guanciale
1702,AIC,polenta flour
1703,AIC,water
1703,AIC,salt
1703,AIC,butter
1703,AIC,onion
1703,AIC,rye flour
1704,AIC,crumbled sponge cake
1704,AIC,almond paste
1704,AIC,sultana raisin
1704,AIC,lemon zest
1704,AIC,almond flour
1704,AIC,potato starch
1704,AIC,cornstarch
1704,AIC,polenta flour
1704,AIC,egg yolk
1704,AIC,egg
1704,AIC,sugar
1704,AIC,butter
1705,AIC,taleggio
1705,AIC,milk
1705,AIC,biade
1705,AIC,very firm polenta
1706,AIC,salt
1706,AIC,clove
1706,AIC,ground cinnamon
1706,AIC,sugar
1706,AIC,red wine
1706,AIC,reinette apple
1706,AIC,polenta flour
1707,AIC,water
1707,AIC,salt
1707,AIC,butter
1707,AIC,passito wine
1707,AIC,walnut
1707,AIC,raisin
1707,AIC,ground cinnamon
1707,AIC,sugar
1707,AIC,wheat flour
1707,AIC,yellow polenta
1708,AIC,salt
1708,AIC,water
1708,AIC,butter
1708,AIC,fontina
1708,AIC,polenta flour
1709,AIC,black pepper
1709,AIC,salt
1709,AIC,nutmeg
1709,AIC,gruyère
1709,AIC,truffle
1709,AIC,wheat flour
1709,AIC,scallion
1709,AIC,milk
1709,AIC,dried porcini mushroom
1709,AIC,grated grana padano
1709,AIC,salsiccia
1709,AIC,butter
1709,AIC,yellow polenta
1710,AIC,scamorza
1710,AIC,pecorino cheese
1710,AIC,salt
1710,AIC,tomato sauce
1710,AIC,red wine
1710,AIC,garlic
1710,AIC,onion
1710,AIC,pork sausage
1710,AIC,pork rib
1710,AIC,olive oil
1710,AIC,salt
1710,AIC,polenta flour
1711,AIC,water
1711,AIC,salt
1711,AIC,parmigiano cheese
1711,AIC,olive oil
1711,AIC,cavolo nero
1711,AIC,borlotti bean
1711,AIC,yellow polenta
1712,AIC,salt
1712,AIC,butter
1712,AIC,savoy cabbage
1712,AIC,polenta flour
1713,AIC,salt
1713,AIC,olive oil
1713,AIC,fresh pecorino cheese
1713,AIC,bay leaf
1713,AIC,garlic
1713,AIC,onion
1713,AIC,tomato passata
1713,AIC,sausage
1713,AIC,yellow polenta
1714,AIC,water
1714,AIC,salt
1714,AIC,lardo
1714,AIC,salami
1714,AIC,potato
1714,AIC,polenta flour
1715,AIC,salt
1715,AIC,breadcrumb
1715,AIC,butter
1715,AIC,valtellina cheese
1715,AIC,yellow polenta
1715,AIC,buckwheat flour
1716,AIC,water
1716,AIC,salt
1716,AIC,garlic
1716,AIC,butter
1716,AIC,cheese
1716,AIC,latteria
1716,AIC,buckwheat flour
1716,AIC,yellow polenta
1717,AIC,salt
1717,AIC,breadcrumb
1717,AIC,milk
1717,AIC,baking soda
1717,AIC,egg
1717,AIC,baking powder
1717,AIC,butter
1717,AIC,potato starch
1717,AIC,wheat flour
1718,AIC,salt
1718,AIC,water
1718,AIC,cured pancetta
1718,AIC,toma
1718,AIC,butter
1718,AIC,yellow polenta
1718,AIC,ajucche (rampion)
1719,AIC,black pepper
1719,AIC,salt
1719,AIC,olive oil
1719,AIC,grated pecorino cheese
1719,AIC,sausage
1719,AIC,pork pancetta
1719,AIC,polenta flour
1720,AIC,black pepper
1720,AIC,salt
1720,AIC,bellunese salami
1720,AIC,mushroom
1720,AIC,white wine
1720,AIC,garlic
1720,AIC,parsley
1720,AIC,onion
1720,AIC,butter
1720,AIC,chicken
1721,AIC,water
1721,AIC,black pepper
1721,AIC,salt
1721,AIC,olive oil
1721,AIC,white wine
1721,AIC,celery
1721,AIC,carrot
1721,AIC,onion
1721,AIC,tomato
1721,AIC,chicken
1722,AIC,black pepper
1722,AIC,salt
1722,AIC,olive oil
1722,AIC,peeled tomato
1722,AIC,white wine
1722,AIC,garlic
1722,AIC,onion
1722,AIC,chicken
1723,AIC,black pepper
1723,AIC,salt
1723,AIC,olive oil
1723,AIC,white wine
1723,AIC,garlic
1723,AIC,celery
1723,AIC,carrot
1723,AIC,onion
1723,AIC,peeled tomato
1723,AIC,chicken
1724,AIC,salt
1724,AIC,olive oil
1724,AIC,chili pepper
1724,AIC,vinegar
1724,AIC,white wine
1724,AIC,rosemary sprig
1724,AIC,salted anchovy
1724,AIC,garlic
1724,AIC,chicken
1725,AIC,black pepper
1725,AIC,salt
1725,AIC,white wine
1725,AIC,butter
1725,AIC,olive oil
1725,AIC,tomato
1725,AIC,marjoram
1725,AIC,garlic
1725,AIC,chicken
1726,AIC,black pepper
1726,AIC,salt
1726,AIC,lemon
1726,AIC,bay leaf
1726,AIC,olive oil
1726,AIC,young chicken
1727,AIC,black pepper
1727,AIC,salt
1727,AIC,wheat flour
1727,AIC,lemon
1727,AIC,olive oil
1727,AIC,parsley
1727,AIC,basil
1727,AIC,garlic
1727,AIC,bread slice
1727,AIC,white wine
1727,AIC,tomato
1727,AIC,fresh porcini mushroom
1727,AIC,egg
1727,AIC,crayfish
1727,AIC,chicken
1728,AIC,black pepper
1728,AIC,salt
1728,AIC,giardiniera (pickled vegetables)
1728,AIC,pitted black olive
1728,AIC,white wine
1728,AIC,chili pepper
1728,AIC,rosemary sprig
1728,AIC,garlic
1728,AIC,olive oil
1728,AIC,chicken
1729,AIC,black pepper
1729,AIC,salt
1729,AIC,peeled tomato
1729,AIC,bell pepper
1729,AIC,onion
1729,AIC,olive oil
1729,AIC,chicken
1730,AIC,salt
1730,AIC,butter
1730,AIC,olive oil
1730,AIC,mozzarella
1730,AIC,breadcrumb
1730,AIC,egg
1730,AIC,potato
1730,AIC,parmigiano cheese
1730,AIC,breadcrumb
1730,AIC,l'aquila saffron
1730,AIC,onion
1730,AIC,milk
1730,AIC,chicken
1731,AIC,black pepper
1731,AIC,salt
1731,AIC,white wine
1731,AIC,olive oil
1731,AIC,brined black olive
1731,AIC,parsley sprig
1731,AIC,rosemary sprig
1731,AIC,sage
1731,AIC,garlic
1731,AIC,onion
1731,AIC,tomato pulp
1731,AIC,chicken
1732,AIC,black pepper
1732,AIC,salt
1732,AIC,parsley
1732,AIC,raisin
1732,AIC,pine nut
1732,AIC,garlic
1732,AIC,parmigiano cheese
1732,AIC,provolone
1732,AIC,egg
1732,AIC,breadcrumb
1732,AIC,ground beef
1733,AIC,salt
1733,AIC,water
1733,AIC,olive oil
1733,AIC,white wine
1733,AIC,parsley
1733,AIC,egg
1733,AIC,saffron thread
1733,AIC,milk
1733,AIC,breadcrumb
1733,AIC,ground veal
1734,AIC,olive oil
1734,AIC,salt
1734,AIC,lemon
1734,AIC,parsley
1734,AIC,wheat flour
1734,AIC,pecorino cheese
1734,AIC,egg
1734,AIC,anchovy
1735,AIC,salt
1735,AIC,olive oil
1735,AIC,wheat flour
1735,AIC,tomato sauce
1735,AIC,grated caciocavallo
1735,AIC,breadcrumb
1735,AIC,egg
1735,AIC,wild fennel
1736,AIC,frying oil
1736,AIC,black pepper
1736,AIC,salt
1736,AIC,olive oil
1736,AIC,tomato sauce
1736,AIC,egg
1736,AIC,chopped parsley
1736,AIC,garlic
1736,AIC,grated pecorino cheese
1736,AIC,breadcrumb
1736,AIC,ground beef
1736,AIC,rositi mushroom
1737,AIC,olive oil
1737,AIC,black pepper
1737,AIC,salt
1737,AIC,breadcrumb
1737,AIC,parsley
1737,AIC,garlic
1737,AIC,parmigiano cheese
1737,AIC,egg
1737,AIC,potato
1737,AIC,leftover boiled meat
1738,AIC,lemon
1738,AIC,breadcrumb
1738,AIC,black pepper
1738,AIC,salt
1738,AIC,butter
1738,AIC,parsley
1738,AIC,fish scrap
1738,AIC,egg
1738,AIC,grated grana padano
1738,AIC,breadcrumb
1738,AIC,perch fillet
1739,AIC,olive oil
1739,AIC,salt
1739,AIC,nutmeg
1739,AIC,egg
1739,AIC,breadcrumb
1739,AIC,grated grana padano
1739,AIC,eggplant
1740,AIC,olive oil
1740,AIC,black pepper
1740,AIC,salt
1740,AIC,pecorino cheese
1740,AIC,basil
1740,AIC,garlic
1740,AIC,parsley
1740,AIC,breadcrumb
1740,AIC,egg
1740,AIC,eggplant
1741,AIC,olive oil
1741,AIC,salt
1741,AIC,baking soda
1741,AIC,parsley
1741,AIC,garlic
1741,AIC,egg
1741,AIC,pecorino cheese
1741,AIC,breadcrumb
1742,AIC,frying oil
1742,AIC,salt
1742,AIC,untreated lemon
1742,AIC,milk
1742,AIC,parsley
1742,AIC,garlic
1742,AIC,grated grana padano
1742,AIC,egg
1742,AIC,breadcrumb
1742,AIC,tuna in oil
1743,AIC,black pepper
1743,AIC,salt
1743,AIC,almond
1743,AIC,olive oil
1743,AIC,tomato sauce
1743,AIC,onion
1743,AIC,mosto cotto
1743,AIC,pecorino cheese
1743,AIC,garlic
1743,AIC,parsley
1743,AIC,stale bread
1743,AIC,egg
1743,AIC,ground beef
1743,AIC,ground pork
1744,AIC,black pepper
1744,AIC,salt
1744,AIC,wheat flour
1744,AIC,olive oil
1744,AIC,tomato paste
1744,AIC,tomato sauce
1744,AIC,garlic
1744,AIC,parsley
1744,AIC,caciocavallo
1744,AIC,breadcrumb
1744,AIC,pecorino cheese
1744,AIC,pine nut
1744,AIC,sultana raisin
1744,AIC,egg
1744,AIC,sardine
1745,AIC,milk
1745,AIC,lukewarm water
1745,AIC,black pepper
1745,AIC,salt
1745,AIC,white wine vinegar
1745,AIC,sugar
1745,AIC,butter
1745,AIC,breadcrumb
1745,AIC,wheat flour
1745,AIC,egg
1745,AIC,grated parmigiano cheese
1745,AIC,raisin
1745,AIC,amaretti cookie
1745,AIC,breadcrumb
1745,AIC,sausage
1745,AIC,ground veal
1746,AIC,onion
1746,AIC,basil
1746,AIC,olive oil
1746,AIC,tomato paste
1746,AIC,tomato
1746,AIC,black pepper
1746,AIC,salt
1746,AIC,parsley
1746,AIC,egg
1746,AIC,pecorino cheese
1746,AIC,breadcrumb
1746,AIC,veal pulp
1746,AIC,pork pulp
1747,AIC,salt
1747,AIC,olive oil
1747,AIC,tomato sauce
1747,AIC,pecorino abruzzese
1747,AIC,wheat flour
1747,AIC,egg yolk
1747,AIC,ricotta
1747,AIC,wild spinach
1748,AIC,boiling water
1748,AIC,water
1748,AIC,white wine
1748,AIC,salt
1748,AIC,chili pepper
1748,AIC,parsley
1748,AIC,garlic
1748,AIC,olive oil
1748,AIC,baby octopus
1749,AIC,salt
1749,AIC,chili pepper
1749,AIC,parsley
1749,AIC,onion
1749,AIC,olive oil
1749,AIC,baby octopus
1750,AIC,olive oil
1750,AIC,white wine
1750,AIC,bay leaf
1750,AIC,chili pepper
1750,AIC,parsley
1750,AIC,garlic
1750,AIC,baby octopus
1751,AIC,olive oil
1751,AIC,butter
1751,AIC,milk
1751,AIC,breadcrumb
1751,AIC,lemon zest
1751,AIC,parsley
1751,AIC,soft bread crumb
1751,AIC,egg
1751,AIC,boiled meat
1752,AIC,black pepper
1752,AIC,salt
1752,AIC,nutmeg
1752,AIC,olive oil
1752,AIC,milk
1752,AIC,butter
1752,AIC,breadcrumb
1752,AIC,egg
1752,AIC,breadcrumb
1752,AIC,parmigiano cheese
1752,AIC,prosciutto
1752,AIC,ground beef
1753,AIC,black pepper
1753,AIC,salt
1753,AIC,olive oil
1753,AIC,peeled tomato
1753,AIC,white wine
1753,AIC,wheat flour
1753,AIC,nutmeg
1753,AIC,parsley
1753,AIC,parmigiano cheese
1753,AIC,breadcrumb
1753,AIC,egg
1753,AIC,prosciutto cotto
1753,AIC,ground veal
1754,AIC,black pepper
1754,AIC,salt
1754,AIC,marsala wine
1754,AIC,garlic
1754,AIC,marjoram
1754,AIC,basil
1754,AIC,milk
1754,AIC,olive oil
1754,AIC,butter
1754,AIC,grated parmigiano cheese
1754,AIC,egg
1754,AIC,breadcrumb
1754,AIC,rabbit
1755,AIC,black pepper
1755,AIC,salt
1755,AIC,nutmeg
1755,AIC,parsley
1755,AIC,onion
1755,AIC,carrot
1755,AIC,celery
1755,AIC,veal head
1755,AIC,turkey breast
1756,AIC,hard-boiled egg
1756,AIC,pickled bell pepper
1756,AIC,gherkin in oil
1756,AIC,caper
1756,AIC,mayonnaise
1756,AIC,milk
1756,AIC,black pepper
1756,AIC,salt
1756,AIC,anchovy fillet
1756,AIC,caper
1756,AIC,egg
1756,AIC,breadcrumb
1756,AIC,parmigiano cheese
1756,AIC,tuna in oil
1757,AIC,salt and pepper
1757,AIC,parsley or oregano
1757,AIC,garlic
1757,AIC,black olive and caper
1757,AIC,tomato
1757,AIC,olive oil
1757,AIC,octopus
1758,AIC,olive oil
1758,AIC,chili pepper
1758,AIC,sweet pepper
1758,AIC,parsley
1758,AIC,garlic
1758,AIC,tomato
1758,AIC,octopus
1759,AIC,salt
1759,AIC,chili pepper
1759,AIC,olive oil
1759,AIC,white wine
1759,AIC,potato
1759,AIC,parsley
1759,AIC,celery
1759,AIC,carrot
1759,AIC,onion
1759,AIC,garlic
1759,AIC,tomato paste
1759,AIC,tomato passata
1759,AIC,octopus
1759,AIC,chard
1760,AIC,water
1760,AIC,salt
1760,AIC,black pepper
1760,AIC,olive oil
1760,AIC,lemon juice
1760,AIC,basil
1760,AIC,celery
1760,AIC,potato
1760,AIC,carrot
1760,AIC,octopus
1761,AIC,basil
1761,AIC,parsley
1761,AIC,garlic
1761,AIC,onion
1761,AIC,chili pepper
1761,AIC,olive oil
1761,AIC,potato
1761,AIC,octopus
1762,AIC,salt
1762,AIC,olive oil
1762,AIC,rosemary
1762,AIC,chili pepper
1762,AIC,white wine
1762,AIC,tomato paste
1762,AIC,onion
1762,AIC,potato
1762,AIC,octopus
1763,AIC,black pepper
1763,AIC,salt
1763,AIC,parsley
1763,AIC,garlic
1763,AIC,olive oil
1763,AIC,octopus
1764,AIC,salt
1764,AIC,vinegar
1764,AIC,olive oil
1764,AIC,chili pepper
1764,AIC,garlic
1764,AIC,parsley
1764,AIC,octopus
1765,AIC,salt
1765,AIC,olive oil
1765,AIC,moddizzosu bread
1765,AIC,white wine vinegar
1765,AIC,garlic
1765,AIC,baby octopus
1766,AIC,black pepper
1766,AIC,salt
1766,AIC,garlic
1766,AIC,white wine vinegar
1766,AIC,olive oil
1766,AIC,parsley
1766,AIC,octopus
1767,AIC,black pepper
1767,AIC,salt
1767,AIC,parsley
1767,AIC,caper
1767,AIC,garlic
1767,AIC,olive oil
1767,AIC,breadcrumb
1767,AIC,tomato
1768,AIC,water
1768,AIC,olive oil
1768,AIC,salt
1768,AIC,basil
1768,AIC,parsley
1768,AIC,garlic
1768,AIC,tomato
1769,AIC,potato
1769,AIC,black pepper
1769,AIC,salt
1769,AIC,tomato sauce
1769,AIC,olive oil
1769,AIC,oregano
1769,AIC,basil
1769,AIC,parsley
1769,AIC,garlic
1769,AIC,rice
1769,AIC,tomato
1770,AIC,black pepper
1770,AIC,salt
1770,AIC,olive oil
1770,AIC,basil
1770,AIC,garlic
1770,AIC,rice
1770,AIC,tomato
1771,AIC,salt
1771,AIC,basil
1771,AIC,garlic
1771,AIC,ricotta mustia
1771,AIC,onion
1771,AIC,tomato
1771,AIC,egg
1772,AIC,black pepper
1772,AIC,salt
1772,AIC,olive oil
1772,AIC,caper
1772,AIC,parsley
1772,AIC,garlic
1772,AIC,breadcrumb
1772,AIC,tomato
1773,AIC,broth
1773,AIC,milk
1773,AIC,black pepper
1773,AIC,salt
1773,AIC,white truffle
1773,AIC,tomato passata
1773,AIC,cream
1773,AIC,butter
1773,AIC,breadcrumb
1773,AIC,egg
1773,AIC,parmigiano cheese
1773,AIC,prosciutto crudo
1773,AIC,veal slice
1774,AIC,egg yolk
1774,AIC,butter
1774,AIC,puff pastry
1774,AIC,spices
1774,AIC,candied citron and orange
1774,AIC,passito wine
1774,AIC,rum
1774,AIC,sultana raisin
1774,AIC,pine nut
1774,AIC,biscuit or stale pinza
1774,AIC,walnut
1774,AIC,almond
1774,AIC,sugar
1775,AIC,salt
1775,AIC,black pepper
1775,AIC,white wine
1775,AIC,garlic
1775,AIC,large spianate bread
1775,AIC,olive oil
1775,AIC,pork pulp
1776,AIC,black pepper
1776,AIC,salt
1776,AIC,onion
1776,AIC,tomato passata
1776,AIC,olive oil
1776,AIC,egg
1776,AIC,garlic
1776,AIC,pecorino pugliese
1776,AIC,breadcrumb
1776,AIC,horse meat
1777,AIC,black pepper
1777,AIC,salt
1777,AIC,breadcrumb
1777,AIC,nutmeg
1777,AIC,egg
1777,AIC,grated parmigiano cheese
1777,AIC,butter
1777,AIC,chopped herb mix
1777,AIC,béchamel sauce
1777,AIC,fontina
1777,AIC,leek
1778,AIC,olive oil
1778,AIC,wheat flour
1778,AIC,black pepper
1778,AIC,salt
1778,AIC,milk
1778,AIC,lemon
1778,AIC,parsley
1778,AIC,egg
1778,AIC,onion
1778,AIC,filoncini bread
1778,AIC,butter
1778,AIC,veal brain
1779,AIC,olive oil
1779,AIC,white wine
1779,AIC,black pepper
1779,AIC,salt
1779,AIC,nutmeg
1779,AIC,parsley
1779,AIC,onion
1779,AIC,carrot
1779,AIC,celery
1779,AIC,milk
1779,AIC,butter
1779,AIC,egg
1779,AIC,grated parmigiano cheese
1779,AIC,breadcrumb
1779,AIC,boneless veal breast
1780,AIC,salt
1780,AIC,olive oil
1780,AIC,basil
1780,AIC,ciambella di pane casereccio
1780,AIC,tomato
1780,AIC,new potato
1780,AIC,black pepper
1780,AIC,eggplant
1781,AIC,egg yolk
1781,AIC,milk
1781,AIC,rum
1781,AIC,butter
1781,AIC,chocolate
1781,AIC,lemon zest
1781,AIC,pinza pasquale dough
1781,AIC,candied citron
1781,AIC,pine nut
1781,AIC,sultana raisin
1781,AIC,biscuit
1781,AIC,walnut
1781,AIC,almond
1781,AIC,sugar
1782,AIC,egg
1782,AIC,coffee or milk
1782,AIC,orange zest
1782,AIC,lemon zest
1782,AIC,cream
1782,AIC,rum
1782,AIC,egg yolk
1782,AIC,egg white
1782,AIC,raisin
1782,AIC,butter
1782,AIC,sugar
1782,AIC,walnut
1782,AIC,orange zest
1782,AIC,lemon zest
1782,AIC,salt
1782,AIC,olive oil
1782,AIC,brewer's yeast
1782,AIC,egg yolk
1782,AIC,milk
1782,AIC,sugar
1782,AIC,butter
1782,AIC,wheat flour
1783,AIC,egg
1783,AIC,fresh tarragon
1783,AIC,egg white
1783,AIC,cream
1783,AIC,salt
1783,AIC,orange zest
1783,AIC,lemon zest
1783,AIC,milk
1783,AIC,sugar
1783,AIC,butter
1783,AIC,yeast
1783,AIC,wheat flour
1783,AIC,egg yolk
1784,AIC,egg
1784,AIC,cream
1784,AIC,orange zest
1784,AIC,lemon zest
1784,AIC,rum
1784,AIC,egg white
1784,AIC,butter
1784,AIC,sugar
1784,AIC,almond
1784,AIC,orange zest
1784,AIC,lemon zest
1784,AIC,salt
1784,AIC,brewer's yeast
1784,AIC,butter
1784,AIC,egg yolk
1784,AIC,sugar
1784,AIC,milk
1784,AIC,wheat flour
1785,AIC,salt and pepper
1785,AIC,olive oil
1785,AIC,meat or vegetable broth
1785,AIC,milk
1785,AIC,tomato paste
1785,AIC,tomato passata
1785,AIC,red or white wine
1785,AIC,celery
1785,AIC,carrot
1785,AIC,onion
1785,AIC,pancetta
1785,AIC,coarsely ground beef
1786,AIC,water
1786,AIC,salt
1786,AIC,pecorino cheese
1786,AIC,lardo
1786,AIC,wheat flour
1787,AIC,black pepper
1787,AIC,salt
1787,AIC,sage
1787,AIC,cream
1787,AIC,meat broth
1787,AIC,white wine
1787,AIC,wheat flour
1787,AIC,butter
1787,AIC,black truffle
1787,AIC,pancetta
1787,AIC,quail
1788,AIC,black pepper
1788,AIC,salt
1788,AIC,olive oil
1788,AIC,basil
1788,AIC,sage
1788,AIC,parsley
1788,AIC,breadcrumb
1788,AIC,grated pecorino cheese
1788,AIC,provola
1788,AIC,smoked pancetta
1788,AIC,bell pepper
1788,AIC,quail
1789,AIC,wheat flour
1789,AIC,black pepper
1789,AIC,salt
1789,AIC,tarragon
1789,AIC,marjoram
1789,AIC,thyme
1789,AIC,celery
1789,AIC,carrot
1789,AIC,onion
1789,AIC,sage
1789,AIC,rosemary
1789,AIC,garlic
1789,AIC,ground cinnamon
1789,AIC,egg yolk
1789,AIC,red port
1789,AIC,giblets (livers and hearts)
1789,AIC,parmigiano cheese
1789,AIC,olive oil
1789,AIC,white wine
1789,AIC,cream
1789,AIC,butter
1789,AIC,porcini mushroom
1789,AIC,quail
1790,AIC,black pepper
1790,AIC,salt
1790,AIC,meat broth
1790,AIC,wheat flour
1790,AIC,marsala wine
1790,AIC,bay leaf
1790,AIC,thyme sprig
1790,AIC,prosciutto crudo
1790,AIC,butter
1790,AIC,pea
1790,AIC,quail
1791,AIC,black pepper
1791,AIC,salt
1791,AIC,bay leaf
1791,AIC,white wine
1791,AIC,olive oil
1791,AIC,lardo
1791,AIC,quail
1792,AIC,wheat flour
1792,AIC,black pepper
1792,AIC,salt
1792,AIC,olive oil
1792,AIC,sage
1792,AIC,parsley
1792,AIC,marjoram
1792,AIC,grated parmigiano cheese
1792,AIC,butter
1792,AIC,breadcrumb
1792,AIC,egg
1792,AIC,ricotta
1792,AIC,"chard, spinach, or wild herbs"
1793,AIC,black pepper
1793,AIC,salt
1793,AIC,bean soup
1793,AIC,vinegar
1793,AIC,lardo
1793,AIC,wild radicchio
1794,AIC,cold water
1794,AIC,stock cube
1794,AIC,tomato paste
1794,AIC,sage
1794,AIC,onion
1794,AIC,vinegar
1794,AIC,pork crackling
1794,AIC,wild radicchio
1794,AIC,borlotti bean
1795,AIC,olive oil
1795,AIC,breadcrumb
1795,AIC,butter
1795,AIC,vinegar
1795,AIC,salt
1795,AIC,white wine
1795,AIC,broth
1795,AIC,sugar
1795,AIC,lemon
1795,AIC,apple
1795,AIC,fresh kren root (horseradish)
1796,AIC,olive oil
1796,AIC,parsley
1796,AIC,garlic
1796,AIC,stale bread
1796,AIC,mussel
1797,AIC,salt
1797,AIC,grated pecorino cheese
1797,AIC,chili powder
1797,AIC,onion
1797,AIC,olive oil
1797,AIC,tomato
1797,AIC,nettle leaf
1797,AIC,mixed meat
1798,AIC,pecorino cheese
1798,AIC,orecchiette pasta
1798,AIC,water
1798,AIC,salt
1798,AIC,white wine
1798,AIC,chili pepper
1798,AIC,olive oil
1798,AIC,garlic
1798,AIC,onion
1798,AIC,tomato paste
1798,AIC,tomato passata
1798,AIC,chicken
1798,AIC,sausage
1798,AIC,lamb
1798,AIC,pancetta
1798,AIC,beef
1799,AIC,salt and pepper
1799,AIC,nutmeg
1799,AIC,meat broth
1799,AIC,red or white wine
1799,AIC,celery
1799,AIC,carrot
1799,AIC,onion
1799,AIC,olive oil or butter
1799,AIC,pancetta
1799,AIC,tomato
1799,AIC,chicken liver
1799,AIC,lean beef pulp
1800,AIC,black pepper
1800,AIC,salt
1800,AIC,tomato passata
1800,AIC,bouquet garni
1800,AIC,onion
1800,AIC,olive oil
1800,AIC,parsley
1800,AIC,garlic
1800,AIC,pecorino cheese
1800,AIC,breadcrumb
1800,AIC,boneless mutton leg
1801,AIC,salt
1801,AIC,olive oil
1801,AIC,red wine
1801,AIC,onion
1801,AIC,tomato paste
1801,AIC,pancetta
1801,AIC,castrato lamb
1802,AIC,salt
1802,AIC,parsley
1802,AIC,garlic
1802,AIC,onion
1802,AIC,olive oil
1802,AIC,tomato sauce
1802,AIC,pork rind
1803,AIC,nutmeg
1803,AIC,parsley
1803,AIC,garlic
1803,AIC,egg
1803,AIC,pecorino cheese
1803,AIC,parmigiano cheese
1803,AIC,cockerel giblet
1803,AIC,salt
1803,AIC,olive oil
1803,AIC,white wine
1803,AIC,tomato passata
1803,AIC,onion
1803,AIC,celery
1803,AIC,carrot
1803,AIC,cockerel
1804,AIC,water
1804,AIC,salt
1804,AIC,chili pepper
1804,AIC,bay leaf
1804,AIC,basil
1804,AIC,wild fennel seed
1804,AIC,clove
1804,AIC,celery
1804,AIC,parsley
1804,AIC,garlic
1804,AIC,red wine
1804,AIC,tomato paste
1804,AIC,peeled tomato
1804,AIC,olive oil
1804,AIC,lard
1804,AIC,lardo
1804,AIC,onion
1804,AIC,sausage
1804,AIC,pork rind
1804,AIC,pork
1805,AIC,black pepper
1805,AIC,salt
1805,AIC,tomato passata
1805,AIC,olive oil
1805,AIC,onion
1805,AIC,aromatic bouquet
1805,AIC,parsley
1805,AIC,breadcrumb
1805,AIC,garlic
1805,AIC,lardo
1805,AIC,boneless pork shoulder
1806,AIC,salt
1806,AIC,montepulciano wine
1806,AIC,tomato passata
1806,AIC,aromatic bouquet
1806,AIC,olive oil
1806,AIC,onion
1806,AIC,chicken
1807,AIC,salt
1807,AIC,tomato passata
1807,AIC,wild fennel seed
1807,AIC,aromatic bouquet
1807,AIC,olive oil
1807,AIC,onion
1807,AIC,lardo
1807,AIC,pork sausage
1808,AIC,salt
1808,AIC,red wine
1808,AIC,olive oil
1808,AIC,tomato sauce
1808,AIC,cured pork liver sausage
1808,AIC,cured pork sausage
1809,AIC,salt
1809,AIC,garlic
1809,AIC,olive oil
1809,AIC,tomato
1809,AIC,onion
1809,AIC,potato
1809,AIC,eggplant
1809,AIC,black pepper
1810,AIC,water
1810,AIC,salt
1810,AIC,wine
1810,AIC,olive oil
1810,AIC,tomato paste
1810,AIC,peeled tomato
1810,AIC,clove
1810,AIC,carrot
1810,AIC,onion
1810,AIC,celery
1810,AIC,chicken part
1810,AIC,marrow bone
1810,AIC,piece of pork and rib
1810,AIC,beef
1810,AIC,pork lard
1811,AIC,black pepper
1811,AIC,salt
1811,AIC,olive oil
1811,AIC,garlic
1811,AIC,white wine
1811,AIC,onion
1811,AIC,pancetta
1811,AIC,lard
1811,AIC,tomato paste
1811,AIC,tomato passata
1811,AIC,pork ham
1811,AIC,pork rib
1811,AIC,beef pulp
1812,AIC,black pepper
1812,AIC,salt
1812,AIC,olive oil
1812,AIC,celery
1812,AIC,carrot
1812,AIC,onion
1812,AIC,red wine
1812,AIC,tomato paste
1812,AIC,lean meat
1813,AIC,water
1813,AIC,black pepper
1813,AIC,salt
1813,AIC,olive oil
1813,AIC,chili pepper
1813,AIC,white wine
1813,AIC,rosemary sprig
1813,AIC,garlic
1813,AIC,onion
1813,AIC,peeled tomato
1813,AIC,murex snail
1814,AIC,salt
1814,AIC,olive oil
1814,AIC,white wine
1814,AIC,black olive
1814,AIC,rosemary
1814,AIC,parsley
1814,AIC,garlic
1814,AIC,tomato
1814,AIC,monkfish
1815,AIC,salt
1815,AIC,white wine vinegar
1815,AIC,olive oil
1815,AIC,tomato
1815,AIC,white onion
1815,AIC,monkfish
1816,AIC,black pepper
1816,AIC,salt
1816,AIC,chili pepper
1816,AIC,white wine
1816,AIC,rosemary sprig
1816,AIC,olive oil
1816,AIC,garlic
1816,AIC,basil
1816,AIC,parsley
1816,AIC,onion
1816,AIC,peeled tomato
1816,AIC,monkfish
1817,AIC,black pepper
1817,AIC,salt
1817,AIC,oregano
1817,AIC,parsley
1817,AIC,white wine
1817,AIC,vegetable broth
1817,AIC,olive oil
1817,AIC,tomato
1817,AIC,wheat flour
1817,AIC,garlic
1817,AIC,onion
1817,AIC,monkfish
1818,AIC,salt
1818,AIC,olive oil
1818,AIC,lemon
1818,AIC,milk
1818,AIC,egg
1818,AIC,wheat flour
1818,AIC,frog
1819,AIC,frying oil
1819,AIC,salt
1819,AIC,wheat flour
1819,AIC,vinegar
1819,AIC,clove
1819,AIC,parsley
1819,AIC,celery
1819,AIC,onion
1819,AIC,frog
1820,AIC,black pepper
1820,AIC,salt
1820,AIC,parmigiano cheese
1820,AIC,wheat flour
1820,AIC,milk
1820,AIC,olive oil
1820,AIC,butter
1820,AIC,egg
1820,AIC,frog
1821,AIC,water
1821,AIC,salt
1821,AIC,lemon juice
1821,AIC,parsley
1821,AIC,wheat flour
1821,AIC,white wine
1821,AIC,butter
1821,AIC,frog leg
1822,AIC,water
1822,AIC,black pepper
1822,AIC,salt
1822,AIC,lard
1822,AIC,sugar
1822,AIC,purple turnip
1823,AIC,salt
1823,AIC,olive oil
1823,AIC,garlic
1823,AIC,young turnip with leaf
1824,AIC,butter
1824,AIC,olive oil
1824,AIC,garlic
1824,AIC,anchovy
1824,AIC,yellow pumpkin
1824,AIC,hunchback cardoon
1824,AIC,broccoli
1825,AIC,sugar
1825,AIC,alchermes liqueur
1825,AIC,pastry cream
1825,AIC,salt
1825,AIC,bolognese mostarda
1825,AIC,jam
1825,AIC,butter
1825,AIC,egg
1825,AIC,sugar
1825,AIC,wheat flour
1826,AIC,onion
1826,AIC,grated pecorino cheese
1826,AIC,celery
1826,AIC,carrot
1826,AIC,lard
1826,AIC,tomato passata
1826,AIC,hard-boiled egg
1826,AIC,salami
1826,AIC,sausage
1826,AIC,ground meat
1826,AIC,salt
1826,AIC,olive oil
1826,AIC,egg
1826,AIC,wheat flour
1827,AIC,tomato sauce
1827,AIC,butter
1827,AIC,grated grana padano
1827,AIC,broth
1827,AIC,wine
1827,AIC,garlic
1827,AIC,herbs
1827,AIC,carrot
1827,AIC,lardo
1827,AIC,beef
1827,AIC,salt
1827,AIC,egg
1827,AIC,wheat flour
1828,AIC,broth
1828,AIC,butter
1828,AIC,grated parmigiano cheese
1828,AIC,pine nut
1828,AIC,breadcrumb
1828,AIC,marjoram
1828,AIC,garlic
1828,AIC,egg yolk
1828,AIC,egg
1828,AIC,borage
1828,AIC,escarole
1828,AIC,salsiccia sausage
1828,AIC,sweetbreads and brain
1828,AIC,veal udder
1828,AIC,salt
1828,AIC,egg
1828,AIC,wheat flour
1829,AIC,grated cow's milk cheese
1829,AIC,hot water
1829,AIC,basil
1829,AIC,olive oil
1829,AIC,onion
1829,AIC,tomato
1829,AIC,salt
1829,AIC,parsley
1829,AIC,wheat flour
1829,AIC,lemon or orange zest
1829,AIC,sugar
1829,AIC,egg
1829,AIC,cheese
1829,AIC,grated cow's milk cheese
1829,AIC,egg
1829,AIC,wheat flour
1830,AIC,salt
1830,AIC,nutmeg
1830,AIC,breadcrumb
1830,AIC,egg
1830,AIC,olive oil
1830,AIC,parmigiano cheese
1830,AIC,potato
1830,AIC,chard
1830,AIC,water
1830,AIC,egg
1830,AIC,wheat flour
1831,AIC,grated pecorino cheese
1831,AIC,tomato sauce
1831,AIC,water
1831,AIC,salt
1831,AIC,olive oil
1831,AIC,garlic
1831,AIC,mint
1831,AIC,primo sale cheese
1831,AIC,potato
1831,AIC,egg
1831,AIC,fine durum wheat semolina
1832,AIC,black pepper
1832,AIC,parmigiano cheese
1832,AIC,butter
1832,AIC,spinach
1832,AIC,salt
1832,AIC,olive oil
1832,AIC,wheat flour
1833,AIC,tomato
1833,AIC,salt
1833,AIC,aged pecorino sardo
1833,AIC,basil
1833,AIC,onion
1833,AIC,garlic
1833,AIC,olive oil
1833,AIC,mint
1833,AIC,sardinian saffron
1833,AIC,egg
1833,AIC,cow's milk ricotta
1833,AIC,fine durum wheat semolina
1834,AIC,butter
1834,AIC,sage
1834,AIC,parmigiano cheese
1834,AIC,black pepper
1834,AIC,salt
1834,AIC,breadcrumb
1834,AIC,sugar
1834,AIC,ground cinnamon
1834,AIC,savoy cabbage
1834,AIC,egg
1834,AIC,wheat flour
1835,AIC,ground cinnamon
1835,AIC,sugar
1835,AIC,water
1835,AIC,marjoram
1835,AIC,sugar
1835,AIC,egg yolk
1835,AIC,lemon zest
1835,AIC,ground cinnamon
1835,AIC,fresh ricotta
1835,AIC,salt
1835,AIC,egg
1835,AIC,wheat flour
1836,AIC,cheese
1836,AIC,tomato sauce
1836,AIC,wheat flour
1836,AIC,salt
1836,AIC,nutmeg
1836,AIC,wheat flour
1836,AIC,egg
1836,AIC,cheese
1836,AIC,sheep's milk ricotta
1836,AIC,leaf spinach
1837,AIC,lard
1837,AIC,grated sweet pecorino cheese
1837,AIC,chicken broth
1837,AIC,black pepper
1837,AIC,salt
1837,AIC,ground cinnamon
1837,AIC,nutmeg
1837,AIC,onion
1837,AIC,lard
1837,AIC,ground prosciutto
1837,AIC,ground beef
1837,AIC,olive oil
1837,AIC,egg
1837,AIC,wheat flour
1838,AIC,water
1838,AIC,salt
1838,AIC,olive oil
1838,AIC,powdered sugar
1838,AIC,ground cinnamon
1838,AIC,dark chocolate
1838,AIC,marsala wine
1838,AIC,lard
1838,AIC,egg
1838,AIC,sugar
1838,AIC,ricotta
1838,AIC,wheat flour
1839,AIC,salt
1839,AIC,saffron
1839,AIC,vinegar
1839,AIC,olive oil
1839,AIC,wheat flour
1839,AIC,thornback ray
1840,AIC,water
1840,AIC,olive oil or lard
1840,AIC,powdered sugar
1840,AIC,sugar
1840,AIC,brandy or rum
1840,AIC,lemon
1840,AIC,orange
1840,AIC,ricotta
1840,AIC,sugar
1840,AIC,egg
1840,AIC,wheat flour
1841,AIC,salt
1841,AIC,olive oil
1841,AIC,ground cinnamon
1841,AIC,powdered sugar
1841,AIC,ground cinnamon
1841,AIC,dark chocolate
1841,AIC,marsala wine
1841,AIC,lard
1841,AIC,egg
1841,AIC,sugar
1841,AIC,ricotta
1841,AIC,wheat flour
1842,AIC,salt
1842,AIC,chili pepper
1842,AIC,garlic
1842,AIC,parsley
1842,AIC,vinegar
1842,AIC,olive oil
1842,AIC,cherry tomato
1842,AIC,skate
1843,AIC,black pepper
1843,AIC,salt
1843,AIC,chili pepper
1843,AIC,parsley
1843,AIC,wheat flour
1843,AIC,olive oil
1843,AIC,white wine
1843,AIC,garlic
1843,AIC,lupini clam
1843,AIC,skate fillet
1844,AIC,salt
1844,AIC,chili pepper
1844,AIC,white wine
1844,AIC,olive oil
1844,AIC,garlic
1844,AIC,tomato passata
1844,AIC,bell pepper
1844,AIC,skate wing
1845,AIC,butter
1845,AIC,sugar
1845,AIC,sour cherry jam
1845,AIC,baking powder
1845,AIC,lemon zest
1845,AIC,vanillin
1845,AIC,wheat flour
1845,AIC,white wine
1845,AIC,corn oil
1845,AIC,sugar
1845,AIC,egg
1846,AIC,meat broth
1846,AIC,salt
1846,AIC,marjoram
1846,AIC,grated grana padano
1846,AIC,egg
1846,AIC,reginette pasta
1847,AIC,garlic
1847,AIC,onion
1847,AIC,olive oil
1847,AIC,tomato passata
1847,AIC,"beef, lamb, and pork mix"
1847,AIC,salt
1847,AIC,egg white
1847,AIC,wheat flour
1848,AIC,black pepper
1848,AIC,salt
1848,AIC,olive oil
1848,AIC,stale bread
1848,AIC,tomato
1848,AIC,celery
1848,AIC,carrot
1848,AIC,onion
1848,AIC,potato
1848,AIC,chard
1848,AIC,savoy cabbage
1848,AIC,lacinato kale
1848,AIC,dried cannellini bean
1849,AIC,salt
1849,AIC,chili pepper
1849,AIC,garlic
1849,AIC,olive oil
1849,AIC,salted pork belly
1849,AIC,stale bread
1849,AIC,mugnoli (turnip tops)
1850,AIC,baking soda
1850,AIC,egg white
1850,AIC,water
1850,AIC,baking wafer
1850,AIC,powdered sugar
1850,AIC,wheat starch
1850,AIC,wheat flour
1850,AIC,bitter almond
1850,AIC,candied orange
1850,AIC,peeled almond
1850,AIC,sugar
1851,AIC,cow's milk ricotta
1851,AIC,pomegranate seed
1851,AIC,walnut
1851,AIC,ground cinnamon
1851,AIC,fresh must
1852,AIC,bread
1852,AIC,salt
1852,AIC,wild mint
1852,AIC,sheep's milk ricotta
1853,AIC,salt
1853,AIC,chili pepper
1853,AIC,orange
1853,AIC,apple
1853,AIC,white wine
1853,AIC,rosemary
1853,AIC,garlic
1853,AIC,pork
1854,AIC,salt
1854,AIC,olive oil
1854,AIC,chili pepper
1854,AIC,garlic
1854,AIC,anchovy in oil
1854,AIC,salted pantelleria caper
1854,AIC,pitted gaeta black olive
1854,AIC,green cauliflower
1854,AIC,rigatoni
1855,AIC,passito wine
1855,AIC,sugar
1855,AIC,saffron thread
1855,AIC,sheep's milk ricotta
1856,AIC,salt
1856,AIC,saffron
1856,AIC,vernaccia wine
1856,AIC,olive oil
1856,AIC,lemon zest
1856,AIC,basil
1856,AIC,parsley
1856,AIC,garlic
1856,AIC,grated cow's milk cheese
1856,AIC,sun-dried tomato
1856,AIC,tomato
1856,AIC,rigatoni
1856,AIC,eel
1857,AIC,salt
1857,AIC,pecorino cheese
1857,AIC,chili pepper
1857,AIC,garlic
1857,AIC,olive oil
1857,AIC,onion
1857,AIC,guanciale
1857,AIC,rigatoni
1858,AIC,chili pepper
1858,AIC,dried porcini mushroom
1858,AIC,olive oil
1858,AIC,guanciale
1858,AIC,sausage
1858,AIC,prosciutto crudo
1858,AIC,basil
1858,AIC,parsley
1858,AIC,garlic
1858,AIC,onion
1858,AIC,tomato
1858,AIC,black pepper
1858,AIC,salt
1858,AIC,grated pecorino cheese
1858,AIC,caciocavallo
1858,AIC,butter
1858,AIC,rigatoni
1859,AIC,black pepper
1859,AIC,salt
1859,AIC,tomato passata
1859,AIC,pecorino cheese
1859,AIC,white wine
1859,AIC,celery
1859,AIC,carrot
1859,AIC,onion
1859,AIC,lardo
1859,AIC,olive oil
1859,AIC,rigatoni
1859,AIC,milk-fed veal pajata
1860,AIC,black pepper
1860,AIC,salt
1860,AIC,parsley
1860,AIC,white wine
1860,AIC,olive oil
1860,AIC,onion
1860,AIC,tomato
1860,AIC,monkfish
1860,AIC,rigatoni
1861,AIC,butter
1861,AIC,milk
1861,AIC,wheat flour
1861,AIC,salt
1861,AIC,chili pepper
1861,AIC,garlic
1861,AIC,basil
1861,AIC,peeled tomato
1861,AIC,olive oil
1861,AIC,eggplant
1861,AIC,medium pasta
1862,AIC,salt
1862,AIC,milk
1862,AIC,butter
1862,AIC,potato
1862,AIC,mountain pansies (malastre)
1862,AIC,rice
1863,AIC,salt
1863,AIC,grated grana padano
1863,AIC,sage
1863,AIC,garlic
1863,AIC,butter
1863,AIC,carnaroli rice
1864,AIC,salt
1864,AIC,broth
1864,AIC,olive oil
1864,AIC,white wine
1864,AIC,wheat flour
1864,AIC,garlic
1864,AIC,chili pepper
1864,AIC,tuna in oil
1864,AIC,tropea onion
1864,AIC,rice
1865,AIC,onion
1865,AIC,celery
1865,AIC,white wine
1865,AIC,parmigiano cheese
1865,AIC,butter
1865,AIC,"good, degreased broth"
1865,AIC,rice
1865,AIC,luganega
1866,AIC,salt
1866,AIC,tomato
1866,AIC,butter
1866,AIC,grana padano
1866,AIC,egg
1866,AIC,rice
1867,AIC,black pepper
1867,AIC,salt
1867,AIC,grated grana padano
1867,AIC,butter
1867,AIC,salamelle mantovane
1867,AIC,vialone nano rice
1868,AIC,salt
1868,AIC,meat sauce
1868,AIC,parsley
1868,AIC,onion
1868,AIC,grated grana padano
1868,AIC,butter
1868,AIC,veal breast
1868,AIC,lean veal
1868,AIC,rice
1869,AIC,lemon zest
1869,AIC,ground cinnamon
1869,AIC,cinnamon stick
1869,AIC,vanilla
1869,AIC,milk
1869,AIC,sugar
1869,AIC,rice
1870,AIC,white wine
1870,AIC,grated parmigiano cheese
1870,AIC,broth
1870,AIC,celery
1870,AIC,butter
1870,AIC,onion
1870,AIC,gizzard
1870,AIC,chicken liver
1870,AIC,rice
1871,AIC,salt
1871,AIC,wheat flour
1871,AIC,sage
1871,AIC,butter
1871,AIC,carnaroli rice
1871,AIC,perch fillet
1872,AIC,black pepper
1872,AIC,salt
1872,AIC,sugar
1872,AIC,olive oil
1872,AIC,milk
1872,AIC,onion
1872,AIC,grated parmigiano cheese
1872,AIC,butter
1872,AIC,yellow pumpkin
1872,AIC,superfino rice
1873,AIC,salt
1873,AIC,olive oil
1873,AIC,parmigiano cheese
1873,AIC,pesto
1873,AIC,preboggion
1873,AIC,rice
1874,AIC,salt
1874,AIC,broth
1874,AIC,herbs
1874,AIC,rice
1875,AIC,black pepper
1875,AIC,salt
1875,AIC,tomato paste
1875,AIC,tomato passata
1875,AIC,olive oil
1875,AIC,onion
1875,AIC,sausage
1875,AIC,potato
1875,AIC,endive
1875,AIC,rice
1876,AIC,pecorino cheese
1876,AIC,cold water
1876,AIC,water
1876,AIC,carrot
1876,AIC,wheat flour
1876,AIC,rice
1876,AIC,black pepper
1876,AIC,salt
1876,AIC,celery
1876,AIC,marjoram
1876,AIC,parsley
1876,AIC,pancetta
1876,AIC,onion
1876,AIC,olive oil
1876,AIC,tomato
1877,AIC,salsa verde
1877,AIC,water
1877,AIC,salt
1877,AIC,olive oil
1877,AIC,celery
1877,AIC,onion
1877,AIC,rice
1877,AIC,pig's trotter
1878,AIC,olive oil
1878,AIC,pecorino cheese
1878,AIC,salt
1878,AIC,bay leaf
1878,AIC,garlic
1878,AIC,onion
1878,AIC,dried bean
1878,AIC,potato
1878,AIC,rice
1879,AIC,salt
1879,AIC,scallion
1879,AIC,butter
1879,AIC,taleggio
1879,AIC,carnaroli rice
1879,AIC,asparagus
1880,AIC,salt
1880,AIC,sage
1880,AIC,bay leaf
1880,AIC,piave
1880,AIC,butter
1880,AIC,lamon borlotti bean
1880,AIC,vialone nano rice
1881,AIC,water
1881,AIC,olive oil
1881,AIC,salt
1881,AIC,assorted seasonal vegetable
1881,AIC,onion
1881,AIC,carrot
1881,AIC,celery
1881,AIC,basil
1881,AIC,rosemary
1881,AIC,sage
1881,AIC,salted lard
1881,AIC,borlotti bean
1881,AIC,rice
1882,AIC,salt
1882,AIC,carnaroli rice
1882,AIC,butter
1882,AIC,yellow onion
1882,AIC,milk
1883,AIC,cheese
1883,AIC,butter
1883,AIC,nettle
1883,AIC,rice
1884,AIC,salt
1884,AIC,parsley
1884,AIC,olive oil
1884,AIC,onion
1884,AIC,peeled tomato
1884,AIC,pecorino cheese
1884,AIC,potato
1884,AIC,rice
1885,AIC,salt
1885,AIC,grated grana padano
1885,AIC,meat broth
1885,AIC,garlic
1885,AIC,parsley
1885,AIC,tender turnip
1885,AIC,lardo
1885,AIC,vialone nano rice
1886,AIC,salt
1886,AIC,grated parmigiano cheese
1886,AIC,butter
1886,AIC,olive oil
1886,AIC,parsley
1886,AIC,celery
1886,AIC,carrot
1886,AIC,garlic
1886,AIC,onion
1886,AIC,pea
1886,AIC,vialone nano rice
1887,AIC,black pepper
1887,AIC,salt
1887,AIC,broth
1887,AIC,parmigiano cheese
1887,AIC,butter
1887,AIC,parsley
1887,AIC,olive oil
1887,AIC,garlic
1887,AIC,white onion
1887,AIC,shelled pea
1887,AIC,vialone nano rice
1888,AIC,black pepper
1888,AIC,salt
1888,AIC,meat broth
1888,AIC,polenta flour
1888,AIC,wheat flour
1888,AIC,olive oil
1888,AIC,butter
1888,AIC,cheese
1888,AIC,rosemary
1888,AIC,parsley
1888,AIC,celery
1888,AIC,carrot
1888,AIC,onion
1888,AIC,vialone nano rice
1888,AIC,mixed tripe
1889,AIC,black pepper
1889,AIC,salt
1889,AIC,wine
1889,AIC,broth
1889,AIC,olive oil
1889,AIC,butter
1889,AIC,carrot
1889,AIC,onion
1889,AIC,celery
1889,AIC,vialone nano rice
1890,AIC,cold water
1890,AIC,bay leaf
1890,AIC,carrot
1890,AIC,celery
1890,AIC,onion
1890,AIC,pork rib
1890,AIC,chicken wing
1890,AIC,beef rib
1890,AIC,raspadüra
1890,AIC,olive oil
1890,AIC,lardo
1890,AIC,savoy cabbage
1890,AIC,rice
1891,AIC,grana padano
1891,AIC,parsley
1891,AIC,onion
1891,AIC,tomato sauce
1891,AIC,pork rib
1891,AIC,savoy cabbage
1891,AIC,balilla rice or other originario rice
1892,AIC,sweet pecorino cheese
1892,AIC,salt
1892,AIC,vegetable broth
1892,AIC,scallion
1892,AIC,olive oil
1892,AIC,l'aquila saffron
1892,AIC,asparagus
1892,AIC,rice
1893,AIC,cold water
1893,AIC,water
1893,AIC,salt
1893,AIC,butter
1893,AIC,wheat flour
1893,AIC,milk
1893,AIC,rice
1894,AIC,salt
1894,AIC,wild fennel
1894,AIC,ricotta
1894,AIC,rice
1895,AIC,salt
1895,AIC,parmigiano cheese
1895,AIC,butter
1895,AIC,"toma del maccagno, bettelmatt, or fontina cheese"
1895,AIC,baldo or carnaroli rice
1896,AIC,salt
1896,AIC,butter
1896,AIC,meat broth
1896,AIC,grated grana padano
1896,AIC,meat sauce
1896,AIC,salsiccia sausage
1896,AIC,rice
1897,AIC,salt
1897,AIC,egg yolk
1897,AIC,parmigiano cheese
1897,AIC,butter
1897,AIC,milk
1897,AIC,rice
1898,AIC,ground cinnamon
1898,AIC,salt
1898,AIC,lemon
1898,AIC,unsweetened cocoa powder
1898,AIC,zuccata
1898,AIC,toasted almond
1898,AIC,sugar
1898,AIC,milk
1898,AIC,rice
1899,AIC,chili pepper
1899,AIC,black pepper
1899,AIC,celery
1899,AIC,olive oil
1899,AIC,garlic
1899,AIC,onion
1899,AIC,wine
1899,AIC,peeled tomato
1899,AIC,clam
1899,AIC,cuttlefish
1899,AIC,squid
1899,AIC,rice
1900,AIC,parmigiano cheese
1900,AIC,black pepper
1900,AIC,salt
1900,AIC,chicken broth
1900,AIC,tomato
1900,AIC,celery
1900,AIC,onion
1900,AIC,olive oil
1900,AIC,butter
1900,AIC,rice
1901,AIC,salt
1901,AIC,cheese
1901,AIC,vernaccia wine
1901,AIC,vegetable broth
1901,AIC,butter
1901,AIC,onion
1901,AIC,wild asparagus
1901,AIC,carnaroli rice
1902,AIC,water
1902,AIC,parsley
1902,AIC,garlic
1902,AIC,grated pecorino sardo
1902,AIC,stock concentrate
1902,AIC,butter
1902,AIC,anchovy paste
1902,AIC,white wine
1902,AIC,artichoke
1902,AIC,olive oil
1902,AIC,carnaroli rice
1903,AIC,salt
1903,AIC,water
1903,AIC,onion
1903,AIC,broth
1903,AIC,white wine
1903,AIC,chili pepper
1903,AIC,parsley
1903,AIC,olive oil
1903,AIC,artichoke
1903,AIC,clam
1903,AIC,mussel
1903,AIC,king prawn
1903,AIC,cuttlefish
1903,AIC,octopus
1903,AIC,calamari
1903,AIC,carnaroli rice
1904,AIC,parmigiano cheese
1904,AIC,salt
1904,AIC,broth
1904,AIC,butter
1904,AIC,onion
1904,AIC,porcini mushroom
1904,AIC,arborio or carnaroli rice
1905,AIC,black pepper
1905,AIC,salt
1905,AIC,parsley
1905,AIC,thyme
1905,AIC,bay leaf
1905,AIC,shallot
1905,AIC,white wine
1905,AIC,olive oil
1905,AIC,butter
1905,AIC,vialone nano rice
1905,AIC,sea bass
1906,AIC,black pepper
1906,AIC,salt
1906,AIC,sage
1906,AIC,bay leaf
1906,AIC,olive oil
1906,AIC,butter
1906,AIC,parmigiano cheese
1906,AIC,barolo wine
1906,AIC,broth
1906,AIC,beef marrow
1906,AIC,onion
1906,AIC,rice
1907,AIC,salt
1907,AIC,saffron
1907,AIC,cheese
1907,AIC,arborio rice
1907,AIC,white wine
1907,AIC,butter
1907,AIC,onion
1907,AIC,sun-dried tomato
1907,AIC,onion
1907,AIC,carrot
1907,AIC,celery
1907,AIC,partridge
1908,AIC,salt
1908,AIC,olive oil
1908,AIC,fresh pecorino sardo
1908,AIC,wild fennel
1908,AIC,onion
1908,AIC,arborio rice
1909,AIC,black pepper
1909,AIC,salt
1909,AIC,olive oil
1909,AIC,cognac
1909,AIC,white wine
1909,AIC,vegetable broth
1909,AIC,butter
1909,AIC,parmigiano cheese
1909,AIC,onion
1909,AIC,melon pulp
1909,AIC,arborio rice
1910,AIC,vegetable broth
1910,AIC,salt
1910,AIC,black pepper
1910,AIC,red wine
1910,AIC,parsley
1910,AIC,garlic
1910,AIC,onion
1910,AIC,olive oil
1910,AIC,cuttlefish
1910,AIC,vialone nano rice
1911,AIC,salt
1911,AIC,broth
1911,AIC,parmigiano cheese
1911,AIC,olive oil
1911,AIC,butter
1911,AIC,onion
1911,AIC,teroldego wine
1911,AIC,rice
1912,AIC,black pepper
1912,AIC,salt
1912,AIC,broth
1912,AIC,white wine
1912,AIC,onion
1912,AIC,cream
1912,AIC,spicy gorgonzola
1912,AIC,sweet gorgonzola
1912,AIC,butter
1912,AIC,rice
1913,AIC,salt
1913,AIC,olive oil
1913,AIC,parsley
1913,AIC,garlic
1913,AIC,vernaccia di oristano
1913,AIC,arborio rice
1913,AIC,fish broth
1913,AIC,mullet bottarga
1914,AIC,butter
1914,AIC,vegetable broth
1914,AIC,pecorino cheese
1914,AIC,vernaccia wine
1914,AIC,rosemary sprig
1914,AIC,fresh sage leaf
1914,AIC,olive oil
1914,AIC,celery
1914,AIC,carrot
1914,AIC,onion
1914,AIC,chicken liver and heart
1914,AIC,ground pork
1914,AIC,arborio rice
1915,AIC,wheat flour
1915,AIC,salt
1915,AIC,olive oil
1915,AIC,white wine
1915,AIC,butter
1915,AIC,pea
1915,AIC,bay leaf
1915,AIC,soffritto mix
1915,AIC,perch fillet
1915,AIC,fish broth
1915,AIC,frog
1915,AIC,carnaroli rice
1916,AIC,meat broth
1916,AIC,garlic
1916,AIC,champignon mushroom
1916,AIC,onion
1916,AIC,carrot
1916,AIC,leek
1916,AIC,cream
1916,AIC,parmigiano cheese
1916,AIC,butter
1916,AIC,sant'andrea rice
1917,AIC,rice
1917,AIC,olive oil
1917,AIC,onion
1917,AIC,saffron
1917,AIC,lardo
1917,AIC,tomato pulp
1917,AIC,fresh sardinian sausage
1918,AIC,salt
1918,AIC,grated grana padano
1918,AIC,saffron thread
1918,AIC,onion
1918,AIC,meat broth
1918,AIC,beef marrow
1918,AIC,butter
1918,AIC,carnaroli rice
1919,AIC,water
1919,AIC,salt
1919,AIC,olive oil
1919,AIC,parsley
1919,AIC,chili pepper
1919,AIC,black pepper
1919,AIC,white wine
1919,AIC,tomato sauce
1919,AIC,celery
1919,AIC,onion
1919,AIC,carrot
1919,AIC,squid
1919,AIC,mussel
1919,AIC,clam
1919,AIC,shrimp
1919,AIC,rice
1920,AIC,salt
1920,AIC,lemon zest
1920,AIC,saffron
1920,AIC,vermentino wine
1920,AIC,onion
1920,AIC,olive oil
1920,AIC,tomato pulp
1920,AIC,arborio rice
1920,AIC,pork pulp
1921,AIC,black pepper
1921,AIC,salt
1921,AIC,white wine
1921,AIC,meat broth
1921,AIC,olive oil
1921,AIC,parmigiano cheese
1921,AIC,butter
1921,AIC,onion
1921,AIC,superfino rice
1922,AIC,white wine
1922,AIC,salt
1922,AIC,parmigiano cheese
1922,AIC,olive oil
1922,AIC,broth
1922,AIC,saffron thread
1922,AIC,onion
1922,AIC,rice
1923,AIC,black pepper
1923,AIC,salt
1923,AIC,broth
1923,AIC,saffron
1923,AIC,white wine
1923,AIC,shallot
1923,AIC,parmigiano cheese
1923,AIC,butter
1923,AIC,zucchini flower
1923,AIC,zucchini
1923,AIC,rice
1924,AIC,salt and pepper
1924,AIC,rosemary
1924,AIC,ground cinnamon
1924,AIC,grated parmigiano cheese
1924,AIC,butter
1924,AIC,pork loin
1924,AIC,lean veal
1924,AIC,meat broth
1924,AIC,vialone nano rice
1925,AIC,breadcrumb
1925,AIC,salt
1925,AIC,fish broth
1925,AIC,white wine
1925,AIC,parsley
1925,AIC,onion
1925,AIC,butter
1925,AIC,zucchini flower
1925,AIC,perch fillet
1925,AIC,baldo or carnaroli rice
1926,AIC,salt
1926,AIC,meat broth
1926,AIC,grated grana padano
1926,AIC,butter
1926,AIC,strigoli
1926,AIC,yellow onion
1926,AIC,carnaroli rice
1927,AIC,hot water
1927,AIC,black pepper
1927,AIC,salt
1927,AIC,olive oil
1927,AIC,white wine
1927,AIC,parsley
1927,AIC,garlic
1927,AIC,rice
1927,AIC,caperozoli
1928,AIC,butter
1928,AIC,parmigiano cheese
1928,AIC,parsley
1928,AIC,onion
1928,AIC,garlic
1928,AIC,olive oil
1928,AIC,chiodini mushroom
1928,AIC,rice
1929,AIC,water
1929,AIC,red wine
1929,AIC,basil
1929,AIC,rosemary
1929,AIC,sage
1929,AIC,onion
1929,AIC,carrot
1929,AIC,celery
1929,AIC,olive oil
1929,AIC,butter
1929,AIC,borlotti bean
1929,AIC,salted lardo
1929,AIC,carnaroli rice
1930,AIC,butter
1930,AIC,olive oil
1930,AIC,red wine
1930,AIC,salami
1930,AIC,onion
1930,AIC,leek
1930,AIC,meat broth
1930,AIC,black-eyed pea
1930,AIC,rice
1931,AIC,ground cinnamon
1931,AIC,clove
1931,AIC,black pepper
1931,AIC,white wine
1931,AIC,garlic
1931,AIC,onion
1931,AIC,cheese
1931,AIC,butter
1931,AIC,meat broth
1931,AIC,tastasal paste
1931,AIC,vialone nano rice
1932,AIC,black pepper
1932,AIC,salt
1932,AIC,parmigiano cheese
1932,AIC,olive oil
1932,AIC,white wine
1932,AIC,parsley
1932,AIC,garlic
1932,AIC,tomato paste
1932,AIC,celery
1932,AIC,carrot
1932,AIC,onion
1932,AIC,coot pulp
1932,AIC,carnaroli rice
1933,AIC,marjoram
1933,AIC,garlic
1933,AIC,butter
1933,AIC,rice
1933,AIC,salt
1933,AIC,celery
1933,AIC,onion
1933,AIC,carrot
1933,AIC,hen
1934,AIC,salt
1934,AIC,parsley
1934,AIC,celery
1934,AIC,garlic
1934,AIC,carrot
1934,AIC,onion
1934,AIC,butter
1934,AIC,lake tench
1934,AIC,rice
1935,AIC,black pepper
1935,AIC,salt
1935,AIC,broth
1935,AIC,parmigiano cheese
1935,AIC,butter
1935,AIC,tomato sauce
1935,AIC,onion
1935,AIC,pork sausage
1935,AIC,fino or superfino rice
1936,AIC,salt
1936,AIC,parsley
1936,AIC,cheese
1936,AIC,butter
1936,AIC,olive oil
1936,AIC,white wine
1936,AIC,garlic
1936,AIC,bay leaf
1936,AIC,onion
1936,AIC,carrot
1936,AIC,celery
1936,AIC,rice
1936,AIC,tench
1937,AIC,black pepper
1937,AIC,salt
1937,AIC,parsley
1937,AIC,tarragon
1937,AIC,nutmeg
1937,AIC,vialone nano rice
1937,AIC,white wine
1937,AIC,wheat flour
1937,AIC,olive oil
1937,AIC,butter
1937,AIC,sage
1937,AIC,peeled tomato
1937,AIC,onion
1937,AIC,tench
1938,AIC,black pepper
1938,AIC,salt
1938,AIC,olive oil
1938,AIC,sage
1938,AIC,garlic
1938,AIC,celery
1938,AIC,onion
1938,AIC,grated parmigiano cheese
1938,AIC,butter
1938,AIC,peeled tomato
1938,AIC,eel
1938,AIC,arborio rice
1939,AIC,tomato pulp
1939,AIC,clove
1939,AIC,dried mushroom
1939,AIC,celery
1939,AIC,onion and carrot
1939,AIC,parsley and marjoram
1939,AIC,prosciutto fat
1939,AIC,black pepper
1939,AIC,salt
1939,AIC,broth
1939,AIC,parsley
1939,AIC,white wine
1939,AIC,poveracce clam
1939,AIC,garlic
1939,AIC,olive oil
1939,AIC,butter
1939,AIC,carnaroli rice
1940,AIC,black pepper
1940,AIC,salt
1940,AIC,olive oil
1940,AIC,white wine
1940,AIC,bay leaf
1940,AIC,parsley
1940,AIC,garlic
1940,AIC,onion
1940,AIC,fresh frog
1940,AIC,rice
1941,AIC,butter
1941,AIC,spices
1941,AIC,black pepper
1941,AIC,salt
1941,AIC,chicken broth
1941,AIC,watercress
1941,AIC,white wine
1941,AIC,seed oil
1941,AIC,olive oil
1941,AIC,tomato
1941,AIC,onion
1941,AIC,frog
1941,AIC,vialone nano rice
1942,AIC,salt
1942,AIC,ground cinnamon
1942,AIC,nutmeg
1942,AIC,celery
1942,AIC,carrot
1942,AIC,onion
1942,AIC,parmigiano cheese
1942,AIC,olive oil
1942,AIC,butter
1942,AIC,frog
1942,AIC,vialone nano rice
1943,AIC,black pepper
1943,AIC,salt
1943,AIC,broth
1943,AIC,parmigiano cheese
1943,AIC,olive oil
1943,AIC,white wine
1943,AIC,bay leaf
1943,AIC,parsley
1943,AIC,garlic
1943,AIC,tomato paste
1943,AIC,celery
1943,AIC,carrot
1943,AIC,shallot
1943,AIC,onion
1943,AIC,butter
1943,AIC,fresh frog
1943,AIC,carnaroli rice
1944,AIC,salt
1944,AIC,grated parmigiano cheese
1944,AIC,tomato sauce
1944,AIC,sage
1944,AIC,onion
1944,AIC,celery
1944,AIC,carrot
1944,AIC,olive oil
1944,AIC,butter
1944,AIC,broth
1944,AIC,chicken liver
1944,AIC,gizzard
1944,AIC,fino or superfino rice
1945,AIC,water
1945,AIC,black pepper
1945,AIC,salt
1945,AIC,parsley
1945,AIC,olive oil
1945,AIC,butter
1945,AIC,white wine
1945,AIC,garlic
1945,AIC,rice
1945,AIC,juniper berry
1945,AIC,black pepper
1945,AIC,parsley stalk
1945,AIC,fresh fennel sprig
1945,AIC,bay leaf
1945,AIC,celery
1945,AIC,carrot
1945,AIC,onion
1945,AIC,meat broth
1945,AIC,eel
1946,AIC,black pepper
1946,AIC,salt
1946,AIC,chive
1946,AIC,grana padano
1946,AIC,onion
1946,AIC,butter
1946,AIC,vegetable broth
1946,AIC,rice
1946,AIC,walnut
1946,AIC,yellow pumpkin
1947,AIC,vegetable broth
1947,AIC,pannerone
1947,AIC,williams pear
1947,AIC,pear acquavite
1947,AIC,white wine
1947,AIC,onion
1947,AIC,butter
1947,AIC,rice
1948,AIC,parmigiano cheese
1948,AIC,butter
1948,AIC,broth
1948,AIC,white wine
1948,AIC,cauliflower
1948,AIC,celery
1948,AIC,onion
1948,AIC,luganega
1948,AIC,rice
1949,AIC,parsley
1949,AIC,tomato
1949,AIC,chiodini mushroom
1949,AIC,sausage
1949,AIC,broth
1949,AIC,white wine
1949,AIC,onion
1949,AIC,olive oil
1949,AIC,butter
1949,AIC,carnaroli rice
1950,AIC,salt
1950,AIC,parsley
1950,AIC,pesto
1950,AIC,broth
1950,AIC,white wine
1950,AIC,olive oil
1950,AIC,garlic
1950,AIC,onion
1950,AIC,tomato sauce
1950,AIC,cuttlefish
1950,AIC,rice
1951,AIC,salt
1951,AIC,meat extract
1951,AIC,olive oil
1951,AIC,sage sprig
1951,AIC,white wine
1951,AIC,onion
1951,AIC,leek
1951,AIC,chickpea
1951,AIC,pork rib
1951,AIC,rice
1952,AIC,salt
1952,AIC,latteria
1952,AIC,olive oil
1952,AIC,butter
1952,AIC,onion
1952,AIC,silene shoot
1952,AIC,rice
1953,AIC,black pepper
1953,AIC,salt
1953,AIC,grated parmigiano cheese
1953,AIC,broth
1953,AIC,butter
1953,AIC,parsley
1953,AIC,olive oil
1953,AIC,garlic
1953,AIC,rice
1953,AIC,hop shoot
1954,AIC,black pepper
1954,AIC,salt
1954,AIC,onion
1954,AIC,olive oil
1954,AIC,vinegar
1954,AIC,seed oil
1954,AIC,garlic
1954,AIC,medium-sized goby fish
1954,AIC,carnaroli rice
1955,AIC,salt
1955,AIC,butter
1955,AIC,grated cow's milk cheese
1955,AIC,tomato paste
1955,AIC,meat broth
1955,AIC,onion
1955,AIC,lardo
1955,AIC,pork meat
1955,AIC,arborio rice
1956,AIC,celery
1956,AIC,onion
1956,AIC,carrot
1956,AIC,bay leaf
1956,AIC,black pepper
1956,AIC,salt
1956,AIC,parmigiano cheese
1956,AIC,olive oil
1956,AIC,butter
1956,AIC,white wine
1956,AIC,garlic
1956,AIC,onion
1956,AIC,parsley
1956,AIC,scampi
1956,AIC,white asparagus
1956,AIC,rice
1957,AIC,boiling water
1957,AIC,black pepper
1957,AIC,salt
1957,AIC,olive oil
1957,AIC,garlic
1957,AIC,onion
1957,AIC,chard
1957,AIC,rice
1957,AIC,cuttlefish
1958,AIC,black pepper
1958,AIC,salt
1958,AIC,olive oil
1958,AIC,butter
1958,AIC,broth
1958,AIC,soave wine
1958,AIC,basil
1958,AIC,parsley
1958,AIC,cheese
1958,AIC,onion
1958,AIC,asparagus
1958,AIC,pea
1958,AIC,artichoke heart
1958,AIC,zucchini
1958,AIC,bell pepper
1958,AIC,bell pepper
1958,AIC,eggplant
1958,AIC,carrot
1958,AIC,vialone nano rice
1959,AIC,tomato
1959,AIC,wine
1959,AIC,carrot
1959,AIC,onion
1959,AIC,celery
1959,AIC,black pepper
1959,AIC,salt
1959,AIC,parmigiano cheese
1959,AIC,clof
1959,AIC,pea
1959,AIC,marrow
1959,AIC,sausage
1959,AIC,chicken heart
1959,AIC,pork
1959,AIC,turkey meat
1959,AIC,chicken gizzard
1959,AIC,duck liver
1959,AIC,chicken meat
1959,AIC,butter
1959,AIC,olive oil
1959,AIC,chicken broth
1959,AIC,rice
1960,AIC,black pepper
1960,AIC,salt
1960,AIC,broth
1960,AIC,butter
1960,AIC,parsley
1960,AIC,wheat flour
1960,AIC,onion
1960,AIC,veal kidney
1961,AIC,spicy salami
1961,AIC,prosciutto cotto
1961,AIC,mozzarella
1961,AIC,pancetta
1961,AIC,beef fillet
1962,AIC,black pepper
1962,AIC,salt
1962,AIC,marsala wine
1962,AIC,lambrusco wine
1962,AIC,rosemary sprig
1962,AIC,garlic
1962,AIC,heavy cream
1962,AIC,olive oil
1962,AIC,butter
1962,AIC,parmigiano cheese
1962,AIC,prosciutto crudo
1962,AIC,beef fillet
1963,AIC,butter
1963,AIC,orange zest
1963,AIC,lemon zest
1963,AIC,milk
1963,AIC,sugar
1963,AIC,egg yolk
1963,AIC,egg
1964,AIC,water
1964,AIC,sugar
1964,AIC,alcohol
1964,AIC,lemon zest
1965,AIC,white wine
1965,AIC,sugar
1965,AIC,egg yolk
1966,AIC,black pepper
1966,AIC,salt
1966,AIC,egg
1966,AIC,grated parmigiano cheese
1966,AIC,ricotta
1966,AIC,spinach
1966,AIC,butter
1966,AIC,egg yolk
1966,AIC,wheat flour
1966,AIC,potato
1967,AIC,bay leaf
1967,AIC,thyme
1967,AIC,black pepper
1967,AIC,salt
1967,AIC,olive oil
1967,AIC,parsley
1967,AIC,broth
1967,AIC,white wine
1967,AIC,onion
1967,AIC,potato
1967,AIC,veal top round
1968,AIC,salt
1968,AIC,nutmeg
1968,AIC,grated parmigiano cheese
1968,AIC,butter
1968,AIC,egg
1968,AIC,spinach
1968,AIC,wheat flour
1968,AIC,white potato
1969,AIC,water
1969,AIC,parmigiano cheese
1969,AIC,butter
1969,AIC,nutmeg
1969,AIC,spinach
1969,AIC,salt
1969,AIC,egg
1969,AIC,wheat flour
1970,AIC,olive oil
1970,AIC,mustard
1970,AIC,lemon juice
1970,AIC,vinegar
1970,AIC,egg
1970,AIC,black pepper
1970,AIC,salt
1970,AIC,pickled caper
1970,AIC,anchovy fillet
1970,AIC,parmigiano cheese
1970,AIC,hard-boiled egg yolk
1970,AIC,egg
1970,AIC,potato
1970,AIC,tuna in oil
1971,AIC,garlic
1971,AIC,water
1971,AIC,salt
1971,AIC,butter
1971,AIC,buckwheat flour
1971,AIC,wheat flour
1972,AIC,black pepper
1972,AIC,salt
1972,AIC,broth
1972,AIC,tomato sauce
1972,AIC,onion
1972,AIC,butter
1972,AIC,sausage
1972,AIC,lung
1972,AIC,heart
1972,AIC,pork loin
1973,AIC,black pepper
1973,AIC,salt
1973,AIC,wheat flour
1973,AIC,rosemary sprig
1973,AIC,sage
1973,AIC,white wine
1973,AIC,tomato
1973,AIC,butter
1973,AIC,yellow onion
1973,AIC,lugànega sausage
1973,AIC,pork loin
1974,AIC,verbena
1974,AIC,ground cinnamon
1974,AIC,sweetened coffee
1974,AIC,dried orange peel
1974,AIC,"mixed dried fruit (walnuts, almonds, hazelnuts)"
1974,AIC,wheat flour
1974,AIC,fine semolina
1974,AIC,prickly pear sapa (cooked prickly pear must)
1975,AIC,black pepper
1975,AIC,salt
1975,AIC,nutmeg
1975,AIC,butter
1975,AIC,egg
1975,AIC,marjoram
1975,AIC,parsley
1975,AIC,pine nut
1975,AIC,pea
1975,AIC,grated parmigiano cheese
1975,AIC,prosciutto cotto
1975,AIC,sweetbread
1975,AIC,veal cover cut
1976,AIC,chili pepper
1976,AIC,garlic
1976,AIC,onion
1976,AIC,olive oil
1976,AIC,adacciata
1976,AIC,peeled tomato
1976,AIC,grass pea
1976,AIC,salt
1976,AIC,wheat flour
1977,AIC,salt
1977,AIC,garlic
1977,AIC,white wine
1977,AIC,olive oil
1977,AIC,onion
1977,AIC,pecorino cheese
1977,AIC,green bean
1977,AIC,mushroom
1977,AIC,sausage
1977,AIC,tomato sauce
1977,AIC,lasagna
1978,AIC,chili pepper
1978,AIC,parsley
1978,AIC,garlic
1978,AIC,olive oil
1978,AIC,celery
1978,AIC,onion
1978,AIC,dried 'a mmurecene' bean
1978,AIC,salt
1978,AIC,semolina flour
1979,AIC,black pepper
1979,AIC,salt
1979,AIC,clove
1979,AIC,carrot
1979,AIC,celery
1979,AIC,red garlic
1979,AIC,white onion
1979,AIC,goat meat
1979,AIC,grated pecorino cheese
1979,AIC,celery leaf
1979,AIC,bay leaf
1979,AIC,shelled borlotti bean
1979,AIC,meadow mushroom
1979,AIC,fresh sagne pasta
1980,AIC,water
1980,AIC,wheat flour
1980,AIC,lukewarm water
1980,AIC,white wine vinegar
1980,AIC,olive oil
1980,AIC,fresh wild mint leaf
1980,AIC,salt
1980,AIC,sourdough starter
1980,AIC,wheat flour
1981,AIC,salama da sugo
1982,AIC,black pepper
1982,AIC,parsley
1982,AIC,olive oil
1982,AIC,white wine
1982,AIC,garlic
1982,AIC,salted cod fillet
1982,AIC,water
1982,AIC,salt
1982,AIC,wheat flour
1982,AIC,wheat flour
1983,AIC,red wine vinegar
1983,AIC,fresh salami
1984,AIC,cream
1984,AIC,butter
1984,AIC,fresh salame
1985,AIC,pastry cream
1985,AIC,milk
1985,AIC,unsweetened cocoa powder
1985,AIC,alchermes liqueur
1985,AIC,baking powder
1985,AIC,lemon zest
1985,AIC,lemon juice
1985,AIC,egg yolk
1985,AIC,sugar
1985,AIC,wheat flour
1986,AIC,olive oil
1986,AIC,black pepper
1986,AIC,salt
1986,AIC,white wine vinegar
1986,AIC,juniper berry
1986,AIC,thyme
1986,AIC,white wine
1986,AIC,shallot
1986,AIC,arctic char
1987,AIC,water
1987,AIC,salt
1987,AIC,lemon
1987,AIC,fresh oregano
1987,AIC,parsley
1987,AIC,garlic
1987,AIC,olive oil
1988,AIC,black pepper
1988,AIC,salt
1988,AIC,olive oil
1988,AIC,garlic
1988,AIC,caper
1988,AIC,pine nut
1988,AIC,raisin
1988,AIC,onion
1988,AIC,pitted green olive
1988,AIC,peeled tomato
1989,AIC,salt
1989,AIC,bay leaf
1989,AIC,tomato passata
1989,AIC,white wine vinegar
1989,AIC,breadcrumb
1989,AIC,parsley
1989,AIC,garlic
1989,AIC,onion
1989,AIC,olive oil
1990,AIC,chocolate
1990,AIC,pine nut
1990,AIC,sultana raisin
1990,AIC,white wine vinegar
1990,AIC,sugar
1991,AIC,warm water
1991,AIC,salt
1991,AIC,olive oil
1991,AIC,garlic
1991,AIC,onion
1991,AIC,boiled potato
1991,AIC,wild spinach leaf
1992,AIC,butter
1992,AIC,pine nut
1992,AIC,raisin
1992,AIC,broth
1992,AIC,vinegar
1992,AIC,sugar
1993,AIC,salt
1993,AIC,chili pepper
1993,AIC,vinegar
1993,AIC,olive oil
1993,AIC,bay leaf
1993,AIC,parsley
1993,AIC,garlic
1993,AIC,raisin
1993,AIC,tomato pulp
1994,AIC,salt
1994,AIC,sugar
1994,AIC,olive oil
1994,AIC,onion
1994,AIC,pickled pepper
1995,AIC,water
1995,AIC,salt
1995,AIC,olive oil
1995,AIC,white wine vinegar
1995,AIC,parsley
1995,AIC,garlic
1995,AIC,butter
1995,AIC,sugar
1995,AIC,tomato paste
1996,AIC,water
1996,AIC,salt
1996,AIC,olive oil
1996,AIC,salted selargius caper
1996,AIC,semi-aged pecorino cheese
1996,AIC,fresh ricotta
1996,AIC,spiny artichoke
1997,AIC,black pepper
1997,AIC,salt
1997,AIC,olive oil
1997,AIC,white wine vinegar
1997,AIC,garlic
1997,AIC,breadcrumb
1997,AIC,basil
1997,AIC,fresh tarragon
1998,AIC,black pepper
1998,AIC,salt
1998,AIC,basil sprig
1998,AIC,parsley sprig
1998,AIC,garlic
1998,AIC,olive oil
1998,AIC,tomato
1999,AIC,salt
1999,AIC,white wine vinegar
1999,AIC,sugar
1999,AIC,butter
1999,AIC,breadcrumb
1999,AIC,horseradish root
2000,AIC,black pepper
2000,AIC,salt
2000,AIC,water
2000,AIC,olive oil
2000,AIC,parsley
2000,AIC,garlic
2000,AIC,celery
2000,AIC,carrot
2000,AIC,onion
2000,AIC,green olive
2000,AIC,salted caper
2000,AIC,white wine vinegar
2001,AIC,black pepper
2001,AIC,salt
2001,AIC,parsley
2001,AIC,olive oil
2001,AIC,garlic
2001,AIC,anchovy
2001,AIC,black truffle
2002,AIC,hot water
2002,AIC,olive oil
2002,AIC,salt
2002,AIC,garlic
2002,AIC,chili pepper
2002,AIC,dried chili pepper
2002,AIC,olive oil
2003,AIC,black pepper
2003,AIC,salt
2003,AIC,chili pepper
2003,AIC,oregano
2003,AIC,parsley
2003,AIC,basil
2003,AIC,garlic
2003,AIC,olive oil
2003,AIC,cherry tomato
2004,AIC,salt
2004,AIC,olive oil
2004,AIC,mint
2004,AIC,tomato
2004,AIC,garlic
2005,AIC,black pepper
2005,AIC,salt
2005,AIC,nutmeg
2005,AIC,olive oil
2005,AIC,breadcrumb
2005,AIC,garlic
2005,AIC,bay leaf
2005,AIC,parsley
2005,AIC,lemon
2005,AIC,broth
2005,AIC,white wine
2006,AIC,black pepper
2006,AIC,salt
2006,AIC,oregano
2006,AIC,olive oil
2006,AIC,anchovy fillet
2006,AIC,basil
2006,AIC,pitted gaeta olive
2006,AIC,pitted green olive
2006,AIC,tomato
2007,AIC,salt
2007,AIC,grated pecorino cheese
2007,AIC,onion
2007,AIC,garlic
2007,AIC,guanciale
2007,AIC,olive oil
2007,AIC,tomato
2008,AIC,hot water
2008,AIC,fresh pecorino cheese
2009,AIC,pine nut and walnut
2009,AIC,garlic
2009,AIC,parsley
2009,AIC,olive oil
2009,AIC,colatura di alici
2010,AIC,black pepper
2010,AIC,salt
2010,AIC,olive oil
2010,AIC,nepitella
2010,AIC,garlic
2010,AIC,peeled tomato
2010,AIC,fresh porcini mushroom
2011,AIC,salt
2011,AIC,olive oil
2011,AIC,l'aquila saffron
2011,AIC,apple
2012,AIC,salt
2012,AIC,olive oil
2012,AIC,milk
2012,AIC,grated parmigiano cheese
2012,AIC,fresh marjoram leaf
2012,AIC,pine nut
2012,AIC,soft bread crumb
2012,AIC,garlic
2012,AIC,walnut
2013,AIC,black pepper
2013,AIC,salt
2013,AIC,olive oil
2013,AIC,vinegar
2013,AIC,sage
2013,AIC,rosemary
2013,AIC,garlic
2013,AIC,black olive
2014,AIC,black pepper
2014,AIC,salt
2014,AIC,butter
2014,AIC,milk
2014,AIC,soft bread crumb
2014,AIC,garlic
2014,AIC,walnut
2015,AIC,black pepper
2015,AIC,salt
2015,AIC,sugar
2015,AIC,basil
2015,AIC,parsley
2015,AIC,olive oil
2015,AIC,anchovy
2015,AIC,celery
2015,AIC,carrot
2015,AIC,onion
2015,AIC,tomato
2015,AIC,bell pepper
2016,AIC,hot water
2016,AIC,black pepper
2016,AIC,salt
2016,AIC,lard
2016,AIC,celery
2016,AIC,carrot
2016,AIC,onion
2016,AIC,tomato paste
2016,AIC,tomato
2016,AIC,bell pepper
2017,AIC,salt
2017,AIC,olive oil
2017,AIC,vinegar
2017,AIC,breadcrumb
2017,AIC,pine nut
2018,AIC,water
2018,AIC,olive oil
2018,AIC,garlic
2018,AIC,oregano
2018,AIC,chili powder
2018,AIC,sun-dried tomato
2019,AIC,salt
2019,AIC,olive oil
2019,AIC,saffron thread
2019,AIC,parsley
2020,AIC,black pepper
2020,AIC,salt
2020,AIC,olive oil
2020,AIC,vinegar
2020,AIC,breadcrumb
2020,AIC,hard-boiled egg yolk
2020,AIC,garlic
2020,AIC,parsley
2021,AIC,lemon juice
2021,AIC,mustard powder
2021,AIC,sugar
2021,AIC,cream
2021,AIC,horseradish root
2022,AIC,sugar
2022,AIC,vinegar
2022,AIC,meat broth
2022,AIC,butter
2022,AIC,breadcrumb
2022,AIC,horseradish
2023,AIC,english mustard
2023,AIC,sugar
2023,AIC,vinegar
2023,AIC,breadcrumb
2023,AIC,horseradish root
2024,AIC,olive oil
2024,AIC,tomato
2024,AIC,red onion
2024,AIC,green pepper
2025,AIC,black pepper
2025,AIC,salt
2025,AIC,butter
2025,AIC,lardo
2025,AIC,lard
2025,AIC,olive oil
2025,AIC,white wine
2025,AIC,carrot
2025,AIC,celery
2025,AIC,onion
2025,AIC,beef (lacerto/girello cut)
2026,AIC,hot water
2026,AIC,salt
2026,AIC,white wine
2026,AIC,carrot
2026,AIC,parsley
2026,AIC,celery
2026,AIC,onion
2026,AIC,olive oil
2026,AIC,prosciutto
2026,AIC,copertella beef
2027,AIC,salt
2027,AIC,vegetable broth
2027,AIC,salt
2027,AIC,scallion
2027,AIC,egg yolk
2027,AIC,wheat flour
2027,AIC,butter
2027,AIC,saffron thread
2028,AIC,black pepper
2028,AIC,salt
2028,AIC,tarragon
2028,AIC,parsley
2028,AIC,olive oil
2028,AIC,small pickled gherkin
2028,AIC,caper
2028,AIC,white wine vinegar
2028,AIC,egg yolk
2029,AIC,salt
2029,AIC,black pepper
2029,AIC,caper
2029,AIC,olive oil
2029,AIC,garlic
2029,AIC,breadcrumb
2029,AIC,salted anchovy
2029,AIC,parsley
2030,AIC,milk
2030,AIC,salt
2030,AIC,olive oil
2030,AIC,white wine vinegar
2030,AIC,breadcrumb
2030,AIC,pine nut
2030,AIC,parsley
2031,AIC,black pepper
2031,AIC,salt
2031,AIC,olive oil
2031,AIC,garlic
2031,AIC,pickled caper
2031,AIC,parsley
2032,AIC,salt
2032,AIC,olive oil
2032,AIC,vinegar
2032,AIC,salted anchovy
2032,AIC,caper
2032,AIC,garlic
2032,AIC,breadcrumb
2032,AIC,parsley
2033,AIC,milk
2033,AIC,vinegar
2033,AIC,olive oil
2033,AIC,garlic
2033,AIC,breadcrumb
2033,AIC,pickled onion
2033,AIC,anchovy fillet
2033,AIC,caper
2033,AIC,parsley
2034,AIC,garlic
2034,AIC,black pepper
2034,AIC,salt
2034,AIC,olive oil
2034,AIC,vinegar
2034,AIC,breadcrumb
2034,AIC,caper
2034,AIC,onion
2034,AIC,bell pepper
2034,AIC,pickled cucumber
2034,AIC,parsley
2035,AIC,black pepper
2035,AIC,salt
2035,AIC,lemon
2035,AIC,vinegar
2035,AIC,olive oil
2035,AIC,hard-boiled egg yolk
2035,AIC,firm bread crumb
2035,AIC,onion
2035,AIC,garlic
2035,AIC,parsley
2035,AIC,salted anchovy
2035,AIC,carrot
2035,AIC,celery
2036,AIC,black pepper
2036,AIC,salt
2036,AIC,olive oil
2036,AIC,peeled tomato
2036,AIC,sage
2036,AIC,garlic
2036,AIC,cannellini bean
2036,AIC,pork sausage
2037,AIC,olive oil
2037,AIC,vinegar
2037,AIC,lemon juice
2037,AIC,ground cinnamon
2037,AIC,mint
2037,AIC,breadcrumb
2037,AIC,salted anchovy
2037,AIC,sweet almond
2038,AIC,salt and pepper
2038,AIC,butter
2038,AIC,garlic
2038,AIC,onion or leek
2038,AIC,lardo or pancetta
2038,AIC,potato
2038,AIC,boudeun
2038,AIC,sausage
2039,AIC,salt
2039,AIC,chili pepper
2039,AIC,olive oil
2039,AIC,garlic
2039,AIC,broccoli rabe
2039,AIC,sausage
2040,AIC,black pepper
2040,AIC,salt
2040,AIC,olive oil
2040,AIC,red wine
2040,AIC,sage
2040,AIC,rosemary
2040,AIC,tomato
2040,AIC,carrot
2040,AIC,celery
2040,AIC,onion
2040,AIC,bell pepper
2040,AIC,potato
2040,AIC,sausage
2041,AIC,olive oil
2041,AIC,black pepper
2041,AIC,black bread
2041,AIC,potato
2041,AIC,sausage
2042,AIC,black pepper
2042,AIC,salt
2042,AIC,wine vinegar
2042,AIC,lemon juice
2042,AIC,olive oil
2042,AIC,live lobster
2043,AIC,black pepper
2043,AIC,salt
2043,AIC,white wine
2043,AIC,wheat flour
2043,AIC,butter
2043,AIC,sage
2043,AIC,prosciutto crudo
2043,AIC,veal cutlet
2044,AIC,frying oil
2044,AIC,salt
2044,AIC,milk
2044,AIC,egg
2044,AIC,wheat flour
2044,AIC,large sage leaf
2045,AIC,lemon
2045,AIC,clove
2045,AIC,cinnamon bark
2045,AIC,sweet ripe white grape
2046,AIC,salt
2046,AIC,wine vinegar
2046,AIC,olive oil
2046,AIC,salted anchovy
2046,AIC,bay leaf
2046,AIC,garlic
2046,AIC,savoy cabbage
2047,AIC,ripe white grape
2048,AIC,black pepper
2048,AIC,frying oil
2048,AIC,breadcrumb
2048,AIC,soft bread crumb
2048,AIC,parsley
2048,AIC,egg
2048,AIC,black olive
2048,AIC,caper
2048,AIC,garlic
2048,AIC,sardine
2049,AIC,black pepper
2049,AIC,salt
2049,AIC,orange
2049,AIC,bay leaf
2049,AIC,breadcrumb
2049,AIC,almond
2049,AIC,pine nut
2049,AIC,sultana raisin
2049,AIC,pitted black olive
2049,AIC,caper
2049,AIC,parsley
2049,AIC,salted anchovy
2049,AIC,sugar
2049,AIC,orange juice
2049,AIC,lemon juice
2049,AIC,olive oil
2049,AIC,breadcrumb
2049,AIC,large sardine
2050,AIC,grated lemon zest
2050,AIC,bay leaf
2050,AIC,clove
2050,AIC,black pepper
2050,AIC,pine nut
2050,AIC,raisin
2050,AIC,frying oil
2050,AIC,salt
2050,AIC,wheat flour
2050,AIC,white wine vinegar
2050,AIC,white onion
2050,AIC,sardine
2051,AIC,salt
2051,AIC,pine nut
2051,AIC,sultana raisin
2051,AIC,white onion
2051,AIC,white wine vinegar
2051,AIC,olive oil
2051,AIC,wheat flour
2051,AIC,sardine
2052,AIC,peanut oil
2052,AIC,salt
2052,AIC,wheat flour
2052,AIC,breadcrumb
2052,AIC,egg
2052,AIC,sardine
2053,AIC,salt
2053,AIC,white wine
2053,AIC,lemon
2053,AIC,garlic
2053,AIC,parsley
2053,AIC,sardine
2054,AIC,salt
2054,AIC,parsley
2054,AIC,olive oil
2054,AIC,breadcrumb
2054,AIC,pecorino cheese
2054,AIC,egg
2054,AIC,sardine
2055,AIC,salt
2055,AIC,chili pepper
2055,AIC,wheat flour
2055,AIC,olive oil
2055,AIC,parsley
2055,AIC,garlic
2055,AIC,egg
2055,AIC,tomato pulp
2055,AIC,parmigiano cheese
2055,AIC,tuna in oil
2055,AIC,breadcrumb
2055,AIC,sardine
2056,AIC,black pepper
2056,AIC,onion
2056,AIC,lemon
2056,AIC,olive oil
2056,AIC,anchovy or sardine
2057,AIC,black pepper
2057,AIC,salt
2057,AIC,lemon
2057,AIC,olive oil
2057,AIC,breadcrumb
2057,AIC,wheat flour
2057,AIC,egg
2057,AIC,anchovy
2058,AIC,ragù sauce
2058,AIC,garlic
2058,AIC,grated parmigiano cheese
2058,AIC,hard-boiled egg
2058,AIC,mozzarella or provola
2058,AIC,prosciutto
2058,AIC,cured salami
2058,AIC,sausage
2058,AIC,fried meatball
2058,AIC,artichoke
2058,AIC,white wine
2058,AIC,pancetta
2058,AIC,pea
2058,AIC,onion
2058,AIC,lard
2058,AIC,lard
2058,AIC,breadcrumb
2058,AIC,parsley
2058,AIC,parmigiano cheese
2058,AIC,egg
2058,AIC,rice
2059,AIC,salt
2059,AIC,olive oil
2059,AIC,grated parmigiano cheese
2059,AIC,breadcrumb
2059,AIC,mozzarella
2059,AIC,zucchini
2059,AIC,butter
2059,AIC,rice
2060,AIC,egg white
2060,AIC,sugar
2060,AIC,almond
2061,AIC,powdered sugar
2061,AIC,egg white
2061,AIC,egg yolk
2061,AIC,egg
2061,AIC,potato starch
2061,AIC,wheat flour
2061,AIC,sugar
2062,AIC,tomato
2062,AIC,garlic
2062,AIC,black pepper
2062,AIC,salt
2062,AIC,parsley
2062,AIC,olive oil
2062,AIC,mussel and veraci clam
2063,AIC,salt
2063,AIC,scallion
2063,AIC,parsley
2063,AIC,olive oil
2063,AIC,white wine vinegar
2063,AIC,white onion
2063,AIC,horse mackerel (sauri)
2064,AIC,lemon
2064,AIC,orange
2064,AIC,yellow pumpkin pulp
2064,AIC,melon pulp
2064,AIC,watermelon pulp
2064,AIC,pear
2064,AIC,reinette apple
2064,AIC,walnut
2064,AIC,sapa
2065,AIC,ground cinnamon
2065,AIC,lemon zest
2065,AIC,autumn fruit
2065,AIC,black grape must
2066,AIC,tripe sauce
2066,AIC,grated parmigiano cheese
2066,AIC,potato
2066,AIC,toasted bread
2066,AIC,tripe (foiolo)
2066,AIC,meat broth
2067,AIC,bread
2067,AIC,chili pepper
2067,AIC,nepitella
2067,AIC,olive oil
2067,AIC,garlic
2067,AIC,salted cod
2068,AIC,sugar
2068,AIC,almond
2068,AIC,butter
2068,AIC,yellow polenta
2068,AIC,wheat flour
2069,AIC,water
2069,AIC,salt
2069,AIC,chili pepper
2069,AIC,dried wild fennel flower
2069,AIC,olive oil
2069,AIC,chard or spinach
2069,AIC,peeled tomato
2069,AIC,scallion
2069,AIC,guanciale
2069,AIC,fava bean
2070,AIC,hot water
2070,AIC,bread
2070,AIC,black pepper
2070,AIC,salt
2070,AIC,olive oil
2070,AIC,onion
2070,AIC,tomato passata
2070,AIC,lean ventresca
2070,AIC,lettuce leaf
2070,AIC,pea
2070,AIC,potato
2070,AIC,artichoke
2070,AIC,fava bean
2071,AIC,salt
2071,AIC,water
2071,AIC,olive oil
2071,AIC,polenta flour
2072,AIC,honey
2072,AIC,salt
2072,AIC,sugar
2072,AIC,frying oil
2072,AIC,wheat flour
2072,AIC,anise liqueur
2072,AIC,vanilla baking powder
2072,AIC,butter
2072,AIC,egg
2073,AIC,salt
2073,AIC,balsamic vinegar
2073,AIC,wheat flour
2073,AIC,butter
2073,AIC,lean pork or veal cutlet
2074,AIC,truffle
2074,AIC,prosciutto
2074,AIC,"firm, aged scamorza cheese"
2075,AIC,olive oil
2075,AIC,black pepper
2075,AIC,thyme
2075,AIC,breadcrumb
2075,AIC,egg
2075,AIC,scamorza
2076,AIC,l'aquila black truffle paste
2076,AIC,scamorza
2077,AIC,olive oil
2077,AIC,fish or vegetable
2077,AIC,black pepper
2077,AIC,salt
2077,AIC,oregano
2077,AIC,fresh mint
2077,AIC,garlic
2077,AIC,bay leaf
2077,AIC,white wine
2077,AIC,vinegar
2078,AIC,salt
2078,AIC,black pepper
2078,AIC,white wine
2078,AIC,olive oil
2078,AIC,peeled tomato
2078,AIC,garlic
2078,AIC,onion
2078,AIC,scampi
2079,AIC,salt
2079,AIC,lemon juice
2079,AIC,olive oil
2079,AIC,parsley
2079,AIC,red garlic
2079,AIC,scampi
2080,AIC,olive oil
2080,AIC,black pepper
2080,AIC,salt
2080,AIC,wheat flour
2080,AIC,saffron thread
2080,AIC,white wine vinegar
2080,AIC,firm-fleshed fish
2081,AIC,water
2081,AIC,saffron
2081,AIC,garlic
2081,AIC,white wine vinegar
2081,AIC,frying oil
2081,AIC,salt
2081,AIC,remilled semolina
2081,AIC,anchovy
2082,AIC,colored sprinkle
2082,AIC,lemon juice
2082,AIC,egg
2082,AIC,egg white
2082,AIC,powdered sugar
2082,AIC,baking powder
2082,AIC,lemon zest
2082,AIC,milk
2082,AIC,olive oil
2082,AIC,egg
2082,AIC,sugar
2082,AIC,wheat flour
2083,AIC,salt
2083,AIC,garlic
2083,AIC,parsley
2083,AIC,breadcrumb
2083,AIC,olive oil
2083,AIC,escarole
2084,AIC,white pepper
2084,AIC,salt
2084,AIC,olive oil
2084,AIC,parsley
2084,AIC,anchovy
2084,AIC,gaeta olive
2084,AIC,caper
2084,AIC,breadcrumb
2084,AIC,garlic
2084,AIC,smooth escarole
2085,AIC,black pepper
2085,AIC,salt
2085,AIC,parsley
2085,AIC,anchovy in oil
2085,AIC,black gaeta olive
2085,AIC,caper
2085,AIC,breadcrumb
2085,AIC,garlic
2085,AIC,olive oil
2085,AIC,smooth escarole
2086,AIC,black pepper
2086,AIC,salt
2086,AIC,olive oil
2086,AIC,grated parmigiano cheese
2086,AIC,egg
2086,AIC,wheat flour
2086,AIC,milk mixed with water
2086,AIC,garlic
2086,AIC,scallion
2086,AIC,small zucchini
2087,AIC,salt
2087,AIC,vanilla baking powder
2087,AIC,lemon zest
2087,AIC,grated parmigiano cheese
2087,AIC,basil
2087,AIC,egg
2087,AIC,sugar
2087,AIC,wheat flour
2087,AIC,milk
2087,AIC,small light zucchini
2088,AIC,black pepper
2088,AIC,grated parmigiano cheese
2088,AIC,garlic
2088,AIC,butter
2088,AIC,olive oil
2088,AIC,parsley
2088,AIC,scallion
2088,AIC,lard
2088,AIC,spinach
2088,AIC,water
2088,AIC,salt
2088,AIC,olive oil
2088,AIC,lard
2088,AIC,wheat flour
2089,AIC,olive oil
2089,AIC,ground cinnamon
2089,AIC,mosto cotto
2089,AIC,almond or walnut
2089,AIC,baking powder
2089,AIC,sultana raisin
2089,AIC,candied citron
2089,AIC,sugar
2089,AIC,unsweetened cocoa powder
2089,AIC,chocolate
2089,AIC,wheat flour
2090,AIC,salt
2090,AIC,chili powder
2090,AIC,"intense, full-bodied red wine"
2090,AIC,water
2090,AIC,remilled semolina flour
2091,AIC,water
2091,AIC,olive oil
2091,AIC,rosemary
2091,AIC,black pepper
2091,AIC,garlic
2091,AIC,chili pepper
2091,AIC,wine vinegar
2091,AIC,eel
2092,AIC,salt
2092,AIC,olive oil
2092,AIC,sugar
2092,AIC,dried fig
2092,AIC,bread dough
2093,AIC,sugar
2093,AIC,olive oil
2093,AIC,rosemary sprig
2093,AIC,egg
2093,AIC,lard
2093,AIC,brewer's yeast
2093,AIC,sugar
2093,AIC,dried zibibbo grape
2093,AIC,wheat flour
2094,AIC,sugar
2094,AIC,lemon zest
2094,AIC,baking powder
2094,AIC,egg
2094,AIC,wheat flour
2094,AIC,sugar
2094,AIC,lard
2095,AIC,parsley
2095,AIC,garlic
2095,AIC,olive oil
2095,AIC,schille
2096,AIC,sugar
2096,AIC,sour cherry
2097,AIC,lemon zest
2097,AIC,sugar
2097,AIC,pistachio
2097,AIC,ground cinnamon
2097,AIC,wheat flour
2097,AIC,butter
2097,AIC,vanilla
2097,AIC,milk
2097,AIC,egg
2098,AIC,cheese
2098,AIC,basil
2098,AIC,garlic
2098,AIC,bread slice
2098,AIC,black pepper
2098,AIC,salt
2098,AIC,olive oil
2098,AIC,chili pepper
2098,AIC,broth
2098,AIC,peeled tomato
2098,AIC,red wine
2098,AIC,parsley
2098,AIC,onion
2098,AIC,carrot
2098,AIC,celery
2098,AIC,mixed meat
2099,AIC,olive oil
2099,AIC,black truffle
2099,AIC,scamorza
2099,AIC,cream
2099,AIC,butter
2099,AIC,parmigiano cheese
2099,AIC,prosciutto cotto
2099,AIC,chicken breast
2099,AIC,artichoke heart
2099,AIC,crespella
2100,AIC,sugar
2100,AIC,olive oil
2100,AIC,salt
2100,AIC,brewer's yeast
2100,AIC,rosemary
2100,AIC,water
2100,AIC,potato
2100,AIC,wheat flour
2101,AIC,water
2101,AIC,olive oil
2101,AIC,sweet pecorino cheese
2101,AIC,parsley
2101,AIC,celery
2101,AIC,carrot
2101,AIC,mixed meat
2101,AIC,salt
2101,AIC,wheat flour
2101,AIC,egg
2102,AIC,olive oil
2102,AIC,lard
2102,AIC,honey
2102,AIC,alcherme
2102,AIC,lemon
2102,AIC,mistrà
2102,AIC,olive oil
2102,AIC,sugar
2102,AIC,wheat flour
2102,AIC,egg
2103,AIC,lukewarm water
2103,AIC,water
2103,AIC,lard
2103,AIC,corbezzolo or wildflower honey
2103,AIC,lemon zest
2103,AIC,semolina
2103,AIC,caciotta
2103,AIC,salt
2103,AIC,lard
2103,AIC,wheat flour
2104,AIC,sugar
2104,AIC,honey
2104,AIC,olive oil
2104,AIC,water
2104,AIC,salt
2104,AIC,durum wheat semolina
2104,AIC,lard
2104,AIC,wheat flour
2104,AIC,fresh pecorino cheese
2105,AIC,wheat flour
2105,AIC,black pepper
2105,AIC,salt
2105,AIC,olive oil
2105,AIC,meat sauce
2105,AIC,onion
2105,AIC,butter
2105,AIC,parmigiano cheese
2105,AIC,egg
2105,AIC,ground veal
2105,AIC,chicken liver
2105,AIC,celery
2106,AIC,egg white
2106,AIC,sugar
2106,AIC,cream
2106,AIC,amaretti
2106,AIC,yellow peach
2107,AIC,parsley
2107,AIC,olive oil
2107,AIC,tomato paste
2107,AIC,celery
2107,AIC,onion
2107,AIC,chard
2107,AIC,cuttlefish
2108,AIC,lemon juice
2108,AIC,white wine
2108,AIC,garlic
2108,AIC,black pepper
2108,AIC,salt
2108,AIC,parsley
2108,AIC,olive oil
2108,AIC,chili pepper
2108,AIC,cuttlefish
2109,AIC,salt
2109,AIC,chili pepper
2109,AIC,parsley
2109,AIC,garlic
2109,AIC,peeled tomato
2109,AIC,olive oil
2109,AIC,cupello artichoke
2109,AIC,cuttlefish
2110,AIC,butter
2110,AIC,black pepper
2110,AIC,salt
2110,AIC,olive oil
2110,AIC,white wine
2110,AIC,garlic
2110,AIC,onion
2110,AIC,pea
2110,AIC,cuttlefish
2111,AIC,salt
2111,AIC,garlic
2111,AIC,parsley
2111,AIC,white wine
2111,AIC,tomato pulp
2111,AIC,olive oil
2111,AIC,potato
2111,AIC,cuttlefish
2112,AIC,black pepper
2112,AIC,salt
2112,AIC,chili pepper
2112,AIC,parsley
2112,AIC,white wine
2112,AIC,olive oil
2112,AIC,garlic
2112,AIC,scallion
2112,AIC,shelled pea
2112,AIC,cuttlefish
2113,AIC,salt
2113,AIC,olive oil
2113,AIC,parsley
2113,AIC,artichoke heart
2113,AIC,pea
2113,AIC,onion
2113,AIC,potato
2113,AIC,cuttlefish
2114,AIC,black pepper
2114,AIC,salt
2114,AIC,white wine
2114,AIC,black olive
2114,AIC,olive oil
2114,AIC,caper
2114,AIC,parsley
2114,AIC,garlic
2114,AIC,egg
2114,AIC,grated pecorino cheese
2114,AIC,breadcrumb
2114,AIC,cuttlefish
2115,AIC,black pepper
2115,AIC,salt
2115,AIC,olive oil
2115,AIC,fish broth
2115,AIC,white wine
2115,AIC,breadcrumb
2115,AIC,salted caper
2115,AIC,parsley
2115,AIC,garlic
2115,AIC,salted anchovy
2115,AIC,baby cuttlefish
2116,AIC,salt
2116,AIC,chili pepper
2116,AIC,olive oil
2116,AIC,garlic
2116,AIC,fresh small cuttlefish
2117,AIC,black pepper
2117,AIC,salt
2117,AIC,olive oil
2117,AIC,breadcrumb
2117,AIC,rosemary
2117,AIC,parsley
2117,AIC,garlic
2117,AIC,cuttlefish
2118,AIC,fresh pecorino cheese
2118,AIC,other vegetable
2118,AIC,carrot
2118,AIC,onion
2118,AIC,salt
2118,AIC,olive oil
2118,AIC,vegetable broth
2118,AIC,cracked farro
2119,AIC,ground cinnamon
2119,AIC,honey
2119,AIC,sugar
2119,AIC,lukewarm water
2119,AIC,salt
2119,AIC,sugar
2119,AIC,brewer's yeast
2119,AIC,milk
2119,AIC,olive oil
2119,AIC,potato
2119,AIC,wheat flour
2120,AIC,olive oil
2120,AIC,oregano
2120,AIC,breadcrumb
2120,AIC,onion
2120,AIC,anchovy fillet
2120,AIC,peeled tomato
2120,AIC,caciocavallo
2120,AIC,salt
2120,AIC,sugar
2120,AIC,brewer's yeast
2120,AIC,wheat flour
2120,AIC,semolina flour
2121,AIC,sugar
2121,AIC,orange liqueur
2121,AIC,candied citron
2121,AIC,almond
2121,AIC,dark chocolate
2121,AIC,mixed jam
2121,AIC,egg
2121,AIC,sugar
2121,AIC,lard
2121,AIC,wheat flour
2122,AIC,powdered sugar
2122,AIC,cold water
2122,AIC,salt
2122,AIC,cinnamon oil
2122,AIC,vanilla
2122,AIC,candied fruit
2122,AIC,egg
2122,AIC,sugar
2122,AIC,ricotta
2122,AIC,water
2122,AIC,semolina
2122,AIC,egg yolk
2122,AIC,sugar
2122,AIC,lard
2122,AIC,wheat flour
2123,AIC,powdered sugar
2123,AIC,vanilla
2123,AIC,cinnamon oil
2123,AIC,sugar
2123,AIC,ricotta
2123,AIC,candied orange
2123,AIC,water
2123,AIC,salt
2123,AIC,egg
2123,AIC,semolina
2123,AIC,lard
2123,AIC,water
2123,AIC,salt
2123,AIC,wheat flour
2124,AIC,water
2124,AIC,salt
2124,AIC,egg yolk
2124,AIC,sugar
2124,AIC,cold butter
2124,AIC,wheat flour
2125,AIC,powdered sugar
2125,AIC,water
2125,AIC,baking powder
2125,AIC,egg yolk
2125,AIC,lard
2125,AIC,sugar
2125,AIC,wheat flour
2125,AIC,ground cinnamon
2125,AIC,egg white
2125,AIC,zuccata
2125,AIC,dark chocolate
2125,AIC,sugar
2125,AIC,tuma
2126,AIC,black pepper
2126,AIC,salt
2126,AIC,olive oil
2126,AIC,butter
2126,AIC,whole wheat bread
2126,AIC,milk
2126,AIC,egg
2126,AIC,fior di latte
2126,AIC,green asparagus
2127,AIC,wheat flour
2127,AIC,butter
2127,AIC,milk
2127,AIC,nutmeg
2127,AIC,salt
2127,AIC,white pepper
2127,AIC,egg
2127,AIC,parmigiano cheese
2127,AIC,gruyère
2127,AIC,nutmeg
2127,AIC,salt
2127,AIC,white pepper
2127,AIC,chicken liver
2127,AIC,unlaid hen egg yolk
2127,AIC,prosciutto crudo
2127,AIC,yellow onion
2127,AIC,butter
2127,AIC,parmigiano cheese
2127,AIC,sage
2127,AIC,egg
2127,AIC,milk
2127,AIC,marsala wine
2127,AIC,lemon
2127,AIC,salt
2127,AIC,white pepper
2127,AIC,fine pea
2127,AIC,prosciutto crudo
2127,AIC,smoked pancetta
2127,AIC,yellow onion
2127,AIC,garlic
2127,AIC,parsley
2127,AIC,butter
2127,AIC,olive oil
2127,AIC,bouillon broth
2127,AIC,salt
2127,AIC,black pepper
2128,AIC,black pepper
2128,AIC,breadcrumb
2128,AIC,salt
2128,AIC,white wine
2128,AIC,parsley
2128,AIC,garlic
2128,AIC,olive oil
2128,AIC,onion
2128,AIC,scamorza
2128,AIC,tender artichoke
2128,AIC,potato
2129,AIC,black pepper
2129,AIC,salt
2129,AIC,breadcrumb
2129,AIC,bell pepper
2129,AIC,butter
2129,AIC,bagna cauda
2129,AIC,egg yolk
2129,AIC,egg
2129,AIC,parmigiano cheese
2129,AIC,sheep's milk ricotta
2129,AIC,tender cardoon
2130,AIC,salt
2130,AIC,wheat flour
2130,AIC,pecorino cheese
2130,AIC,egg
2130,AIC,milk
2130,AIC,butter
2130,AIC,cardoon
2131,AIC,chili pepper
2131,AIC,olive oil
2131,AIC,salt
2131,AIC,breadcrumb
2131,AIC,olive oil
2131,AIC,spicy fresh salsiccia
2131,AIC,potato
2132,AIC,classic bolognese ragù
2132,AIC,prosciutto cotto
2132,AIC,ground pork
2132,AIC,breadcrumb
2132,AIC,egg
2132,AIC,milk
2132,AIC,butter
2132,AIC,parmigiano cheese
2132,AIC,béchamel sauce
2132,AIC,potato
2133,AIC,black pepper
2133,AIC,salt
2133,AIC,bolognese ragù
2133,AIC,breadcrumb
2133,AIC,egg
2133,AIC,milk
2133,AIC,besciamella
2133,AIC,butter
2133,AIC,prosciutto cotto
2133,AIC,ground pork
2133,AIC,parmigiano cheese
2133,AIC,potato
2134,AIC,nutmeg
2134,AIC,fish broth
2134,AIC,milk
2134,AIC,wheat flour
2134,AIC,butter
2134,AIC,salt
2134,AIC,black pepper
2134,AIC,chili pepper
2134,AIC,garlic
2134,AIC,onion
2134,AIC,lemon
2134,AIC,white wine
2134,AIC,vinegar
2134,AIC,breadcrumb
2134,AIC,cherry tomato
2134,AIC,fresh egg pasta
2134,AIC,olive oil
2134,AIC,butter
2134,AIC,anchovy
2135,AIC,black pepper
2135,AIC,salt
2135,AIC,milk
2135,AIC,wheat flour
2135,AIC,nutmeg
2135,AIC,parmigiano cheese
2135,AIC,cream
2135,AIC,egg yolk
2135,AIC,parsley
2135,AIC,garlic
2135,AIC,cognac
2135,AIC,truffle cream
2135,AIC,white wine
2135,AIC,olive oil
2135,AIC,butter
2135,AIC,porcini mushroom
2135,AIC,langoustine
2136,AIC,breadcrumb
2136,AIC,grana padano
2136,AIC,mozzarella
2136,AIC,hard-boiled egg
2136,AIC,pea
2136,AIC,dried mushroom
2136,AIC,ground meat
2136,AIC,black pepper
2136,AIC,salt
2136,AIC,clove
2136,AIC,marjoram
2136,AIC,bay leaf
2136,AIC,basil
2136,AIC,onion
2136,AIC,red wine
2136,AIC,tomato sauce
2136,AIC,olive oil
2136,AIC,lard
2136,AIC,lardo
2136,AIC,prosciutto crudo
2136,AIC,pork rib
2136,AIC,pork
2136,AIC,veal
2136,AIC,mezzanella pasta
2137,AIC,egg
2137,AIC,walnut
2137,AIC,black pepper
2137,AIC,nutmeg
2137,AIC,clove
2137,AIC,ground cinnamon
2137,AIC,orange
2137,AIC,honey
2137,AIC,olive oil
2137,AIC,vin santo wine
2137,AIC,salt
2137,AIC,sugar
2137,AIC,wheat flour
2138,AIC,water
2138,AIC,parsley
2138,AIC,chili pepper
2138,AIC,garlic
2138,AIC,salt
2138,AIC,mackerel
2139,AIC,black pepper
2139,AIC,salt
2139,AIC,olive oil
2139,AIC,pea
2139,AIC,parsley
2139,AIC,white onion
2139,AIC,mackerel
2140,AIC,vanilla sugar
2140,AIC,water
2140,AIC,olive oil
2140,AIC,mosto cotto
2140,AIC,ground cinnamon
2140,AIC,dark chocolate
2140,AIC,cooked chickpea
2140,AIC,olive oil
2140,AIC,sugar
2140,AIC,wheat flour
2141,AIC,salt
2141,AIC,olive oil
2141,AIC,bay leaf
2141,AIC,tomato sauce
2141,AIC,vinegar
2141,AIC,garlic
2141,AIC,pork jowl
2142,AIC,salt
2142,AIC,butter
2142,AIC,parmigiano cheese
2142,AIC,olive oil or lard
2142,AIC,lard
2142,AIC,lucanica
2142,AIC,broth
2142,AIC,buckwheat flour
2143,AIC,sapa
2143,AIC,salt
2143,AIC,salted almond
2143,AIC,pine nut
2143,AIC,sultana raisin
2143,AIC,dark chocolate
2143,AIC,cocoa powder
2143,AIC,dried chestnut
2143,AIC,savor
2143,AIC,lemon zest
2143,AIC,milk
2143,AIC,egg
2143,AIC,wheat flour
2144,AIC,polenta flour
2144,AIC,salt
2144,AIC,salt
2144,AIC,tomato paste
2144,AIC,white wine
2144,AIC,olive oil
2144,AIC,chili pepper
2144,AIC,garlic
2144,AIC,onion
2144,AIC,lamb pluck
2145,AIC,chili pepper
2145,AIC,rosemary sprig
2145,AIC,bay leaf
2145,AIC,tomato passata
2145,AIC,red wine
2145,AIC,tomato paste
2145,AIC,olive oil
2145,AIC,lard
2145,AIC,pork offal
2146,AIC,black pepper
2146,AIC,salt
2146,AIC,olive oil
2146,AIC,celery heart
2146,AIC,butter
2146,AIC,stock concentrate
2146,AIC,parmigiano cheese
2146,AIC,montasù bread
2146,AIC,pigeon
2147,AIC,salt
2147,AIC,onion
2147,AIC,garlic
2147,AIC,olive oil
2147,AIC,tomato
2147,AIC,bell pepper
2147,AIC,sole
2148,AIC,water
2148,AIC,egg white
2148,AIC,sugar
2148,AIC,lemon
2149,AIC,salt
2149,AIC,butter
2149,AIC,olive oil
2149,AIC,rosemary
2149,AIC,bay leaf
2149,AIC,onion
2149,AIC,red wine vinegar
2149,AIC,veneto sopressa
2150,AIC,orange zest
2150,AIC,cooked fig sugar
2150,AIC,walnut
2150,AIC,almond
2150,AIC,wheat flour
2151,AIC,sugar
2151,AIC,water
2151,AIC,wheat flour
2151,AIC,lemon
2151,AIC,egg white
2151,AIC,sugar
2151,AIC,almond
2152,AIC,abruzzese punch
2152,AIC,vanillin
2152,AIC,lemon zest
2152,AIC,milk
2152,AIC,egg
2152,AIC,butter
2152,AIC,sugar
2152,AIC,wheat flour
2153,AIC,nutmeg
2153,AIC,ground cinnamon
2153,AIC,clove
2153,AIC,meat broth
2153,AIC,large savoy cabbage leaf
2153,AIC,brown butter
2153,AIC,toma
2153,AIC,stale bread
2154,AIC,salt
2154,AIC,chili pepper
2154,AIC,olive oil
2154,AIC,garlic
2154,AIC,spaghetti
2155,AIC,salt
2155,AIC,tomato
2155,AIC,parsley
2155,AIC,white wine
2155,AIC,garlic
2155,AIC,olive oil
2155,AIC,missoltini
2155,AIC,spaghetti
2156,AIC,olive oil
2156,AIC,chili pepper
2156,AIC,cherry tomato
2156,AIC,garlic
2156,AIC,sea urchin
2156,AIC,spaghetti
2157,AIC,salt
2157,AIC,vernaccia wine
2157,AIC,basil
2157,AIC,olive oil
2157,AIC,garlic
2157,AIC,tomato
2157,AIC,sea crab
2157,AIC,spaghetti
2158,AIC,black pepper
2158,AIC,salt
2158,AIC,olive oil
2158,AIC,breadcrumb
2158,AIC,walnut
2158,AIC,parsley
2158,AIC,scallion
2158,AIC,salted cod
2158,AIC,spaghetti
2159,AIC,salt
2159,AIC,parsley
2159,AIC,garlic
2159,AIC,olive oil
2159,AIC,sea urchin pulp
2159,AIC,thin spaghettini
2160,AIC,black pepper
2160,AIC,salt
2160,AIC,olive oil
2160,AIC,parsley
2160,AIC,tomato
2160,AIC,garlic
2160,AIC,fresh cuttlefish
2160,AIC,spaghetti
2161,AIC,salt
2161,AIC,chili pepper
2161,AIC,garlic
2161,AIC,olive oil
2161,AIC,tomato
2161,AIC,mantis shrimp
2161,AIC,spaghetti
2162,AIC,salt
2162,AIC,parsley
2162,AIC,garlic
2162,AIC,olive oil
2162,AIC,mullet bottarga
2162,AIC,spaghetti
2163,AIC,salt
2163,AIC,parsley
2163,AIC,tomato sauce
2163,AIC,olive oil
2163,AIC,tuna
2163,AIC,spaghetti
2164,AIC,salt
2164,AIC,chili pepper
2164,AIC,garlic
2164,AIC,parsley
2164,AIC,olive oil
2164,AIC,colatura di alici
2164,AIC,spaghetti
2165,AIC,salt
2165,AIC,white wine
2165,AIC,chili pepper
2165,AIC,garlic
2165,AIC,olive oil
2165,AIC,large scampi
2165,AIC,clam
2165,AIC,spaghetti
2166,AIC,black pepper
2166,AIC,salt
2166,AIC,olive oil
2166,AIC,white wine
2166,AIC,oregano
2166,AIC,parsley
2166,AIC,peeled tomato
2166,AIC,garlic
2166,AIC,onion
2166,AIC,salted olive
2166,AIC,salted caper
2166,AIC,swordfish belly
2166,AIC,spaghetti
2167,AIC,pecorino abruzzese
2167,AIC,black pepper
2167,AIC,salt
2167,AIC,chili pepper
2167,AIC,olive oil
2167,AIC,guanciale
2167,AIC,spaghetti
2168,AIC,salt
2168,AIC,black pepper
2168,AIC,olive oil
2168,AIC,pecorino cheese
2168,AIC,egg
2168,AIC,garlic
2168,AIC,guanciale
2168,AIC,spaghetti
2169,AIC,chili pepper
2169,AIC,salt
2169,AIC,olive oil
2169,AIC,parsley
2169,AIC,sweet dried pepper
2169,AIC,garlic
2169,AIC,salted anchovy
2169,AIC,spaghetti
2170,AIC,salt
2170,AIC,chili pepper
2170,AIC,parsley
2170,AIC,garlic
2170,AIC,olive oil
2170,AIC,arselle clam
2170,AIC,spaghetti
2171,AIC,black pepper
2171,AIC,salt
2171,AIC,pecorino cheese
2171,AIC,thick spaghetti
2172,AIC,garlic
2172,AIC,olive oil
2172,AIC,anchovy paste
2172,AIC,black truffle
2172,AIC,spaghetti
2173,AIC,salt
2173,AIC,basil
2173,AIC,chili pepper
2173,AIC,parsley
2173,AIC,white wine
2173,AIC,garlic
2173,AIC,olive oil
2173,AIC,peeled tomato
2173,AIC,mussel
2173,AIC,spaghetti
2174,AIC,olive oil
2174,AIC,salt
2174,AIC,tomato
2174,AIC,red onion
2174,AIC,tuna in oil
2174,AIC,spaghetti
2175,AIC,salt
2175,AIC,pecorino cheese
2175,AIC,olive oil
2175,AIC,fresh marjoram
2175,AIC,onion
2175,AIC,guanciale
2175,AIC,tomato passata
2175,AIC,spaghetti
2176,AIC,salt
2176,AIC,chili pepper
2176,AIC,thyme sprig
2176,AIC,white wine
2176,AIC,garlic
2176,AIC,olive oil
2176,AIC,spaghetti
2176,AIC,tomato
2176,AIC,fish cheek
2177,AIC,black pepper
2177,AIC,salt
2177,AIC,parsley
2177,AIC,olive oil
2177,AIC,garlic
2177,AIC,tomato sauce
2177,AIC,clam
2177,AIC,spaghetti
2178,AIC,black pepper
2178,AIC,salt
2178,AIC,olive oil
2178,AIC,parsley
2178,AIC,breadcrumb
2178,AIC,onion
2178,AIC,grated pecorino cheese
2178,AIC,egg
2178,AIC,tomato passata
2178,AIC,soaked stockfish
2178,AIC,spaghetti
2179,AIC,hot water
2179,AIC,salt
2179,AIC,chili pepper
2179,AIC,bell pepper
2179,AIC,basil
2179,AIC,parsley
2179,AIC,tomato
2179,AIC,garlic
2179,AIC,olive oil
2179,AIC,chopped spaghetti
2179,AIC,mussel
2179,AIC,mixed fish soup
2180,AIC,salt
2180,AIC,olive oil
2180,AIC,basil
2180,AIC,bay leaf
2180,AIC,onion
2180,AIC,tomato
2180,AIC,beef shank
2181,AIC,black pepper
2181,AIC,salt
2181,AIC,wheat flour
2181,AIC,parsley
2181,AIC,peeled tomato
2181,AIC,white wine
2181,AIC,onion
2181,AIC,garlic
2181,AIC,olive oil
2181,AIC,black pepper
2181,AIC,lamb
2182,AIC,water
2182,AIC,salt
2182,AIC,tomato sauce
2182,AIC,olive oil
2182,AIC,chili pepper
2182,AIC,oregano
2182,AIC,garlic
2182,AIC,vinegar
2182,AIC,goat meat
2183,AIC,salt
2183,AIC,olive oil
2183,AIC,white wine
2183,AIC,chili pepper
2183,AIC,potato
2183,AIC,garlic
2183,AIC,onion
2183,AIC,pancetta
2183,AIC,mutton
2184,AIC,black pepper
2184,AIC,salt
2184,AIC,bread
2184,AIC,marjoram
2184,AIC,rosemary
2184,AIC,parmigiano cheese
2184,AIC,breadcrumb
2184,AIC,onion
2184,AIC,butter
2184,AIC,hen
2185,AIC,salt
2185,AIC,olive oil
2185,AIC,white wine
2185,AIC,rosemary
2185,AIC,garlic
2185,AIC,sweet pepper
2185,AIC,peeled tomato
2185,AIC,chicken
2186,AIC,black pepper
2186,AIC,salt
2186,AIC,toasted bread
2186,AIC,olive oil
2186,AIC,white wine
2186,AIC,rosemary
2186,AIC,parsley
2186,AIC,celery
2186,AIC,garlic
2186,AIC,tomato pulp
2186,AIC,beef for stew
2187,AIC,black pepper
2187,AIC,salt
2187,AIC,broth
2187,AIC,rosemary
2187,AIC,sage
2187,AIC,tomato sauce
2187,AIC,olive oil
2187,AIC,potato
2187,AIC,butter
2187,AIC,veal
2188,AIC,salt
2188,AIC,basil
2188,AIC,chili pepper
2188,AIC,wheat flour
2188,AIC,olive oil
2188,AIC,potato
2188,AIC,garlic
2188,AIC,bell pepper
2188,AIC,tomato passata
2188,AIC,olaci
2188,AIC,onion
2188,AIC,veal pulp
2189,AIC,sugar
2189,AIC,thick-skinned orange
2190,AIC,black pepper
2190,AIC,salt
2190,AIC,boiling water
2190,AIC,parsley
2190,AIC,white wine
2190,AIC,olive oil
2190,AIC,lard
2190,AIC,onion
2190,AIC,celery
2190,AIC,carrot
2190,AIC,pea
2190,AIC,stewing veal
2191,AIC,salt
2191,AIC,olive oil
2191,AIC,butter
2191,AIC,sage
2191,AIC,potato
2191,AIC,rabbit meat
2191,AIC,pork loin
2191,AIC,bird (thrush)
2192,AIC,black pepper
2192,AIC,salt
2192,AIC,olive oil
2192,AIC,white wine
2192,AIC,parsley
2192,AIC,brined olive
2192,AIC,onion
2192,AIC,garlic
2192,AIC,sun-dried tomato
2192,AIC,sea bass
2193,AIC,black pepper
2193,AIC,salt
2193,AIC,olive oil
2193,AIC,vinegar
2193,AIC,parsley
2193,AIC,garlic
2193,AIC,anchovy
2193,AIC,seafood mix
2193,AIC,squid
2193,AIC,cuttlefish
2193,AIC,shrimp
2193,AIC,sea bass
2194,AIC,salt
2194,AIC,stale bread
2194,AIC,olive oil
2194,AIC,chili pepper
2194,AIC,celery
2194,AIC,parsley
2194,AIC,basil
2194,AIC,garlic
2194,AIC,tomato
2194,AIC,green bean
2194,AIC,shelled bean
2195,AIC,hot water
2195,AIC,butter
2195,AIC,sugar
2195,AIC,egg white
2196,AIC,powdered sugar
2196,AIC,black pepper
2196,AIC,ground clove
2196,AIC,mace
2196,AIC,grated nutmeg
2196,AIC,ground cinnamon
2196,AIC,white wine
2196,AIC,sultana raisin
2196,AIC,pine nut
2196,AIC,shelled hazelnut
2196,AIC,walnut
2196,AIC,toasted almond
2196,AIC,candied citron and orange
2196,AIC,dry biscuit
2196,AIC,apricot jam
2196,AIC,honey
2196,AIC,salt
2196,AIC,yeast
2196,AIC,white wine
2196,AIC,butter
2196,AIC,sugar
2196,AIC,wheat flour
2197,AIC,chocolate
2197,AIC,lukewarm water
2197,AIC,whipping cream
2197,AIC,villa santa maria punch
2197,AIC,vanilla
2197,AIC,sugar
2197,AIC,egg white
2197,AIC,egg yolk
2198,AIC,water
2198,AIC,black pepper
2198,AIC,salt
2198,AIC,olive oil
2198,AIC,saffron
2198,AIC,parsley
2198,AIC,caper
2198,AIC,green olive
2198,AIC,garlic
2198,AIC,onion
2198,AIC,swordfish
2199,AIC,parmigiano cheese
2199,AIC,breadcrumb
2199,AIC,egg
2199,AIC,emmental
2199,AIC,mortadella
2200,AIC,salt
2200,AIC,lard
2200,AIC,pork crackling
2200,AIC,buckwheat flour
2201,AIC,black pepper
2201,AIC,salt
2201,AIC,rosemary
2201,AIC,onion
2201,AIC,garlic
2201,AIC,white wine
2201,AIC,olive oil
2201,AIC,pork shank
2202,AIC,starch
2202,AIC,broth
2202,AIC,rosemary
2202,AIC,black pepper
2202,AIC,salt
2202,AIC,barolo wine
2202,AIC,bay leaf
2202,AIC,sage
2202,AIC,garlic
2202,AIC,leek
2202,AIC,onion
2202,AIC,celery
2202,AIC,carrot
2202,AIC,lardo
2202,AIC,olive oil
2202,AIC,veal shank
2203,AIC,black pepper
2203,AIC,salt
2203,AIC,rosemary
2203,AIC,sage
2203,AIC,celery
2203,AIC,white wine
2203,AIC,acquavite
2203,AIC,broth
2203,AIC,onion
2203,AIC,olive oil
2203,AIC,butter
2203,AIC,pancetta
2203,AIC,veal shank
2204,AIC,black pepper
2204,AIC,salt
2204,AIC,white wine
2204,AIC,olive oil
2204,AIC,potato
2204,AIC,artichoke
2204,AIC,dried mushroom
2204,AIC,marjoram
2204,AIC,garlic
2204,AIC,carrot
2204,AIC,salted anchovy
2204,AIC,onion
2204,AIC,stockfish
2205,AIC,breadcrumb
2205,AIC,wheat flour
2205,AIC,salt and pepper
2205,AIC,vegetable broth or water
2205,AIC,nutmeg
2205,AIC,ground cinnamon
2205,AIC,pine nut
2205,AIC,raisin
2205,AIC,dried bay leaf
2205,AIC,anchovy fillet
2205,AIC,white onion
2205,AIC,olive oil
2205,AIC,butter
2205,AIC,soaked stockfish
2206,AIC,salt
2206,AIC,parsley
2206,AIC,chili pepper
2206,AIC,olive oil
2206,AIC,red wine
2206,AIC,baked black olive
2206,AIC,salted caper
2206,AIC,onion
2206,AIC,peeled tomato
2206,AIC,potato
2206,AIC,stockfish
2207,AIC,black pepper
2207,AIC,salt
2207,AIC,olive oil
2207,AIC,pine nut
2207,AIC,green olive
2207,AIC,potato
2207,AIC,garlic
2207,AIC,celery
2207,AIC,carrot
2207,AIC,onion
2207,AIC,dried mushroom
2207,AIC,salted anchovy
2207,AIC,soaked stockfish
2208,AIC,white wine
2208,AIC,carrot
2208,AIC,dried mushroom
2208,AIC,onion
2208,AIC,parsley
2208,AIC,garlic
2208,AIC,olive oil
2208,AIC,"pine nut, walnut, and hazelnut mix"
2208,AIC,soaked stockfish
2209,AIC,chili pepper
2209,AIC,olive oil
2209,AIC,potato
2209,AIC,black olive
2209,AIC,white wine
2209,AIC,tomato paste
2209,AIC,onion
2209,AIC,stockfish
2210,AIC,black pepper
2210,AIC,salt
2210,AIC,chili pepper
2210,AIC,sweet pepper
2210,AIC,peeled tomato
2210,AIC,olive oil
2210,AIC,stockfish
2211,AIC,olive oil
2211,AIC,white wine
2211,AIC,potato
2211,AIC,parsley
2211,AIC,pitted olive
2211,AIC,pine nut
2211,AIC,garlic
2211,AIC,anchovy fillet
2211,AIC,stockfish
2212,AIC,black pepper
2212,AIC,salt
2212,AIC,white wine
2212,AIC,potato
2212,AIC,parsley
2212,AIC,marjoram
2212,AIC,garlic
2212,AIC,carrot
2212,AIC,celery
2212,AIC,onion
2212,AIC,olive oil
2212,AIC,tomato
2212,AIC,anchovy
2212,AIC,stockfish
2213,AIC,black pepper
2213,AIC,salt
2213,AIC,tomato sauce
2213,AIC,olive
2213,AIC,bell pepper
2213,AIC,potato
2213,AIC,olive oil
2213,AIC,parsley
2213,AIC,garlic
2213,AIC,soaked stockfish
2214,AIC,black pepper
2214,AIC,salt
2214,AIC,oregano
2214,AIC,olive oil
2214,AIC,peeled tomato
2214,AIC,onion
2214,AIC,potato
2214,AIC,soaked stockfish
2215,AIC,black pepper
2215,AIC,salt
2215,AIC,lemon
2215,AIC,olive oil
2215,AIC,potato
2215,AIC,tomato
2215,AIC,celery
2215,AIC,onion
2215,AIC,carrot
2215,AIC,parsley
2215,AIC,stockfish
2216,AIC,water
2216,AIC,black pepper
2216,AIC,salt
2216,AIC,aromatic bouquet
2216,AIC,tomato
2216,AIC,potato
2216,AIC,white onion
2216,AIC,olive oil
2216,AIC,stockfish
2217,AIC,salt
2217,AIC,frying oil
2217,AIC,parsley
2217,AIC,grated grana padano
2217,AIC,sparkling water
2217,AIC,wheat flour
2217,AIC,stoccafisso
2218,AIC,black pepper
2218,AIC,salt
2218,AIC,olive oil
2218,AIC,parsley
2218,AIC,garlic
2218,AIC,celery
2218,AIC,carrot
2218,AIC,onion
2218,AIC,chard
2218,AIC,tomato
2218,AIC,stockfish
2219,AIC,potato
2219,AIC,chili pepper
2219,AIC,carrot
2219,AIC,tomato
2219,AIC,celery
2219,AIC,onion
2219,AIC,breadcrumb
2219,AIC,black pepper
2219,AIC,salt
2219,AIC,lettuce
2219,AIC,olive oil
2219,AIC,egg
2219,AIC,grated parmigiano cheese
2219,AIC,garlic
2219,AIC,parsley
2219,AIC,stockfish
2220,AIC,salt
2220,AIC,oregano
2220,AIC,breadcrumb
2220,AIC,caper
2220,AIC,olive oil
2220,AIC,stockfish
2221,AIC,black pepper
2221,AIC,salt
2221,AIC,marsala wine
2221,AIC,wheat flour
2221,AIC,lemon zest
2221,AIC,lemon juice
2221,AIC,butter
2221,AIC,white wine
2221,AIC,olive oil
2221,AIC,lardo
2221,AIC,sturgeon
2222,AIC,coffee bean
2222,AIC,candied citron
2222,AIC,dark chocolate
2222,AIC,egg
2222,AIC,wheat flour
2222,AIC,sugar
2222,AIC,lemon
2222,AIC,milk
2222,AIC,water
2222,AIC,sugar
2222,AIC,almond
2223,AIC,salt
2223,AIC,nutmeg
2223,AIC,lemon zest
2223,AIC,semolina
2223,AIC,parmigiano cheese
2223,AIC,egg
2223,AIC,meat broth
2224,AIC,salt
2224,AIC,broth
2224,AIC,semolina
2224,AIC,parmigiano cheese
2224,AIC,egg
2225,AIC,black pepper
2225,AIC,salt
2225,AIC,red wine
2225,AIC,butter
2225,AIC,tomato passata
2225,AIC,bay leaf
2225,AIC,onion
2225,AIC,garlic
2225,AIC,lardo
2225,AIC,beef round
2226,AIC,broth
2226,AIC,black pepper
2226,AIC,salt
2226,AIC,garlic
2226,AIC,red wine
2226,AIC,butter
2226,AIC,olive oil
2226,AIC,nutmeg
2226,AIC,clove
2226,AIC,onion
2226,AIC,carrot
2226,AIC,celery
2226,AIC,donkey meat
2227,AIC,black pepper
2227,AIC,salt
2227,AIC,red wine
2227,AIC,tomato passata
2227,AIC,sage
2227,AIC,garlic
2227,AIC,parsley sprig
2227,AIC,rosemary sprig
2227,AIC,celery
2227,AIC,carrot
2227,AIC,onion
2227,AIC,butter
2227,AIC,pancetta
2227,AIC,horse meat
2228,AIC,black pepper
2228,AIC,salt
2228,AIC,red wine
2228,AIC,wheat flour
2228,AIC,peeled tomato
2228,AIC,carrot
2228,AIC,celery
2228,AIC,onion
2228,AIC,olive oil
2228,AIC,butter
2228,AIC,pancetta
2228,AIC,beef eye of round
2229,AIC,sage
2229,AIC,grated grana padano
2229,AIC,butter
2229,AIC,salt and pepper
2229,AIC,breadcrumb
2229,AIC,nutmeg
2229,AIC,wheat flour
2229,AIC,chard
2229,AIC,milk
2229,AIC,egg yolk
2229,AIC,stale bread
2230,AIC,black pepper
2230,AIC,salt
2230,AIC,olive oil
2230,AIC,broth
2230,AIC,peeled tomato
2230,AIC,red wine
2230,AIC,onion
2230,AIC,carrot
2230,AIC,celery
2230,AIC,garlic
2230,AIC,pancetta
2230,AIC,boneless veal
2231,AIC,black pepper
2231,AIC,salt
2231,AIC,basil
2231,AIC,garlic
2231,AIC,olive oil
2231,AIC,ricotta
2231,AIC,tomato
2231,AIC,fresh zucchini
2231,AIC,handmade buckwheat strascinati
2232,AIC,salt
2232,AIC,butter
2232,AIC,milk
2232,AIC,grated parmigiano cheese
2232,AIC,wheat flour
2232,AIC,egg
2232,AIC,spinach
2232,AIC,stale bread
2233,AIC,parsley
2233,AIC,peeled tomato
2233,AIC,olive oil
2233,AIC,chili pepper
2233,AIC,garlic
2233,AIC,water
2233,AIC,salt
2233,AIC,wheat flour
2234,AIC,parmigiano cheese
2234,AIC,black pepper
2234,AIC,salt
2234,AIC,milk
2234,AIC,white wine
2234,AIC,white onion
2234,AIC,olive oil
2234,AIC,butter
2234,AIC,pea
2234,AIC,prosciutto crudo
2234,AIC,egg stricchetti pasta
2235,AIC,butter
2235,AIC,grated parmigiano cheese
2235,AIC,red wine
2235,AIC,monk's beard (or chard)
2235,AIC,cured pancetta
2235,AIC,water
2235,AIC,salt
2235,AIC,egg
2235,AIC,wheat flour
2236,AIC,sugar
2236,AIC,peanut oil
2236,AIC,lard
2236,AIC,nutmeg
2236,AIC,grappa
2236,AIC,butter
2236,AIC,sugar
2236,AIC,breadcrumb
2236,AIC,pine nut
2236,AIC,raisin
2236,AIC,walnut
2236,AIC,salt
2236,AIC,grappa
2236,AIC,lemon zest
2236,AIC,brewer's yeast
2236,AIC,egg
2236,AIC,butter
2236,AIC,sugar
2236,AIC,wheat flour
2237,AIC,lemon
2237,AIC,walnut
2237,AIC,pine nut
2237,AIC,ground cinnamon
2237,AIC,rum
2237,AIC,raisin
2237,AIC,sugar
2237,AIC,breadcrumb
2237,AIC,butter
2237,AIC,apple
2237,AIC,lukewarm water
2237,AIC,salt
2237,AIC,egg yolk
2237,AIC,olive oil
2237,AIC,wheat flour
2238,AIC,breadcrumb
2238,AIC,butter
2238,AIC,onion
2238,AIC,salt
2238,AIC,egg
2238,AIC,wheat flour
2238,AIC,potato
2239,AIC,powdered sugar
2239,AIC,egg
2239,AIC,lukewarm water
2239,AIC,salt
2239,AIC,olive oil
2239,AIC,wheat flour
2239,AIC,lemon
2239,AIC,mace
2239,AIC,clove
2239,AIC,ground cinnamon
2239,AIC,sugar
2239,AIC,butter
2239,AIC,breadcrumb
2239,AIC,sour cherry
2240,AIC,powdered sugar
2240,AIC,water
2240,AIC,breadcrumb
2240,AIC,butter
2240,AIC,rum
2240,AIC,ground clove
2240,AIC,ground cinnamon
2240,AIC,sugar
2240,AIC,pine nut
2240,AIC,sultana raisin
2240,AIC,reinette apple
2240,AIC,salt
2240,AIC,olive oil
2240,AIC,wheat flour
2241,AIC,milk
2241,AIC,vanilla
2241,AIC,lemon zest
2241,AIC,breadcrumb
2241,AIC,sugar
2241,AIC,butter
2241,AIC,raisin
2241,AIC,egg
2241,AIC,walnut
2241,AIC,milk
2241,AIC,salt
2241,AIC,brewer's yeast
2241,AIC,olive oil
2241,AIC,egg
2241,AIC,wheat flour
2242,AIC,water
2242,AIC,candied pumpkin
2242,AIC,candied citron
2242,AIC,candied orange
2242,AIC,sprinkles (diavolilli)
2242,AIC,sugar
2242,AIC,honey
2242,AIC,salt
2242,AIC,butter
2242,AIC,sugar
2242,AIC,egg yolk
2242,AIC,egg
2242,AIC,wheat flour
2243,AIC,black pepper
2243,AIC,salt
2243,AIC,basil
2243,AIC,peeled tomato
2243,AIC,tomato sauce
2243,AIC,red wine
2243,AIC,celery
2243,AIC,garlic
2243,AIC,onion
2243,AIC,prosciutto fat
2243,AIC,olive oil
2243,AIC,lean adult beef
2244,AIC,black pepper
2244,AIC,salt
2244,AIC,olive oil
2244,AIC,veal trotter and bone broth
2244,AIC,tomato paste
2244,AIC,spices
2244,AIC,red wine
2244,AIC,parsley
2244,AIC,onion
2244,AIC,veal muscle stew meat
2245,AIC,potato
2245,AIC,celery
2245,AIC,warm water
2245,AIC,black pepper
2245,AIC,salt
2245,AIC,olive oil
2245,AIC,peeled tomato
2245,AIC,red wine
2245,AIC,onion
2245,AIC,mutton
2246,AIC,bread dough
2246,AIC,wheat flour
2246,AIC,salt
2246,AIC,bay leaf
2246,AIC,black pepper
2246,AIC,red wine
2246,AIC,grappa
2246,AIC,pancetta
2246,AIC,butter
2246,AIC,olive oil
2246,AIC,carrot
2246,AIC,pork loin
2247,AIC,water
2247,AIC,black pepper
2247,AIC,salt
2247,AIC,olive oil
2247,AIC,onion
2247,AIC,potato
2247,AIC,celery
2248,AIC,water
2248,AIC,onion
2248,AIC,black pepper
2248,AIC,salt
2248,AIC,basil
2248,AIC,parsley
2248,AIC,white wine
2248,AIC,olive oil
2248,AIC,pancetta
2248,AIC,tender artichoke
2248,AIC,fava bean
2248,AIC,pea
2249,AIC,salt
2249,AIC,sour fresh cheese
2249,AIC,mutton broth
2249,AIC,olive oil
2249,AIC,durum wheat semolina
2250,AIC,water
2250,AIC,salt
2250,AIC,olive oil
2250,AIC,medium fregola
2250,AIC,sea crab
2250,AIC,vinegar
2250,AIC,chili pepper
2250,AIC,onion
2250,AIC,tomato
2250,AIC,sun-dried tomato
2250,AIC,parsley
2250,AIC,garlic
2251,AIC,salt
2251,AIC,bay leaf
2251,AIC,chili pepper
2251,AIC,tomato passata
2251,AIC,white wine
2251,AIC,olive oil
2251,AIC,onion
2251,AIC,pork meat
2252,AIC,salt
2252,AIC,dried plum
2252,AIC,polenta flour
2252,AIC,anchovy fillet
2252,AIC,tomato sauce
2252,AIC,red wine
2252,AIC,parsley
2252,AIC,onion
2252,AIC,olive oil
2252,AIC,eel
2253,AIC,salt
2253,AIC,butter
2253,AIC,olive oil
2253,AIC,lemon
2253,AIC,white wine
2253,AIC,wheat flour
2253,AIC,tomato paste
2253,AIC,dried mushroom
2253,AIC,artichoke
2253,AIC,parsley
2253,AIC,garlic
2253,AIC,onion
2254,AIC,lardo
2254,AIC,bay leaf
2254,AIC,black pepper
2254,AIC,salt
2254,AIC,meat broth
2254,AIC,butter
2254,AIC,olive oil
2254,AIC,wheat flour
2254,AIC,tomato paste
2254,AIC,dried porcini mushroom
2254,AIC,red wine
2254,AIC,rosemary
2254,AIC,garlic
2254,AIC,carrot
2254,AIC,celery
2254,AIC,onion
2254,AIC,ox bone marrow
2254,AIC,beef pulp
2255,AIC,broth
2255,AIC,salt
2255,AIC,olive oil
2255,AIC,oregano
2255,AIC,tomato
2255,AIC,parsley
2255,AIC,garlic
2255,AIC,celery
2255,AIC,carrot
2255,AIC,onion
2255,AIC,fresh porcini mushroom
2256,AIC,black pepper
2256,AIC,salt
2256,AIC,olive oil
2256,AIC,bay leaf
2256,AIC,parsley
2256,AIC,carrot
2256,AIC,celery
2256,AIC,yellow onion
2256,AIC,tomato
2257,AIC,butter
2257,AIC,salt
2257,AIC,olive oil
2257,AIC,pine nut
2257,AIC,tomato
2257,AIC,white wine
2257,AIC,salted anchovy
2257,AIC,parsley
2257,AIC,garlic
2257,AIC,mussel
2257,AIC,gurnard
2258,AIC,salt
2258,AIC,olive oil
2258,AIC,tomato
2258,AIC,wine
2258,AIC,garlic
2258,AIC,spiny artichoke
2258,AIC,squid
2259,AIC,salt
2259,AIC,chili pepper
2259,AIC,vernaccia di oristano
2259,AIC,basil
2259,AIC,garlic
2259,AIC,olive oil
2259,AIC,tomato
2259,AIC,crab
2260,AIC,salt
2260,AIC,parsley
2260,AIC,olive oil
2260,AIC,prugnoli mushroom
2261,AIC,salt
2261,AIC,olive oil
2261,AIC,parsley
2261,AIC,garlic
2261,AIC,tomato
2261,AIC,sea urchin
2262,AIC,salt
2262,AIC,cannonau wine
2262,AIC,clove
2262,AIC,chili pepper
2262,AIC,olive oil
2262,AIC,tomato paste
2262,AIC,peeled tomato
2262,AIC,celery
2262,AIC,garlic
2262,AIC,carrot
2262,AIC,parsley
2262,AIC,onion
2262,AIC,pork sausage
2262,AIC,wild boar meat
2263,AIC,salt
2263,AIC,saffron thread
2263,AIC,basil
2263,AIC,bay leaf
2263,AIC,onion
2263,AIC,garlic
2263,AIC,olive oil
2263,AIC,sausage
2263,AIC,tomato passata
2264,AIC,salt
2264,AIC,olive oil
2264,AIC,bay leaf
2264,AIC,tomato
2264,AIC,celery
2264,AIC,carrot
2264,AIC,garlic
2264,AIC,onion
2264,AIC,partridge
2265,AIC,black pepper
2265,AIC,salt
2265,AIC,rosemary
2265,AIC,baking soda
2265,AIC,olive oil
2265,AIC,thyme
2265,AIC,sage
2265,AIC,tomato pulp
2265,AIC,garlic
2265,AIC,cooked chickpea
2265,AIC,sardinian sausage
2266,AIC,chili pepper
2266,AIC,salt
2266,AIC,olive oil
2266,AIC,peeled tomato
2266,AIC,sage
2266,AIC,parsley
2266,AIC,onion
2266,AIC,white wine
2266,AIC,trout
2267,AIC,salt
2267,AIC,tomato
2267,AIC,olive oil
2267,AIC,garlic
2267,AIC,wild asparagus
2267,AIC,olbia mussel
2268,AIC,salt
2268,AIC,olive oil
2268,AIC,white wine
2268,AIC,sun-dried tomato
2268,AIC,onion
2268,AIC,pancetta
2268,AIC,fava bean
2269,AIC,salt
2269,AIC,parsley
2269,AIC,onion
2269,AIC,garlic
2269,AIC,tomato paste
2269,AIC,olive oil
2269,AIC,pork rind
2269,AIC,sausage
2269,AIC,dried borlotti bean
2270,AIC,black pepper
2270,AIC,salt
2270,AIC,red wine
2270,AIC,chili pepper
2270,AIC,bay leaf
2270,AIC,carrot
2270,AIC,celery
2270,AIC,onion
2270,AIC,peeled tomato
2270,AIC,sausage
2271,AIC,black pepper
2271,AIC,breadcrumb
2271,AIC,parsley
2271,AIC,peeled tomato
2271,AIC,olive oil
2271,AIC,onion
2271,AIC,garlic
2271,AIC,salted sardine
2272,AIC,salt
2272,AIC,chili pepper
2272,AIC,white wine
2272,AIC,parsley
2272,AIC,garlic
2272,AIC,tomato
2272,AIC,olive oil
2272,AIC,clam
2273,AIC,salt
2273,AIC,vegetable broth
2273,AIC,white wine
2273,AIC,basil
2273,AIC,olive oil
2273,AIC,wild fennel frond
2273,AIC,celery
2273,AIC,carrot
2273,AIC,garlic
2273,AIC,onion
2273,AIC,boneless lamb
2274,AIC,black pepper
2274,AIC,salt
2274,AIC,peeled tomato
2274,AIC,onion
2274,AIC,parsley
2274,AIC,garlic
2274,AIC,olive oil
2274,AIC,garden pea
2274,AIC,lamb meat
2275,AIC,salt
2275,AIC,parsley
2275,AIC,bell pepper
2275,AIC,celery
2275,AIC,onion
2275,AIC,garlic
2275,AIC,olive oil
2275,AIC,black olive
2275,AIC,cherry tomato
2275,AIC,tomato sauce
2275,AIC,desalted salted cod
2276,AIC,salt
2276,AIC,basil
2276,AIC,red wine
2276,AIC,olive oil
2276,AIC,nutmeg
2276,AIC,onion
2276,AIC,sun-dried tomato
2276,AIC,tomato passata
2276,AIC,pork meat
2277,AIC,black pepper
2277,AIC,salt
2277,AIC,white wine
2277,AIC,olive oil
2277,AIC,fresh marjoram
2277,AIC,parsley
2277,AIC,tomato paste
2277,AIC,celery
2277,AIC,carrot
2277,AIC,onion
2277,AIC,prosciutto
2277,AIC,lardo
2277,AIC,butter
2277,AIC,milk
2277,AIC,ground meat
2278,AIC,black pepper
2278,AIC,salt
2278,AIC,tomato paste
2278,AIC,red wine
2278,AIC,thyme sprig
2278,AIC,garlic
2278,AIC,pork lard
2278,AIC,mutton shoulder
2279,AIC,salt
2279,AIC,olive oil
2279,AIC,red wine
2279,AIC,chili pepper
2279,AIC,rosemary
2279,AIC,onion
2279,AIC,peeled tomato
2279,AIC,mutton
2280,AIC,salt
2280,AIC,olive oil
2280,AIC,parsley
2280,AIC,garlic
2280,AIC,tomato pulp
2280,AIC,olbia mussel
2281,AIC,salt
2281,AIC,marjoram
2281,AIC,parsley
2281,AIC,garlic
2281,AIC,olive oil
2281,AIC,pine nut
2281,AIC,walnut
2282,AIC,black pepper
2282,AIC,salt
2282,AIC,nutmeg
2282,AIC,marjoram
2282,AIC,white wine
2282,AIC,olive oil
2282,AIC,whole clove
2282,AIC,carrot
2282,AIC,celery
2282,AIC,onion
2282,AIC,tomato
2282,AIC,duck
2283,AIC,salt
2283,AIC,rosemary
2283,AIC,garlic
2283,AIC,onion
2283,AIC,celery
2283,AIC,carrot
2283,AIC,white wine
2283,AIC,olive oil
2283,AIC,cherry tomato
2283,AIC,pancetta
2283,AIC,sardinian partridge
2284,AIC,black pepper
2284,AIC,salt
2284,AIC,lemon zest
2284,AIC,nutmeg
2284,AIC,ground cinnamon
2284,AIC,tomato paste
2284,AIC,white wine
2284,AIC,celery
2284,AIC,carrot
2284,AIC,marjoram
2284,AIC,garlic
2284,AIC,lardo
2284,AIC,chicken giblet
2285,AIC,salt
2285,AIC,chili pepper
2285,AIC,parsley
2285,AIC,verdicchio wine
2285,AIC,olive oil
2285,AIC,garlic
2285,AIC,onion
2285,AIC,sand crab
2285,AIC,mantis shrimp
2285,AIC,scampo
2285,AIC,clam
2285,AIC,mosciolo (mussel)
2285,AIC,squid
2285,AIC,cuttlefish
2286,AIC,black pepper
2286,AIC,salt
2286,AIC,tomato
2286,AIC,olive oil
2286,AIC,parsley
2286,AIC,garlic
2286,AIC,onion
2286,AIC,cuttlefish
2287,AIC,basil
2287,AIC,olive oil
2287,AIC,salt
2287,AIC,parsley
2287,AIC,garlic
2287,AIC,peeled tomato
2287,AIC,mackerel
2288,AIC,black pepper
2288,AIC,salt
2288,AIC,parsley
2288,AIC,olive oil
2288,AIC,garlic
2288,AIC,wine
2288,AIC,tomato paste
2288,AIC,peeled tomato
2288,AIC,sole
2289,AIC,black pepper
2289,AIC,salt
2289,AIC,basil
2289,AIC,white wine
2289,AIC,olive oil
2289,AIC,garlic
2289,AIC,tomato
2289,AIC,mud red mullet
2290,AIC,black pepper
2290,AIC,salt
2290,AIC,peeled tomato
2290,AIC,white wine
2290,AIC,marjoram
2290,AIC,parsley
2290,AIC,garlic
2290,AIC,onion
2290,AIC,carrot
2290,AIC,celery
2290,AIC,pork fat and lean meat
2290,AIC,olive oil
2291,AIC,water
2291,AIC,black pepper
2291,AIC,salt
2291,AIC,broth
2291,AIC,carrot
2291,AIC,celery
2291,AIC,parsley
2291,AIC,tomato paste
2291,AIC,pancetta
2291,AIC,red onion
2292,AIC,black pepper
2292,AIC,salt
2292,AIC,olive oil
2292,AIC,lemon zest
2292,AIC,lemon juice
2292,AIC,potato
2292,AIC,garlic
2292,AIC,oregano
2292,AIC,parsley
2292,AIC,celery
2292,AIC,mullet bottarga
2293,AIC,sugar
2293,AIC,wheat flour
2293,AIC,black grape must
2294,AIC,frying oil
2294,AIC,salt
2294,AIC,breadcrumb
2294,AIC,egg
2294,AIC,olive oil
2294,AIC,broth
2294,AIC,white wine
2294,AIC,celery
2294,AIC,carrot
2294,AIC,onion
2294,AIC,tomato passata
2294,AIC,ground beef
2294,AIC,mozzarella
2294,AIC,grated parmigiano cheese
2294,AIC,butter
2294,AIC,rice
2295,AIC,sugar
2295,AIC,pisto
2295,AIC,honey
2295,AIC,wheat flour
2296,AIC,bergamot
2296,AIC,warm water
2296,AIC,chocolate
2296,AIC,sugar
2296,AIC,salt
2296,AIC,lemon zest
2296,AIC,egg
2296,AIC,orange blossom honey
2296,AIC,butter
2296,AIC,brewer's yeast
2296,AIC,wheat flour
2297,AIC,black pepper
2297,AIC,salt
2297,AIC,olive oil
2297,AIC,pomegranate
2297,AIC,pancetta
2297,AIC,young turkey
2298,AIC,cold water
2298,AIC,salt
2298,AIC,seed oil
2298,AIC,lardo
2298,AIC,butter
2298,AIC,sage
2298,AIC,rosemary
2298,AIC,white onion
2298,AIC,young turkey
2299,AIC,pancetta
2299,AIC,carrot
2299,AIC,celery
2299,AIC,garlic
2299,AIC,rosemary
2299,AIC,sage
2299,AIC,olive oil
2299,AIC,salt and pepper
2299,AIC,nutmeg
2299,AIC,onion
2299,AIC,boiled chestnut
2299,AIC,egg
2299,AIC,milk
2299,AIC,cheese
2299,AIC,white wine
2299,AIC,sausage
2299,AIC,ground veal
2299,AIC,breadcrumb
2299,AIC,young turkey
2300,AIC,salt
2300,AIC,rosemary
2300,AIC,pancetta
2300,AIC,olive oil
2300,AIC,butter
2300,AIC,veal kidney
2300,AIC,turkey
2301,AIC,black pepper
2301,AIC,bay leaf
2301,AIC,rosemary sprig
2301,AIC,garlic
2301,AIC,young turkey
2302,AIC,tacconcelli pasta
2302,AIC,olive oil
2302,AIC,parsley
2302,AIC,celery
2302,AIC,red garlic
2302,AIC,peeled tomato
2302,AIC,chickpea
2302,AIC,mantis shrimp
2303,AIC,black pepper
2303,AIC,salt
2303,AIC,lemon
2303,AIC,olive oil
2303,AIC,garlic
2303,AIC,vegetable broth
2303,AIC,parsley
2303,AIC,artichoke
2303,AIC,egg tagliatelle
2304,AIC,white wine
2304,AIC,black pepper
2304,AIC,salt
2304,AIC,grated parmigiano cheese
2304,AIC,butter
2304,AIC,red onion
2304,AIC,prosciutto crudo
2304,AIC,egg
2304,AIC,wheat flour
2305,AIC,rosemary
2305,AIC,parmigiano cheese
2305,AIC,peeled tomato
2305,AIC,white wine
2305,AIC,celery
2305,AIC,onion
2305,AIC,olive oil
2305,AIC,lean pork
2305,AIC,pigeon
2305,AIC,salt
2305,AIC,egg
2305,AIC,wheat flour
2306,AIC,salt
2306,AIC,parsley
2306,AIC,olive oil
2306,AIC,prugnoli mushroom
2306,AIC,tagliatelle
2307,AIC,water
2307,AIC,black pepper
2307,AIC,salt
2307,AIC,tomato paste
2307,AIC,red wine
2307,AIC,thyme sprig
2307,AIC,garlic
2307,AIC,pork lard
2307,AIC,lamb shoulder
2307,AIC,tagliatelle
2308,AIC,grated parmigiano cheese
2308,AIC,black pepper
2308,AIC,salt
2308,AIC,broth
2308,AIC,egg
2308,AIC,wheat flour
2308,AIC,milk
2308,AIC,red wine
2308,AIC,peeled tomato
2308,AIC,yellow onion
2308,AIC,celery
2308,AIC,yellow carrot
2308,AIC,pancetta
2308,AIC,ground beef
2309,AIC,salt
2309,AIC,chili pepper
2309,AIC,parsley
2309,AIC,white wine
2309,AIC,olive oil
2309,AIC,garlic
2309,AIC,onion
2309,AIC,sand crab
2309,AIC,mantis shrimp
2309,AIC,scampi
2309,AIC,clam
2309,AIC,mussel
2309,AIC,squid
2309,AIC,cuttlefish
2309,AIC,tagliatelle
2310,AIC,salt
2310,AIC,grated pecorino cheese
2310,AIC,chili pepper
2310,AIC,parsley
2310,AIC,onion
2310,AIC,pancetta
2310,AIC,lardo
2310,AIC,olive oil
2310,AIC,egg
2310,AIC,remilled semolina flour
2311,AIC,black pepper
2311,AIC,salt
2311,AIC,olive oil
2311,AIC,garlic
2311,AIC,onion
2311,AIC,tomato
2311,AIC,zucchini
2311,AIC,bell pepper
2311,AIC,pecorino cheese
2311,AIC,oregano
2311,AIC,homemade tagliatelle
2312,AIC,water
2312,AIC,black pepper
2312,AIC,salt
2312,AIC,olive oil
2312,AIC,parsley
2312,AIC,garlic
2312,AIC,shallot
2312,AIC,pork pancetta
2312,AIC,wild fennel
2312,AIC,pecorino cheese
2312,AIC,homemade tagliatelle
2313,AIC,black pepper
2313,AIC,salt
2313,AIC,olive oil
2313,AIC,parmigiano cheese
2313,AIC,butter
2313,AIC,garlic
2313,AIC,walnut
2313,AIC,egg
2313,AIC,wheat flour
2314,AIC,baking soda
2314,AIC,salt
2314,AIC,black pepper
2314,AIC,celery
2314,AIC,tomato
2314,AIC,parsley
2314,AIC,garlic
2314,AIC,"""pipi russu"""
2314,AIC,olive oil
2314,AIC,guanciale
2314,AIC,lagane
2314,AIC,chickpea
2315,AIC,black pepper
2315,AIC,pimpinella
2315,AIC,marjoram
2315,AIC,sage
2315,AIC,calamint
2315,AIC,rosemary
2315,AIC,garlic
2315,AIC,chili pepper
2315,AIC,olive oil
2315,AIC,tomato
2315,AIC,vignaiola snail
2315,AIC,polenta flour
2315,AIC,salt
2315,AIC,vinegar
2315,AIC,egg tagliatelle
2316,AIC,black pepper
2316,AIC,salt
2316,AIC,lemon zest
2316,AIC,nutmeg
2316,AIC,ground cinnamon
2316,AIC,tomato paste
2316,AIC,white wine
2316,AIC,celery
2316,AIC,carrot
2316,AIC,marjoram
2316,AIC,garlic
2316,AIC,lardo
2316,AIC,chicken giblet
2316,AIC,tagliatelle
2317,AIC,black pepper
2317,AIC,salt
2317,AIC,chive
2317,AIC,egg yolk
2317,AIC,milk
2317,AIC,broth
2317,AIC,onion
2317,AIC,butter
2317,AIC,pancetta
2317,AIC,pea
2317,AIC,parmigiano cheese
2317,AIC,egg tagliatelle
2318,AIC,black pepper
2318,AIC,salt
2318,AIC,olive oil
2318,AIC,white wine
2318,AIC,aged pecorino cheese
2318,AIC,leek
2318,AIC,pancetta
2318,AIC,egg
2318,AIC,chestnut flour
2318,AIC,wheat flour
2319,AIC,salt
2319,AIC,parsley
2319,AIC,onion
2319,AIC,garlic
2319,AIC,tomato paste
2319,AIC,olive oil
2319,AIC,pork rind
2319,AIC,sausage
2319,AIC,dried borlotti bean
2319,AIC,tagliatelle
2320,AIC,salt
2320,AIC,parmigiano cheese
2320,AIC,white wine
2320,AIC,egg
2320,AIC,cream
2320,AIC,egg tagliatelle
2320,AIC,butter
2320,AIC,wheat flour
2321,AIC,black pepper
2321,AIC,parmigiano cheese
2321,AIC,tomato pulp
2321,AIC,white wine
2321,AIC,garlic
2321,AIC,shallot
2321,AIC,olive oil
2321,AIC,butter
2321,AIC,large cuttlefish
2321,AIC,salt
2321,AIC,water
2321,AIC,cuttlefish ink sac
2321,AIC,egg
2321,AIC,wheat flour
2322,AIC,salt
2322,AIC,saffron
2322,AIC,parsley
2322,AIC,celery
2322,AIC,sun-dried tomato
2322,AIC,onion
2322,AIC,fresh pecorino cheese
2322,AIC,broth
2322,AIC,fresh tagliolini
2323,AIC,ground cinnamon
2323,AIC,sugar
2323,AIC,milk
2323,AIC,egg tagliolini
2324,AIC,black pepper
2324,AIC,grated parmigiano cheese
2324,AIC,egg tagliolini
2324,AIC,chicken liver
2324,AIC,meat broth
2325,AIC,pecorino cheese
2325,AIC,water
2325,AIC,black pepper
2325,AIC,salt
2325,AIC,marjoram
2325,AIC,garlic
2325,AIC,lard
2325,AIC,water
2325,AIC,salt
2325,AIC,wheat flour
2326,AIC,egg
2326,AIC,remilled semolina flour
2326,AIC,salt
2326,AIC,onion
2326,AIC,celery
2326,AIC,pigeon
2327,AIC,water
2327,AIC,salt
2327,AIC,white truffle
2327,AIC,parmigiano cheese
2327,AIC,water
2327,AIC,langhe wine
2327,AIC,parsley
2327,AIC,onion
2327,AIC,butter
2327,AIC,chicken liver
2327,AIC,salt
2327,AIC,olive oil
2327,AIC,egg
2327,AIC,egg yolk
2327,AIC,wheat flour
2328,AIC,broth
2328,AIC,black pepper
2328,AIC,salt
2328,AIC,garlic
2328,AIC,bay leaf
2328,AIC,clove
2328,AIC,barbera wine
2328,AIC,lardo
2328,AIC,butter
2328,AIC,savoy cabbage
2328,AIC,donkey meat
2329,AIC,fondant sugar
2329,AIC,sugar
2329,AIC,olive oil
2329,AIC,egg
2329,AIC,brewer's yeast
2329,AIC,wheat flour
2330,AIC,water
2330,AIC,lukewarm water
2330,AIC,fennel seed
2330,AIC,salt
2330,AIC,olive oil
2330,AIC,brewer's yeast
2330,AIC,wheat flour
2331,AIC,sugar
2331,AIC,egg
2331,AIC,olive oil
2331,AIC,alcohol
2331,AIC,anise
2331,AIC,wheat flour
2332,AIC,water
2332,AIC,lemon juice
2332,AIC,powdered sugar
2332,AIC,salt
2332,AIC,anise liqueur
2332,AIC,baker's ammonia
2332,AIC,wheat flour
2332,AIC,egg white
2332,AIC,egg yolk
2333,AIC,sugar
2333,AIC,water
2333,AIC,baking powder
2333,AIC,olive oil
2333,AIC,wheat flour
2333,AIC,egg
2334,AIC,olive oil
2334,AIC,honey
2334,AIC,lard
2334,AIC,egg
2334,AIC,bread dough
2335,AIC,olive oil
2335,AIC,sugar
2335,AIC,lemon zest
2335,AIC,baking powder
2335,AIC,egg
2335,AIC,wheat flour
2335,AIC,potato
2336,AIC,salt
2336,AIC,nutmeg
2336,AIC,grated parmigiano cheese
2336,AIC,breadcrumb
2336,AIC,egg
2336,AIC,broth
2337,AIC,salt and pepper
2337,AIC,grated grana padano
2337,AIC,casera
2337,AIC,casera
2337,AIC,onion
2337,AIC,butter
2337,AIC,shelled bean
2337,AIC,green bean
2337,AIC,potato
2338,AIC,black pepper
2338,AIC,salt
2338,AIC,nutmeg
2338,AIC,butter
2338,AIC,herbs
2338,AIC,parmigiano cheese
2338,AIC,shallot
2338,AIC,whipping cream
2338,AIC,milk
2338,AIC,egg
2338,AIC,egg yolk
2339,AIC,bread
2339,AIC,black pepper
2339,AIC,salt
2339,AIC,butter
2339,AIC,parmigiano cheese
2339,AIC,white truffle
2340,AIC,sweetened cocoa powder
2340,AIC,sweetened cocoa powder
2340,AIC,vanilla
2340,AIC,bitter almond
2340,AIC,vanilla sugar
2340,AIC,toasted hazelnut grit
2340,AIC,toasted hazelnut paste
2340,AIC,white chocolate
2341,AIC,butter
2341,AIC,semi-aged pecorino cheese
2341,AIC,black summer truffle
2342,AIC,parsley
2342,AIC,truffle
2342,AIC,pecorino cheese
2342,AIC,butter
2342,AIC,salt
2342,AIC,egg
2342,AIC,black truffle
2342,AIC,ricotta
2342,AIC,salt
2342,AIC,egg
2342,AIC,wheat flour
2343,AIC,water
2343,AIC,sugar
2343,AIC,dark chocolate
2343,AIC,lemon zest
2343,AIC,cinnamon sachet
2343,AIC,almond
2343,AIC,vino cotto
2343,AIC,egg yolk
2343,AIC,cocoa powder and dark chocolate
2343,AIC,honey
2343,AIC,sugar
2343,AIC,wheat flour
2344,AIC,black pepper
2344,AIC,salt
2344,AIC,garlic
2344,AIC,olive oil
2344,AIC,breadcrumb
2344,AIC,parmigiano cheese
2344,AIC,egg
2344,AIC,chard
2344,AIC,veal breast
2345,AIC,salt
2345,AIC,parsley
2345,AIC,chili pepper
2345,AIC,garlic
2345,AIC,olive oil
2345,AIC,tomato
2345,AIC,royal perch fillet
2345,AIC,eel
2346,AIC,black pepper
2346,AIC,salt
2346,AIC,tomato paste
2346,AIC,rosemary
2346,AIC,garlic
2346,AIC,celery
2346,AIC,carrot
2346,AIC,onion
2346,AIC,"pork offal (cheek, liver, lung, intestines, sweetbreads, and tongue)"
2347,AIC,butter
2347,AIC,sugar
2347,AIC,egg white
2347,AIC,almond
2347,AIC,hazelnut
2347,AIC,wheat flour
2348,AIC,salt
2348,AIC,egg
2348,AIC,peeled tomato
2348,AIC,chili pepper
2348,AIC,parsley
2348,AIC,olive oil
2348,AIC,onion
2348,AIC,wedge clam
2349,AIC,black pepper
2349,AIC,salt
2349,AIC,bay leaf
2349,AIC,parsley
2349,AIC,egg
2349,AIC,pancetta
2349,AIC,lardo
2349,AIC,champignon mushroom
2349,AIC,duck breast
2350,AIC,black pepper
2350,AIC,salt
2350,AIC,white wine
2350,AIC,olive oil
2350,AIC,parsley
2350,AIC,leek
2350,AIC,grayling
2351,AIC,black pepper
2351,AIC,salt
2351,AIC,tomato paste
2351,AIC,white wine
2351,AIC,butter
2351,AIC,shallot
2351,AIC,cream
2351,AIC,egg
2351,AIC,fish (grayling or trout)
2352,AIC,diavoletti sprinkle
2352,AIC,dark chocolate shard
2352,AIC,ground cinnamon
2352,AIC,lemon zest
2352,AIC,wheat starch
2352,AIC,sugar
2352,AIC,egg
2352,AIC,milk
2352,AIC,olive oil
2352,AIC,egg
2352,AIC,wheat flour
2353,AIC,basil pesto
2353,AIC,water
2353,AIC,salt
2353,AIC,grated pecorino cheese
2353,AIC,olive oil
2353,AIC,potato
2353,AIC,wheat flour
2354,AIC,black pepper
2354,AIC,salt
2354,AIC,clove
2354,AIC,bay leaf
2354,AIC,garlic
2354,AIC,onion
2354,AIC,celery
2354,AIC,carrot
2354,AIC,boneless and rolled calf's head
2355,AIC,black pepper
2355,AIC,breadcrumb
2355,AIC,grated pecorino cheese
2355,AIC,diced tomato
2355,AIC,olive oil
2355,AIC,parsley
2355,AIC,onion
2355,AIC,garlic
2355,AIC,black mussel
2355,AIC,potato
2355,AIC,rice
2356,AIC,salt
2356,AIC,chili pepper
2356,AIC,lard
2356,AIC,rosemary sprig
2356,AIC,parsley
2356,AIC,garlic
2356,AIC,potato
2356,AIC,porcini mushroom
2356,AIC,pork meat
2357,AIC,salt
2357,AIC,caciocavallo
2357,AIC,garlic
2357,AIC,onion
2357,AIC,tomato
2357,AIC,eggplant
2357,AIC,ground lard
2357,AIC,butter
2357,AIC,olive oil
2357,AIC,ridged macaroni
2358,AIC,salt
2358,AIC,grated pecorino cheese
2358,AIC,milk
2358,AIC,butter
2358,AIC,scamorza
2358,AIC,zucchini
2358,AIC,artichoke
2358,AIC,olive oil
2358,AIC,onion
2358,AIC,tomato passata
2358,AIC,ground beef
2358,AIC,egg
2358,AIC,wheat flour
2359,AIC,maccheroncelli pasta
2359,AIC,wheat flour
2359,AIC,egg yolk
2359,AIC,egg white
2359,AIC,butter
2359,AIC,sugar
2359,AIC,salt
2359,AIC,lemon zest
2359,AIC,beef sinew
2359,AIC,fat and meat scrap
2359,AIC,tomato paste
2359,AIC,tomato passata
2359,AIC,red wine
2359,AIC,onion
2359,AIC,lard
2359,AIC,ground beef
2359,AIC,stale bread
2359,AIC,pecorino cheese
2359,AIC,parsley
2359,AIC,sausage
2359,AIC,pork belly
2359,AIC,canned pea
2359,AIC,mozzarella
2359,AIC,hard-boiled egg
2359,AIC,parmigiano cheese
2359,AIC,lard
2360,AIC,nutmeg
2360,AIC,prosciutto
2360,AIC,gruyère
2360,AIC,parmigiano cheese
2360,AIC,perciatelli pasta
2360,AIC,black pepper
2360,AIC,salt
2360,AIC,marsala wine
2360,AIC,egg yolk
2360,AIC,butter
2360,AIC,wheat flour
2361,AIC,salt
2361,AIC,sage
2361,AIC,garlic
2361,AIC,wheat flour
2361,AIC,olive oil
2361,AIC,water
2361,AIC,white wine
2361,AIC,vinegar
2361,AIC,tench
2362,AIC,parsley
2362,AIC,black pepper
2362,AIC,salt
2362,AIC,olive oil
2362,AIC,white wine
2362,AIC,grana padano
2362,AIC,breadcrumb
2362,AIC,egg
2362,AIC,garlic
2362,AIC,bay leaf
2362,AIC,sage
2362,AIC,tench
2363,AIC,black pepper
2363,AIC,salt
2363,AIC,marjoram
2363,AIC,onion
2363,AIC,carrot
2363,AIC,celery
2363,AIC,parsley
2363,AIC,wheat flour
2363,AIC,tomato sauce
2363,AIC,vegetable broth
2363,AIC,white wine
2363,AIC,olive oil
2363,AIC,butter
2363,AIC,tench
2364,AIC,salt
2364,AIC,candied fruit
2364,AIC,sultana raisin
2364,AIC,milk
2364,AIC,butter
2364,AIC,brewer's yeast
2364,AIC,sugar
2364,AIC,wheat flour
2364,AIC,egg yolk
2365,AIC,wheat flour
2365,AIC,black pepper
2365,AIC,salt
2365,AIC,sage
2365,AIC,rosemary
2365,AIC,garlic
2365,AIC,parsley
2365,AIC,egg
2365,AIC,caper
2365,AIC,anchovy
2365,AIC,tuna in oil
2365,AIC,grated parmigiano cheese
2365,AIC,breadcrumb
2365,AIC,olive oil
2365,AIC,butter
2365,AIC,tench
2366,AIC,black pepper
2366,AIC,salt
2366,AIC,grated parmigiano cheese
2366,AIC,olive oil
2366,AIC,white wine
2366,AIC,parsley
2366,AIC,garlic
2366,AIC,onion
2366,AIC,rice
2366,AIC,mantis shrimp
2367,AIC,cocoa powder
2367,AIC,coffee
2367,AIC,savoiardi
2367,AIC,mascarpone
2367,AIC,sugar
2367,AIC,egg yolk
2368,AIC,water
2368,AIC,salt
2368,AIC,butter
2368,AIC,milk
2368,AIC,malga cheese and ricotta
2368,AIC,fine polenta
2369,AIC,water
2369,AIC,black pepper
2369,AIC,salt
2369,AIC,nutmeg powder
2369,AIC,pig's tail
2369,AIC,pig's ear
2369,AIC,pig's trotter
2369,AIC,rosemary sprig
2369,AIC,garlic
2369,AIC,onion
2369,AIC,aromatic bouquet
2369,AIC,cannellini bean
2369,AIC,pork rind
2370,AIC,olive oil
2370,AIC,salt
2370,AIC,parsley
2370,AIC,wheat flour
2370,AIC,lemon
2370,AIC,tombarello
2371,AIC,tomato paste
2371,AIC,white wine
2371,AIC,dried mushroom
2371,AIC,celery
2371,AIC,onion
2371,AIC,carrot
2371,AIC,bone marrow
2371,AIC,lean beef
2371,AIC,butter
2371,AIC,olive oil
2371,AIC,egg
2371,AIC,parmigiano cheese
2371,AIC,garlic
2371,AIC,parsley
2371,AIC,marjoram
2371,AIC,dried mushroom
2371,AIC,pine nut
2371,AIC,broth
2371,AIC,breadcrumb
2371,AIC,lean veal
2371,AIC,veal breast
2371,AIC,veal slice
2372,AIC,black pepper
2372,AIC,salt
2372,AIC,olive oil
2372,AIC,chili pepper
2372,AIC,white wine
2372,AIC,wheat flour
2372,AIC,parsley
2372,AIC,garlic
2372,AIC,onion
2372,AIC,tomato
2372,AIC,anchovy fillet in oil
2372,AIC,pancetta
2372,AIC,tuna
2373,AIC,black pepper
2373,AIC,salt
2373,AIC,white wine
2373,AIC,olive oil
2373,AIC,butter
2373,AIC,lemon juice
2373,AIC,garlic
2373,AIC,"aromatics (onion, celery, carrot, parsley)"
2373,AIC,tuna
2374,AIC,garlic
2374,AIC,salt
2374,AIC,black pepper
2374,AIC,olive oil
2374,AIC,large sage leaf
2374,AIC,bouquet garni
2374,AIC,carrot
2374,AIC,onion
2374,AIC,leek
2374,AIC,celery
2374,AIC,rabbit
2375,AIC,wheat flour
2375,AIC,black pepper
2375,AIC,salt
2375,AIC,olive oil
2375,AIC,vinegar
2375,AIC,onion
2375,AIC,tuna steak
2376,AIC,salt
2376,AIC,olive oil
2376,AIC,tomato sauce
2376,AIC,vinegar
2376,AIC,bay leaf
2376,AIC,white wine
2376,AIC,garlic
2376,AIC,tuna
2377,AIC,black pepper
2377,AIC,salt
2377,AIC,olive oil
2377,AIC,dried oregano
2377,AIC,scallion
2377,AIC,tomato
2377,AIC,tuna steak
2378,AIC,black pepper
2378,AIC,salt
2378,AIC,wheat flour
2378,AIC,wild fennel flowers and leaf
2378,AIC,white wine
2378,AIC,olive oil
2378,AIC,tuna steak
2379,AIC,black pepper
2379,AIC,salt
2379,AIC,olive oil
2379,AIC,rosemary
2379,AIC,mint
2379,AIC,garlic
2379,AIC,onion
2379,AIC,white wine
2379,AIC,peeled tomato
2379,AIC,tuna
2380,AIC,water
2380,AIC,salt
2380,AIC,olive oil
2380,AIC,parsley
2380,AIC,garlic
2380,AIC,topinambur
2381,AIC,black pepper
2381,AIC,salt
2381,AIC,olive oil
2381,AIC,carrot
2381,AIC,lemon
2381,AIC,artichoke heart
2381,AIC,topinambur
2382,AIC,black pepper
2382,AIC,salt
2382,AIC,broth
2382,AIC,olive oil
2382,AIC,parsley
2382,AIC,garlic
2382,AIC,topinambur
2383,AIC,salt
2383,AIC,parmigiano cheese
2383,AIC,tomato sauce
2383,AIC,wheat flour
2383,AIC,egg
2383,AIC,white potato
2384,AIC,sugar
2384,AIC,water
2384,AIC,salt
2384,AIC,yeast
2384,AIC,sugar
2384,AIC,butter
2384,AIC,wheat flour
2385,AIC,salt
2385,AIC,sugar
2385,AIC,butter
2385,AIC,brewer's yeast
2385,AIC,wheat flour
2386,AIC,olive oil
2386,AIC,salt
2386,AIC,ground cinnamon
2386,AIC,lemon
2386,AIC,egg
2386,AIC,sugar
2386,AIC,butter
2386,AIC,milk
2386,AIC,brewer's yeast
2386,AIC,wheat flour
2386,AIC,potato
2387,AIC,rosemary
2387,AIC,salt
2387,AIC,white wine
2387,AIC,green olive
2387,AIC,garlic
2387,AIC,olive oil
2387,AIC,smoked pancetta
2387,AIC,thrush
2388,AIC,salt
2388,AIC,oregano
2388,AIC,parsley
2388,AIC,garlic
2388,AIC,large lemon
2388,AIC,olive oil
2388,AIC,black pepper
2388,AIC,torpedo ray
2389,AIC,ground clof
2389,AIC,dried orange peel powder
2389,AIC,almond
2389,AIC,honey
2389,AIC,sugar
2390,AIC,whipped cream
2390,AIC,cognac
2390,AIC,candied citron
2390,AIC,vanillin
2390,AIC,amaretti
2390,AIC,powdered sugar
2390,AIC,peeled almond
2391,AIC,wheat flour wafer
2391,AIC,egg white
2391,AIC,almond
2391,AIC,wildflower honey
2392,AIC,vanilla sugar
2392,AIC,wheat flour
2392,AIC,butter
2392,AIC,milk
2392,AIC,lemon zest
2392,AIC,ground coffee
2392,AIC,egg
2392,AIC,sugar
2392,AIC,unsweetened cocoa powder
2392,AIC,almond
2393,AIC,salt
2393,AIC,baking powder
2393,AIC,milk
2393,AIC,butter
2393,AIC,egg
2393,AIC,sugar
2393,AIC,wheat flour
2393,AIC,corn flour
2394,AIC,puff pastry
2394,AIC,sassolino liqueur
2394,AIC,lemon zest
2394,AIC,egg white
2394,AIC,dark chocolate
2394,AIC,sugar
2394,AIC,sweet almond
2395,AIC,powdered sugar
2395,AIC,baking powder
2395,AIC,egg
2395,AIC,dark chocolate
2395,AIC,sugar
2395,AIC,butter
2395,AIC,almond
2396,AIC,powdered sugar
2396,AIC,baking soda
2396,AIC,lemon zest
2396,AIC,"raisins, pine nuts, and candied fruit"
2396,AIC,cocoa powder
2396,AIC,rice
2396,AIC,milk
2396,AIC,egg yolk
2396,AIC,egg
2396,AIC,butter
2396,AIC,sugar
2396,AIC,wheat flour
2397,AIC,egg yolk
2397,AIC,sour cherry jam
2397,AIC,butter
2397,AIC,cherry acquavite
2397,AIC,egg
2397,AIC,vanillin
2397,AIC,ground cinnamon
2397,AIC,unsweetened cocoa powder
2397,AIC,wheat flour
2397,AIC,almond
2397,AIC,sugar
2398,AIC,coffee
2398,AIC,lemon
2398,AIC,honey
2398,AIC,cream
2398,AIC,sugar
2398,AIC,walnut
2398,AIC,egg yolk
2398,AIC,butter
2398,AIC,sugar
2398,AIC,walnut
2398,AIC,wheat flour
2399,AIC,lemon zest
2399,AIC,egg yolk
2399,AIC,butter
2399,AIC,sugar
2399,AIC,sweet almond
2399,AIC,wheat flour
2400,AIC,black pepper
2400,AIC,olive oil
2400,AIC,oregano
2400,AIC,nutmeg
2400,AIC,white wine
2400,AIC,egg yolk
2400,AIC,parmigiano cheese
2400,AIC,egg
2400,AIC,shallot
2400,AIC,artichoke
2400,AIC,emmental
2400,AIC,cream
2400,AIC,salt
2400,AIC,milk
2400,AIC,egg
2400,AIC,butter
2400,AIC,wheat flour
2401,AIC,butter
2401,AIC,black pepper
2401,AIC,salt
2401,AIC,vinegar
2401,AIC,lard
2401,AIC,olive oil
2401,AIC,egg
2401,AIC,parmigiano cheese
2401,AIC,ricotta
2401,AIC,wheat flour
2401,AIC,chard
2402,AIC,baking powder
2402,AIC,wheat flour
2402,AIC,almond
2402,AIC,lemon
2402,AIC,egg
2402,AIC,butter
2402,AIC,sugar
2402,AIC,fresh chestnut
2403,AIC,butter
2403,AIC,salt
2403,AIC,lemon zest
2403,AIC,breadcrumb
2403,AIC,bay leaf
2403,AIC,sugar
2403,AIC,almond
2403,AIC,egg
2403,AIC,chestnut
2404,AIC,salt
2404,AIC,bay leaf
2404,AIC,whipped cream
2404,AIC,egg
2404,AIC,wheat flour
2404,AIC,sugar
2404,AIC,butter
2404,AIC,chestnut
2405,AIC,heavy cream
2405,AIC,lingonberry jam
2405,AIC,vanilla sugar
2405,AIC,baking powder
2405,AIC,egg
2405,AIC,wheat flour
2405,AIC,sugar
2405,AIC,butter
2405,AIC,buckwheat flour
2406,AIC,bitter almond
2406,AIC,fioroni fig
2406,AIC,fig
2406,AIC,lemon
2406,AIC,salt
2406,AIC,baking powder
2406,AIC,egg
2406,AIC,sugar
2406,AIC,butter
2406,AIC,wheat flour
2407,AIC,powdered sugar
2407,AIC,baking powder
2407,AIC,milk
2407,AIC,lemon
2407,AIC,egg
2407,AIC,almond
2407,AIC,sugar
2407,AIC,wheat flour
2408,AIC,baking soda
2408,AIC,lemon zest
2408,AIC,egg yolk
2408,AIC,sugar
2408,AIC,butter
2408,AIC,wheat flour
2408,AIC,peeled almond
2409,AIC,nutmeg
2409,AIC,butter
2409,AIC,breadcrumb
2409,AIC,grated grana padano
2409,AIC,egg
2409,AIC,eggplant
2410,AIC,water
2410,AIC,apple ice cream
2410,AIC,mostarda veneta
2410,AIC,sugar
2410,AIC,golden apple
2410,AIC,lemon zest
2410,AIC,salt
2410,AIC,egg yolk
2410,AIC,sugar
2410,AIC,butter
2410,AIC,wheat flour
2411,AIC,salt
2411,AIC,butter
2411,AIC,egg
2411,AIC,prosciutto cotto
2411,AIC,grated parmigiano cheese
2411,AIC,cheese
2411,AIC,milk
2411,AIC,stale bread
2412,AIC,olive oil or butter
2412,AIC,salt
2412,AIC,breadcrumb
2412,AIC,egg
2412,AIC,sugar
2412,AIC,dried fig
2412,AIC,anise liqueur
2412,AIC,wheat flour
2412,AIC,honey
2412,AIC,sugar
2412,AIC,raisin
2412,AIC,milk
2412,AIC,apple
2412,AIC,sweet potato
2413,AIC,spices
2413,AIC,water
2413,AIC,sugar
2413,AIC,black pepper
2413,AIC,yeast
2413,AIC,olive oil
2413,AIC,butter
2413,AIC,lemon
2413,AIC,onion
2413,AIC,pecorino cheese
2413,AIC,potato
2413,AIC,salt
2413,AIC,egg
2413,AIC,wheat flour
2414,AIC,semolina
2414,AIC,salt
2414,AIC,butter
2414,AIC,vanillin
2414,AIC,orange zest
2414,AIC,lemon zest
2414,AIC,rum
2414,AIC,milk
2414,AIC,egg
2414,AIC,sugar
2414,AIC,rice
2415,AIC,breadcrumb
2415,AIC,butter
2415,AIC,amaretti cookie
2415,AIC,salt
2415,AIC,lemon zest
2415,AIC,clove
2415,AIC,ground cinnamon
2415,AIC,bitter almond liqueur
2415,AIC,candied citron
2415,AIC,almond
2415,AIC,egg
2415,AIC,egg yolk
2415,AIC,vanilla sugar
2415,AIC,caramelized sugar
2415,AIC,rice
2415,AIC,milk
2416,AIC,lemon zest
2416,AIC,salt
2416,AIC,sugar
2416,AIC,butter
2416,AIC,egg yolk
2416,AIC,milk
2416,AIC,brewer's yeast
2416,AIC,wheat flour
2417,AIC,onion
2417,AIC,grappa
2417,AIC,spices
2417,AIC,herbs
2417,AIC,fontina
2417,AIC,raisin
2417,AIC,amaretti
2417,AIC,sugar
2417,AIC,butter
2417,AIC,egg
2417,AIC,wheat flour
2417,AIC,polenta flour
2417,AIC,stale bread or breadstick
2417,AIC,tomato pulp
2417,AIC,rice
2417,AIC,crétchan or williams pear
2418,AIC,iced water
2418,AIC,"raspberry, redcurrant, or strawberry jam"
2418,AIC,vanilla
2418,AIC,lemon
2418,AIC,wheat flour
2418,AIC,almond
2418,AIC,sugar
2418,AIC,butter
2419,AIC,egg
2419,AIC,wheat flour
2419,AIC,amaretti
2419,AIC,bitter almond liqueur
2419,AIC,vanilla sugar
2419,AIC,butter
2419,AIC,candied citron and orange
2419,AIC,sugar
2419,AIC,almond
2419,AIC,egg
2419,AIC,salt
2419,AIC,baking powder
2419,AIC,butter
2419,AIC,sugar
2419,AIC,wheat flour
2420,AIC,black pepper
2420,AIC,salt
2420,AIC,nutmeg
2420,AIC,egg
2420,AIC,grated parmigiano cheese
2420,AIC,ricotta
2420,AIC,borage leaf
2420,AIC,chard
2420,AIC,olive oil
2420,AIC,wheat flour
2421,AIC,salt
2421,AIC,lemon zest
2421,AIC,baking powder
2421,AIC,butter
2421,AIC,rum
2421,AIC,breadcrumb
2421,AIC,wheat flour
2421,AIC,raisin
2421,AIC,ground almond
2421,AIC,vanillin
2421,AIC,sugar
2421,AIC,egg white
2421,AIC,egg yolk
2421,AIC,pumpkin pulp
2422,AIC,salt
2422,AIC,olive oil
2422,AIC,lard
2422,AIC,wheat flour
2422,AIC,potato
2423,AIC,salt
2423,AIC,polenta flour
2423,AIC,butter
2423,AIC,egg
2423,AIC,brandy
2423,AIC,rum
2423,AIC,vanilla
2423,AIC,lemon zest
2423,AIC,unsweetened cocoa powder
2423,AIC,amaretti cookie
2423,AIC,dark chocolate
2423,AIC,milk
2423,AIC,sultana raisin
2423,AIC,sugar
2423,AIC,reinette apple
2423,AIC,pumpkin pulp
2424,AIC,salt
2424,AIC,egg white
2424,AIC,powdered sugar
2424,AIC,toasted hazelnut
2425,AIC,sassolino liqueur
2425,AIC,lemon zest
2425,AIC,ground coffee
2425,AIC,egg
2425,AIC,unsweetened cocoa powder
2425,AIC,toasted almond
2425,AIC,salt
2425,AIC,egg
2425,AIC,butter
2425,AIC,sugar
2425,AIC,wheat flour
2426,AIC,white pepper
2426,AIC,salt
2426,AIC,lukewarm water
2426,AIC,marjoram
2426,AIC,chard
2426,AIC,egg
2426,AIC,olive oil
2426,AIC,heavy cream
2426,AIC,parmigiano cheese
2426,AIC,quagliata
2426,AIC,salt
2426,AIC,olive oil
2426,AIC,wheat flour
2427,AIC,vanilla sugar
2427,AIC,lemon zest
2427,AIC,egg white
2427,AIC,egg yolk
2427,AIC,potato starch
2427,AIC,wheat flour
2427,AIC,sugar
2427,AIC,butter
2428,AIC,black pepper
2428,AIC,salt
2428,AIC,nutmeg
2428,AIC,parsley
2428,AIC,onion
2428,AIC,butter
2428,AIC,potato
2429,AIC,salt
2429,AIC,lardo
2429,AIC,salami
2429,AIC,meadow herb
2429,AIC,milk
2429,AIC,butter
2429,AIC,baking powder
2429,AIC,egg
2429,AIC,wheat flour
2429,AIC,corn flour
2430,AIC,olive oil
2430,AIC,caciocavallo
2430,AIC,egg
2430,AIC,semi-aged pecorino cheese
2430,AIC,prosciutto crudo
2430,AIC,mozzarella
2430,AIC,mazzaferrata artichoke
2430,AIC,salt
2430,AIC,olive oil
2430,AIC,ricotta
2430,AIC,wheat flour
2431,AIC,black pepper
2431,AIC,butter
2431,AIC,mozzarella
2431,AIC,salsiccia
2431,AIC,salame aquilano
2431,AIC,olaci
2431,AIC,salt
2431,AIC,baking powder
2431,AIC,olive oil
2431,AIC,milk
2431,AIC,egg
2431,AIC,wheat flour
2432,AIC,wheat flour
2432,AIC,butter
2432,AIC,salt
2432,AIC,rum
2432,AIC,lemon zest
2432,AIC,powdered sugar
2432,AIC,baking powder
2432,AIC,egg
2432,AIC,butter
2432,AIC,potato starch
2432,AIC,wheat flour
2433,AIC,salt
2433,AIC,powdered sugar
2433,AIC,lemon
2433,AIC,baking powder
2433,AIC,egg
2433,AIC,butter
2433,AIC,potato starch
2434,AIC,salt
2434,AIC,potato
2434,AIC,milk
2434,AIC,wheat flour
2434,AIC,egg yolk
2434,AIC,montasio
2434,AIC,lukewarm water
2434,AIC,salt
2434,AIC,egg yolk
2434,AIC,butter
2434,AIC,wheat flour
2435,AIC,salt
2435,AIC,butter
2435,AIC,milk
2435,AIC,egg
2435,AIC,wheat flour
2436,AIC,wheat flour
2436,AIC,butter
2436,AIC,lemon zest
2436,AIC,wheat starch
2436,AIC,sugar
2436,AIC,milk
2436,AIC,baking powder
2436,AIC,lemon zest
2436,AIC,dark chocolate
2436,AIC,egg
2436,AIC,wheat flour
2436,AIC,sugar
2436,AIC,ricotta
2437,AIC,water
2437,AIC,black pepper
2437,AIC,salt
2437,AIC,parmigiano cheese
2437,AIC,onion
2437,AIC,egg
2437,AIC,artichoke
2437,AIC,chard
2437,AIC,olive oil
2437,AIC,wheat flour
2438,AIC,warm water
2438,AIC,black pepper
2438,AIC,salt
2438,AIC,fennel seed
2438,AIC,olive oil
2438,AIC,brewer's yeast
2438,AIC,wheat flour
2439,AIC,black pepper
2439,AIC,salt
2439,AIC,brewer's yeast
2439,AIC,cigoli
2439,AIC,lard
2439,AIC,wheat flour
2440,AIC,frying oil
2440,AIC,salt
2440,AIC,grappa
2440,AIC,sugar
2440,AIC,wheat flour
2440,AIC,lemon
2440,AIC,vanillin
2440,AIC,baking powder
2440,AIC,butter
2440,AIC,egg
2440,AIC,milk
2441,AIC,egg white
2441,AIC,egg
2441,AIC,wheat flour
2441,AIC,wheat flour
2441,AIC,marsala wine
2441,AIC,sultana raisin
2441,AIC,almond nougat
2441,AIC,fresh ricotta
2442,AIC,water
2442,AIC,black pepper
2442,AIC,garlic
2442,AIC,egg
2442,AIC,lardo
2442,AIC,potato
2442,AIC,salt
2442,AIC,wheat flour
2443,AIC,black pepper
2443,AIC,nutmeg
2443,AIC,egg
2443,AIC,parmigiano cheese
2443,AIC,chard
2443,AIC,sheep's milk ricotta
2443,AIC,salt
2443,AIC,milk
2443,AIC,egg
2443,AIC,wheat flour
2444,AIC,sapa
2444,AIC,coffee powder
2444,AIC,rum essence
2444,AIC,jam
2444,AIC,candied fruit
2444,AIC,unsweetened cocoa powder
2444,AIC,dried chestnut
2444,AIC,milk
2444,AIC,lemon
2444,AIC,baker's ammonia
2444,AIC,yeast
2444,AIC,butter
2444,AIC,sugar
2444,AIC,wheat flour
2445,AIC,grated grana padano
2445,AIC,egg
2445,AIC,costmary leaf
2445,AIC,nutmeg
2445,AIC,breadcrumb
2445,AIC,garlic
2445,AIC,white onion
2445,AIC,sage
2445,AIC,butter
2445,AIC,chard
2445,AIC,egg yolk
2445,AIC,egg
2445,AIC,wheat flour
2445,AIC,wheat flour
2446,AIC,salt and pepper
2446,AIC,lard
2446,AIC,cumin
2446,AIC,black pepper
2446,AIC,juniper berry
2446,AIC,white wine
2446,AIC,wheat flour
2446,AIC,butter
2446,AIC,onion
2446,AIC,sauerkraut
2446,AIC,salt
2446,AIC,butter
2446,AIC,olive oil
2446,AIC,egg
2446,AIC,wheat flour
2446,AIC,rye flour
2447,AIC,parmigiano cheese
2447,AIC,sage
2447,AIC,butter
2447,AIC,black pepper
2447,AIC,salt
2447,AIC,nutmeg
2447,AIC,olive oil
2447,AIC,lemon zest
2447,AIC,parmigiano cheese
2447,AIC,butter
2447,AIC,egg
2447,AIC,amaretti cookie
2447,AIC,yellow pumpkin
2447,AIC,egg
2447,AIC,wheat flour
2448,AIC,black pepper
2448,AIC,salt
2448,AIC,nutmeg
2448,AIC,grated parmigiano cheese
2448,AIC,butter
2448,AIC,cow's milk ricotta
2448,AIC,chard
2448,AIC,egg
2448,AIC,wheat flour
2449,AIC,butter
2449,AIC,cream
2449,AIC,sage
2449,AIC,white pepper
2449,AIC,nutmeg
2449,AIC,ricotta
2449,AIC,parmigiano cheese
2449,AIC,parsley
2449,AIC,salt
2449,AIC,white wine
2449,AIC,egg
2449,AIC,wheat flour
2450,AIC,salt
2450,AIC,grana padano
2450,AIC,butter
2450,AIC,water
2450,AIC,egg
2450,AIC,wheat flour
2450,AIC,sugar
2450,AIC,salt
2450,AIC,breadcrumb
2450,AIC,egg
2450,AIC,nutmeg
2450,AIC,grana padano
2450,AIC,mostarda mantovana
2450,AIC,amaretti cookie
2450,AIC,pumpkin
2451,AIC,powdered sugar
2451,AIC,lard
2451,AIC,plum jam
2451,AIC,vino cotto
2451,AIC,breadcrumb
2451,AIC,mostarda
2451,AIC,malvasia wine
2451,AIC,brandy
2451,AIC,vanilla baking powder
2451,AIC,lemon
2451,AIC,egg yolk
2451,AIC,egg
2451,AIC,sugar
2451,AIC,butter
2451,AIC,wheat flour
2452,AIC,sugar
2452,AIC,rum or sassolino liqueur
2452,AIC,milk
2452,AIC,amaretti cooky
2452,AIC,unsweetened cocoa powder
2452,AIC,savor (or mostarda di cremona)
2452,AIC,sour cherry jam
2452,AIC,dried chestnut
2452,AIC,sultana raisin
2452,AIC,pine nut or walnut
2452,AIC,frying oil
2452,AIC,salt
2452,AIC,baking powder
2452,AIC,sassolino liqueur
2452,AIC,lemon
2452,AIC,egg
2452,AIC,butter
2452,AIC,sugar
2452,AIC,wheat flour
2453,AIC,black pepper
2453,AIC,nutmeg
2453,AIC,parmigiano cheese
2453,AIC,mortadella
2453,AIC,prosciutto crudo
2453,AIC,pork loin
2453,AIC,salt
2453,AIC,egg
2453,AIC,wheat flour
2454,AIC,grated grana padano
2454,AIC,butter
2454,AIC,salt
2454,AIC,grated mint candy
2454,AIC,egg
2454,AIC,mostaccino
2454,AIC,grated grana padano
2454,AIC,candied citron
2454,AIC,raisin
2454,AIC,dark amaretti cookie
2454,AIC,warm water
2454,AIC,salt
2454,AIC,egg
2454,AIC,wheat flour
2455,AIC,black pepper
2455,AIC,salt
2455,AIC,lemon juice
2455,AIC,oregano
2455,AIC,olive oil
2455,AIC,breadcrumb
2455,AIC,grated pecorino cheese
2455,AIC,spicy sila salami
2455,AIC,mozzarella
2455,AIC,artichoke
2456,AIC,black pepper
2456,AIC,salt
2456,AIC,nutmeg
2456,AIC,garlic
2456,AIC,parsley
2456,AIC,grated parmigiano cheese
2456,AIC,sheep's milk ricotta
2456,AIC,egg
2456,AIC,wheat flour
2457,AIC,butter
2457,AIC,black pepper
2457,AIC,salt
2457,AIC,olive oil
2457,AIC,saffron
2457,AIC,onion
2457,AIC,sweet pecorino cheese
2457,AIC,béchamel sauce
2457,AIC,potato
2458,AIC,chili pepper
2458,AIC,salt
2458,AIC,olive oil
2458,AIC,caper
2458,AIC,parsley
2458,AIC,garlic
2458,AIC,vinegar
2458,AIC,pecorino cheese
2458,AIC,breadcrumb
2458,AIC,tomato passata
2458,AIC,anchovy
2459,AIC,black pepper
2459,AIC,salt
2459,AIC,olive oil
2459,AIC,egg
2459,AIC,breadcrumb
2459,AIC,grated caciocavallo
2459,AIC,chili pepper
2459,AIC,salted caper
2459,AIC,tomato
2459,AIC,parsley
2459,AIC,garlic
2459,AIC,onion
2459,AIC,flying squid
2460,AIC,basil
2460,AIC,chili pepper
2460,AIC,salt
2460,AIC,white wine
2460,AIC,marjoram
2460,AIC,garlic
2460,AIC,olive oil
2460,AIC,parmigiano cheese
2460,AIC,egg
2460,AIC,caciotta
2460,AIC,squid
2461,AIC,black pepper
2461,AIC,salt
2461,AIC,pine nut
2461,AIC,tomato
2461,AIC,chard
2461,AIC,white wine
2461,AIC,garlic
2461,AIC,olive oil
2461,AIC,flying squid
2462,AIC,salt
2462,AIC,chili pepper
2462,AIC,egg
2462,AIC,parsley
2462,AIC,breadcrumb
2462,AIC,sweet pecorino cheese
2462,AIC,white wine
2462,AIC,garlic
2462,AIC,tomato sauce
2462,AIC,olive oil
2462,AIC,squid
2463,AIC,baking soda
2463,AIC,anisette
2463,AIC,candied fruit
2463,AIC,sweet almond
2463,AIC,olive oil
2463,AIC,egg yolk
2463,AIC,egg
2463,AIC,sugar
2463,AIC,wheat flour
2464,AIC,black pepper
2464,AIC,caper
2464,AIC,green olive
2464,AIC,salted anchovy
2464,AIC,garlic
2464,AIC,parsley
2464,AIC,olive oil
2464,AIC,red mullet
2465,AIC,salt
2465,AIC,parsley
2465,AIC,olive oil
2465,AIC,anchovy fillet
2465,AIC,garlic
2465,AIC,tomato sauce
2465,AIC,red mullet
2466,AIC,black pepper
2466,AIC,salt
2466,AIC,olive oil
2466,AIC,parsley
2466,AIC,garlic
2466,AIC,tomato
2466,AIC,red mullet
2467,AIC,alchermes liqueur
2467,AIC,orange blossom water
2467,AIC,powdered sugar
2467,AIC,almond
2468,AIC,black pepper
2468,AIC,salt
2468,AIC,broth
2468,AIC,parsley
2468,AIC,garlic
2468,AIC,onion
2468,AIC,egg
2468,AIC,olive oil
2468,AIC,butter
2468,AIC,parmigiano cheese
2468,AIC,pork pancetta
2468,AIC,tripe
2469,AIC,salt
2469,AIC,chili pepper
2469,AIC,white wine
2469,AIC,tomato sauce
2469,AIC,olive oil
2469,AIC,sage
2469,AIC,rosemary
2469,AIC,onion
2469,AIC,sheep tripe
2470,AIC,parmigiano cheese
2470,AIC,meat sauce
2470,AIC,dried mushroom
2470,AIC,carrot
2470,AIC,parsley
2470,AIC,celery
2470,AIC,onion
2470,AIC,lard
2470,AIC,olive oil
2470,AIC,butter
2470,AIC,tripe
2471,AIC,salt
2471,AIC,olive oil
2471,AIC,tomato
2471,AIC,celery
2471,AIC,onion
2471,AIC,bell pepper
2471,AIC,tripe
2472,AIC,black pepper
2472,AIC,salt
2472,AIC,grated parmigiano cheese
2472,AIC,olive oil
2472,AIC,onion
2472,AIC,peeled tomato
2472,AIC,tripe
2473,AIC,breadcrumb
2473,AIC,black pepper
2473,AIC,salt
2473,AIC,olive oil
2473,AIC,basil
2473,AIC,egg
2473,AIC,onion
2473,AIC,tomato sauce
2473,AIC,caciocavallo
2473,AIC,eggplant
2473,AIC,tripe
2474,AIC,black pepper
2474,AIC,salt
2474,AIC,broth
2474,AIC,white wine
2474,AIC,tomato passata
2474,AIC,clove
2474,AIC,rosemary
2474,AIC,bay leaf
2474,AIC,celery
2474,AIC,parsley
2474,AIC,onion
2474,AIC,carrot
2474,AIC,olive oil
2474,AIC,butter
2474,AIC,parmigiano cheese
2474,AIC,tripe
2475,AIC,salt
2475,AIC,grated pecorino cheese
2475,AIC,"mixed herbs (parsley, savory, bay leaf, mint, marjoram)"
2475,AIC,tomato sauce
2475,AIC,boiled ham bone
2475,AIC,chili pepper
2475,AIC,carrot
2475,AIC,celery
2475,AIC,onion
2475,AIC,olive oil
2475,AIC,tripe
2476,AIC,black pepper
2476,AIC,salt
2476,AIC,olive oil
2476,AIC,lard
2476,AIC,sugar
2476,AIC,ground cinnamon
2476,AIC,broth
2476,AIC,walnut
2476,AIC,toasted almond
2476,AIC,caciocavallo
2476,AIC,eggplant
2476,AIC,tripe
2477,AIC,black pepper
2477,AIC,salt
2477,AIC,grated parmigiano cheese
2477,AIC,white wine
2477,AIC,aromatic bouquet
2477,AIC,tomato passata
2477,AIC,olive oil
2477,AIC,garlic
2477,AIC,onion
2477,AIC,carrot
2477,AIC,celery
2477,AIC,pork pancetta
2477,AIC,veal tripe
2478,AIC,black pepper
2478,AIC,salt
2478,AIC,grated pecorino romano
2478,AIC,white wine
2478,AIC,tomato sauce
2478,AIC,peeled tomato
2478,AIC,roman mint leaf
2478,AIC,olive oil
2478,AIC,prosciutto fat
2478,AIC,celery
2478,AIC,carrot
2478,AIC,garlic
2478,AIC,onion
2478,AIC,pre-cooked tripe
2479,AIC,salt
2479,AIC,olive oil
2479,AIC,onion
2479,AIC,celery
2479,AIC,carrot
2479,AIC,chili pepper
2479,AIC,waxy potato
2479,AIC,veal tripe
2480,AIC,parmigiano cheese
2480,AIC,black pepper
2480,AIC,salt
2480,AIC,broth
2480,AIC,garlic
2480,AIC,borlotti bean
2480,AIC,tomato paste
2480,AIC,white wine or marsala
2480,AIC,white potato
2480,AIC,flowering basil
2480,AIC,parsley
2480,AIC,onion
2480,AIC,carrot
2480,AIC,sage
2480,AIC,rosemary
2480,AIC,bay leaf
2480,AIC,celery
2480,AIC,olive oil
2480,AIC,prosciutto crudo
2480,AIC,lard
2480,AIC,veal trotter
2480,AIC,tripe
2481,AIC,salt
2481,AIC,grated grana padano
2481,AIC,bread
2481,AIC,borlotti bean
2481,AIC,tomato pulp
2481,AIC,sage
2481,AIC,carrot
2481,AIC,celery
2481,AIC,onion
2481,AIC,lardo
2481,AIC,butter
2481,AIC,beef oxtail
2481,AIC,mixed veal tripe
2482,AIC,black pepper
2482,AIC,salt
2482,AIC,broth
2482,AIC,celery
2482,AIC,carrot
2482,AIC,scallion
2482,AIC,pancetta
2482,AIC,roast dripping
2482,AIC,butter
2482,AIC,tomato sauce
2482,AIC,spanish bean
2482,AIC,grated grana padano
2482,AIC,ricciolotta francese (lampredotto)
2482,AIC,foiolo (omasum tripe)
2483,AIC,black pepper
2483,AIC,salt
2483,AIC,parmigiano cheese
2483,AIC,parsley
2483,AIC,clove
2483,AIC,bay leaf
2483,AIC,tomato paste
2483,AIC,garlic
2483,AIC,onion
2483,AIC,olive oil
2483,AIC,tripe
2484,AIC,water
2484,AIC,salt
2484,AIC,bread
2484,AIC,olive oil
2484,AIC,cherry tomato
2484,AIC,calamint
2484,AIC,garlic
2484,AIC,potato
2485,AIC,salt
2485,AIC,olive oil
2485,AIC,fish broth
2485,AIC,cherry tomato
2485,AIC,parsley
2485,AIC,red garlic
2485,AIC,skate
2485,AIC,mixed chopped pasta ('munnezzaglje')
2486,AIC,black pepper
2486,AIC,salt
2486,AIC,olive oil
2486,AIC,butter
2486,AIC,shrimp
2486,AIC,white wine
2486,AIC,olaci
2486,AIC,salmon trout
2487,AIC,black pepper
2487,AIC,salt
2487,AIC,butter
2487,AIC,rosemary
2487,AIC,sage
2487,AIC,parsley
2487,AIC,carrot
2487,AIC,onion
2487,AIC,red wine
2487,AIC,trout
2488,AIC,salt
2488,AIC,calamint
2488,AIC,marjoram
2488,AIC,thyme
2488,AIC,vinegar
2488,AIC,tomato pulp
2488,AIC,wheat flour
2488,AIC,trout
2489,AIC,black pepper
2489,AIC,salt
2489,AIC,wheat flour
2489,AIC,rum
2489,AIC,walnut
2489,AIC,butter
2489,AIC,trout
2490,AIC,black pepper
2490,AIC,salt
2490,AIC,olive oil
2490,AIC,sweet pecorino cheese
2490,AIC,diced tomato
2490,AIC,onion
2490,AIC,saffron thread
2490,AIC,lean lardo
2490,AIC,tubetti rigati
2491,AIC,olive oil
2491,AIC,anchovy
2491,AIC,tuma
2492,AIC,orange zest
2492,AIC,almond
2492,AIC,cocoa powder
2492,AIC,grape jam
2492,AIC,white wine
2492,AIC,olive oil
2492,AIC,wheat flour
2493,AIC,cream
2493,AIC,butter
2493,AIC,sage
2493,AIC,parsley
2493,AIC,wheat flour
2493,AIC,fontina
2493,AIC,potato
2494,AIC,frying oil
2494,AIC,ground cinnamon
2494,AIC,egg
2494,AIC,powdered sugar
2494,AIC,sweetened cocoa powder
2495,AIC,black pepper
2495,AIC,salt
2495,AIC,white wine
2495,AIC,broth
2495,AIC,juniper berry
2495,AIC,sage
2495,AIC,butter
2495,AIC,pancetta
2495,AIC,veal top round
2496,AIC,sausage
2496,AIC,butter
2496,AIC,pork caul fat
2496,AIC,sage
2496,AIC,white wine
2496,AIC,pancetta
2496,AIC,pork liver
2496,AIC,pork loin
2497,AIC,black pepper
2497,AIC,salt
2497,AIC,pancetta
2497,AIC,egg
2498,AIC,black pepper
2498,AIC,salt
2498,AIC,white wine
2498,AIC,sausage
2498,AIC,egg
2499,AIC,salt
2499,AIC,cheese
2499,AIC,tomato
2499,AIC,sage
2499,AIC,garlic
2499,AIC,olive oil
2499,AIC,egg
2500,AIC,black pepper
2500,AIC,salt
2500,AIC,vinegar
2500,AIC,olive oil
2500,AIC,scallion
2500,AIC,egg
2501,AIC,black pepper
2501,AIC,salt
2501,AIC,parsley
2501,AIC,mayonnaise
2501,AIC,butter
2501,AIC,caper
2501,AIC,tuna
2501,AIC,anchovy
2501,AIC,egg
2502,AIC,salt
2502,AIC,olive oil
2502,AIC,ground cinnamon
2502,AIC,lemon zest
2502,AIC,dark chocolate
2502,AIC,zuccata
2502,AIC,sugar
2502,AIC,egg
2502,AIC,ricotta
2503,AIC,broth
2503,AIC,black pepper
2503,AIC,salt
2503,AIC,white wine
2503,AIC,olive oil
2503,AIC,butter
2503,AIC,onion
2503,AIC,grated parmigiano cheese
2503,AIC,prosciutto crudo
2503,AIC,veal slice
2504,AIC,elderflower
2504,AIC,tuma
2504,AIC,guanciale
2504,AIC,salami
2504,AIC,salt
2504,AIC,olive oil
2504,AIC,egg
2504,AIC,brewer's yeast
2504,AIC,lard
2504,AIC,milk
2504,AIC,wheat flour
2505,AIC,black pepper
2505,AIC,salt
2505,AIC,cream
2505,AIC,wild fennel
2505,AIC,garlic
2505,AIC,onion
2505,AIC,sausage
2505,AIC,vegetable broth
2505,AIC,chestnut
2506,AIC,olive oil
2506,AIC,black pepper
2506,AIC,salt
2506,AIC,smoked ricotta
2506,AIC,milk
2506,AIC,cannellini bean
2506,AIC,onion
2506,AIC,potato
2506,AIC,pumpkin
2507,AIC,salt
2507,AIC,olive oil
2507,AIC,basil
2507,AIC,tomato
2507,AIC,garlic
2507,AIC,onion
2507,AIC,potato
2507,AIC,eggplant
2507,AIC,zucchini
2507,AIC,bell pepper
2508,AIC,cooked wine
2508,AIC,olive oil
2508,AIC,parsley
2508,AIC,garlic
2508,AIC,onion
2508,AIC,carrot
2508,AIC,fresh tuna belly (ventresca)
2509,AIC,grated pecorino pugliese
2509,AIC,breadcrumb
2509,AIC,chili pepper
2509,AIC,onion
2509,AIC,tomato sauce
2509,AIC,olive oil
2509,AIC,pancetta
2509,AIC,catalogna chicory top
2510,AIC,salt
2510,AIC,chili pepper
2510,AIC,parsley
2510,AIC,olive oil
2510,AIC,garlic
2510,AIC,vermicelli
2511,AIC,black pepper
2511,AIC,salt
2511,AIC,olive oil
2511,AIC,onion
2511,AIC,tomato
2511,AIC,bell pepper
2511,AIC,eggplant
2511,AIC,zucchini
2511,AIC,milk
2511,AIC,marjoram
2511,AIC,breadcrumb
2511,AIC,ricotta
2511,AIC,dried mushroom
2511,AIC,grated pecorino cheese
2511,AIC,grated parmigiano cheese
2511,AIC,egg
2511,AIC,garlic
2512,AIC,chili flake
2512,AIC,salt
2512,AIC,tomato paste
2512,AIC,olive oil
2512,AIC,garlic
2512,AIC,anchovy fillet
2512,AIC,small chard
2513,AIC,garlic
2513,AIC,parsley
2513,AIC,chili pepper
2513,AIC,olive oil
2513,AIC,salt
2513,AIC,cherry tomato
2513,AIC,shrimp
2513,AIC,baby octopus
2513,AIC,clam
2513,AIC,mussel
2513,AIC,vermicelli
2514,AIC,salt
2514,AIC,grated caciocavallo or pecorino cheese
2514,AIC,basil
2514,AIC,olive oil
2514,AIC,salted anchovy
2514,AIC,garlic
2514,AIC,eggplant
2514,AIC,sweet pepper
2514,AIC,tomato sauce
2514,AIC,salted caper
2514,AIC,sicilian green olive
2514,AIC,vermicelli
2515,AIC,lemon juice
2515,AIC,water
2515,AIC,black pepper
2515,AIC,salt
2515,AIC,olive oil
2515,AIC,parsley
2515,AIC,onion
2515,AIC,romaine lettuce
2515,AIC,pea
2515,AIC,fava bean
2515,AIC,romanesco artichoke heart
2515,AIC,pancetta
2516,AIC,salt
2516,AIC,olive oil
2516,AIC,parsley
2516,AIC,garlic
2516,AIC,tomato pulp
2516,AIC,mussel
2516,AIC,vermicelli
2517,AIC,nutmeg
2517,AIC,milk
2517,AIC,black pepper
2517,AIC,onion
2517,AIC,carrot
2517,AIC,broth
2517,AIC,tomato sauce
2517,AIC,grated parmigiano cheese
2517,AIC,lardo
2517,AIC,butter
2517,AIC,dried mushroom
2517,AIC,ground meat
2517,AIC,chicken giblet
2517,AIC,salt
2517,AIC,egg
2517,AIC,wheat flour
2518,AIC,black pepper
2518,AIC,salt
2518,AIC,tomato passata
2518,AIC,fresh pasta
2518,AIC,grated pecorino cheese
2518,AIC,clof
2518,AIC,nutmeg
2518,AIC,mixed pork
2518,AIC,lardo
2518,AIC,olive oil
2518,AIC,prosciutto crudo
2518,AIC,parsley
2518,AIC,celery
2518,AIC,pipirella
2518,AIC,sage
2518,AIC,marjoram
2518,AIC,annit
2518,AIC,onion
2518,AIC,garlic
2518,AIC,misericordia herb
2518,AIC,mixed vegetable
2518,AIC,fresh legume
2518,AIC,dried legume
2519,AIC,salt
2519,AIC,bay leaf
2519,AIC,white wine
2519,AIC,butter
2519,AIC,olive oil
2519,AIC,veal slice
2520,AIC,black pepper
2520,AIC,salt
2520,AIC,lemon juice
2520,AIC,pickled gherkin
2520,AIC,anchovy
2520,AIC,tuna
2520,AIC,wheat flour
2520,AIC,butter
2520,AIC,clove
2520,AIC,celery
2520,AIC,carrot
2520,AIC,white wine
2520,AIC,olive oil
2520,AIC,veal topside
2521,AIC,caper
2521,AIC,parsley
2521,AIC,olive oil
2521,AIC,garlic
2521,AIC,white wine
2521,AIC,onion
2521,AIC,veal meat
2522,AIC,salt
2522,AIC,water
2522,AIC,black pepper
2522,AIC,cinnamon stick
2522,AIC,clove
2522,AIC,bay leaf
2522,AIC,onion
2522,AIC,vinegar
2522,AIC,tuna in oil
2522,AIC,salted caper
2522,AIC,hard-boiled egg yolk
2522,AIC,wheat flour
2522,AIC,salted anchovy
2522,AIC,butter
2522,AIC,veal round (girello)
2523,AIC,butter
2523,AIC,salt
2523,AIC,black truffle
2523,AIC,wheat flour
2523,AIC,egg yolk
2523,AIC,milk
2523,AIC,red radicchio
2523,AIC,monte baldo cheese
2523,AIC,vol-au-vent
2524,AIC,black pepper
2524,AIC,salt
2524,AIC,butter
2524,AIC,olive oil
2524,AIC,white truffle
2524,AIC,parmigiano cheese
2524,AIC,potato
2524,AIC,prosciutto crudo
2524,AIC,veal top round
2525,AIC,black pepper
2525,AIC,chili pepper
2525,AIC,olive oil
2525,AIC,verdicchio wine
2525,AIC,tomato
2525,AIC,parsley
2525,AIC,garlic
2525,AIC,clam
2526,AIC,white wine
2526,AIC,olive oil
2526,AIC,egg
2526,AIC,mountain fennel
2526,AIC,lamb meat
2527,AIC,chili pepper
2527,AIC,olive oil
2527,AIC,white wine
2527,AIC,lemon
2527,AIC,marjoram
2527,AIC,white onion
2527,AIC,garlic
2527,AIC,clam
2528,AIC,sugar
2528,AIC,dry marsala
2528,AIC,egg yolk
2529,AIC,amaretti
2529,AIC,rum
2529,AIC,marsala wine
2529,AIC,sugar
2529,AIC,egg yolk
2530,AIC,salt
2530,AIC,meat broth
2530,AIC,l'aquila saffron
2530,AIC,olive oil
2530,AIC,sweet pecorino cheese
2530,AIC,parsley
2530,AIC,egg
2530,AIC,wheat flour
2531,AIC,black pepper
2531,AIC,smoked pancetta
2531,AIC,olive oil
2531,AIC,salt
2531,AIC,black pepper
2531,AIC,nutmeg
2531,AIC,clove
2531,AIC,carrot
2531,AIC,celery
2531,AIC,garlic
2531,AIC,onion
2531,AIC,savoy cabbage
2531,AIC,pig's trotter
2532,AIC,vanilla
2532,AIC,lemon zest
2532,AIC,milk
2532,AIC,egg
2532,AIC,baking powder
2532,AIC,pine nut
2532,AIC,raisin
2532,AIC,butter
2532,AIC,wheat flour
2532,AIC,sugar
2532,AIC,medium-grain yellow polenta
2533,AIC,white wine
2533,AIC,brandy
2533,AIC,sugar
2533,AIC,egg
2533,AIC,fresh zampone
2534,AIC,salt
2534,AIC,breadcrumb
2534,AIC,parsley
2534,AIC,onion
2534,AIC,olive oil
2534,AIC,salted anchovy
2534,AIC,black spaghetti (whole wheat)
2535,AIC,sugar
2535,AIC,red wine
2535,AIC,salt
2535,AIC,rum
2535,AIC,milk
2535,AIC,brewer's yeast
2535,AIC,sugar
2535,AIC,egg
2535,AIC,peeled almond
2535,AIC,pine nut
2535,AIC,walnut
2535,AIC,candied citron and orange
2535,AIC,sultana raisin
2535,AIC,dried fig
2535,AIC,butter
2535,AIC,wheat flour
2536,AIC,cold water
2536,AIC,salt
2536,AIC,vanilla sugar
2536,AIC,lard
2536,AIC,olive oil
2536,AIC,bay leaf
2536,AIC,egg
2536,AIC,white wine
2536,AIC,sugar
2536,AIC,semolina
2536,AIC,wheat flour
2537,AIC,powdered sugar
2537,AIC,sour cherry jam
2537,AIC,pastry cream
2537,AIC,water
2537,AIC,olive oil
2537,AIC,salt
2537,AIC,egg
2537,AIC,olive oil or butter
2537,AIC,sugar
2537,AIC,lemon zest
2537,AIC,yeast
2537,AIC,milk
2537,AIC,wheat flour
2537,AIC,potato
2538,AIC,powdered sugar
2538,AIC,warm water
2538,AIC,olive oil
2538,AIC,salt
2538,AIC,sugar
2538,AIC,brewer's yeast
2538,AIC,wheat flour
2539,AIC,boiled salted cod
2539,AIC,anchovy
2539,AIC,warm water
2539,AIC,frying oil
2539,AIC,salt
2539,AIC,brewer's yeast
2539,AIC,wheat flour
2540,AIC,warm water
2540,AIC,olive oil
2540,AIC,salt
2540,AIC,parsley
2540,AIC,brewer's yeast
2540,AIC,wheat flour
2540,AIC,salted cod
2541,AIC,water
2541,AIC,parsley
2541,AIC,chili pepper
2541,AIC,garlic
2541,AIC,salt
2541,AIC,picarel
2542,AIC,salt
2542,AIC,olive oil
2542,AIC,chili pepper
2542,AIC,olive oil
2542,AIC,rosemary
2542,AIC,wheat flour
2542,AIC,garlic
2542,AIC,white wine
2542,AIC,vinegar
2542,AIC,picarel
2543,AIC,black pepper
2543,AIC,salt
2543,AIC,parmigiano cheese
2543,AIC,olive oil
2543,AIC,lardo
2543,AIC,peeled tomato
2543,AIC,ziti
2544,AIC,salt
2544,AIC,olive oil
2544,AIC,sun-dried tomato
2544,AIC,garlic
2544,AIC,pork rind
2544,AIC,cauliflower
2544,AIC,chickpea
2545,AIC,salt
2545,AIC,parsley
2545,AIC,olive oil
2545,AIC,butter
2545,AIC,chicken broth
2545,AIC,tuna belly in oil
2545,AIC,salted anchovy
2545,AIC,black pepper
2545,AIC,maccheroni della regina or pennine pasta
2546,AIC,water
2546,AIC,chili pepper
2546,AIC,frying oil
2546,AIC,black pepper
2546,AIC,salt
2546,AIC,mint
2546,AIC,vinegar
2546,AIC,garlic
2546,AIC,yellow pumpkin
2547,AIC,salt
2547,AIC,olive oil
2547,AIC,garlic
2547,AIC,black-eyed pea
2547,AIC,yellow pumpkin
2548,AIC,salt
2548,AIC,mint
2548,AIC,garlic
2548,AIC,caper
2548,AIC,vinegar
2548,AIC,breadcrumb
2548,AIC,olive oil
2548,AIC,yellow pumpkin
2549,AIC,salt
2549,AIC,calamint
2549,AIC,garlic
2549,AIC,sugar
2549,AIC,olive oil
2549,AIC,wine vinegar
2549,AIC,pumpkin
2550,AIC,anise liqueur
2550,AIC,baking powder
2550,AIC,lemon zest
2550,AIC,egg yolk
2550,AIC,egg
2550,AIC,almond
2550,AIC,vanilla sugar
2550,AIC,butter
2550,AIC,sugar
2550,AIC,wheat flour
2551,AIC,frying oil
2551,AIC,salt
2551,AIC,mint
2551,AIC,garlic
2551,AIC,vinegar
2551,AIC,zucchini
2552,AIC,frying oil
2552,AIC,black pepper
2552,AIC,salt
2552,AIC,wheat flour
2552,AIC,breadcrumb
2552,AIC,grated parmigiano cheese
2552,AIC,egg
2552,AIC,tomato sauce
2552,AIC,zucchini
2553,AIC,warm water
2553,AIC,salt
2553,AIC,vinegar
2553,AIC,olive oil
2553,AIC,breadcrumb
2553,AIC,onion
2553,AIC,zucchini
2554,AIC,salt
2554,AIC,chili pepper
2554,AIC,olive oil
2554,AIC,vinegar
2554,AIC,parsley
2554,AIC,garlic
2554,AIC,zucchini
2555,AIC,black pepper
2555,AIC,salt
2555,AIC,water
2555,AIC,olive oil
2555,AIC,butter
2555,AIC,egg
2555,AIC,grated parmigiano cheese
2555,AIC,breadcrumb
2555,AIC,parsley
2555,AIC,garlic
2555,AIC,finely ground veal
2555,AIC,mortadella
2555,AIC,zucchini
2556,AIC,black pepper
2556,AIC,salt
2556,AIC,nutmeg
2556,AIC,tomato sauce
2556,AIC,olive oil
2556,AIC,breadcrumb
2556,AIC,egg
2556,AIC,grated parmigiano cheese
2556,AIC,ground meat
2556,AIC,zucchini
2557,AIC,water
2557,AIC,mixed liqueur
2557,AIC,sponge cake
2557,AIC,candied citron
2557,AIC,candied cherry
2557,AIC,dark chocolate
2557,AIC,ricotta
2557,AIC,powdered sugar
2557,AIC,whipping cream
2557,AIC,rum
2557,AIC,cognac
2557,AIC,sugar
2557,AIC,unsweetened cocoa powder
2558,AIC,salt and pepper
2558,AIC,nutmeg
2558,AIC,olive oil
2558,AIC,onion
2558,AIC,egg
2558,AIC,amaretti cooky
2558,AIC,sultana raisin
2558,AIC,cream
2558,AIC,mascarpone
2558,AIC,grated grana padano
2558,AIC,butter
2558,AIC,wheat flour
2558,AIC,milk
2558,AIC,zucchini
2559,AIC,salt
2559,AIC,sugar
2559,AIC,breadcrumb
2559,AIC,parsley
2559,AIC,onion
2559,AIC,garlic
2559,AIC,egg
2559,AIC,zucchini
2560,AIC,scamorza
2560,AIC,egg
2560,AIC,olive oil
2560,AIC,stale bread
2560,AIC,white escarole
2560,AIC,parmigiano cheese
2560,AIC,egg
2560,AIC,ground veal
2560,AIC,salt
2560,AIC,parsley
2560,AIC,free-range hen
2561,AIC,black pepper
2561,AIC,salt
2561,AIC,parmigiano cheese
2561,AIC,vinegar
2561,AIC,lemon zest
2561,AIC,garlic
2561,AIC,pimento
2561,AIC,bay leaf
2561,AIC,broth
2561,AIC,olive oil
2561,AIC,wheat flour
2561,AIC,onion
2561,AIC,tripe
2562,AIC,wheat flour
2562,AIC,black pepper
2562,AIC,salt
2562,AIC,olive oil
2562,AIC,cheese
2562,AIC,white wine
2562,AIC,meat broth
2562,AIC,bay leaf
2562,AIC,toasted bread
2562,AIC,tomato
2562,AIC,potato
2562,AIC,carrot
2562,AIC,onion
2562,AIC,celeriac
2562,AIC,young pigeon
2562,AIC,free-range chicken
2562,AIC,young turkey
2563,AIC,water
2563,AIC,black pepper
2563,AIC,salt
2563,AIC,olive oil
2563,AIC,celery heart
2563,AIC,bay leaf
2563,AIC,garlic
2563,AIC,parsley
2563,AIC,caper
2563,AIC,mixed fish
2564,AIC,black pepper
2564,AIC,salt
2564,AIC,white wine
2564,AIC,olive oil
2564,AIC,tomato
2564,AIC,parsley
2564,AIC,onion
2564,AIC,mussel
2564,AIC,eel
2565,AIC,parsley
2565,AIC,cow's milk cheese
2565,AIC,beef broth
2565,AIC,spianata bread
2566,AIC,salt
2566,AIC,stale bread
2566,AIC,white wine
2566,AIC,butter
2566,AIC,carrot
2566,AIC,celery
2566,AIC,onion
2566,AIC,meat broth
2566,AIC,celery
2566,AIC,onion
2566,AIC,chicken
2567,AIC,salt
2567,AIC,peanut oil
2567,AIC,egg
2567,AIC,milk
2567,AIC,crustless bread
2567,AIC,olive oil
2567,AIC,chili pepper
2567,AIC,parsley
2567,AIC,onion
2567,AIC,tomato sauce
2567,AIC,arselle clam
2568,AIC,black pepper
2568,AIC,salt
2568,AIC,olive oil
2568,AIC,parsley
2568,AIC,grated pecorino cheese
2568,AIC,garlic
2568,AIC,egg
2568,AIC,meat broth
2568,AIC,toasted bread
2568,AIC,wild asparagus
2569,AIC,black pepper
2569,AIC,salt
2569,AIC,toasted bread slice
2569,AIC,bay leaf
2569,AIC,parsley
2569,AIC,garlic
2569,AIC,onion
2569,AIC,olive oil
2569,AIC,garda lemon
2569,AIC,perch
2569,AIC,freshwater shrimp
2569,AIC,carp
2569,AIC,bleak (alborelle)
2569,AIC,whitefish (lavarello)
2570,AIC,salt
2570,AIC,hot water
2570,AIC,toasted bread slice
2570,AIC,chili pepper
2570,AIC,parsley
2570,AIC,onion
2570,AIC,garlic
2570,AIC,olive oil
2570,AIC,peeled tomato
2570,AIC,salted cod
2571,AIC,salt
2571,AIC,garlic
2571,AIC,olive oil
2571,AIC,raisin
2571,AIC,pine nut
2571,AIC,walnut
2571,AIC,prune
2571,AIC,dried fig
2571,AIC,peeled tomato
2571,AIC,cauliflower
2571,AIC,bell pepper
2571,AIC,soaked salted cod
2572,AIC,water
2572,AIC,black pepper
2572,AIC,salt
2572,AIC,bay leaf
2572,AIC,parsley
2572,AIC,sun-dried tomato
2572,AIC,garlic
2572,AIC,onion
2572,AIC,olive oil
2572,AIC,pork rib
2572,AIC,borage and cardoon
2573,AIC,black pepper
2573,AIC,salt
2573,AIC,raisin
2573,AIC,pine nut
2573,AIC,stale bread
2573,AIC,lemon
2573,AIC,egg
2573,AIC,ground veal
2573,AIC,cardoon
2573,AIC,chicken broth
2574,AIC,salt
2574,AIC,olive oil
2574,AIC,toasted bread
2574,AIC,chili pepper
2574,AIC,potato
2574,AIC,shallot
2574,AIC,borage leaf
2575,AIC,black pepper
2575,AIC,salt
2575,AIC,olive oil
2575,AIC,bread
2575,AIC,parsley
2575,AIC,garlic
2575,AIC,tomato passata
2575,AIC,chestnut
2575,AIC,chickpea
2576,AIC,grated parmigiano cheese
2576,AIC,water
2576,AIC,black pepper
2576,AIC,salt
2576,AIC,olive oil
2576,AIC,thyme
2576,AIC,basil
2576,AIC,black bread slice
2576,AIC,borlotti bean
2576,AIC,tomato
2576,AIC,potato
2576,AIC,celery
2576,AIC,carrot
2576,AIC,onion
2576,AIC,black kale leaf
2577,AIC,salt
2577,AIC,chili pepper
2577,AIC,basil
2577,AIC,garlic
2577,AIC,celery
2577,AIC,carrot
2577,AIC,onion
2577,AIC,tomato
2577,AIC,olive oil
2577,AIC,dried chestnut
2577,AIC,chickpea
2578,AIC,salt
2578,AIC,olive oil
2578,AIC,bay leaf
2578,AIC,chili pepper
2578,AIC,egg
2578,AIC,sun-dried tomato
2578,AIC,peeled tomato
2578,AIC,onion
2579,AIC,salt
2579,AIC,grated pecorino cheese
2579,AIC,chili powder
2579,AIC,olive oil
2579,AIC,stale bread
2579,AIC,tropea onion
2580,AIC,salt
2580,AIC,olive oil
2580,AIC,parsley
2580,AIC,garlic
2580,AIC,breadcrumb
2580,AIC,grated peretta
2580,AIC,egg
2580,AIC,onion
2581,AIC,salt
2581,AIC,basil
2581,AIC,parsley sprig
2581,AIC,tomato paste
2581,AIC,olive oil
2581,AIC,potato
2581,AIC,onion
2582,AIC,bread slice
2582,AIC,gruyère
2582,AIC,parmigiano cheese
2582,AIC,butter
2582,AIC,broth
2582,AIC,white wine
2582,AIC,wheat flour
2582,AIC,onion
2583,AIC,salt
2583,AIC,olive oil
2583,AIC,scallion
2583,AIC,fava bean
2584,AIC,water
2584,AIC,salt
2584,AIC,cherry tomato
2584,AIC,bread
2584,AIC,olive oil
2584,AIC,chili pepper
2584,AIC,egg
2584,AIC,garlic
2584,AIC,scallion
2585,AIC,black pepper
2585,AIC,salt
2585,AIC,smoked goose breast
2585,AIC,black bread
2585,AIC,breadcrumb
2585,AIC,butter
2585,AIC,vegetable broth
2585,AIC,leek
2585,AIC,potato
2585,AIC,horseradish
2586,AIC,black pepper
2586,AIC,salt
2586,AIC,olive oil
2586,AIC,chili powder
2586,AIC,large slice of rustic bread
2586,AIC,garlic
2586,AIC,celery
2586,AIC,dried bean
2587,AIC,salt
2587,AIC,parmigiano cheese rind
2587,AIC,chili pepper
2587,AIC,peeled tomato
2587,AIC,parsley
2587,AIC,garlic
2587,AIC,salted pork rind
2587,AIC,celery
2587,AIC,lardo
2587,AIC,escarole
2587,AIC,dried bean
2587,AIC,sausage
2587,AIC,prosciutto bone
2588,AIC,salt
2588,AIC,bay leaf
2588,AIC,smoked ricotta
2588,AIC,smoked sausage
2588,AIC,butter
2588,AIC,wheat flour
2588,AIC,corn flour
2589,AIC,salt
2589,AIC,parsley
2589,AIC,onion
2589,AIC,lardo
2589,AIC,dried fava bean
2590,AIC,olive oil
2590,AIC,sun-dried tomato
2590,AIC,garlic
2590,AIC,onion
2590,AIC,wild fennel
2590,AIC,aged pecorino cheese
2590,AIC,peretta
2590,AIC,carasau bread
2591,AIC,salt
2591,AIC,parsley
2591,AIC,garlic
2591,AIC,olive oil
2591,AIC,chili pepper
2591,AIC,tomato
2591,AIC,chickpea
2591,AIC,cannellini bean
2591,AIC,borlotti bean
2591,AIC,farro
2592,AIC,black pepper
2592,AIC,salt
2592,AIC,lemon
2592,AIC,asparagus
2592,AIC,parsley
2592,AIC,olive oil
2592,AIC,pancetta
2592,AIC,small fresh onion
2592,AIC,pea
2592,AIC,fava bean
2592,AIC,artichoke
2592,AIC,potato
2593,AIC,salt
2593,AIC,basil
2593,AIC,pecorino sardo
2593,AIC,olive oil
2593,AIC,fregula
2593,AIC,tomato
2594,AIC,toasted bread slice
2594,AIC,black pepper
2594,AIC,salt
2594,AIC,rosemary
2594,AIC,chili pepper
2594,AIC,clof
2594,AIC,lard
2594,AIC,olive oil
2594,AIC,onion
2594,AIC,tomato pulp
2594,AIC,porcini mushroom
2595,AIC,salt
2595,AIC,stale bread
2595,AIC,olive oil
2595,AIC,bay leaf
2595,AIC,parsley
2595,AIC,garlic
2595,AIC,onion
2595,AIC,celery
2595,AIC,carrot
2595,AIC,chestnut
2595,AIC,mountain lentil
2596,AIC,salt
2596,AIC,bread
2596,AIC,chili pepper
2596,AIC,onion
2596,AIC,garlic
2596,AIC,carrot
2596,AIC,celery
2596,AIC,olive oil
2596,AIC,parsley
2596,AIC,pumpkin
2596,AIC,pearl barley
2596,AIC,cooked legume
2597,AIC,black pepper
2597,AIC,salt
2597,AIC,bread
2597,AIC,olive oil
2597,AIC,white wine
2597,AIC,tomato passata
2597,AIC,celery
2597,AIC,carrot
2597,AIC,onion
2597,AIC,lentil
2598,AIC,salt
2598,AIC,carasau bread
2598,AIC,parsley
2598,AIC,tomato
2598,AIC,celery
2598,AIC,carrot
2598,AIC,onion
2598,AIC,savoy cabbage
2598,AIC,potato
2598,AIC,green bean
2598,AIC,borlotti bean
2598,AIC,lardo with rind
2598,AIC,semi-cured salsiccia
2598,AIC,pig's head
2599,AIC,white pepper
2599,AIC,salt
2599,AIC,garlic
2599,AIC,parsley
2599,AIC,olive oil
2599,AIC,potato
2599,AIC,hake
1,Artusi,sugar
1,Artusi,onion
1,Artusi,basil stalk
1,Artusi,parsley stalk
1,Artusi,carrot stalk
1,Artusi,celery
1,Artusi,spongy bone
1,Artusi,water
1,Artusi,meat
2,Artusi,cold water
2,Artusi,salt
2,Artusi,lean veal or beef
3,Artusi,boiling water
3,Artusi,ice
3,Artusi,marsala wine
3,Artusi,water
3,Artusi,sugar
3,Artusi,water
3,Artusi,egg
3,Artusi,lean veal
3,Artusi,isinglass sheet
3,Artusi,salt
3,Artusi,cold water
3,Artusi,chicken head with neck
3,Artusi,chicken foot
3,Artusi,suckling calf's foot
3,Artusi,boneless beef shank
4,Artusi,chicken head
4,Artusi,chicken neck
4,Artusi,spongy bone broth
4,Artusi,hot water
4,Artusi,cold water
4,Artusi,clove
4,Artusi,salt
4,Artusi,pork rind
4,Artusi,kitchen meat scrap
4,Artusi,lean beef
4,Artusi,butter
4,Artusi,celery
4,Artusi,carrot
4,Artusi,onion
4,Artusi,cured meat
4,Artusi,lardon
5,Artusi,potato starch
5,Artusi,bouquet garni
5,Artusi,carrot
5,Artusi,sugar
5,Artusi,black pepper
5,Artusi,clove
5,Artusi,salt
5,Artusi,onion
5,Artusi,butter
5,Artusi,prosciutto
5,Artusi,lardon
5,Artusi,water
5,Artusi,lean beef
6,Artusi,basil
6,Artusi,parsley
6,Artusi,celery
6,Artusi,tomato
7,Artusi,capon broth
7,Artusi,water
7,Artusi,egg white
7,Artusi,wheat flour
7,Artusi,pork loin
7,Artusi,lemon zest
7,Artusi,spices
7,Artusi,nutmeg
7,Artusi,egg yolk
7,Artusi,egg
7,Artusi,parmigiano cheese
7,Artusi,black pepper
7,Artusi,salt
7,Artusi,butter
7,Artusi,capon breast
7,Artusi,raviggiolo
7,Artusi,ricotta
8,Artusi,pasta dough sheet
8,Artusi,lean turkey breast
8,Artusi,black pepper
8,Artusi,salt
8,Artusi,butter
8,Artusi,nutmeg
8,Artusi,egg white
8,Artusi,egg yolk
8,Artusi,parmigiano cheese
8,Artusi,beef marrow
8,Artusi,lamb brain
8,Artusi,pork loin chop
9,Artusi,egg yolk
9,Artusi,butter
9,Artusi,capon breast
9,Artusi,egg
9,Artusi,nutmeg
9,Artusi,egg
9,Artusi,parmigiano cheese
9,Artusi,beef marrow
9,Artusi,mortadella
9,Artusi,prosciutto
10,Artusi,meat sauce with giblet
10,Artusi,butter
10,Artusi,cheese
10,Artusi,broth
10,Artusi,pasta dough
10,Artusi,salt
10,Artusi,water
10,Artusi,nutmeg
10,Artusi,prosciutto
10,Artusi,parmigiano cheese
10,Artusi,young pigeon
11,Artusi,pea
11,Artusi,herbs
11,Artusi,broth
11,Artusi,salt
11,Artusi,nutmeg
11,Artusi,parmigiano cheese
11,Artusi,egg
11,Artusi,stale bread
12,Artusi,parmigiano cheese
12,Artusi,egg
12,Artusi,broth
12,Artusi,breadcrumb
13,Artusi,egg
13,Artusi,fine-grained semolina
14,Artusi,broth
14,Artusi,wheat flour
14,Artusi,nutmeg
14,Artusi,salt
14,Artusi,egg yolk
14,Artusi,parmigiano cheese
14,Artusi,chicken breast
14,Artusi,potato
15,Artusi,broth
15,Artusi,egg
15,Artusi,nutmeg
15,Artusi,butter
15,Artusi,parmigiano cheese
15,Artusi,salt
15,Artusi,milk
15,Artusi,fine-grain semolina
16,Artusi,broth
16,Artusi,nutmeg
16,Artusi,salt
16,Artusi,butter
16,Artusi,parmigiano cheese
16,Artusi,semolina
16,Artusi,egg
17,Artusi,broth
17,Artusi,olive oil
17,Artusi,salt
17,Artusi,egg
17,Artusi,brewer's yeast
17,Artusi,butter
17,Artusi,wheat flour
18,Artusi,broth
18,Artusi,nutmeg
18,Artusi,parmigiano cheese
18,Artusi,breadcrumb
18,Artusi,egg yolk
18,Artusi,egg white
19,Artusi,fat
19,Artusi,stale bread
19,Artusi,broth
19,Artusi,salt
19,Artusi,nutmeg
19,Artusi,egg
19,Artusi,bread crumb porridge
19,Artusi,grated parmigiano cheese
19,Artusi,fatty prosciutto crudo
19,Artusi,lean milk-fed veal
20,Artusi,lemon zest
20,Artusi,nutmeg
20,Artusi,egg
20,Artusi,parmigiano cheese
20,Artusi,beef marrow
20,Artusi,breadcrumb
21,Artusi,broth
21,Artusi,nutmeg
21,Artusi,salt
21,Artusi,egg yolk
21,Artusi,butter
21,Artusi,beef marrow
21,Artusi,parmigiano cheese
21,Artusi,breadcrumb
21,Artusi,beef fillet
22,Artusi,broth
22,Artusi,cappelletti filling from recipe #7
23,Artusi,broth
23,Artusi,nutmeg
23,Artusi,wheat flour
23,Artusi,salt
23,Artusi,butter
23,Artusi,egg yolk
23,Artusi,egg
23,Artusi,parmigiano cheese
23,Artusi,semolina
23,Artusi,milk
24,Artusi,broth
24,Artusi,butter
24,Artusi,lard
24,Artusi,dumpling mixture
25,Artusi,broth
25,Artusi,nutmeg
25,Artusi,lemon zest
25,Artusi,salt
25,Artusi,egg
25,Artusi,parmigiano cheese
25,Artusi,ricotta
26,Artusi,broth
26,Artusi,salt
26,Artusi,nutmeg
26,Artusi,parmigiano cheese
26,Artusi,wheat flour
26,Artusi,egg
27,Artusi,nutmeg
27,Artusi,salt
27,Artusi,egg
27,Artusi,milk
27,Artusi,parmigiano cheese
27,Artusi,butter
27,Artusi,wheat flour
28,Artusi,broth
28,Artusi,nutmeg
28,Artusi,egg white
28,Artusi,egg yolk
28,Artusi,wheat flour
28,Artusi,parmigiano cheese
28,Artusi,beef marrow
28,Artusi,prosciutto
28,Artusi,breadcrumb
29,Artusi,broth
29,Artusi,lard
29,Artusi,olive oil
29,Artusi,wheat flour
29,Artusi,salt
29,Artusi,nutmeg
29,Artusi,egg yolk
29,Artusi,grated parmigiano cheese
29,Artusi,butter
29,Artusi,potato
30,Artusi,milk
30,Artusi,salt
30,Artusi,nutmeg
30,Artusi,egg yolk
30,Artusi,parmigiano cheese
30,Artusi,butter
30,Artusi,rice
31,Artusi,broth
31,Artusi,spinach
31,Artusi,nutmeg
31,Artusi,salt
31,Artusi,egg yolk
31,Artusi,egg
31,Artusi,milk
31,Artusi,parmigiano cheese
31,Artusi,butter
31,Artusi,wheat flour
32,Artusi,broth
32,Artusi,butter
32,Artusi,olive oil
32,Artusi,lard
32,Artusi,stale bread
32,Artusi,salt
32,Artusi,egg
32,Artusi,nutmeg
32,Artusi,parmigiano cheese
32,Artusi,bone marrow
32,Artusi,prosciutto
32,Artusi,capon breast
33,Artusi,bread cube
33,Artusi,grated parmigiano cheese
33,Artusi,egg yolk
33,Artusi,egg
33,Artusi,broth
33,Artusi,salt
33,Artusi,olive oil
33,Artusi,butter
33,Artusi,parsley
33,Artusi,lardon
33,Artusi,caesar's mushroom
34,Artusi,parmigiano cheese
34,Artusi,bread
34,Artusi,wheat flour
34,Artusi,butter
34,Artusi,broth
34,Artusi,yellow pumpkin
35,Artusi,stale bread
35,Artusi,meat sauce
35,Artusi,butter
35,Artusi,bread
35,Artusi,basil
35,Artusi,carrot
35,Artusi,celery
35,Artusi,parsley
35,Artusi,broth
35,Artusi,shelled pea
36,Artusi,lard
36,Artusi,olive oil
36,Artusi,stale bread
36,Artusi,broth
36,Artusi,butter
36,Artusi,black pepper
36,Artusi,salt
36,Artusi,white cabbage
36,Artusi,celery
36,Artusi,sorrel
36,Artusi,carrot
36,Artusi,assorted vegetable
37,Artusi,parmigiano cheese
37,Artusi,bread
37,Artusi,broth
37,Artusi,egg yolk
37,Artusi,butter
37,Artusi,salt
37,Artusi,lettuce
37,Artusi,sorrel
38,Artusi,parmigiano cheese
38,Artusi,bread
38,Artusi,butter
38,Artusi,potato
38,Artusi,pea
38,Artusi,zucchini
38,Artusi,sorrel
38,Artusi,savoy cabbage
38,Artusi,carrot
38,Artusi,celery
38,Artusi,kitchen scrap
38,Artusi,chicken neck
38,Artusi,beef for sauce
39,Artusi,hard-boiled egg yolk
39,Artusi,parmigiano cheese
39,Artusi,butter
39,Artusi,bread
39,Artusi,milk
39,Artusi,broth
39,Artusi,breadcrumb
39,Artusi,sweet almond
39,Artusi,roast chicken white meat
40,Artusi,lard
40,Artusi,diced bread
40,Artusi,wheat flour
40,Artusi,nutmeg
40,Artusi,egg yolk
40,Artusi,breadcrumb
40,Artusi,broth
40,Artusi,black pepper
40,Artusi,salt
40,Artusi,butter
40,Artusi,chicken breast
41,Artusi,parmigiano cheese
41,Artusi,broth
41,Artusi,butter
41,Artusi,wheat flour
41,Artusi,egg
42,Artusi,parmigiano cheese
42,Artusi,butter
42,Artusi,cabbage
42,Artusi,turnip
42,Artusi,broth
42,Artusi,luganiga sausage
42,Artusi,rice
43,Artusi,tomato sauce or paste
43,Artusi,cured meat
43,Artusi,parmigiano cheese
43,Artusi,rice
43,Artusi,water
43,Artusi,black pepper
43,Artusi,salt
43,Artusi,butter
43,Artusi,parsley
43,Artusi,garlic
43,Artusi,lardon
43,Artusi,chicken
44,Artusi,parmigiano cheese
44,Artusi,rice
44,Artusi,broth
44,Artusi,black pepper
44,Artusi,salt
44,Artusi,quail
44,Artusi,butter
44,Artusi,onion
44,Artusi,prosciutto
45,Artusi,dill
45,Artusi,chard
45,Artusi,pea
45,Artusi,spices
45,Artusi,parmigiano cheese
45,Artusi,breadcrumb
45,Artusi,egg
45,Artusi,wheat flour
46,Artusi,parmigiano cheese
46,Artusi,tomato sauce
46,Artusi,meat sauce
46,Artusi,breadcrumb
46,Artusi,olive oil
46,Artusi,water
46,Artusi,black pepper
46,Artusi,salt
46,Artusi,assorted vegetable
46,Artusi,egg yolk
46,Artusi,hard-boiled egg
46,Artusi,chicken liver
46,Artusi,coarse semolina
46,Artusi,lean veal
46,Artusi,veal breast
47,Artusi,parmigiano cheese
47,Artusi,rice
47,Artusi,salt
47,Artusi,black pepper
47,Artusi,tomato sauce
47,Artusi,pork rind
47,Artusi,onion
47,Artusi,zucchini
47,Artusi,potato
47,Artusi,carrot
47,Artusi,celery
47,Artusi,parsley
47,Artusi,garlic
47,Artusi,fatty prosciutto crudo
47,Artusi,chard
47,Artusi,spinach
47,Artusi,savoy cabbage
47,Artusi,bean
47,Artusi,broth
48,Artusi,broth
48,Artusi,lemon zest
48,Artusi,nutmeg
48,Artusi,salt
48,Artusi,egg yolk
48,Artusi,egg
48,Artusi,milk
48,Artusi,parmigiano cheese
48,Artusi,fine semolina
49,Artusi,parmigiano cheese
49,Artusi,tomato sauce
49,Artusi,water
49,Artusi,broth
49,Artusi,black pepper
49,Artusi,salt
49,Artusi,butter
49,Artusi,rice
49,Artusi,small zucchini
50,Artusi,salt
50,Artusi,broth or milk
50,Artusi,white onion
50,Artusi,egg
50,Artusi,parmigiano cheese
50,Artusi,butter
50,Artusi,gruyère
50,Artusi,bread
51,Artusi,broth
51,Artusi,nutmeg
51,Artusi,parmigiano cheese
51,Artusi,egg
51,Artusi,wheat flour
52,Artusi,parmigiano cheese
52,Artusi,olive oil
52,Artusi,lard
52,Artusi,bread
52,Artusi,meat sauce
52,Artusi,butter
52,Artusi,soft bread crumb
52,Artusi,broth
52,Artusi,shrimp
53,Artusi,sweetbread
53,Artusi,olive oil
53,Artusi,parmigiano cheese
53,Artusi,bread
53,Artusi,broth
53,Artusi,black pepper
53,Artusi,salt
53,Artusi,meat juice
53,Artusi,butter
53,Artusi,lemon
53,Artusi,basil
53,Artusi,parsley
53,Artusi,egg
53,Artusi,chicken liver
53,Artusi,veal brain
54,Artusi,egg
54,Artusi,egg
54,Artusi,nutmeg
54,Artusi,parmigiano cheese
54,Artusi,breadcrumb
54,Artusi,red wine
54,Artusi,broth
54,Artusi,spices
54,Artusi,black pepper
54,Artusi,salt
54,Artusi,onion
54,Artusi,butter
54,Artusi,lardon
54,Artusi,lean beef
55,Artusi,cheese
55,Artusi,butter
55,Artusi,water
55,Artusi,pasta dough
55,Artusi,parsley
55,Artusi,salt
55,Artusi,spices
55,Artusi,nutmeg
55,Artusi,egg yolk
55,Artusi,egg
55,Artusi,parmigiano cheese
55,Artusi,ricotta or raviggiuolo cheese
56,Artusi,bread
56,Artusi,butter
56,Artusi,bread
56,Artusi,water
56,Artusi,black pepper
56,Artusi,salt
56,Artusi,basil
56,Artusi,celery
56,Artusi,parsley
56,Artusi,carrot
56,Artusi,scallion
56,Artusi,butter
56,Artusi,prosciutto
56,Artusi,shelled pea
57,Artusi,bread
57,Artusi,black cabbage
57,Artusi,tomato sauce
57,Artusi,bean broth
57,Artusi,black pepper
57,Artusi,olive oil
57,Artusi,white celery
57,Artusi,parsley
57,Artusi,garlic
57,Artusi,onion
57,Artusi,bean
58,Artusi,tomato sauce
58,Artusi,black pepper
58,Artusi,salt
58,Artusi,parsley
58,Artusi,celery
58,Artusi,garlic
58,Artusi,onion
58,Artusi,pork rind
58,Artusi,potato
58,Artusi,summer savory
58,Artusi,chard
58,Artusi,kale
58,Artusi,cabbage
58,Artusi,water
58,Artusi,olive oil
58,Artusi,white bean
58,Artusi,stale whole wheat bread
59,Artusi,polenta flour
59,Artusi,tomato sauce
59,Artusi,garlic
59,Artusi,olive oil
59,Artusi,thyme
59,Artusi,black pepper
59,Artusi,salt
59,Artusi,white cabbage
59,Artusi,white bean
60,Artusi,grated parmigiano cheese
60,Artusi,egg
60,Artusi,tomato sauce or paste
60,Artusi,butter
60,Artusi,salt
60,Artusi,water
60,Artusi,semolina
61,Artusi,rice
61,Artusi,lentil
62,Artusi,parmigiano cheese
62,Artusi,butter
62,Artusi,olive oil
62,Artusi,dried mushroom
62,Artusi,bread
62,Artusi,onion
62,Artusi,garlic
62,Artusi,telline clam
63,Artusi,parmigiano cheese
63,Artusi,butter
63,Artusi,telline clam
63,Artusi,spaghetti
64,Artusi,bread
64,Artusi,dried mushroom
64,Artusi,water
64,Artusi,tomato paste
64,Artusi,tomato
64,Artusi,olive oil
64,Artusi,black pepper
64,Artusi,salt
64,Artusi,onion
64,Artusi,basil
64,Artusi,celery
64,Artusi,carrot
64,Artusi,parsley
64,Artusi,garlic
64,Artusi,frog
65,Artusi,parmigiano cheese
65,Artusi,bread
65,Artusi,dried mushroom
65,Artusi,tomato sauce
65,Artusi,black pepper
65,Artusi,salt
65,Artusi,olive oil
65,Artusi,celery
65,Artusi,carrot
65,Artusi,parsley
65,Artusi,garlic
65,Artusi,onion
65,Artusi,water
65,Artusi,mullet
66,Artusi,capon broth
66,Artusi,lard
66,Artusi,butter
66,Artusi,bread
66,Artusi,parmigiano cheese
66,Artusi,egg
66,Artusi,black pepper
66,Artusi,salt
66,Artusi,tomato sauce
66,Artusi,water
66,Artusi,olive oil
66,Artusi,celery
66,Artusi,parsley
66,Artusi,onion
66,Artusi,fish
67,Artusi,parmigiano cheese
67,Artusi,tomato sauce
67,Artusi,salt
67,Artusi,water
67,Artusi,butter
67,Artusi,pastina or capellini
67,Artusi,shi drum
68,Artusi,bread
68,Artusi,tomato sauce
68,Artusi,black pepper
68,Artusi,salt
68,Artusi,butter
68,Artusi,dill stalk
68,Artusi,celery
68,Artusi,carrot
68,Artusi,onion
68,Artusi,water
68,Artusi,dried pea
69,Artusi,sausage
69,Artusi,parmigiano cheese
69,Artusi,salt
69,Artusi,water
69,Artusi,broth
69,Artusi,tomato paste
69,Artusi,tomato sauce
69,Artusi,butter
69,Artusi,carrot
69,Artusi,celery
69,Artusi,prosciutto
69,Artusi,egg
69,Artusi,wheat flour
70,Artusi,butter
70,Artusi,cheese
70,Artusi,wheat flour
70,Artusi,egg
70,Artusi,spinach
71,Artusi,butter
71,Artusi,spaghetti alla rustica sauce
71,Artusi,tagliatelle
72,Artusi,mussel
72,Artusi,cockle
72,Artusi,parmigiano cheese
72,Artusi,butter
72,Artusi,tomato paste
72,Artusi,tomato sauce
72,Artusi,black pepper
72,Artusi,dried mushroom
72,Artusi,celery
72,Artusi,carrot
72,Artusi,parsley
72,Artusi,onion
72,Artusi,garlic
72,Artusi,olive oil
72,Artusi,salt
72,Artusi,water
72,Artusi,rice
72,Artusi,wedge clam
73,Artusi,scallion
73,Artusi,pea
73,Artusi,parmigiano cheese
73,Artusi,butter
73,Artusi,dried mushroom
73,Artusi,water
73,Artusi,tomato sauce or paste
73,Artusi,black pepper
73,Artusi,salt
73,Artusi,olive oil
73,Artusi,white celery
73,Artusi,carrot
73,Artusi,basil
73,Artusi,parsley
73,Artusi,garlic
73,Artusi,tench
73,Artusi,rice
74,Artusi,pea
74,Artusi,butter
74,Artusi,tomato sauce or paste
74,Artusi,parmigiano cheese
74,Artusi,hot water
74,Artusi,rice
74,Artusi,chard
74,Artusi,olive oil
74,Artusi,garlic
74,Artusi,onion
74,Artusi,cuttlefish
75,Artusi,salt
75,Artusi,hot water
75,Artusi,peas (from recipe #427)
75,Artusi,onion
75,Artusi,parmigiano cheese
75,Artusi,butter
75,Artusi,rice
76,Artusi,dried mushroom
76,Artusi,parmigiano cheese
76,Artusi,butter
76,Artusi,garlic
76,Artusi,black pepper
76,Artusi,salt
76,Artusi,water
76,Artusi,tomato sauce
76,Artusi,olive oil
76,Artusi,carrot
76,Artusi,celery
76,Artusi,parsley
76,Artusi,onion
76,Artusi,porcini mushroom
76,Artusi,rice
77,Artusi,salted pork
77,Artusi,tomato sauce
77,Artusi,hot water
77,Artusi,parmigiano cheese
77,Artusi,butter
77,Artusi,rice
78,Artusi,parmigiano cheese
78,Artusi,broth
78,Artusi,onion
78,Artusi,saffron
78,Artusi,butter
78,Artusi,rice
79,Artusi,broth
79,Artusi,parmigiano cheese
79,Artusi,saffron
79,Artusi,white wine
79,Artusi,onion
79,Artusi,beef marrow
79,Artusi,butter
79,Artusi,rice
80,Artusi,parmigiano cheese
80,Artusi,broth
80,Artusi,saffron
80,Artusi,marsala wine
80,Artusi,onion
80,Artusi,butter
80,Artusi,rice
81,Artusi,parmigiano cheese
81,Artusi,butter
81,Artusi,water
81,Artusi,tomato
81,Artusi,salt
81,Artusi,black pepper
81,Artusi,olive oil
81,Artusi,basil
81,Artusi,parsley
81,Artusi,celery
81,Artusi,carrot
81,Artusi,garlic
81,Artusi,onion
81,Artusi,rice
81,Artusi,frog
82,Artusi,meat broth
82,Artusi,parmigiano cheese
82,Artusi,butter
82,Artusi,hot water
82,Artusi,tomato sauce or paste
82,Artusi,black pepper
82,Artusi,salt
82,Artusi,olive oil
82,Artusi,parsley
82,Artusi,celery
82,Artusi,carrot
82,Artusi,garlic
82,Artusi,onion
82,Artusi,rice
82,Artusi,shrimp
83,Artusi,dried mushroom
83,Artusi,parmigiano cheese
83,Artusi,butter
83,Artusi,rice
83,Artusi,tomato sauce
83,Artusi,black pepper
83,Artusi,salt
83,Artusi,olive oil
83,Artusi,celery
83,Artusi,carrot
83,Artusi,parsley
83,Artusi,garlic
83,Artusi,onion
83,Artusi,fish broth
84,Artusi,parmigiano cheese
84,Artusi,milk
84,Artusi,salt
84,Artusi,water
84,Artusi,broth
84,Artusi,parmigiano cheese
84,Artusi,gruyère
84,Artusi,butter
84,Artusi,long neapolitan-style maccheroni
85,Artusi,macaroni
85,Artusi,cheese
85,Artusi,tomato paste
85,Artusi,water
85,Artusi,tomato paste
85,Artusi,tomato
85,Artusi,onion
85,Artusi,black pepper
85,Artusi,salt
85,Artusi,parsley
85,Artusi,garlic
85,Artusi,lardon
85,Artusi,pine nut
85,Artusi,raisin
85,Artusi,prosciutto
85,Artusi,beef silverside
86,Artusi,penne pasta
86,Artusi,parmigiano cheese
86,Artusi,black pepper
86,Artusi,salt
86,Artusi,basil
86,Artusi,tomato
86,Artusi,olive oil
86,Artusi,butter
86,Artusi,onion
86,Artusi,long maccheroni
87,Artusi,cream
87,Artusi,chicken liver
87,Artusi,truffle
87,Artusi,dried mushroom
87,Artusi,parmigiano cheese
87,Artusi,nutmeg
87,Artusi,black pepper
87,Artusi,salt
87,Artusi,broth
87,Artusi,wheat flour
87,Artusi,white celery
87,Artusi,carrot
87,Artusi,onion
87,Artusi,butter
87,Artusi,pancetta
87,Artusi,lean veal
87,Artusi,denti di cavallo pasta
88,Artusi,water
88,Artusi,tomato sauce or paste
88,Artusi,black pepper
88,Artusi,salt
88,Artusi,wheat flour
88,Artusi,olive oil
88,Artusi,wild fennel
88,Artusi,salted anchovy
88,Artusi,sardine
88,Artusi,long neapolitan maccheroni
89,Artusi,parmigiano cheese
89,Artusi,milk
89,Artusi,tomato sauce
89,Artusi,butter
89,Artusi,cheese
89,Artusi,salt
89,Artusi,wheat flour
89,Artusi,yellow potato
90,Artusi,tomato paste
90,Artusi,tomato sauce
90,Artusi,butter
90,Artusi,cheese
90,Artusi,salt
90,Artusi,water
90,Artusi,coarse yellow polenta
91,Artusi,parmigiano cheese
91,Artusi,duck liver
91,Artusi,egg
91,Artusi,nutmeg
91,Artusi,tomato
91,Artusi,veal or beef spleen
91,Artusi,water
91,Artusi,broth
91,Artusi,carrot
91,Artusi,celery
91,Artusi,onion
91,Artusi,prosciutto
91,Artusi,black pepper
91,Artusi,salt
91,Artusi,butter
91,Artusi,domestic duck
92,Artusi,parmigiano cheese
92,Artusi,butter
92,Artusi,teal gizzard
92,Artusi,teal liver
92,Artusi,salt
92,Artusi,water
92,Artusi,parsley stalk
92,Artusi,carrot
92,Artusi,celery
92,Artusi,teal
92,Artusi,pasta
93,Artusi,beef fillet
93,Artusi,pasta
93,Artusi,parmigiano cheese
93,Artusi,wheat flour
93,Artusi,nutmeg
93,Artusi,spices
93,Artusi,dried mushroom
93,Artusi,tomato sauce
93,Artusi,broth
93,Artusi,black pepper
93,Artusi,salt
93,Artusi,butter
93,Artusi,prosciutto
93,Artusi,carrot
93,Artusi,celery
93,Artusi,onion
93,Artusi,teal
94,Artusi,pappardelle
94,Artusi,parmigiano cheese
94,Artusi,tomato sauce
94,Artusi,water
94,Artusi,black pepper
94,Artusi,salt
94,Artusi,parsley
94,Artusi,carrot
94,Artusi,celery
94,Artusi,onion
94,Artusi,cured meat
94,Artusi,olive oil
94,Artusi,butter
94,Artusi,rabbit
95,Artusi,water
95,Artusi,black pepper
95,Artusi,salt
95,Artusi,meat sauce
95,Artusi,wheat flour
95,Artusi,parmigiano cheese
95,Artusi,nutmeg
95,Artusi,celery
95,Artusi,carrot
95,Artusi,onion
95,Artusi,cured meat
95,Artusi,butter
95,Artusi,hare fillet
95,Artusi,pappardelle
96,Artusi,parmigiano cheese
96,Artusi,nutmeg
96,Artusi,butter
96,Artusi,wheat flour
96,Artusi,butter
96,Artusi,tomato sauce
96,Artusi,broth
96,Artusi,black pepper
96,Artusi,salt
96,Artusi,butter
96,Artusi,parsley
96,Artusi,carrot
96,Artusi,celery
96,Artusi,onion
96,Artusi,prosciutto
96,Artusi,pappardelle pasta
96,Artusi,hare meat
97,Artusi,cheese
97,Artusi,butter
97,Artusi,sauce
97,Artusi,water
97,Artusi,wheat flour
97,Artusi,salt
97,Artusi,spices
97,Artusi,nutmeg
97,Artusi,chard
97,Artusi,egg
97,Artusi,parmigiano cheese
97,Artusi,ricotta
98,Artusi,meat sauce
98,Artusi,cheese
98,Artusi,water
98,Artusi,wheat flour
98,Artusi,salt
98,Artusi,egg yolk
98,Artusi,egg
98,Artusi,grated parmigiano cheese
98,Artusi,wheat flour
98,Artusi,ricotta
99,Artusi,cheese
99,Artusi,broth
99,Artusi,pasta dough
99,Artusi,egg yolk
99,Artusi,nutmeg
99,Artusi,parmigiano cheese
99,Artusi,spinach
99,Artusi,prosciutto
99,Artusi,meat sauce
99,Artusi,butter
99,Artusi,chicken liver
99,Artusi,sweetbread
99,Artusi,lamb brain
99,Artusi,capon or pullet breast
100,Artusi,salt
100,Artusi,tomato sauce or paste
100,Artusi,butter
100,Artusi,black pepper
100,Artusi,olive oil
100,Artusi,anchovy
100,Artusi,spaghetti
101,Artusi,parmigiano cheese
101,Artusi,water
101,Artusi,tomato sauce
101,Artusi,black pepper
101,Artusi,salt
101,Artusi,onion
101,Artusi,nutmeg
101,Artusi,marsala wine
101,Artusi,olive oil
101,Artusi,butter
101,Artusi,hake
101,Artusi,spaghetti
102,Artusi,spaghetti
102,Artusi,parmigiano cheese
102,Artusi,water
102,Artusi,tomato sauce
102,Artusi,onion
102,Artusi,black pepper
102,Artusi,salt
102,Artusi,olive oil
102,Artusi,garlic
102,Artusi,parsley
102,Artusi,breadcrumb
102,Artusi,cuttlefish
103,Artusi,black pepper
103,Artusi,olive oil
103,Artusi,spices
103,Artusi,powdered sugar
103,Artusi,breadcrumb
103,Artusi,walnut
103,Artusi,spaghetti
104,Artusi,water
104,Artusi,spaghetti
104,Artusi,parmigiano cheese
104,Artusi,black pepper
104,Artusi,salt
104,Artusi,tomato
104,Artusi,olive oil
104,Artusi,basil
104,Artusi,parsley
104,Artusi,garlic
105,Artusi,parmigiano cheese
105,Artusi,black pepper
105,Artusi,salt
105,Artusi,dill
105,Artusi,olive oil
105,Artusi,parsley
105,Artusi,celery
105,Artusi,garlic
105,Artusi,scallion
105,Artusi,cured meat (carnesecca)
105,Artusi,shelled pea
105,Artusi,spaghetti
106,Artusi,wheat flour
106,Artusi,butter
106,Artusi,milk
106,Artusi,butter
106,Artusi,parmigiano cheese
106,Artusi,spaghetti
107,Artusi,parmigiano cheese
107,Artusi,bread
107,Artusi,rice
107,Artusi,hot water
107,Artusi,black pepper
107,Artusi,salt
107,Artusi,potato
107,Artusi,tomato
107,Artusi,butter
107,Artusi,dill
107,Artusi,basil
107,Artusi,carrot
107,Artusi,celery
107,Artusi,parsley
107,Artusi,onion
107,Artusi,cabbage
107,Artusi,lettuce
107,Artusi,spinach
107,Artusi,chard
108,Artusi,olive oil
108,Artusi,bread
108,Artusi,vinegar
108,Artusi,water
108,Artusi,wheat flour
108,Artusi,prosciutto
108,Artusi,candied fruit
108,Artusi,pine nut
108,Artusi,currant
108,Artusi,powdered sugar
108,Artusi,pickled caper
109,Artusi,prepared truffle with sauce
109,Artusi,butter
109,Artusi,bread
110,Artusi,bread
110,Artusi,lemon juice
110,Artusi,breadcrumb
110,Artusi,broth
110,Artusi,dried mushroom
110,Artusi,black pepper
110,Artusi,salt
110,Artusi,butter
110,Artusi,olive oil
110,Artusi,carrot
110,Artusi,celery
110,Artusi,parsley
110,Artusi,prosciutto fat
110,Artusi,white onion
110,Artusi,shallot
110,Artusi,chicken liver
111,Artusi,water
111,Artusi,egg
111,Artusi,stale bread
111,Artusi,parmigiano cheese
111,Artusi,broth
111,Artusi,wheat flour
111,Artusi,black pepper
111,Artusi,salt
111,Artusi,sage
111,Artusi,chicken liver
111,Artusi,butter
111,Artusi,prosciutto
111,Artusi,onion
112,Artusi,lardon
112,Artusi,sage
112,Artusi,bread
112,Artusi,meat broth
112,Artusi,black pepper
112,Artusi,butter
112,Artusi,anchovy pulp
112,Artusi,parsley
112,Artusi,woodcock gizzard
112,Artusi,woodcock innard
112,Artusi,woodcock
113,Artusi,lemon juice
113,Artusi,olive oil
113,Artusi,anchovy
113,Artusi,butter
113,Artusi,caviar
113,Artusi,day-old white bread
114,Artusi,salted tongue
114,Artusi,prosciutto cotto
114,Artusi,cold butter
114,Artusi,rye bread
114,Artusi,day-old fine bread
115,Artusi,fresh bread
115,Artusi,black pepper
115,Artusi,broth
115,Artusi,butter
115,Artusi,anchovy
115,Artusi,chicken liver
116,Artusi,bread
116,Artusi,breadcrumb
116,Artusi,spices
116,Artusi,black pepper
116,Artusi,salt
116,Artusi,olive oil
116,Artusi,onion
116,Artusi,meat sauce
116,Artusi,butter
116,Artusi,anchovy
116,Artusi,mutton spleen
117,Artusi,anchovy fillet
117,Artusi,parsley
117,Artusi,cold butter
117,Artusi,breadcrumb
118,Artusi,caviar crouton
118,Artusi,fried bread crouton
118,Artusi,truffle
118,Artusi,cream
118,Artusi,olive oil
118,Artusi,salted cod
119,Artusi,lemon juice
119,Artusi,olive oil
119,Artusi,basil
119,Artusi,parsley
119,Artusi,garlic
119,Artusi,onion
119,Artusi,anchovy
119,Artusi,caper
120,Artusi,black pepper
120,Artusi,salt
120,Artusi,vinegar
120,Artusi,olive oil
120,Artusi,egg yolk
120,Artusi,caper
120,Artusi,anchovy
120,Artusi,shallot
120,Artusi,celery leaf
120,Artusi,salad burnet
120,Artusi,chervil
120,Artusi,basil
120,Artusi,parsley
121,Artusi,butter
121,Artusi,black pepper
121,Artusi,salt
121,Artusi,steak
121,Artusi,olive oil
121,Artusi,anchovy
121,Artusi,caper
122,Artusi,parmigiano cheese
122,Artusi,water
122,Artusi,salt
122,Artusi,black pepper
122,Artusi,wheat flour
122,Artusi,onion
122,Artusi,tomato
122,Artusi,salted anchovy
122,Artusi,pine nut
122,Artusi,butter
122,Artusi,mushroom
122,Artusi,spaghetti
123,Artusi,lemon juice
123,Artusi,black pepper
123,Artusi,salt
123,Artusi,butter
123,Artusi,water
123,Artusi,parsley
124,Artusi,broth or water
124,Artusi,black pepper
124,Artusi,salt
124,Artusi,egg yolk
124,Artusi,vinegar
124,Artusi,wheat flour
124,Artusi,butter
125,Artusi,tomato
125,Artusi,black pepper
125,Artusi,salt
125,Artusi,olive oil
125,Artusi,parsley
125,Artusi,basil
125,Artusi,celery
125,Artusi,garlic
125,Artusi,onion
126,Artusi,hard-boiled egg yolk
126,Artusi,white pepper
126,Artusi,salt
126,Artusi,lemon juice
126,Artusi,olive oil
126,Artusi,egg yolk
127,Artusi,lemon juice
127,Artusi,vinegar
127,Artusi,olive oil
127,Artusi,black pepper
127,Artusi,parsley
127,Artusi,anchovy
127,Artusi,caper
128,Artusi,lemon juice
128,Artusi,anchovy
128,Artusi,broth
128,Artusi,olive oil
128,Artusi,caper
128,Artusi,lean prosciutto crudo
128,Artusi,basil
128,Artusi,parsley
128,Artusi,onion
129,Artusi,parsley
129,Artusi,black pepper
129,Artusi,salt
129,Artusi,lemon
129,Artusi,egg yolk
129,Artusi,olive oil
129,Artusi,fish broth
129,Artusi,wheat flour
129,Artusi,butter
130,Artusi,black pepper
130,Artusi,salt
130,Artusi,water
130,Artusi,lemon juice
130,Artusi,egg yolk
130,Artusi,butter
131,Artusi,lemon juice
131,Artusi,olive oil
131,Artusi,salted anchovy
131,Artusi,egg
132,Artusi,parsley
132,Artusi,fish broth
132,Artusi,fish
132,Artusi,vinegar
132,Artusi,black pepper
132,Artusi,salt
132,Artusi,wheat flour
132,Artusi,caper
132,Artusi,butter
133,Artusi,olive oil
133,Artusi,black pepper
133,Artusi,lemon juice
133,Artusi,parsley
133,Artusi,hard-boiled egg yolk
133,Artusi,anchovy
133,Artusi,caper
133,Artusi,tuna in oil
134,Artusi,vinegar
134,Artusi,olive oil
134,Artusi,black pepper
134,Artusi,salt
134,Artusi,breadcrumb
134,Artusi,parsley
134,Artusi,garlic
134,Artusi,olive pulp
134,Artusi,hard-boiled egg yolk
134,Artusi,salted anchovy
134,Artusi,caper
134,Artusi,pine nut
135,Artusi,anchovy
135,Artusi,wheat flour
135,Artusi,vinegar
135,Artusi,water
135,Artusi,butter
135,Artusi,onion
135,Artusi,mild olive
135,Artusi,caper
136,Artusi,truffle
136,Artusi,broth
136,Artusi,spices
136,Artusi,black pepper
136,Artusi,salt
136,Artusi,wheat flour
136,Artusi,white wine or marsala
136,Artusi,butter
136,Artusi,parsley
136,Artusi,garlic
136,Artusi,onion
137,Artusi,milk
137,Artusi,butter
137,Artusi,wheat flour
138,Artusi,tomato sauce
138,Artusi,salt
138,Artusi,butter
138,Artusi,garlic
138,Artusi,olive oil
138,Artusi,bell pepper
139,Artusi,egg
140,Artusi,spinach
140,Artusi,potato purée
140,Artusi,caper
140,Artusi,anchovy
140,Artusi,tomato sauce
140,Artusi,butter
140,Artusi,cheese
140,Artusi,black pepper
140,Artusi,salt
140,Artusi,water
140,Artusi,egg
141,Artusi,parmigiano cheese
141,Artusi,butter
141,Artusi,bread
141,Artusi,black pepper
141,Artusi,salt
141,Artusi,cream
141,Artusi,butter
141,Artusi,egg
142,Artusi,salt
142,Artusi,nutmeg
142,Artusi,ground cinnamon
142,Artusi,parmigiano cheese
142,Artusi,wheat flour
142,Artusi,milk
142,Artusi,egg yolk
142,Artusi,butter
142,Artusi,bread
143,Artusi,vinegar
143,Artusi,olive oil
143,Artusi,black pepper
143,Artusi,salt
143,Artusi,mayonnaise
143,Artusi,butter
143,Artusi,onion
143,Artusi,parsley
143,Artusi,anchovy
143,Artusi,egg
144,Artusi,potato
144,Artusi,water
144,Artusi,milk
144,Artusi,salt
144,Artusi,parsley
144,Artusi,dried mushroom
144,Artusi,parmigiano cheese
144,Artusi,breadcrumb
144,Artusi,butter
144,Artusi,egg
145,Artusi,fruit preserve
145,Artusi,pea
145,Artusi,lard
145,Artusi,wheat flour
145,Artusi,salt
145,Artusi,zucchini
145,Artusi,asparagus
145,Artusi,onion
145,Artusi,parsley
145,Artusi,parmigiano cheese
145,Artusi,butter
145,Artusi,vegetable
145,Artusi,olive oil
145,Artusi,egg
146,Artusi,salt
146,Artusi,egg
146,Artusi,butter
146,Artusi,prosciutto
147,Artusi,egg
147,Artusi,salt
147,Artusi,olive oil or lard
147,Artusi,water
147,Artusi,white onion
148,Artusi,parmigiano cheese
148,Artusi,black pepper
148,Artusi,salt
148,Artusi,egg
148,Artusi,butter
148,Artusi,spinach
149,Artusi,water
149,Artusi,parmigiano cheese
149,Artusi,egg
149,Artusi,black pepper
149,Artusi,olive oil
149,Artusi,butter
149,Artusi,salt
149,Artusi,green bean
150,Artusi,black pepper
150,Artusi,salt
150,Artusi,egg
150,Artusi,olive oil
150,Artusi,parmigiano cheese
150,Artusi,butter
150,Artusi,cauliflower
151,Artusi,parmigiano cheese
151,Artusi,butter
151,Artusi,olive oil
151,Artusi,black pepper
151,Artusi,salt
151,Artusi,egg
151,Artusi,spinach
152,Artusi,butter
152,Artusi,parmigiano cheese
152,Artusi,parsley
152,Artusi,egg
152,Artusi,salt
152,Artusi,black pepper
152,Artusi,olive oil
152,Artusi,milk-fed veal kidney
153,Artusi,salt
153,Artusi,water
153,Artusi,wheat flour
154,Artusi,powdered sugar
154,Artusi,egg yolk
154,Artusi,ice
154,Artusi,acquavite
154,Artusi,salt
154,Artusi,warm water
154,Artusi,butter
154,Artusi,wheat flour
154,Artusi,butter
154,Artusi,wheat flour
155,Artusi,water
155,Artusi,salt
155,Artusi,butter
155,Artusi,wheat flour
156,Artusi,cold water
156,Artusi,salt
156,Artusi,egg
156,Artusi,brandy
156,Artusi,olive oil
156,Artusi,wheat flour
157,Artusi,water
157,Artusi,lemon wedge
157,Artusi,breadcrumb
157,Artusi,beaten egg
157,Artusi,suckling veal cutlet
157,Artusi,liver
157,Artusi,olive oil
157,Artusi,virgin lard
157,Artusi,black pepper
157,Artusi,suckling calf's head
157,Artusi,lamb testicle
157,Artusi,testicle
157,Artusi,sweetbread
157,Artusi,sweetbread
157,Artusi,brain
157,Artusi,salt
157,Artusi,egg
157,Artusi,olive oil
157,Artusi,wheat flour
158,Artusi,milk
158,Artusi,salt
158,Artusi,butter
158,Artusi,wheat flour
160,Artusi,chicken
160,Artusi,egg
160,Artusi,parmigiano cheese
160,Artusi,breadcrumb
160,Artusi,prosciutto
160,Artusi,dried mushroom
160,Artusi,broth
160,Artusi,spices
160,Artusi,black pepper
160,Artusi,salt
160,Artusi,butter
160,Artusi,carrot
160,Artusi,celery
160,Artusi,parsley
160,Artusi,onion
160,Artusi,shallot
160,Artusi,chicken giblet
160,Artusi,veal udder
160,Artusi,lean milk-fed veal
161,Artusi,egg yolk
161,Artusi,puff pastry no. 154
161,Artusi,truffle
161,Artusi,nutmeg
161,Artusi,parmigiano cheese
161,Artusi,prosciutto
161,Artusi,cured tongue
161,Artusi,béchamel sauce no. 137
161,Artusi,sauce no. 4
161,Artusi,black pepper
161,Artusi,salt
161,Artusi,butter
161,Artusi,sweetbread
162,Artusi,water
162,Artusi,filling
162,Artusi,dough
163,Artusi,frying oil
163,Artusi,powdered sugar
163,Artusi,acquavite
163,Artusi,salt
163,Artusi,lemon zest
163,Artusi,sugar
163,Artusi,egg
163,Artusi,wheat flour
163,Artusi,ricotta
164,Artusi,sugar
164,Artusi,water
164,Artusi,mostarda
164,Artusi,milk
164,Artusi,salt
164,Artusi,butter
164,Artusi,wheat flour
165,Artusi,powdered sugar
165,Artusi,anise
165,Artusi,batter
165,Artusi,apple
166,Artusi,batter
166,Artusi,wheat flour
166,Artusi,butter
166,Artusi,salt
166,Artusi,water
166,Artusi,cardoon
167,Artusi,wheat flour
167,Artusi,batter
167,Artusi,water
167,Artusi,salt
167,Artusi,fennel
168,Artusi,frying oil
168,Artusi,egg
168,Artusi,wheat flour
168,Artusi,salt
168,Artusi,carrot
169,Artusi,sugar
169,Artusi,batter
169,Artusi,clingstone peach
170,Artusi,powdered sugar
170,Artusi,breadcrumb
170,Artusi,wheat flour
170,Artusi,lemon zest
170,Artusi,salt
170,Artusi,butter
170,Artusi,sugar
170,Artusi,egg
170,Artusi,milk
170,Artusi,fine semolina
171,Artusi,powdered sugar
171,Artusi,salt
171,Artusi,milk
171,Artusi,lemon zest
171,Artusi,sugar
171,Artusi,egg yolk
171,Artusi,egg
171,Artusi,potato flour
171,Artusi,butter
171,Artusi,semolina
172,Artusi,olive oil
172,Artusi,lard
172,Artusi,breadcrumb
172,Artusi,egg
172,Artusi,gruyère
172,Artusi,salt
172,Artusi,polenta flour
172,Artusi,milk
173,Artusi,wheat flour
173,Artusi,lemon
173,Artusi,black pepper
173,Artusi,salt
173,Artusi,lard
173,Artusi,pork pancrea
173,Artusi,pork liver
174,Artusi,egg
174,Artusi,wheat flour
174,Artusi,salt
174,Artusi,water
174,Artusi,mutton testicle
175,Artusi,olive oil
175,Artusi,breadcrumb
175,Artusi,egg
175,Artusi,wheat flour
175,Artusi,truffle
175,Artusi,nutmeg
175,Artusi,parmigiano cheese
175,Artusi,béchamel sauce
175,Artusi,egg
175,Artusi,prosciutto
175,Artusi,brain
175,Artusi,lean suckling veal
176,Artusi,lard
176,Artusi,olive oil
176,Artusi,breadcrumb
176,Artusi,egg white
176,Artusi,egg
176,Artusi,wafer
176,Artusi,egg yolk
176,Artusi,broth
176,Artusi,marsala wine
176,Artusi,black pepper
176,Artusi,salt
176,Artusi,lean milk-fed veal
176,Artusi,butter
176,Artusi,onion
177,Artusi,wafer
177,Artusi,wheat flour
177,Artusi,butter
177,Artusi,milk
177,Artusi,nutmeg
177,Artusi,truffle
177,Artusi,parmigiano cheese
177,Artusi,prosciutto
177,Artusi,salted tongue
177,Artusi,roasted chicken breast
178,Artusi,frying oil
178,Artusi,powdered sugar
178,Artusi,salt
178,Artusi,brewer's yeast
178,Artusi,lemon zest
178,Artusi,rum
178,Artusi,sugar
178,Artusi,butter
178,Artusi,egg white
178,Artusi,egg yolk
178,Artusi,pine nut
178,Artusi,sultana raisin
178,Artusi,wheat flour
178,Artusi,rice
178,Artusi,milk
179,Artusi,powdered sugar
179,Artusi,egg white
179,Artusi,wheat flour
179,Artusi,egg yolk
179,Artusi,rum
179,Artusi,lemon zest
179,Artusi,sugar
179,Artusi,salt
179,Artusi,butter
179,Artusi,rice
179,Artusi,milk
180,Artusi,powdered sugar
180,Artusi,olive oil or lard
180,Artusi,egg
180,Artusi,salt
180,Artusi,lemon zest
180,Artusi,rum
180,Artusi,butter
180,Artusi,semolina
180,Artusi,milk
181,Artusi,malaga raisin
181,Artusi,powdered sugar
181,Artusi,lard
181,Artusi,olive oil
181,Artusi,butter
181,Artusi,lemon zest
181,Artusi,salt
181,Artusi,water
181,Artusi,egg
181,Artusi,wheat flour
182,Artusi,powdered sugar
182,Artusi,fruit preserve
182,Artusi,pastry cream
182,Artusi,olive oil
182,Artusi,lard
182,Artusi,water
182,Artusi,béchamel sauce
182,Artusi,sauce
182,Artusi,mushroom
182,Artusi,truffle
182,Artusi,cured tongue
182,Artusi,prosciutto
182,Artusi,sweetbread
182,Artusi,chicken liver
182,Artusi,milk
182,Artusi,salt
182,Artusi,sugar
182,Artusi,egg yolk
182,Artusi,egg
182,Artusi,brewer's yeast
182,Artusi,butter
182,Artusi,wheat flour
183,Artusi,minced meat
183,Artusi,powdered sugar
183,Artusi,egg yolk
183,Artusi,egg
183,Artusi,lemon zest
183,Artusi,salt
183,Artusi,butter
183,Artusi,wheat flour
183,Artusi,water
184,Artusi,salt
184,Artusi,egg
184,Artusi,mortadella
184,Artusi,butter
184,Artusi,gruyère
184,Artusi,wheat flour
184,Artusi,water
185,Artusi,powdered sugar
185,Artusi,egg
185,Artusi,lemon zest
185,Artusi,salt
185,Artusi,sugar
185,Artusi,butter
185,Artusi,fine semolina
185,Artusi,milk
186,Artusi,lemon juice
186,Artusi,lemon
186,Artusi,olive oil
186,Artusi,salt
186,Artusi,egg
186,Artusi,wheat flour
186,Artusi,water
186,Artusi,artichoke
187,Artusi,lard
187,Artusi,olive oil
187,Artusi,breadcrumb
187,Artusi,egg
187,Artusi,egg yolk
187,Artusi,milk
187,Artusi,parmigiano cheese
187,Artusi,butter
187,Artusi,wheat flour
187,Artusi,black pepper
187,Artusi,salt
187,Artusi,artichoke
188,Artusi,olive oil or lard
188,Artusi,wheat flour
188,Artusi,salt
188,Artusi,zucchini
189,Artusi,frying oil
189,Artusi,wheat flour
189,Artusi,salt
189,Artusi,large zucchini
190,Artusi,powdered sugar
190,Artusi,olive oil or lard
190,Artusi,wheat flour
190,Artusi,vanilla extract
190,Artusi,egg
190,Artusi,wheat flour
190,Artusi,salt
190,Artusi,sugar
190,Artusi,butter
190,Artusi,water
191,Artusi,powdered sugar
191,Artusi,olive oil
191,Artusi,lard
191,Artusi,salt
191,Artusi,milk
191,Artusi,butter
191,Artusi,wheat flour
192,Artusi,vanilla
192,Artusi,powdered sugar
192,Artusi,breadcrumb
192,Artusi,egg
192,Artusi,sugar
192,Artusi,milk
192,Artusi,chifel
193,Artusi,powdered sugar
193,Artusi,olive oil
193,Artusi,butter
193,Artusi,lard
193,Artusi,batter (from recipe no. 156)
193,Artusi,cognac
193,Artusi,rum
193,Artusi,amaretti cookie
194,Artusi,fat for frying
194,Artusi,lard
194,Artusi,salt
194,Artusi,cold water
194,Artusi,wheat flour
195,Artusi,pasta matta
195,Artusi,currant
195,Artusi,sugar
195,Artusi,raisin
195,Artusi,sapa
195,Artusi,black pepper
195,Artusi,salt
195,Artusi,parsley
195,Artusi,garlic
195,Artusi,olive oil
195,Artusi,spinach
196,Artusi,parsley
196,Artusi,garlic
196,Artusi,leftover meat
197,Artusi,olive oil
197,Artusi,truffle
197,Artusi,salted tongue
197,Artusi,prosciutto
197,Artusi,egg
197,Artusi,breadcrumb
197,Artusi,parmigiano cheese
197,Artusi,egg yolk
197,Artusi,béchamel sauce
197,Artusi,nutmeg
197,Artusi,black pepper
197,Artusi,salt
197,Artusi,butter
197,Artusi,onion
197,Artusi,sauce
197,Artusi,sweetbread
198,Artusi,breadcrumb
198,Artusi,salt
198,Artusi,egg
198,Artusi,parmigiano cheese
198,Artusi,butter
198,Artusi,rice
198,Artusi,milk
199,Artusi,onion
199,Artusi,sauce
199,Artusi,butter
199,Artusi,chicken giblet
199,Artusi,cooked rice
200,Artusi,olive oil or lard
200,Artusi,egg
200,Artusi,wheat flour
200,Artusi,salt
200,Artusi,nutmeg
200,Artusi,sugar
200,Artusi,egg yolk
200,Artusi,parmigiano cheese
200,Artusi,butter
200,Artusi,potato
201,Artusi,prosciutto
201,Artusi,butter
201,Artusi,onion
201,Artusi,unlaid egg
201,Artusi,chicken gizzard
201,Artusi,chicken comb
201,Artusi,chicken giblet
201,Artusi,olive oil
201,Artusi,lard
201,Artusi,salt
201,Artusi,wheat flour
201,Artusi,nutmeg
201,Artusi,egg
201,Artusi,parmigiano cheese
201,Artusi,potato
202,Artusi,olive oil
202,Artusi,egg
202,Artusi,breadcrumb
202,Artusi,melted butter
202,Artusi,mushroom
202,Artusi,truffle
202,Artusi,prosciutto
202,Artusi,nutmeg
202,Artusi,lamb sweetbread
202,Artusi,chicken liver
202,Artusi,salt
202,Artusi,egg
202,Artusi,parmigiano cheese
202,Artusi,butter
202,Artusi,milk
202,Artusi,rice
203,Artusi,truffle
203,Artusi,sweetbread
203,Artusi,breadcrumb
203,Artusi,egg
203,Artusi,béchamel sauce
203,Artusi,black pepper
203,Artusi,salt
203,Artusi,butter
203,Artusi,gruyère
203,Artusi,salted tongue
203,Artusi,chicken liver
204,Artusi,egg
204,Artusi,black pepper
204,Artusi,salt
204,Artusi,virgin lard
204,Artusi,lamb loin
205,Artusi,turkey wing
205,Artusi,lemon
205,Artusi,lard
205,Artusi,olive oil
205,Artusi,breadcrumb
205,Artusi,egg
205,Artusi,black pepper
205,Artusi,salt
205,Artusi,wheat flour
205,Artusi,water
205,Artusi,young chicken
206,Artusi,lemon
206,Artusi,black pepper
206,Artusi,frying oil
206,Artusi,salt
206,Artusi,egg
206,Artusi,wheat flour
206,Artusi,chicken
207,Artusi,lemon
207,Artusi,lard
207,Artusi,breadcrumb
207,Artusi,egg
207,Artusi,salted tongue
207,Artusi,milk
207,Artusi,wheat flour
207,Artusi,black pepper
207,Artusi,salt
207,Artusi,butter
207,Artusi,capon or pullet breast
208,Artusi,tomato sauce
208,Artusi,red wine
208,Artusi,black pepper
208,Artusi,salt
208,Artusi,chicken
208,Artusi,lard
208,Artusi,olive oil
208,Artusi,water
208,Artusi,onion
209,Artusi,tomato
209,Artusi,black pepper
209,Artusi,salt
209,Artusi,lard
209,Artusi,chicken
210,Artusi,black pepper
210,Artusi,salt
210,Artusi,white wine
210,Artusi,wheat flour
210,Artusi,butter
210,Artusi,olive oil
210,Artusi,liver
211,Artusi,black pepper
211,Artusi,salt
211,Artusi,red wine
211,Artusi,lard
211,Artusi,water
211,Artusi,onion
211,Artusi,liver
212,Artusi,acquavite
212,Artusi,cognac
212,Artusi,powdered sugar
212,Artusi,olive oil
212,Artusi,olive oil
212,Artusi,salt
212,Artusi,lemon zest
212,Artusi,broth
212,Artusi,egg
212,Artusi,wheat flour
213,Artusi,frying oil
213,Artusi,wheat flour
213,Artusi,salt
213,Artusi,sugar
213,Artusi,butter
213,Artusi,aromatic liqueur (fumetto)
213,Artusi,water
213,Artusi,egg
214,Artusi,olive oil
214,Artusi,lard
214,Artusi,breadcrumb
214,Artusi,egg
214,Artusi,salt
214,Artusi,lemon zest
214,Artusi,egg
214,Artusi,milk
214,Artusi,butter
214,Artusi,sugar
214,Artusi,starch
215,Artusi,olive oil
215,Artusi,lard
215,Artusi,breadcrumb
215,Artusi,egg
215,Artusi,lemon zest
215,Artusi,vanilla
215,Artusi,milk
215,Artusi,egg
215,Artusi,sugar
215,Artusi,wheat flour
216,Artusi,lamb brain
216,Artusi,lamb head
217,Artusi,black pepper
217,Artusi,salt
217,Artusi,broth
217,Artusi,water
217,Artusi,tomato paste
217,Artusi,tomato sauce
217,Artusi,butter
217,Artusi,lard
217,Artusi,lamb pluck
218,Artusi,lamb
219,Artusi,seasoning
219,Artusi,rabbit
220,Artusi,lard
220,Artusi,breadcrumb
220,Artusi,egg
220,Artusi,olive oil
220,Artusi,egg yolk
220,Artusi,parmigiano cheese
220,Artusi,milk
220,Artusi,butter
220,Artusi,wheat flour
220,Artusi,salt
220,Artusi,butter
220,Artusi,turkey breast
220,Artusi,chicken breast
220,Artusi,suckling veal
221,Artusi,lemon
221,Artusi,black pepper
221,Artusi,salt
221,Artusi,sage
221,Artusi,butter
221,Artusi,olive oil
221,Artusi,lean milk-fed veal
222,Artusi,butter
222,Artusi,prosciutto
222,Artusi,sage
222,Artusi,black pepper
222,Artusi,salt
222,Artusi,milk-fed veal cutlet
223,Artusi,truffle
223,Artusi,egg
223,Artusi,stale bread
223,Artusi,parmigiano cheese
223,Artusi,egg
223,Artusi,meat sauce or broth
223,Artusi,wheat flour
223,Artusi,nutmeg
223,Artusi,black pepper
223,Artusi,salt
223,Artusi,butter
223,Artusi,prosciutto
223,Artusi,onion
223,Artusi,chicken or turkey gizzard
223,Artusi,lamb sweetbread
223,Artusi,chicken liver
224,Artusi,olive oil
224,Artusi,lard
224,Artusi,breadcrumb
224,Artusi,egg
224,Artusi,cold milk
224,Artusi,gruyère
224,Artusi,truffle
224,Artusi,prosciutto
224,Artusi,stale bread
225,Artusi,testicle
225,Artusi,backstrip
225,Artusi,sweetbread
225,Artusi,brain
226,Artusi,poultry
227,Artusi,sugar
227,Artusi,vinegar
227,Artusi,olive oil
227,Artusi,salt
227,Artusi,garlic
227,Artusi,bread
228,Artusi,olive oil
228,Artusi,salted anchovy
228,Artusi,salt
228,Artusi,milk
228,Artusi,butter
228,Artusi,wheat flour
229,Artusi,lard
229,Artusi,olive oil
229,Artusi,salt
229,Artusi,egg
229,Artusi,sage
229,Artusi,white wine
229,Artusi,olive oil
229,Artusi,wheat flour
230,Artusi,salt
230,Artusi,egg
230,Artusi,parmigiano cheese
230,Artusi,butter
230,Artusi,semolina
230,Artusi,milk
231,Artusi,salt
231,Artusi,egg
231,Artusi,milk
231,Artusi,parmigiano cheese
231,Artusi,gruyère
231,Artusi,butter
231,Artusi,wheat flour
232,Artusi,butter
232,Artusi,parmigiano cheese
232,Artusi,tomato sauce or paste
232,Artusi,water
232,Artusi,sausage
232,Artusi,polenta flour
233,Artusi,stewed small bird
233,Artusi,butter
233,Artusi,parmigiano cheese
233,Artusi,béchamel sauce
233,Artusi,bolognese-style sauce
233,Artusi,salt
233,Artusi,milk
233,Artusi,polenta flour
234,Artusi,parmigiano cheese
234,Artusi,egg yolk
234,Artusi,balsamella sauce
234,Artusi,milk
234,Artusi,butter
234,Artusi,water
234,Artusi,salt
234,Artusi,long neapolitan-style maccheroni
235,Artusi,salt
235,Artusi,breadcrumb
235,Artusi,milk
235,Artusi,parmigiano cheese
235,Artusi,gruyère
235,Artusi,butter
235,Artusi,wheat flour
235,Artusi,long macaroni
236,Artusi,egg yolk
236,Artusi,puff pastry
236,Artusi,dried mushroom
236,Artusi,truffle
236,Artusi,nutmeg
236,Artusi,parmigiano cheese
236,Artusi,salted tongue
236,Artusi,prosciutto
236,Artusi,béchamel sauce
236,Artusi,black pepper
236,Artusi,salt
236,Artusi,butter
236,Artusi,lamb chop
237,Artusi,olive oil
237,Artusi,truffle
237,Artusi,breadcrumb
237,Artusi,parsley
237,Artusi,prosciutto
237,Artusi,black pepper
237,Artusi,salt
237,Artusi,butter
237,Artusi,milk-fed veal cutlet
238,Artusi,water
238,Artusi,salami
239,Artusi,truffle
239,Artusi,wheat flour
239,Artusi,meat sauce
239,Artusi,sweetbread
239,Artusi,chicken breast
239,Artusi,chicken liver
239,Artusi,olive oil
239,Artusi,lard
239,Artusi,egg
239,Artusi,milk
239,Artusi,bread roll
240,Artusi,rosemary
240,Artusi,raisin
240,Artusi,walnut
240,Artusi,olive oil
240,Artusi,olive oil
240,Artusi,pine nut
240,Artusi,cold water
240,Artusi,salt
240,Artusi,chestnut flour
241,Artusi,fresh rosemary
241,Artusi,virgin lard
241,Artusi,raisin
241,Artusi,boiling water
241,Artusi,salt
241,Artusi,yellow polenta
242,Artusi,sugar
242,Artusi,pine nut
242,Artusi,lard
242,Artusi,zibibbo raisin
242,Artusi,polenta flour
243,Artusi,dried meat
243,Artusi,lard
243,Artusi,butter
243,Artusi,egg
243,Artusi,sausage
244,Artusi,grape
244,Artusi,lard
244,Artusi,sausage
245,Artusi,spinach
245,Artusi,egg yolk
245,Artusi,parmigiano cheese
245,Artusi,butter
245,Artusi,chicken broth
245,Artusi,water
245,Artusi,rice
246,Artusi,black pepper
246,Artusi,salt
246,Artusi,egg
246,Artusi,olive oil
246,Artusi,wheat flour
246,Artusi,artichoke
247,Artusi,white truffle
247,Artusi,milk
247,Artusi,egg yolk
247,Artusi,butter
247,Artusi,fontina
248,Artusi,oregano
248,Artusi,catmint
248,Artusi,lard
248,Artusi,butter
248,Artusi,crouton
248,Artusi,parmigiano cheese
248,Artusi,egg
248,Artusi,black pepper
248,Artusi,salt
248,Artusi,olive oil
248,Artusi,parsley
248,Artusi,garlic
248,Artusi,tomato
249,Artusi,tomato sauce
249,Artusi,butter
249,Artusi,salt
249,Artusi,spices
249,Artusi,chopped parsley
249,Artusi,egg
249,Artusi,wheat flour
249,Artusi,grated parmigiano cheese
249,Artusi,ricotta
250,Artusi,egg
250,Artusi,parmigiano cheese
250,Artusi,spinach
250,Artusi,olive oil
250,Artusi,butter
250,Artusi,chifel bread roll
251,Artusi,butter
251,Artusi,mustard
251,Artusi,mayonnaise sauce
251,Artusi,vinegar
251,Artusi,olive oil
251,Artusi,salt
251,Artusi,sweetened olive
251,Artusi,caper
251,Artusi,boiled fish
251,Artusi,anchovy
251,Artusi,boiled potato
251,Artusi,boiled beetroot
251,Artusi,lettuce
251,Artusi,romaine lettuce
252,Artusi,powdered sugar
252,Artusi,lard
252,Artusi,butter
252,Artusi,cognac
252,Artusi,salt
252,Artusi,egg
252,Artusi,wheat flour
253,Artusi,greens or legume
253,Artusi,olive oil
253,Artusi,rice
253,Artusi,parmigiano cheese
253,Artusi,butter
253,Artusi,maccheroni pasta
253,Artusi,dried mushroom
253,Artusi,water
253,Artusi,tomato sauce or paste
253,Artusi,wheat flour
253,Artusi,black pepper
253,Artusi,salt
253,Artusi,celery
253,Artusi,carrot
253,Artusi,onion
253,Artusi,butter
253,Artusi,cured meat
253,Artusi,lean veal
254,Artusi,marsala wine
254,Artusi,broth
254,Artusi,butter
254,Artusi,wheat flour
254,Artusi,garlic
254,Artusi,rosemary
254,Artusi,sage
254,Artusi,water
254,Artusi,black pepper
254,Artusi,salt
254,Artusi,lardon
254,Artusi,veal
255,Artusi,liebig's meat extract
255,Artusi,broth
255,Artusi,butter
255,Artusi,parsley
255,Artusi,celery
255,Artusi,carrot
255,Artusi,clove
255,Artusi,onion
255,Artusi,salt
255,Artusi,prosciutto
255,Artusi,milk-fed veal
256,Artusi,dried mushroom
256,Artusi,mushroom
256,Artusi,white pepper
256,Artusi,salt
256,Artusi,basil
256,Artusi,celery
256,Artusi,parsley
256,Artusi,carrot
256,Artusi,onion
256,Artusi,lemon
256,Artusi,egg yolk
256,Artusi,warm water
256,Artusi,wheat flour
256,Artusi,butter
256,Artusi,milk-fed veal breast
257,Artusi,testicle
257,Artusi,lemon
257,Artusi,wheat flour
257,Artusi,egg yolk
257,Artusi,broth
257,Artusi,black pepper
257,Artusi,salt
257,Artusi,butter
257,Artusi,chicken wattle
257,Artusi,chicken comb
257,Artusi,chicken liver
258,Artusi,carrot
258,Artusi,celery
258,Artusi,onion
258,Artusi,dried meat
258,Artusi,butter
258,Artusi,water
258,Artusi,cured tongue
258,Artusi,prosciutto
258,Artusi,nutmeg
258,Artusi,black pepper
258,Artusi,salt
258,Artusi,egg yolk
258,Artusi,parmigiano cheese
258,Artusi,broth
258,Artusi,breadcrumb
258,Artusi,lean veal
258,Artusi,chicken
259,Artusi,salt
259,Artusi,egg
259,Artusi,milk
259,Artusi,parmigiano cheese
259,Artusi,butter
259,Artusi,wheat flour
259,Artusi,chicken pulp
260,Artusi,pullet gizzard
260,Artusi,pullet liver
260,Artusi,parmigiano cheese
260,Artusi,hot water
260,Artusi,black pepper
260,Artusi,salt
260,Artusi,dried mushroom
260,Artusi,carrot
260,Artusi,onion
260,Artusi,prosciutto
260,Artusi,butter
260,Artusi,rice
260,Artusi,pullet
261,Artusi,tomato sauce
261,Artusi,water
261,Artusi,butter
261,Artusi,stuffed beef braciole from recipe #537
262,Artusi,potato
262,Artusi,parsley
262,Artusi,water
262,Artusi,black pepper
262,Artusi,salt
262,Artusi,butter
262,Artusi,beef chop
263,Artusi,butter
263,Artusi,lard
263,Artusi,olive oil
263,Artusi,potato
263,Artusi,water
263,Artusi,broth
263,Artusi,tomato
263,Artusi,black pepper
263,Artusi,salt
263,Artusi,lardon
263,Artusi,garlic
263,Artusi,rosemary
263,Artusi,young chicken
264,Artusi,marsala wine
264,Artusi,broth
264,Artusi,black pepper
264,Artusi,salt
264,Artusi,butter
264,Artusi,onion
264,Artusi,chicken
265,Artusi,sausage
265,Artusi,broth
265,Artusi,salt
265,Artusi,black pepper
265,Artusi,chicken
265,Artusi,prosciutto
265,Artusi,butter
265,Artusi,onion
266,Artusi,lemon
266,Artusi,egg yolk
266,Artusi,broth
266,Artusi,wheat flour
266,Artusi,black pepper
266,Artusi,salt
266,Artusi,butter
266,Artusi,young chicken
267,Artusi,milk
267,Artusi,cream
267,Artusi,wheat flour
267,Artusi,butter
267,Artusi,onion
267,Artusi,salt
267,Artusi,olive oil
267,Artusi,young chicken
268,Artusi,lemon
268,Artusi,parsley
268,Artusi,broth
268,Artusi,white wine
268,Artusi,wheat flour
268,Artusi,nutmeg
268,Artusi,black pepper
268,Artusi,salt
268,Artusi,olive oil
268,Artusi,butter
268,Artusi,young chicken
269,Artusi,tomato sauce
269,Artusi,dried mushroom
269,Artusi,meat sauce
269,Artusi,parmigiano cheese
269,Artusi,olive oil
269,Artusi,truffle
269,Artusi,lemon juice
269,Artusi,butter
269,Artusi,breadcrumb
269,Artusi,egg
269,Artusi,black pepper
269,Artusi,salt
269,Artusi,chicken breast
270,Artusi,butter
270,Artusi,lentil
270,Artusi,black kale
270,Artusi,water
270,Artusi,black pepper
270,Artusi,salt
270,Artusi,olive oil
270,Artusi,onion
270,Artusi,carrot
270,Artusi,parsley
270,Artusi,celery
270,Artusi,prosciutto
270,Artusi,duck gizzard
270,Artusi,duck heart
270,Artusi,duck liver
270,Artusi,mallard
271,Artusi,domestic duck
271,Artusi,carrot
271,Artusi,celery
271,Artusi,orange
271,Artusi,black pepper
271,Artusi,salt
271,Artusi,water
271,Artusi,wheat flour
271,Artusi,butter
271,Artusi,mallard
272,Artusi,pasta
272,Artusi,green
272,Artusi,parmigiano cheese
272,Artusi,butter
272,Artusi,water
272,Artusi,tomato sauce
272,Artusi,onion
272,Artusi,carrot
272,Artusi,celery
272,Artusi,lard
272,Artusi,prosciutto
272,Artusi,domestic duck
273,Artusi,parmigiano cheese
273,Artusi,butter
273,Artusi,rice
273,Artusi,dried mushroom
273,Artusi,water
273,Artusi,tomato sauce
273,Artusi,black pepper
273,Artusi,salt
273,Artusi,duck
273,Artusi,olive oil
273,Artusi,prosciutto
273,Artusi,celery
273,Artusi,carrot
273,Artusi,parsley
273,Artusi,onion
274,Artusi,marsala wine
274,Artusi,broth
274,Artusi,wheat flour
274,Artusi,butter
274,Artusi,goose liver
275,Artusi,sausage
275,Artusi,parmigiano cheese
275,Artusi,pappardelle
275,Artusi,water
275,Artusi,tomato sauce
275,Artusi,spices
275,Artusi,black pepper
275,Artusi,salt
275,Artusi,butter
275,Artusi,parsley
275,Artusi,carrot
275,Artusi,celery
275,Artusi,onion
275,Artusi,vinegar
275,Artusi,coot
276,Artusi,verjuice
276,Artusi,bread
276,Artusi,lemon
276,Artusi,broth
276,Artusi,butter
276,Artusi,black pepper
276,Artusi,salt
276,Artusi,olive oil
276,Artusi,prosciutto
276,Artusi,sage
276,Artusi,pigeon
277,Artusi,truffle
277,Artusi,sweetbread
277,Artusi,chicken giblet
277,Artusi,egg yolk
277,Artusi,lukewarm water
277,Artusi,egg yolk
277,Artusi,lemon juice
277,Artusi,sugar
277,Artusi,alcohol
277,Artusi,butter
277,Artusi,wheat flour
277,Artusi,spices
277,Artusi,black pepper
277,Artusi,salt
277,Artusi,hard-boiled egg
277,Artusi,broth
277,Artusi,butter
277,Artusi,salted tongue
277,Artusi,prosciutto
277,Artusi,lean veal
277,Artusi,young pigeon
278,Artusi,lemon
278,Artusi,wheat flour
278,Artusi,white wine
278,Artusi,truffle
278,Artusi,dried mushroom
278,Artusi,mushroom
278,Artusi,sweetbread
278,Artusi,pigeon giblet
278,Artusi,broth
278,Artusi,black pepper
278,Artusi,salt
278,Artusi,bouquet garni
278,Artusi,butter
278,Artusi,prosciutto
278,Artusi,pigeon
279,Artusi,shortcrust pastry
279,Artusi,dried mushroom
279,Artusi,truffle
279,Artusi,nutmeg
279,Artusi,parmigiano cheese
279,Artusi,béchamel sauce
279,Artusi,water
279,Artusi,maccheroni
279,Artusi,broth
279,Artusi,black pepper
279,Artusi,salt
279,Artusi,chicken giblet
279,Artusi,pigeon
279,Artusi,butter
279,Artusi,carrot
279,Artusi,celery
279,Artusi,onion
279,Artusi,prosciutto
280,Artusi,brined olive
280,Artusi,thrush
281,Artusi,bread
281,Artusi,broth
281,Artusi,black pepper
281,Artusi,salt
281,Artusi,sage
281,Artusi,lardon
281,Artusi,olive oil
281,Artusi,salted anchovy
281,Artusi,chicken liver
281,Artusi,juniper berry
281,Artusi,milk-fed veal
282,Artusi,marsala wine
282,Artusi,water
282,Artusi,white wine
282,Artusi,black pepper
282,Artusi,salt
282,Artusi,sage
282,Artusi,juniper berry
282,Artusi,prosciutto
282,Artusi,butter
282,Artusi,prosciutto fat
282,Artusi,onion
282,Artusi,starling
283,Artusi,bread
283,Artusi,black pepper
283,Artusi,bay leaf
283,Artusi,juniper berry
283,Artusi,shallot
283,Artusi,marsala wine
283,Artusi,madeira wine
283,Artusi,broth
283,Artusi,meat juice
283,Artusi,prosciutto
283,Artusi,butter
283,Artusi,olive oil
283,Artusi,salt
283,Artusi,bird
284,Artusi,tomato sauce or paste
284,Artusi,broth
284,Artusi,mushroom
284,Artusi,white wine or marsala
284,Artusi,spices
284,Artusi,black pepper
284,Artusi,salt
284,Artusi,prosciutto
284,Artusi,olive oil
284,Artusi,butter
284,Artusi,rosemary
284,Artusi,celery
284,Artusi,garlic
284,Artusi,onion
284,Artusi,hare
285,Artusi,vinegar
285,Artusi,sugar
285,Artusi,candied fruit
285,Artusi,pine nut
285,Artusi,chocolate
285,Artusi,currant
285,Artusi,hot water
285,Artusi,wheat flour
285,Artusi,black pepper
285,Artusi,salt
285,Artusi,olive oil
285,Artusi,prosciutto
285,Artusi,parsley
285,Artusi,white celery
285,Artusi,carrot
285,Artusi,onion
285,Artusi,wild boar
286,Artusi,broth
286,Artusi,white wine
286,Artusi,butter
286,Artusi,bouquet garni
286,Artusi,onion
286,Artusi,black pepper
286,Artusi,salt
286,Artusi,lardo
286,Artusi,wild boar
287,Artusi,marsala wine
287,Artusi,black pepper
287,Artusi,salt
287,Artusi,sage
287,Artusi,garlic
287,Artusi,butter
287,Artusi,olive oil
287,Artusi,fallow deer loin
289,Artusi,water
289,Artusi,suckling calf tongue
290,Artusi,butter
290,Artusi,green
290,Artusi,wheat flour
290,Artusi,butter
290,Artusi,meat sauce
290,Artusi,butter
290,Artusi,black pepper
290,Artusi,salt
290,Artusi,lardon
290,Artusi,ox tongue
291,Artusi,broth
291,Artusi,parsley
291,Artusi,white wine
291,Artusi,black pepper
291,Artusi,butter
291,Artusi,wheat flour
291,Artusi,water
291,Artusi,salt
291,Artusi,kidney
292,Artusi,broth
292,Artusi,black pepper
292,Artusi,salt
292,Artusi,butter
292,Artusi,bread
292,Artusi,lemon juice
292,Artusi,garlic
292,Artusi,parsley
292,Artusi,kidney
293,Artusi,breadcrumb
293,Artusi,parsley
293,Artusi,black pepper
293,Artusi,salt
293,Artusi,butter
293,Artusi,kidney
294,Artusi,butter
294,Artusi,shelled bean
294,Artusi,turnip
294,Artusi,carrot
294,Artusi,cold water
294,Artusi,brandy
294,Artusi,broth
294,Artusi,raw meat scrap
294,Artusi,onion
294,Artusi,carrot
294,Artusi,celery
294,Artusi,parsley
294,Artusi,pork rind
294,Artusi,butter
294,Artusi,black pepper
294,Artusi,salt
294,Artusi,lardon
294,Artusi,mutton shoulder
295,Artusi,tomato
295,Artusi,bouquet garni
295,Artusi,brandy
295,Artusi,broth
295,Artusi,water
295,Artusi,clove
295,Artusi,onion
295,Artusi,butter
295,Artusi,black pepper
295,Artusi,salt
295,Artusi,salted pork
295,Artusi,mutton shoulder
296,Artusi,broth or water
296,Artusi,parsley stalk
296,Artusi,carrot
296,Artusi,celery
296,Artusi,onion
296,Artusi,marsala wine
296,Artusi,butter
296,Artusi,egg
296,Artusi,parmigiano cheese
296,Artusi,prosciutto
296,Artusi,lean milk-fed veal
296,Artusi,black pepper
296,Artusi,salt
296,Artusi,loin of mutton
297,Artusi,shelled bean
297,Artusi,clove
297,Artusi,white wine
297,Artusi,water
297,Artusi,pork rind
297,Artusi,bouquet garni
297,Artusi,carrot
297,Artusi,onion
297,Artusi,veal trotter
297,Artusi,butter
297,Artusi,black pepper
297,Artusi,salt
297,Artusi,lardon
297,Artusi,lean beef
298,Artusi,vegetable
298,Artusi,butter
298,Artusi,hot water
298,Artusi,cold water
298,Artusi,butter
298,Artusi,celery
298,Artusi,carrot
298,Artusi,onion
298,Artusi,black pepper
298,Artusi,salt
298,Artusi,lardon
298,Artusi,"lean, aged boneless beef"
299,Artusi,black pepper
299,Artusi,salt
299,Artusi,eye of round beef
300,Artusi,black pepper
300,Artusi,salt
300,Artusi,carrot
300,Artusi,onion
300,Artusi,vinegar
300,Artusi,water
300,Artusi,cream
300,Artusi,butter
300,Artusi,lean boneless meat
301,Artusi,water
301,Artusi,black pepper
301,Artusi,salt
301,Artusi,marsala
301,Artusi,white wine
301,Artusi,celery
301,Artusi,carrot
301,Artusi,prosciutto fat
301,Artusi,beef or veal topside
302,Artusi,parsley
302,Artusi,marsala wine
302,Artusi,wheat flour
302,Artusi,black pepper
302,Artusi,salt
302,Artusi,broth
302,Artusi,butter
302,Artusi,beef or veal cutlet
303,Artusi,leftover cooked meat
303,Artusi,water
303,Artusi,broth
303,Artusi,tomato paste
303,Artusi,tomato sauce
303,Artusi,butter
303,Artusi,breadcrumb
303,Artusi,spices
303,Artusi,grated parmigiano cheese
303,Artusi,black pepper
303,Artusi,salt
303,Artusi,lean beef
304,Artusi,parmigiano cheese
304,Artusi,rice
304,Artusi,toasted bread
304,Artusi,tomato sauce
304,Artusi,hot water
304,Artusi,white wine
304,Artusi,garlic
304,Artusi,parsley
304,Artusi,wheat flour
304,Artusi,black pepper
304,Artusi,salt
304,Artusi,butter
304,Artusi,olive oil
304,Artusi,onion
304,Artusi,lean veal
305,Artusi,lemon
305,Artusi,broth
305,Artusi,water
305,Artusi,wheat flour
305,Artusi,black pepper
305,Artusi,salt
305,Artusi,sour cream
305,Artusi,butter
305,Artusi,lean boneless veal
306,Artusi,spinach
306,Artusi,parsley
306,Artusi,parmigiano cheese
306,Artusi,spices
306,Artusi,black pepper
306,Artusi,salt
306,Artusi,butter
306,Artusi,lardon
306,Artusi,milk-fed veal
307,Artusi,white wine
307,Artusi,water
307,Artusi,tomato sauce
307,Artusi,salt
307,Artusi,butter
307,Artusi,pancetta
307,Artusi,carrot
307,Artusi,white celery
307,Artusi,onion
307,Artusi,black pepper
307,Artusi,egg
307,Artusi,grated parmigiano cheese
307,Artusi,veal marrow
307,Artusi,prosciutto
307,Artusi,lean veal
307,Artusi,thin veal cutlet
308,Artusi,potato
308,Artusi,tomato sauce
308,Artusi,clove
308,Artusi,black pepper
308,Artusi,salt
308,Artusi,olive oil
308,Artusi,parsley
308,Artusi,carrot
308,Artusi,celery
308,Artusi,onion
308,Artusi,garlic
308,Artusi,prosciutto
308,Artusi,veal or beef
309,Artusi,onion
309,Artusi,tomato sauce
309,Artusi,butter
309,Artusi,parmigiano cheese
309,Artusi,egg yolk
309,Artusi,anchovy
309,Artusi,caper
309,Artusi,brined olive
309,Artusi,black pepper
309,Artusi,salt
309,Artusi,olive oil
309,Artusi,veal cutlet
310,Artusi,cavolo nero
310,Artusi,red wine
310,Artusi,black pepper
310,Artusi,salt
310,Artusi,garlic
310,Artusi,olive oil
310,Artusi,pork chop
311,Artusi,lemon
311,Artusi,butter
311,Artusi,egg yolk
311,Artusi,milk-fed veal cutlet
312,Artusi,meat sauce
312,Artusi,broth
312,Artusi,gruyère
312,Artusi,truffle
312,Artusi,butter
312,Artusi,breadcrumb
312,Artusi,egg
312,Artusi,parmigiano cheese
312,Artusi,salt
312,Artusi,black pepper
312,Artusi,lemon
312,Artusi,milk-fed veal
313,Artusi,tomato sauce
313,Artusi,lemon juice
313,Artusi,meat sauce
313,Artusi,gruyère
313,Artusi,parmigiano cheese
313,Artusi,butter
313,Artusi,salt
313,Artusi,breadcrumb
313,Artusi,prosciutto
313,Artusi,egg
313,Artusi,cutlet
314,Artusi,butter
314,Artusi,lemon juice
314,Artusi,egg
314,Artusi,parsley
314,Artusi,garlic
314,Artusi,lard
314,Artusi,olive oil
314,Artusi,breading material
314,Artusi,egg
314,Artusi,milk
314,Artusi,broth
314,Artusi,breadcrumb
314,Artusi,pine nut
314,Artusi,currant
314,Artusi,spices
314,Artusi,black pepper
314,Artusi,salt
314,Artusi,parmigiano cheese
314,Artusi,prosciutto
314,Artusi,leftover boiled meat
315,Artusi,lemon
315,Artusi,egg
315,Artusi,olive oil
315,Artusi,lard
315,Artusi,wheat flour
315,Artusi,butter
315,Artusi,water
315,Artusi,broth
315,Artusi,milk
315,Artusi,bread (soft inner part)
315,Artusi,egg
315,Artusi,parmigiano cheese
315,Artusi,black pepper
315,Artusi,salt
315,Artusi,leftover boiled meat
316,Artusi,hard-boiled egg
316,Artusi,lemon
316,Artusi,water
316,Artusi,butter
316,Artusi,carrot
316,Artusi,celery
316,Artusi,parsley
316,Artusi,onion
316,Artusi,wheat flour
316,Artusi,egg
316,Artusi,spices
316,Artusi,black pepper
316,Artusi,salt
316,Artusi,prosciutto
316,Artusi,boneless lean veal
317,Artusi,wheat flour
317,Artusi,butter
317,Artusi,olive in brine
317,Artusi,mushroom
317,Artusi,tomato sauce
317,Artusi,water
317,Artusi,wheat flour
317,Artusi,salt
317,Artusi,milk
317,Artusi,egg yolk
317,Artusi,egg
317,Artusi,butter
317,Artusi,wheat flour
317,Artusi,milk-fed veal kidney fat
317,Artusi,milk-fed veal
318,Artusi,lemon
318,Artusi,parmigiano cheese
318,Artusi,egg
318,Artusi,black pepper
318,Artusi,salt
318,Artusi,parsley
318,Artusi,garlic
318,Artusi,virgin lard
318,Artusi,lamb loin
319,Artusi,veal
319,Artusi,pea
319,Artusi,broth or water
319,Artusi,tomato sauce or paste
319,Artusi,butter
319,Artusi,black pepper
319,Artusi,salt
319,Artusi,olive oil
319,Artusi,lardoon or cured meat
319,Artusi,rosemary
319,Artusi,garlic
319,Artusi,lamb hindquarter
320,Artusi,broth
320,Artusi,wheat flour
320,Artusi,black pepper
320,Artusi,salt
320,Artusi,butter
320,Artusi,scallion
320,Artusi,lamb shoulder
321,Artusi,tomato sauce or paste
321,Artusi,butter
321,Artusi,black pepper
321,Artusi,salt
321,Artusi,broth
321,Artusi,olive oil
321,Artusi,parsley
321,Artusi,garlic
321,Artusi,lamb head
322,Artusi,wheat flour
322,Artusi,cheese
322,Artusi,macaroni
322,Artusi,dried mushroom
322,Artusi,water
322,Artusi,dried meat
322,Artusi,prosciutto
322,Artusi,black pepper
322,Artusi,salt
322,Artusi,string
322,Artusi,onion
322,Artusi,carrot
322,Artusi,celery
322,Artusi,butter
322,Artusi,lean veal or beef cutlet
322,Artusi,cotechino
323,Artusi,potato
323,Artusi,mushroom
323,Artusi,bread
323,Artusi,water
323,Artusi,butter
323,Artusi,tomato sauce
323,Artusi,wheat flour
323,Artusi,black pepper
323,Artusi,salt
323,Artusi,garlic
323,Artusi,olive oil
323,Artusi,veal shank
324,Artusi,water
324,Artusi,fennel
324,Artusi,butter
324,Artusi,broth or water
324,Artusi,tomato sauce or paste
324,Artusi,wheat flour
324,Artusi,salt
324,Artusi,black pepper
324,Artusi,olive oil
324,Artusi,cured meat
324,Artusi,carrot
324,Artusi,celery
324,Artusi,parsley
324,Artusi,garlic
324,Artusi,milk-fed veal breast
325,Artusi,milk
325,Artusi,black pepper
325,Artusi,salt
325,Artusi,lemon
325,Artusi,butter
325,Artusi,cured meat
325,Artusi,milk-fed veal
326,Artusi,fennel
326,Artusi,pea
326,Artusi,water
326,Artusi,butter
326,Artusi,truffle
326,Artusi,salt
326,Artusi,black pepper
326,Artusi,parsley
326,Artusi,garlic
326,Artusi,egg
326,Artusi,parmigiano cheese
326,Artusi,mortadella
326,Artusi,prosciutto
326,Artusi,lean milk-fed veal
326,Artusi,milk-fed veal breast
327,Artusi,tomato sauce
327,Artusi,marsala wine
327,Artusi,wheat flour
327,Artusi,salt
327,Artusi,butter
327,Artusi,sage
327,Artusi,milk-fed veal loin
328,Artusi,black pepper
328,Artusi,salt
328,Artusi,butter
328,Artusi,nutmeg
328,Artusi,egg yolk
328,Artusi,grated parmigiano cheese
328,Artusi,marrow
328,Artusi,mortadella
328,Artusi,prosciutto
328,Artusi,lean milk-fed veal
328,Artusi,pork caul fat
328,Artusi,pork loin
329,Artusi,black pepper
329,Artusi,water
329,Artusi,salt
329,Artusi,olive oil
329,Artusi,butter
329,Artusi,onion
329,Artusi,clove
329,Artusi,lardon
329,Artusi,wine
329,Artusi,beef
330,Artusi,meat sauce
330,Artusi,marsala wine
330,Artusi,wheat flour
330,Artusi,black pepper
330,Artusi,salt
330,Artusi,butter
330,Artusi,water
330,Artusi,sweetbread
331,Artusi,parmigiano cheese
331,Artusi,black pepper
331,Artusi,salt
331,Artusi,meat sauce
331,Artusi,butter
331,Artusi,tripe
332,Artusi,parmigiano cheese
332,Artusi,lemon juice
332,Artusi,egg
332,Artusi,black pepper
332,Artusi,salt
332,Artusi,butter
332,Artusi,parsley
332,Artusi,garlic
332,Artusi,tripe
333,Artusi,bread
333,Artusi,broth
333,Artusi,black pepper
333,Artusi,salt
333,Artusi,parmigiano cheese
333,Artusi,meat sauce
333,Artusi,spices
333,Artusi,nutmeg
333,Artusi,garlic
333,Artusi,onion
333,Artusi,lardon
333,Artusi,butter
333,Artusi,boneless bovine foot
333,Artusi,raw tripe
334,Artusi,pine nut
334,Artusi,raisin
334,Artusi,tomato paste
334,Artusi,tomato sauce
334,Artusi,butter
334,Artusi,onion
334,Artusi,lard
334,Artusi,olive oil
334,Artusi,wheat flour
334,Artusi,salt
334,Artusi,milk
334,Artusi,broth
334,Artusi,bread
334,Artusi,nutmeg
334,Artusi,spices
334,Artusi,parsley
334,Artusi,egg
334,Artusi,beef marrow
334,Artusi,parmigiano cheese
334,Artusi,prosciutto
334,Artusi,boiled tripe
335,Artusi,parmigiano cheese
335,Artusi,meat broth
335,Artusi,black pepper
335,Artusi,salt
335,Artusi,butter
335,Artusi,beef trotter
336,Artusi,celery or other green
336,Artusi,wheat flour
336,Artusi,butter
336,Artusi,tomato sauce or paste
336,Artusi,broth
336,Artusi,black pepper
336,Artusi,salt
336,Artusi,butter
336,Artusi,parsley
336,Artusi,carrot
336,Artusi,celery
336,Artusi,onion
336,Artusi,prosciutto
336,Artusi,beef tongue
337,Artusi,lemon
337,Artusi,parsley
337,Artusi,black pepper
337,Artusi,salt
337,Artusi,milk-fed veal liver
337,Artusi,butter
337,Artusi,olive oil
337,Artusi,shallot
338,Artusi,pea
338,Artusi,veal fillet
338,Artusi,white wine
338,Artusi,wheat flour
338,Artusi,broth
338,Artusi,mushroom
338,Artusi,sweetbread
338,Artusi,chicken liver
338,Artusi,chicken gizzard
338,Artusi,black pepper
338,Artusi,salt
338,Artusi,mutton chop
338,Artusi,parsley stalk
338,Artusi,celery
338,Artusi,carrot
338,Artusi,butter
338,Artusi,prosciutto
339,Artusi,water
339,Artusi,tomato sauce
339,Artusi,olive oil
339,Artusi,onion
339,Artusi,black pepper
339,Artusi,salt
339,Artusi,veal or beef cutlet
339,Artusi,butter
339,Artusi,prosciutto
339,Artusi,artichoke
340,Artusi,lardon
340,Artusi,marsala wine
340,Artusi,broth
340,Artusi,wheat flour
340,Artusi,black pepper
340,Artusi,salt
340,Artusi,butter
340,Artusi,prosciutto
340,Artusi,onion
340,Artusi,beef fillet
341,Artusi,broth
341,Artusi,wheat flour
341,Artusi,meat sauce
341,Artusi,parsley
341,Artusi,black pepper
341,Artusi,salt
341,Artusi,butter
341,Artusi,beef fillet steak
342,Artusi,broth
342,Artusi,wheat flour
342,Artusi,butter
342,Artusi,parsley
342,Artusi,parmigiano cheese
342,Artusi,black pepper
342,Artusi,salt
342,Artusi,egg
342,Artusi,lean veal cutlet
343,Artusi,sauce
343,Artusi,dried mushroom
343,Artusi,truffle
343,Artusi,meat filling
343,Artusi,parmigiano cheese
343,Artusi,butter
343,Artusi,semolina base (from recipe #230)
344,Artusi,butter
344,Artusi,wheat flour
344,Artusi,salt
344,Artusi,milk or cream
344,Artusi,egg yolk
344,Artusi,brewer's yeast
344,Artusi,butter
344,Artusi,butter
344,Artusi,wheat flour
345,Artusi,wheat flour
345,Artusi,egg
345,Artusi,parmigiano cheese
345,Artusi,water
345,Artusi,rice
345,Artusi,truffle
345,Artusi,mushroom
345,Artusi,black pepper
345,Artusi,salt
345,Artusi,butter
345,Artusi,prosciutto
345,Artusi,giblet
345,Artusi,meat sauce
346,Artusi,sweetbread
346,Artusi,chicken giblet
346,Artusi,breadcrumb
346,Artusi,salt
346,Artusi,egg
346,Artusi,milk
346,Artusi,gruyère
346,Artusi,wheat flour
346,Artusi,butter
347,Artusi,sauce/gravy
347,Artusi,chicken liver
347,Artusi,butter
347,Artusi,béchamel sauce
347,Artusi,milk
347,Artusi,breadcrumb
347,Artusi,salt
347,Artusi,nutmeg
347,Artusi,egg
347,Artusi,grated parmigiano cheese
347,Artusi,butter
347,Artusi,prosciutto
347,Artusi,chicken breast
347,Artusi,milk-fed veal
348,Artusi,salt
348,Artusi,nutmeg
348,Artusi,butter
348,Artusi,parmigiano cheese
348,Artusi,cream
348,Artusi,egg yolk
348,Artusi,egg
348,Artusi,pig's brain
349,Artusi,egg yolk
349,Artusi,lemon zest
349,Artusi,black pepper
349,Artusi,salt
349,Artusi,nutmeg
349,Artusi,unlaid egg
349,Artusi,wattle
349,Artusi,cockscomb
349,Artusi,chicken giblet
349,Artusi,dried mushroom
349,Artusi,prosciutto
349,Artusi,truffle
349,Artusi,butter
349,Artusi,sweetbread
349,Artusi,parmigiano cheese
349,Artusi,long napoletano-style macaroni
350,Artusi,meat sauce
350,Artusi,butter
350,Artusi,truffle
350,Artusi,mushroom
350,Artusi,milk-fed veal cutlet
350,Artusi,sweetbread
350,Artusi,chicken giblet
350,Artusi,butter
350,Artusi,spinach
350,Artusi,salt
350,Artusi,egg
350,Artusi,milk
350,Artusi,parmigiano cheese
350,Artusi,butter
350,Artusi,wheat flour
351,Artusi,giblet
351,Artusi,salt
351,Artusi,egg
351,Artusi,milk
351,Artusi,butter
351,Artusi,parmigiano cheese
351,Artusi,rice
352,Artusi,water
352,Artusi,tomato sauce
352,Artusi,broth
352,Artusi,spices
352,Artusi,black pepper
352,Artusi,salt
352,Artusi,potato starch
352,Artusi,butter
352,Artusi,onion
352,Artusi,prosciutto
352,Artusi,celery
352,Artusi,chicken wattle
352,Artusi,unlaid egg
352,Artusi,chicken comb
352,Artusi,chicken liver
352,Artusi,chicken gizzard
353,Artusi,black pepper
353,Artusi,salt
353,Artusi,nutmeg
353,Artusi,parmigiano cheese
353,Artusi,butter
353,Artusi,prosciutto
353,Artusi,potato
353,Artusi,milk-fed veal
354,Artusi,pea
354,Artusi,broth or water
354,Artusi,butter
354,Artusi,olive oil
354,Artusi,prosciutto
354,Artusi,onion
354,Artusi,pigeon
355,Artusi,dried mushroom
355,Artusi,broth
355,Artusi,tomato paste
355,Artusi,tomato sauce
355,Artusi,spices
355,Artusi,black pepper
355,Artusi,salt
355,Artusi,butter
355,Artusi,carrot
355,Artusi,celery
355,Artusi,onion
355,Artusi,cured meat
355,Artusi,boiled meat
356,Artusi,parmigiano cheese
356,Artusi,spices
356,Artusi,black pepper
356,Artusi,salt
356,Artusi,butter
356,Artusi,milk
356,Artusi,wheat flour
356,Artusi,egg
356,Artusi,cooked boiled meat
357,Artusi,lemon
357,Artusi,parsley
357,Artusi,broth
357,Artusi,black pepper
357,Artusi,salt
357,Artusi,garlic
357,Artusi,butter
357,Artusi,onion
357,Artusi,boiled meat
358,Artusi,parsley
358,Artusi,lemon zest
358,Artusi,tomato sauce or paste
358,Artusi,water
358,Artusi,wheat flour
358,Artusi,black pepper
358,Artusi,salt
358,Artusi,butter
358,Artusi,carrot
358,Artusi,celery
358,Artusi,onion
358,Artusi,veal shank
359,Artusi,water
359,Artusi,tomato sauce
359,Artusi,rosemary
359,Artusi,garlic
359,Artusi,olive oil
359,Artusi,butter
359,Artusi,black pepper
359,Artusi,salt
359,Artusi,egg
359,Artusi,grated parmigiano cheese
359,Artusi,prosciutto
359,Artusi,lean beef
360,Artusi,spinach
360,Artusi,potato
360,Artusi,gelatin
360,Artusi,clove
360,Artusi,onion
360,Artusi,bouquet garni
360,Artusi,water
360,Artusi,salt
360,Artusi,saltpeter
360,Artusi,beef tongue
361,Artusi,black pepper
361,Artusi,lemon
361,Artusi,garlic
361,Artusi,onion
361,Artusi,vinegar
361,Artusi,breadcrumb
361,Artusi,parsley
361,Artusi,caper
361,Artusi,salted anchovy
361,Artusi,olive oil
361,Artusi,carrot
361,Artusi,celery
361,Artusi,salt
361,Artusi,water
361,Artusi,suckling calf tongue
362,Artusi,gelatin
362,Artusi,white truffle
362,Artusi,butter
362,Artusi,prosciutto cotto
362,Artusi,salted tongue
363,Artusi,lemon
363,Artusi,pickled caper
363,Artusi,lemon juice
363,Artusi,olive oil
363,Artusi,tuna in oil
363,Artusi,salt
363,Artusi,water
363,Artusi,parsley
363,Artusi,carrot
363,Artusi,celery
363,Artusi,bay leaf
363,Artusi,clove
363,Artusi,onion
363,Artusi,anchovy
363,Artusi,milk-fed veal
364,Artusi,meat gelatin
364,Artusi,broth
364,Artusi,black pepper
364,Artusi,salt
364,Artusi,water
364,Artusi,egg
364,Artusi,raw chicken breast
364,Artusi,butter
364,Artusi,grated parmigiano cheese
364,Artusi,mortadella
364,Artusi,prosciutto
364,Artusi,lean milk-fed veal
364,Artusi,milk-fed veal cutlet
365,Artusi,raw potato
365,Artusi,egg
365,Artusi,vinegar
365,Artusi,parsley
365,Artusi,anchovy
365,Artusi,caper
365,Artusi,tuna in oil
365,Artusi,olive oil
365,Artusi,black pepper
365,Artusi,salt
365,Artusi,young chicken bust
366,Artusi,black pepper
366,Artusi,salt
366,Artusi,tongue and prosciutto trimming
366,Artusi,truffle peeling
366,Artusi,egg
366,Artusi,broth
366,Artusi,breadcrumb
366,Artusi,pork and veal mix
366,Artusi,pistachio
366,Artusi,black truffle
366,Artusi,prosciutto
366,Artusi,cured tongue
366,Artusi,lardon
366,Artusi,pullet breast
366,Artusi,lean pork
366,Artusi,lean veal
366,Artusi,capon
367,Artusi,gelatin
367,Artusi,water
367,Artusi,prosciutto
367,Artusi,salt
367,Artusi,ox or pig bladder
367,Artusi,capon
368,Artusi,aspic broth
368,Artusi,egg yolk
368,Artusi,marsala wine
368,Artusi,black truffle
368,Artusi,prosciutto
368,Artusi,salted tongue
368,Artusi,lean suckling veal
368,Artusi,thrush
369,Artusi,black pepper
369,Artusi,salt
369,Artusi,clove
369,Artusi,rosemary
369,Artusi,garlic
369,Artusi,pork loin with rib
370,Artusi,butter
370,Artusi,pastry dough
370,Artusi,black pepper
370,Artusi,salt
370,Artusi,broth
370,Artusi,celery
370,Artusi,carrot
370,Artusi,onion
370,Artusi,breadcrumb
370,Artusi,butter
370,Artusi,prosciutto
370,Artusi,cured tongue
370,Artusi,black truffle
370,Artusi,marsala wine
370,Artusi,bay leaf
370,Artusi,egg yolk
370,Artusi,chicken liver
370,Artusi,grey partridge
371,Artusi,gelatin
371,Artusi,pastry dough
371,Artusi,lardon
371,Artusi,broth
371,Artusi,black pepper
371,Artusi,salt
371,Artusi,egg yolk
371,Artusi,marsala wine
371,Artusi,truffle
371,Artusi,lark
371,Artusi,chicken liver
371,Artusi,chicken breast
371,Artusi,breadcrumb
371,Artusi,cured tongue
371,Artusi,prosciutto cotto
371,Artusi,butter
371,Artusi,lean pork
371,Artusi,lean milk-fed veal
372,Artusi,hare
372,Artusi,lean veal
372,Artusi,butter
372,Artusi,salted tongue
372,Artusi,prosciutto fat
372,Artusi,prosciutto
372,Artusi,prosciutto
372,Artusi,black truffle
372,Artusi,wheat flour
372,Artusi,marsala wine
372,Artusi,egg
372,Artusi,milk
372,Artusi,broth
372,Artusi,onion
372,Artusi,carrot
372,Artusi,celery
372,Artusi,parsley stalk
372,Artusi,bay leaf
372,Artusi,salt
372,Artusi,black pepper
372,Artusi,wheat flour
372,Artusi,butter
372,Artusi,alcohol
372,Artusi,sugar
372,Artusi,egg yolk
372,Artusi,lemon juice
372,Artusi,salt
372,Artusi,cold water
373,Artusi,gelatin
373,Artusi,broth
373,Artusi,salt
373,Artusi,onion
373,Artusi,prosciutto
373,Artusi,milk
373,Artusi,egg yolk
373,Artusi,grated parmigiano cheese
373,Artusi,wheat flour
373,Artusi,butter
373,Artusi,boneless lean hare meat
374,Artusi,aspic jelly
374,Artusi,black pepper
374,Artusi,salt
374,Artusi,bay leaf
374,Artusi,egg yolk
374,Artusi,egg
374,Artusi,meat sauce or broth
374,Artusi,marsala wine
374,Artusi,chicken liver
374,Artusi,grated parmigiano cheese
374,Artusi,breadcrumb
374,Artusi,butter
374,Artusi,milk-fed veal liver
375,Artusi,marsala wine
375,Artusi,black truffle
375,Artusi,pasticcio dough from recipe 372
375,Artusi,mixture from recipe 374
376,Artusi,oregano
376,Artusi,black pepper
376,Artusi,salt
376,Artusi,olive oil
376,Artusi,long zucchini
377,Artusi,tomato sauce
377,Artusi,butter
377,Artusi,spices
377,Artusi,broth or milk
377,Artusi,breadcrumb
377,Artusi,grated parmigiano cheese
377,Artusi,egg
377,Artusi,water
377,Artusi,black pepper
377,Artusi,salt
377,Artusi,olive oil
377,Artusi,cured meat
377,Artusi,carrot
377,Artusi,celery
377,Artusi,parsley
377,Artusi,onion
377,Artusi,lean milk-fed veal
377,Artusi,zucchini
378,Artusi,tomato sauce
378,Artusi,butter
378,Artusi,black pepper
378,Artusi,spices
378,Artusi,zucchini pulp
378,Artusi,parmigiano cheese
378,Artusi,egg
378,Artusi,tuna in oil
378,Artusi,zucchini
379,Artusi,parmigiano cheese
379,Artusi,tomato sauce
379,Artusi,meat sauce
379,Artusi,black pepper
379,Artusi,salt
379,Artusi,butter
379,Artusi,zucchini
379,Artusi,green bean
380,Artusi,baking soda
380,Artusi,broth
380,Artusi,lemon juice
380,Artusi,wheat flour
380,Artusi,egg yolk
380,Artusi,black pepper
380,Artusi,butter
380,Artusi,water
380,Artusi,salt
380,Artusi,green bean
381,Artusi,olive oil or butter
381,Artusi,bread
381,Artusi,wheat flour
381,Artusi,cream
381,Artusi,black pepper
381,Artusi,salt
381,Artusi,butter
381,Artusi,baking soda
381,Artusi,green bean
382,Artusi,catmint
382,Artusi,vanilla sugar
382,Artusi,tomato sauce
382,Artusi,broth
382,Artusi,black pepper
382,Artusi,salt
382,Artusi,celery
382,Artusi,carrot
382,Artusi,parsley
382,Artusi,shallot
382,Artusi,olive oil
382,Artusi,water
382,Artusi,green bean
383,Artusi,black pepper
383,Artusi,salt
383,Artusi,olive oil
383,Artusi,cold water
383,Artusi,tomato sauce
383,Artusi,garlic
383,Artusi,young black-eyed pea
384,Artusi,water
384,Artusi,tomato sauce
384,Artusi,black pepper
384,Artusi,salt
384,Artusi,sage
384,Artusi,olive oil
384,Artusi,bean
385,Artusi,white pepper
385,Artusi,salt
385,Artusi,sage
385,Artusi,olive oil
385,Artusi,water
385,Artusi,salted pork
385,Artusi,shelled bean
386,Artusi,egg
386,Artusi,parmigiano cheese
386,Artusi,milk
386,Artusi,wheat flour
386,Artusi,butter
386,Artusi,water
386,Artusi,black pepper
386,Artusi,olive oil
386,Artusi,celery
386,Artusi,parsley
386,Artusi,onion
386,Artusi,butter
386,Artusi,meat sauce
386,Artusi,salt
386,Artusi,green bean
387,Artusi,salt
387,Artusi,wheat flour
387,Artusi,parmigiano cheese
387,Artusi,butter
387,Artusi,egg
387,Artusi,milk
387,Artusi,cauliflower
388,Artusi,parmigiano cheese
388,Artusi,tomato paste
388,Artusi,black pepper
388,Artusi,salt
388,Artusi,water
388,Artusi,olive oil
388,Artusi,parsley
388,Artusi,garlic
388,Artusi,cauliflower
389,Artusi,cardoon
390,Artusi,dried mushroom
390,Artusi,milk-fed veal
390,Artusi,sweetbread
390,Artusi,chicken giblet
390,Artusi,currant
390,Artusi,raisin
390,Artusi,parmigiano cheese
390,Artusi,egg
390,Artusi,butter
390,Artusi,béchamel sauce
390,Artusi,ground cinnamon
390,Artusi,black pepper
390,Artusi,salt
390,Artusi,spinach
391,Artusi,meat sauce
391,Artusi,nutmeg
391,Artusi,parmigiano cheese
391,Artusi,butter
391,Artusi,béchamel sauce
391,Artusi,egg
391,Artusi,water
391,Artusi,salt
391,Artusi,artichoke
392,Artusi,sweetbread
392,Artusi,giblet
392,Artusi,egg
392,Artusi,parmigiano cheese
392,Artusi,béchamel sauce
392,Artusi,milk
392,Artusi,butter
392,Artusi,salt
392,Artusi,water
392,Artusi,fennel
393,Artusi,vinegar
393,Artusi,water
393,Artusi,caesar's mushroom
393,Artusi,porcini mushroom
394,Artusi,egg
394,Artusi,black pepper
394,Artusi,salt
394,Artusi,olive oil
394,Artusi,wheat flour
394,Artusi,mushroom
395,Artusi,tomato sauce
395,Artusi,black pepper
395,Artusi,salt
395,Artusi,catmint
395,Artusi,garlic
395,Artusi,olive oil
395,Artusi,mushroom
396,Artusi,meat sauce
396,Artusi,parmigiano cheese
396,Artusi,black pepper
396,Artusi,salt
396,Artusi,butter
396,Artusi,caesar's mushroom
397,Artusi,black pepper
397,Artusi,salt
397,Artusi,olive oil
397,Artusi,caesar's mushroom
398,Artusi,hot water
398,Artusi,porcini mushroom
399,Artusi,eggplant
400,Artusi,olive oil
400,Artusi,wheat flour
400,Artusi,salt
400,Artusi,eggplant
401,Artusi,tomato sauce
401,Artusi,butter
401,Artusi,eggplant
402,Artusi,olive oil
402,Artusi,black pepper
402,Artusi,salt
402,Artusi,eggplant
403,Artusi,breadcrumb
403,Artusi,egg
403,Artusi,tomato sauce
403,Artusi,parmigiano cheese
403,Artusi,olive oil
403,Artusi,wheat flour
403,Artusi,salt
403,Artusi,eggplant
404,Artusi,egg
404,Artusi,black pepper
404,Artusi,olive oil
404,Artusi,wheat flour
404,Artusi,water
404,Artusi,salt
404,Artusi,cardoon
405,Artusi,parmigiano cheese
405,Artusi,lemon
405,Artusi,egg
405,Artusi,black pepper
405,Artusi,salt
405,Artusi,olive oil
405,Artusi,parsley
405,Artusi,garlic
405,Artusi,cardoon
406,Artusi,salt
406,Artusi,black pepper
406,Artusi,olive oil
406,Artusi,cardoon
407,Artusi,parmigiano cheese
407,Artusi,béchamel sauce
407,Artusi,cream
407,Artusi,milk
407,Artusi,salt
407,Artusi,butter
407,Artusi,cardoon
408,Artusi,rice
408,Artusi,egg
408,Artusi,butter
408,Artusi,lemon
408,Artusi,olive oil
408,Artusi,black pepper
408,Artusi,salt
408,Artusi,parmigiano cheese
408,Artusi,truffle
409,Artusi,salt
409,Artusi,vinegar
409,Artusi,water
409,Artusi,wheat flour
409,Artusi,sugar
409,Artusi,borettane onion
410,Artusi,lardon
410,Artusi,broth
410,Artusi,prosciutto
410,Artusi,bouquet garni
410,Artusi,wheat flour
410,Artusi,meat sauce
410,Artusi,black pepper
410,Artusi,butter
410,Artusi,salt
410,Artusi,water
410,Artusi,borettane onion
411,Artusi,black pepper
411,Artusi,salt
411,Artusi,sugar
411,Artusi,vinegar
411,Artusi,defatted coteghino broth
411,Artusi,butter
411,Artusi,onion
412,Artusi,breadcrumb
412,Artusi,egg
412,Artusi,olive oil
412,Artusi,lard
412,Artusi,batter (from recipe #156)
412,Artusi,wheat flour
412,Artusi,black pepper
412,Artusi,broth
412,Artusi,clove
412,Artusi,onion
412,Artusi,prosciutto
412,Artusi,parmigiano cheese
412,Artusi,meat sauce
412,Artusi,butter
412,Artusi,water
412,Artusi,salt
412,Artusi,celery
413,Artusi,parmigiano cheese
413,Artusi,béchamel sauce (from recipe #137)
413,Artusi,butter
413,Artusi,water
413,Artusi,salt
413,Artusi,celery
414,Artusi,black pepper
414,Artusi,salt
414,Artusi,broth
414,Artusi,cotechino broth
414,Artusi,onion
414,Artusi,prosciutto
414,Artusi,bouquet garni
414,Artusi,water
414,Artusi,meat sauce
414,Artusi,butter
414,Artusi,lentil
415,Artusi,black pepper
415,Artusi,salt
415,Artusi,broth
415,Artusi,butter
415,Artusi,carrot
415,Artusi,celery
415,Artusi,parsley
415,Artusi,onion
415,Artusi,butter
415,Artusi,water
415,Artusi,lentil
416,Artusi,egg yolk
416,Artusi,lemon juice
416,Artusi,breadcrumb
416,Artusi,parsley
416,Artusi,broth
416,Artusi,black pepper
416,Artusi,salt
416,Artusi,butter
416,Artusi,artichoke
417,Artusi,tomato sauce
417,Artusi,fresh calamint
417,Artusi,garlic
417,Artusi,black pepper
417,Artusi,salt
417,Artusi,olive oil
417,Artusi,wheat flour
417,Artusi,artichoke
418,Artusi,water
418,Artusi,olive oil
418,Artusi,black pepper
418,Artusi,salt
418,Artusi,artichoke
419,Artusi,black pepper
419,Artusi,stale bread
419,Artusi,dried mushroom
419,Artusi,parsley
419,Artusi,celery leaf
419,Artusi,garlic
419,Artusi,scallion
419,Artusi,prosciutto
419,Artusi,artichoke
420,Artusi,water
420,Artusi,olive oil
420,Artusi,spices
420,Artusi,black pepper
420,Artusi,salt
420,Artusi,parmigiano cheese
420,Artusi,breadcrumb
420,Artusi,dried mushroom
420,Artusi,parsley
420,Artusi,scallion
420,Artusi,prosciutto
420,Artusi,lean milk-fed veal
420,Artusi,artichoke
421,Artusi,water
421,Artusi,black pepper
421,Artusi,salt
421,Artusi,egg
421,Artusi,lard
421,Artusi,powdered sugar
421,Artusi,wheat flour
421,Artusi,egg yolk
421,Artusi,wheat flour
421,Artusi,meat sauce
421,Artusi,grated parmigiano cheese
421,Artusi,butter
421,Artusi,shelled pea
421,Artusi,artichoke
422,Artusi,salt
422,Artusi,black pepper
422,Artusi,olive oil
422,Artusi,tender artichoke
423,Artusi,celery leaf
423,Artusi,basil
423,Artusi,wild thyme
423,Artusi,lemon
423,Artusi,vinegar
423,Artusi,water
423,Artusi,artichoke
424,Artusi,egg yolk
424,Artusi,wheat flour
424,Artusi,black pepper
424,Artusi,salt
424,Artusi,lettuce
424,Artusi,broth
424,Artusi,butter
424,Artusi,parsley
424,Artusi,scallion
424,Artusi,pea
425,Artusi,sugar
425,Artusi,lettuce
425,Artusi,black pepper
425,Artusi,salt
425,Artusi,pea
425,Artusi,broth
425,Artusi,wheat flour
425,Artusi,butter
425,Artusi,onion
426,Artusi,butter
426,Artusi,broth
426,Artusi,black pepper
426,Artusi,salt
426,Artusi,pea
426,Artusi,prosciutto
426,Artusi,olive oil
426,Artusi,scallion
427,Artusi,pea pod
427,Artusi,water
427,Artusi,broth
427,Artusi,black pepper
427,Artusi,salt
427,Artusi,olive oil
427,Artusi,parsley
427,Artusi,garlic
427,Artusi,dried meat
427,Artusi,pea
428,Artusi,meat sauce or broth
428,Artusi,black pepper
428,Artusi,salt
428,Artusi,olive oil
428,Artusi,parsley
428,Artusi,scallion
428,Artusi,parmigiano cheese
428,Artusi,egg
428,Artusi,wheat flour
428,Artusi,butter
428,Artusi,prosciutto
428,Artusi,shelled pea
429,Artusi,broth
429,Artusi,lettuce
429,Artusi,salt
429,Artusi,black pepper
429,Artusi,prosciutto
429,Artusi,olive oil
429,Artusi,scallion
429,Artusi,fava bean
430,Artusi,breadcrumb
430,Artusi,garlic
430,Artusi,olive oil
430,Artusi,egg
430,Artusi,parmigiano cheese
430,Artusi,milk
430,Artusi,bread mush with milk
430,Artusi,dried mushroom
430,Artusi,butter
430,Artusi,celery
430,Artusi,parsley
430,Artusi,onion
430,Artusi,black pepper
430,Artusi,salt
430,Artusi,tomato
431,Artusi,water
431,Artusi,béchamel sauce
431,Artusi,parmigiano cheese
431,Artusi,black pepper
431,Artusi,butter
431,Artusi,salt
431,Artusi,cauliflower
432,Artusi,broth
432,Artusi,butter
432,Artusi,fatty prosciutto crudo
432,Artusi,water
432,Artusi,vinegar
432,Artusi,water
432,Artusi,salt
432,Artusi,white cabbage
433,Artusi,sugar
433,Artusi,vinegar
433,Artusi,broth
433,Artusi,black pepper
433,Artusi,salt
433,Artusi,cured meat
433,Artusi,butter
433,Artusi,cured meat
433,Artusi,onion
433,Artusi,water
433,Artusi,cabbage
434,Artusi,lard
434,Artusi,vinegar
434,Artusi,black pepper
434,Artusi,salt
434,Artusi,olive oil
434,Artusi,garlic
434,Artusi,broccoli rabe
435,Artusi,white wine
435,Artusi,hot water
435,Artusi,garlic
435,Artusi,olive oil
435,Artusi,white wine
435,Artusi,black pepper
435,Artusi,salt
435,Artusi,lard
435,Artusi,roman broccoli
436,Artusi,broth
436,Artusi,breadcrumb
436,Artusi,butter
436,Artusi,nutmeg
436,Artusi,egg yolk
436,Artusi,parmigiano cheese
436,Artusi,béchamel sauce
436,Artusi,sweetbread
436,Artusi,chicken liver
436,Artusi,milk-fed veal
436,Artusi,salt
436,Artusi,savoy cabbage
437,Artusi,black pepper
437,Artusi,broth
437,Artusi,butter
437,Artusi,onion
437,Artusi,prosciutto
437,Artusi,salt
437,Artusi,water
437,Artusi,savoy cabbage
438,Artusi,olive oil
438,Artusi,garlic
438,Artusi,bread
438,Artusi,salt
438,Artusi,black pepper
438,Artusi,broth
438,Artusi,butter
438,Artusi,onion
438,Artusi,prosciutto
438,Artusi,meat sauce
438,Artusi,cavolo nero
439,Artusi,béchamel sauce
439,Artusi,parmigiano cheese
439,Artusi,milk
439,Artusi,butter
439,Artusi,water
439,Artusi,salt
439,Artusi,fennel
440,Artusi,parmigiano cheese
440,Artusi,wheat flour
440,Artusi,broth
440,Artusi,butter
440,Artusi,water
440,Artusi,salt
440,Artusi,fennel
441,Artusi,wheat flour
441,Artusi,water
441,Artusi,olive oil
441,Artusi,black pepper
441,Artusi,salt
441,Artusi,butter
441,Artusi,potato
442,Artusi,lemon juice
442,Artusi,broth
442,Artusi,black pepper
442,Artusi,salt
442,Artusi,butter
442,Artusi,parmigiano cheese
442,Artusi,truffle
442,Artusi,potato
443,Artusi,salt
443,Artusi,milk or cream
443,Artusi,butter
443,Artusi,potato
444,Artusi,oregano
444,Artusi,black pepper
444,Artusi,salt
444,Artusi,vinegar
444,Artusi,olive oil
444,Artusi,hard-boiled egg
444,Artusi,basil
444,Artusi,celery
444,Artusi,salted anchovy
444,Artusi,pickled onion
444,Artusi,pickled gherkin
444,Artusi,pickled pepper
444,Artusi,pickled caper
444,Artusi,potato
445,Artusi,béchamel sauce
445,Artusi,nutmeg
445,Artusi,parmigiano cheese
445,Artusi,black pepper
445,Artusi,salt
445,Artusi,butter
445,Artusi,zucchini
446,Artusi,breadcrumb
446,Artusi,salt
446,Artusi,egg
446,Artusi,grated parmigiano cheese
446,Artusi,milk or cream
446,Artusi,butter
446,Artusi,starchy potato
447,Artusi,salt
447,Artusi,milk
447,Artusi,parmigiano cheese
447,Artusi,egg
447,Artusi,wheat flour
447,Artusi,butter
447,Artusi,potato
448,Artusi,tomato sauce
448,Artusi,olive oil
448,Artusi,parmigiano cheese
448,Artusi,onion
448,Artusi,cream
448,Artusi,broth
448,Artusi,meat sauce
448,Artusi,black pepper
448,Artusi,salt
448,Artusi,butter
448,Artusi,spinach
449,Artusi,raisin
449,Artusi,sugar
449,Artusi,black pepper
449,Artusi,salt
449,Artusi,parsley
449,Artusi,garlic
449,Artusi,olive oil
449,Artusi,spinach
450,Artusi,sauce from recipe no. 124
450,Artusi,batter from recipe no. 156
450,Artusi,meat broth
450,Artusi,parmigiano cheese
450,Artusi,black pepper
450,Artusi,butter
450,Artusi,lemon juice
450,Artusi,vinegar
450,Artusi,olive oil
450,Artusi,water
450,Artusi,salt
450,Artusi,asparagus
451,Artusi,milk
451,Artusi,wheat flour
451,Artusi,butter
451,Artusi,water
451,Artusi,black pepper
451,Artusi,salt
451,Artusi,olive oil
451,Artusi,parsley
451,Artusi,carrot
451,Artusi,celery
451,Artusi,onion
451,Artusi,egg
451,Artusi,parmigiano cheese
451,Artusi,zucchini
452,Artusi,parmigiano cheese
452,Artusi,béchamel sauce
452,Artusi,meat sauce
452,Artusi,black pepper
452,Artusi,salt
452,Artusi,butter
452,Artusi,egg
452,Artusi,mushroom
453,Artusi,parmigiano cheese
453,Artusi,firm béchamel sauce
453,Artusi,salt
453,Artusi,milk
453,Artusi,butter
453,Artusi,savoy cabbage
454,Artusi,water
454,Artusi,gelatin sheet
454,Artusi,black pepper
454,Artusi,salt
454,Artusi,lemon
454,Artusi,olive oil
454,Artusi,egg yolk
454,Artusi,hard-boiled egg
454,Artusi,salted anchovy
454,Artusi,pickled gherkin
454,Artusi,pickled caper
454,Artusi,carrot
454,Artusi,potato
454,Artusi,green bean
454,Artusi,beetroot
454,Artusi,lettuce
455,Artusi,bread
455,Artusi,water
455,Artusi,vinegar
455,Artusi,black pepper
455,Artusi,salt
455,Artusi,tomato paste
455,Artusi,garlic
455,Artusi,parsley
455,Artusi,olive oil
455,Artusi,onion
455,Artusi,assorted fish
456,Artusi,bread
456,Artusi,tomato sauce
456,Artusi,salt
456,Artusi,water
456,Artusi,red or white wine
456,Artusi,olive oil
456,Artusi,chili pepper
456,Artusi,garlic
456,Artusi,fish
457,Artusi,white wine
457,Artusi,lemon juice
457,Artusi,olive oil
457,Artusi,black pepper
457,Artusi,salt
457,Artusi,parsley
457,Artusi,garlic
457,Artusi,fish
458,Artusi,sugar
458,Artusi,candied fruit
458,Artusi,garlic
458,Artusi,currant
458,Artusi,pine nut
458,Artusi,sage
458,Artusi,sapa
458,Artusi,vinegar
458,Artusi,black pepper
458,Artusi,salt
458,Artusi,olive oil
458,Artusi,fish
459,Artusi,caper
459,Artusi,salted anchovy
459,Artusi,mayonnaise
459,Artusi,hard-boiled egg
459,Artusi,potato
459,Artusi,beet
459,Artusi,lemon
459,Artusi,parsley
459,Artusi,carrot
459,Artusi,celery
459,Artusi,clove
459,Artusi,onion
459,Artusi,salt
459,Artusi,water
459,Artusi,fish
460,Artusi,breadcrumb
460,Artusi,butter
460,Artusi,dried mushroom
460,Artusi,truffle
460,Artusi,parmigiano cheese
460,Artusi,salt
460,Artusi,béchamel sauce
460,Artusi,boiled fish
461,Artusi,water
461,Artusi,tomato sauce
461,Artusi,clove
461,Artusi,black pepper
461,Artusi,salt
461,Artusi,parsley
461,Artusi,white celery
461,Artusi,onion
461,Artusi,olive oil
461,Artusi,wheat flour
461,Artusi,fish steak
462,Artusi,wheat flour
462,Artusi,butter
462,Artusi,black pepper
462,Artusi,salt
462,Artusi,water
462,Artusi,tomato paste
462,Artusi,tomato sauce
462,Artusi,olive oil
462,Artusi,onion
462,Artusi,garlic
462,Artusi,celery
462,Artusi,carrot
462,Artusi,parsley
462,Artusi,angelshark
463,Artusi,lemon
463,Artusi,rosemary
463,Artusi,salted anchovy
463,Artusi,breadcrumb
463,Artusi,olive oil
463,Artusi,black pepper
463,Artusi,salt
463,Artusi,hake
464,Artusi,parmigiano cheese
464,Artusi,water
464,Artusi,tomato sauce
464,Artusi,parsley
464,Artusi,wheat flour
464,Artusi,butter
464,Artusi,breadcrumb
464,Artusi,olive oil
464,Artusi,egg
464,Artusi,black pepper
464,Artusi,salt
464,Artusi,smooth-hound shark
465,Artusi,breadcrumb
465,Artusi,black pepper
465,Artusi,salt
465,Artusi,lard
465,Artusi,sole
466,Artusi,hake
466,Artusi,lemon
466,Artusi,parmigiano cheese
466,Artusi,parsley
466,Artusi,white wine
466,Artusi,butter
466,Artusi,olive oil
466,Artusi,breadcrumb
466,Artusi,black pepper
466,Artusi,salt
466,Artusi,egg
466,Artusi,sole
467,Artusi,salt
467,Artusi,olive oil
467,Artusi,wheat flour
467,Artusi,milk
467,Artusi,lemon
467,Artusi,sole
468,Artusi,breadcrumb
468,Artusi,sage
468,Artusi,prosciutto
468,Artusi,lemon juice
468,Artusi,olive oil
468,Artusi,black pepper
468,Artusi,salt
468,Artusi,red mullet
469,Artusi,lemon
469,Artusi,breadcrumb
469,Artusi,rosemary
469,Artusi,olive oil
469,Artusi,black pepper
469,Artusi,salt
469,Artusi,garlic
469,Artusi,red mullet
470,Artusi,lemon juice
470,Artusi,parsley
470,Artusi,butter
470,Artusi,black pepper
470,Artusi,salt
470,Artusi,olive oil
470,Artusi,red mullet
471,Artusi,red mullet
471,Artusi,black pepper
471,Artusi,salt
471,Artusi,tomato
471,Artusi,olive oil
471,Artusi,celery
471,Artusi,parsley
471,Artusi,garlic
472,Artusi,water
472,Artusi,red wine
472,Artusi,tomato sauce
472,Artusi,olive oil
472,Artusi,parsley
472,Artusi,garlic
472,Artusi,red mullet
473,Artusi,pea
473,Artusi,water
473,Artusi,tomato paste
473,Artusi,tomato sauce
473,Artusi,black pepper
473,Artusi,salt
473,Artusi,olive oil
473,Artusi,parsley
473,Artusi,garlic
473,Artusi,tuna
474,Artusi,lemon
474,Artusi,breadcrumb
474,Artusi,black pepper
474,Artusi,salt
474,Artusi,olive oil
474,Artusi,tuna belly
475,Artusi,lemon
475,Artusi,butter
475,Artusi,olive oil
475,Artusi,parsley
475,Artusi,carrot
475,Artusi,white celery
475,Artusi,garlic
475,Artusi,onion
475,Artusi,water
475,Artusi,tuna in oil
476,Artusi,lemon
476,Artusi,black pepper
476,Artusi,parsley
476,Artusi,hard-boiled egg yolk
476,Artusi,spicy sauce
476,Artusi,mayonnaise
476,Artusi,lemon juice
476,Artusi,olive oil
476,Artusi,salt
476,Artusi,vinegar
476,Artusi,bay leaf
476,Artusi,parsley
476,Artusi,carrot
476,Artusi,onion
476,Artusi,lobster
477,Artusi,olive oil
477,Artusi,egg
477,Artusi,breadcrumb
477,Artusi,salt
477,Artusi,béchamel sauce
477,Artusi,spiny lobster
478,Artusi,cold butter
478,Artusi,black pepper
478,Artusi,salt
478,Artusi,milk
478,Artusi,egg yolk
478,Artusi,butter
478,Artusi,wheat flour
478,Artusi,grated parmigiano cheese
478,Artusi,boiled fine fish
480,Artusi,lemon
480,Artusi,broth
480,Artusi,butter
480,Artusi,olive oil
480,Artusi,wheat flour
480,Artusi,black pepper
480,Artusi,salt
480,Artusi,lardon
480,Artusi,sturgeon
481,Artusi,vinegar
481,Artusi,water
481,Artusi,olive oil
481,Artusi,black pepper
481,Artusi,salt
481,Artusi,parsley
481,Artusi,garlic
481,Artusi,anchovy
482,Artusi,olive oil
482,Artusi,wheat flour
482,Artusi,salt
482,Artusi,egg
482,Artusi,anchovy
483,Artusi,lemon
483,Artusi,salt
483,Artusi,olive oil
483,Artusi,breadcrumb
483,Artusi,egg white
483,Artusi,milk
483,Artusi,oregano
483,Artusi,garlic
483,Artusi,egg yolk
483,Artusi,salted anchovy
483,Artusi,breadcrumb (from the soft part of the bread)
483,Artusi,sardine
484,Artusi,broccioli
485,Artusi,wheat flour
485,Artusi,salt
485,Artusi,black pepper
485,Artusi,olive oil
485,Artusi,breadcrumb
485,Artusi,garlic
485,Artusi,parsley
485,Artusi,squid
486,Artusi,salt
486,Artusi,black pepper
486,Artusi,olive oil
486,Artusi,garlic
486,Artusi,parsley
486,Artusi,breadcrumb
486,Artusi,mantis shrimp
487,Artusi,olive oil
487,Artusi,salt
487,Artusi,egg
487,Artusi,wheat flour
487,Artusi,water
487,Artusi,mantis shrimp
488,Artusi,bread
488,Artusi,tomato sauce
488,Artusi,black pepper
488,Artusi,salt
488,Artusi,olive oil
488,Artusi,parsley
488,Artusi,garlic
488,Artusi,water
488,Artusi,mantis shrimp
489,Artusi,wheat flour
489,Artusi,lemon juice
489,Artusi,salt
489,Artusi,black pepper
489,Artusi,olive oil
489,Artusi,sparnocchie
491,Artusi,black pepper
491,Artusi,lemon
491,Artusi,salt
491,Artusi,bay leaf
491,Artusi,sage
491,Artusi,crouton
491,Artusi,eel
492,Artusi,water
492,Artusi,breadcrumb
492,Artusi,sage
492,Artusi,garlic
492,Artusi,black pepper
492,Artusi,salt
492,Artusi,olive oil
492,Artusi,eel
493,Artusi,bread
493,Artusi,water
493,Artusi,tomato paste
493,Artusi,tomato sauce
493,Artusi,salt
493,Artusi,black pepper
493,Artusi,olive oil
493,Artusi,parsley
493,Artusi,onion
493,Artusi,eel
494,Artusi,water
494,Artusi,red or white wine
494,Artusi,tomato sauce
494,Artusi,black pepper
494,Artusi,salt
494,Artusi,olive oil
494,Artusi,lemon zest
494,Artusi,sage
494,Artusi,garlic
494,Artusi,eel
495,Artusi,bread
495,Artusi,tomato paste
495,Artusi,vinegar
495,Artusi,black pepper
495,Artusi,salt
495,Artusi,water
495,Artusi,lemon zest
495,Artusi,parsley
495,Artusi,carrot
495,Artusi,celery
495,Artusi,onion
495,Artusi,eel
496,Artusi,water
496,Artusi,pea
496,Artusi,eel
497,Artusi,lemon
497,Artusi,black pepper
497,Artusi,salt
497,Artusi,mullet
498,Artusi,bread
498,Artusi,broth
498,Artusi,wheat flour
498,Artusi,lemon juice
498,Artusi,egg yolk
498,Artusi,black pepper
498,Artusi,parsley
498,Artusi,olive oil
498,Artusi,garlic
498,Artusi,cockle or wedge clam
499,Artusi,bread
499,Artusi,tomato sauce or paste
499,Artusi,wedge clam
499,Artusi,parsley
499,Artusi,black pepper
499,Artusi,olive oil
499,Artusi,onion
500,Artusi,pea
500,Artusi,water
500,Artusi,cuttlefish
500,Artusi,black pepper
500,Artusi,salt
500,Artusi,olive oil
500,Artusi,parsley
500,Artusi,garlic
500,Artusi,onion
501,Artusi,water
501,Artusi,mushroom
501,Artusi,lemon
501,Artusi,butter
501,Artusi,breadcrumb
501,Artusi,black pepper
501,Artusi,salt
501,Artusi,egg
501,Artusi,wheat flour
501,Artusi,tench
502,Artusi,water
502,Artusi,black pepper
502,Artusi,salt
502,Artusi,white wine or marsala
502,Artusi,wheat flour
502,Artusi,tomato sauce or paste
502,Artusi,garlic
502,Artusi,olive oil
502,Artusi,parsley
502,Artusi,carrot
502,Artusi,celery
502,Artusi,onion
502,Artusi,egg
502,Artusi,artichoke
502,Artusi,parmigiano cheese
502,Artusi,butter
502,Artusi,pine nut
502,Artusi,green pea
502,Artusi,mushroom
502,Artusi,rice
502,Artusi,fish
503,Artusi,tomato sauce
503,Artusi,lemon juice
503,Artusi,black pepper
503,Artusi,salt
503,Artusi,parsley
503,Artusi,garlic
503,Artusi,olive oil
503,Artusi,frog
504,Artusi,lemon juice
504,Artusi,egg
504,Artusi,black pepper
504,Artusi,salt
504,Artusi,olive oil
504,Artusi,wheat flour
504,Artusi,water
504,Artusi,frog
505,Artusi,cold water
505,Artusi,cold water
505,Artusi,lemon juice
505,Artusi,vinegar
505,Artusi,olive oil
505,Artusi,milk
505,Artusi,herring
506,Artusi,tomato sauce
506,Artusi,salt
506,Artusi,black pepper
506,Artusi,garlic
506,Artusi,olive oil
506,Artusi,wheat flour
506,Artusi,salted cod
507,Artusi,lemon
507,Artusi,butter
507,Artusi,black pepper
507,Artusi,parsley
507,Artusi,garlic
507,Artusi,olive oil
507,Artusi,salted cod
508,Artusi,currant
508,Artusi,pine nut
508,Artusi,sugar
508,Artusi,water
508,Artusi,vinegar
508,Artusi,salted cod
509,Artusi,rosemary
509,Artusi,black pepper
509,Artusi,olive oil
509,Artusi,salted cod
510,Artusi,vinegar
510,Artusi,sugar
510,Artusi,olive oil
510,Artusi,water
510,Artusi,wheat flour
510,Artusi,red wine
510,Artusi,cold water
510,Artusi,salted cod
511,Artusi,tomato sauce
511,Artusi,lemon
511,Artusi,olive oil
511,Artusi,breadcrumb
511,Artusi,egg
511,Artusi,butter
511,Artusi,water
511,Artusi,bread pith
511,Artusi,parmigiano cheese
511,Artusi,black pepper
511,Artusi,parsley
511,Artusi,anchovy
511,Artusi,salted cod
512,Artusi,hard-boiled egg
512,Artusi,salt
512,Artusi,nutmeg
512,Artusi,parsley
512,Artusi,milk
512,Artusi,potato
512,Artusi,wheat flour
512,Artusi,butter
512,Artusi,soaked salted cod
513,Artusi,potato
513,Artusi,hot water
513,Artusi,diced tomato
513,Artusi,tomato sauce
513,Artusi,black pepper
513,Artusi,salt
513,Artusi,parsley
513,Artusi,garlic
513,Artusi,olive oil
513,Artusi,soaked stockfish
514,Artusi,lemon
514,Artusi,breadcrumb
514,Artusi,parmigiano cheese
514,Artusi,egg
514,Artusi,water
514,Artusi,black pepper
514,Artusi,salt
514,Artusi,sage
514,Artusi,garlic
514,Artusi,olive oil
514,Artusi,glass eel
515,Artusi,lemon
515,Artusi,breadcrumb
515,Artusi,parmigiano cheese
515,Artusi,salt
515,Artusi,egg
515,Artusi,sage
515,Artusi,garlic
515,Artusi,olive oil
515,Artusi,glass eel
516,Artusi,polenta flour
516,Artusi,wheat flour
516,Artusi,glass eel
517,Artusi,salted cod
517,Artusi,pea
517,Artusi,spinach
517,Artusi,chard
517,Artusi,tomato sauce
517,Artusi,black pepper
517,Artusi,salt
517,Artusi,olive oil
517,Artusi,carrot
517,Artusi,celery
517,Artusi,parsley
517,Artusi,garlic
517,Artusi,onion
517,Artusi,tench
518,Artusi,marsala wine
518,Artusi,wheat flour
518,Artusi,butter
518,Artusi,tomato sauce
518,Artusi,olive oil
518,Artusi,parsley
518,Artusi,carrot
518,Artusi,celery
518,Artusi,garlic
518,Artusi,onion
518,Artusi,black pepper
518,Artusi,salt
518,Artusi,lardon
518,Artusi,pike
519,Artusi,lemon
519,Artusi,black pepper
519,Artusi,parsley
519,Artusi,garlic
519,Artusi,parmigiano cheese
519,Artusi,breadcrumb
519,Artusi,salt
519,Artusi,egg
519,Artusi,dogfish
520,Artusi,tomato sauce or paste
520,Artusi,red or white wine
520,Artusi,black pepper
520,Artusi,salt
520,Artusi,olive oil
520,Artusi,onion
520,Artusi,parsley
520,Artusi,garlic
520,Artusi,dogfish
521,Artusi,tomato sauce
521,Artusi,meat sauce
521,Artusi,water
521,Artusi,butter
521,Artusi,potato
521,Artusi,salt
521,Artusi,broth
521,Artusi,olive oil
521,Artusi,sirloin
522,Artusi,salt
522,Artusi,butter
522,Artusi,roast beef
523,Artusi,salt
523,Artusi,olive oil
523,Artusi,butter
523,Artusi,truffle
523,Artusi,beef or veal sirloin
524,Artusi,pea
524,Artusi,tomato sauce
524,Artusi,black pepper
524,Artusi,cured meat
524,Artusi,butter
524,Artusi,rosemary
524,Artusi,garlic
524,Artusi,salt
524,Artusi,olive oil
524,Artusi,milk-fed veal
525,Artusi,olive oil
525,Artusi,butter
525,Artusi,potato
525,Artusi,salt
525,Artusi,lard
525,Artusi,prosciutto
525,Artusi,milk-fed veal breast
526,Artusi,cured meat
526,Artusi,water
526,Artusi,tomato paste
526,Artusi,tomato sauce
526,Artusi,broth
526,Artusi,salt
526,Artusi,butter
526,Artusi,olive oil
526,Artusi,suckling veal loin
527,Artusi,tomato sauce or paste
527,Artusi,cooked green
527,Artusi,potato
527,Artusi,rosemary
527,Artusi,garlic
527,Artusi,meat
528,Artusi,lemon
528,Artusi,duck or mallard
528,Artusi,small wooden stick
528,Artusi,olive oil
528,Artusi,salt
528,Artusi,lardon
528,Artusi,stale bread
528,Artusi,sage sprig
528,Artusi,sage
528,Artusi,small bird
529,Artusi,rosemary
529,Artusi,vinegar
529,Artusi,olive oil
529,Artusi,black pepper
529,Artusi,salt
529,Artusi,lamb
530,Artusi,salt
530,Artusi,broth
530,Artusi,mutton leg
531,Artusi,cream
531,Artusi,lardon
531,Artusi,black pepper
531,Artusi,salt
531,Artusi,parsley
531,Artusi,bay leaf
531,Artusi,shallot
531,Artusi,vinegar
531,Artusi,water
531,Artusi,hare
532,Artusi,rosemary
532,Artusi,butter
532,Artusi,salt
532,Artusi,salted pork lardon
532,Artusi,hare hindquarter
533,Artusi,salt
533,Artusi,butter
533,Artusi,olive oil
533,Artusi,lardon
533,Artusi,rabbit hindquarter
534,Artusi,olive oil
534,Artusi,potato
534,Artusi,water
534,Artusi,black pepper
534,Artusi,salt
534,Artusi,carrot
534,Artusi,celery
534,Artusi,onion
534,Artusi,butter
534,Artusi,prosciutto
534,Artusi,veal or beef roast
535,Artusi,meat dripping
535,Artusi,pigeon liver
535,Artusi,pigeon gizzard
535,Artusi,truffle
535,Artusi,butter
535,Artusi,spices
535,Artusi,black pepper
535,Artusi,salt
535,Artusi,veal cutlet
535,Artusi,pigeon
536,Artusi,beef fillet
536,Artusi,broth
536,Artusi,salt
536,Artusi,olive oil
536,Artusi,sage
536,Artusi,crouton
536,Artusi,lardon
536,Artusi,veal
536,Artusi,stuffed chop
537,Artusi,water
537,Artusi,olive oil
537,Artusi,broth
537,Artusi,black pepper
537,Artusi,salt
537,Artusi,parsley
537,Artusi,carrot
537,Artusi,celery
537,Artusi,onion
537,Artusi,breadcrumb
537,Artusi,egg
537,Artusi,chicken liver
537,Artusi,butter
537,Artusi,grated parmigiano cheese
537,Artusi,cured tongue
537,Artusi,prosciutto
537,Artusi,lean milk-fed veal
537,Artusi,beef braciuola
538,Artusi,lemon
538,Artusi,butter
538,Artusi,breadcrumb
538,Artusi,egg
538,Artusi,black pepper
538,Artusi,salt
538,Artusi,truffle
538,Artusi,parmigiano cheese
538,Artusi,parsley
538,Artusi,prosciutto
538,Artusi,milk-fed veal chop
539,Artusi,breadcrumb
539,Artusi,black pepper
539,Artusi,salt
539,Artusi,broth
539,Artusi,butter
539,Artusi,egg
539,Artusi,nutmeg
539,Artusi,dried mushroom
539,Artusi,truffle
539,Artusi,roasted chestnut
539,Artusi,chicken giblet
539,Artusi,sausage
539,Artusi,chicken
540,Artusi,black pepper
540,Artusi,salt
540,Artusi,marsala wine
540,Artusi,butter
540,Artusi,truffle
540,Artusi,capon
541,Artusi,cayenne pepper
541,Artusi,black pepper
541,Artusi,salt
541,Artusi,olive oil
541,Artusi,butter
541,Artusi,young chicken
542,Artusi,sausage
542,Artusi,butter
542,Artusi,black pepper
542,Artusi,salt
542,Artusi,black pepper
542,Artusi,fennel
542,Artusi,garlic
542,Artusi,prosciutto
542,Artusi,whole chicken
543,Artusi,potato
543,Artusi,water
543,Artusi,tomato paste
543,Artusi,tomato
543,Artusi,rosemary
543,Artusi,garlic
543,Artusi,prosciutto
543,Artusi,butter
543,Artusi,olive oil
543,Artusi,chicken
544,Artusi,lemon
544,Artusi,butter
544,Artusi,salt
544,Artusi,black pepper
544,Artusi,wheat flour
544,Artusi,water
544,Artusi,egg
544,Artusi,young chicken
545,Artusi,egg yolk
545,Artusi,dough from recipe #277
545,Artusi,prosciutto
545,Artusi,salt
545,Artusi,cold butter
545,Artusi,young chicken
546,Artusi,olive oil
546,Artusi,parchment paper
546,Artusi,lardon
546,Artusi,salt
546,Artusi,butter
546,Artusi,guinea fowl
547,Artusi,butter
547,Artusi,olive oil
547,Artusi,lardon
547,Artusi,salt
547,Artusi,domestic duck
548,Artusi,lemon
548,Artusi,goose heart
548,Artusi,goose fat
548,Artusi,goose liver
548,Artusi,apple
548,Artusi,salt
548,Artusi,black pepper
548,Artusi,olive oil
548,Artusi,salted anchovy
548,Artusi,prosciutto
548,Artusi,beef
548,Artusi,goose
549,Artusi,sausage
549,Artusi,polenta
549,Artusi,olive oil
549,Artusi,potato
549,Artusi,water
549,Artusi,tomato paste
549,Artusi,tomato sauce
549,Artusi,black pepper
549,Artusi,salt
549,Artusi,butter
549,Artusi,cured meat or lardoon
549,Artusi,rosemary
549,Artusi,garlic
549,Artusi,turkey
550,Artusi,young peacock
551,Artusi,bread
551,Artusi,salt
551,Artusi,milk
551,Artusi,pork loin
552,Artusi,olive oil
552,Artusi,sage
552,Artusi,crouton
552,Artusi,pork tenderloin
553,Artusi,milk
553,Artusi,butter
553,Artusi,black pepper
553,Artusi,salt
553,Artusi,lardon
553,Artusi,lamb leg
554,Artusi,breadcrumb
554,Artusi,egg
554,Artusi,butter
554,Artusi,black pepper
554,Artusi,salt
554,Artusi,olive oil
554,Artusi,pigeon
555,Artusi,fennel seed
555,Artusi,bay leaf
555,Artusi,rendered lard
555,Artusi,salt
555,Artusi,black pepper
555,Artusi,olive oil
555,Artusi,caul fat
555,Artusi,pork liver
556,Artusi,butter
556,Artusi,black pepper
556,Artusi,salt
556,Artusi,young cow loin chop
557,Artusi,tomato paste
557,Artusi,potato
557,Artusi,tomato sauce
557,Artusi,water
557,Artusi,broth
557,Artusi,rosemary
557,Artusi,garlic
557,Artusi,olive oil
557,Artusi,butter
557,Artusi,steak
558,Artusi,anchovy
558,Artusi,butter
558,Artusi,black pepper
558,Artusi,salt
558,Artusi,butter
558,Artusi,water
558,Artusi,veal kidney
559,Artusi,salt
559,Artusi,egg
559,Artusi,butter
559,Artusi,warm milk
559,Artusi,ground cinnamon
559,Artusi,lemon zest
559,Artusi,powdered sugar
559,Artusi,corinthian raisin
559,Artusi,butter
559,Artusi,wheat flour
559,Artusi,reinette apple
560,Artusi,egg yolk
560,Artusi,butter
560,Artusi,butter
560,Artusi,wheat flour
560,Artusi,rum
560,Artusi,cyprus wine
560,Artusi,salt
560,Artusi,spices
560,Artusi,candied orange
560,Artusi,candied citron
560,Artusi,pine nut
560,Artusi,peeled sweet almond
560,Artusi,stale focaccia
560,Artusi,walnut
560,Artusi,sugar
560,Artusi,sultana raisin
561,Artusi,rum
561,Artusi,powdered sugar
561,Artusi,milk
561,Artusi,lemon zest
561,Artusi,salt
561,Artusi,egg yolk
561,Artusi,egg
561,Artusi,brewer's yeast
561,Artusi,sultana raisin
561,Artusi,sugar
561,Artusi,butter
561,Artusi,wheat flour
562,Artusi,powdered sugar
562,Artusi,olive oil or lard
562,Artusi,fruit preserves or pastry cream
562,Artusi,wheat flour
562,Artusi,salt
562,Artusi,sugar
562,Artusi,egg yolk
562,Artusi,milk or cream
562,Artusi,brewer's yeast
562,Artusi,butter
562,Artusi,wheat flour
563,Artusi,kirsch or rum
563,Artusi,vanilla sugar
563,Artusi,water
563,Artusi,sugar
563,Artusi,powdered sugar
563,Artusi,wheat flour
563,Artusi,cold butter
563,Artusi,brewer's yeast
563,Artusi,salt
563,Artusi,egg white
563,Artusi,egg yolk
563,Artusi,milk
563,Artusi,sweet almond
563,Artusi,sugar
563,Artusi,butter
563,Artusi,wheat flour
564,Artusi,hot water
564,Artusi,vanilla
564,Artusi,egg
564,Artusi,shelled hazelnut
564,Artusi,sweet almond
564,Artusi,butter
564,Artusi,sugar
564,Artusi,rice flour
565,Artusi,vanilla
565,Artusi,salt
565,Artusi,candied fruit
565,Artusi,rum
565,Artusi,marsala wine
565,Artusi,egg yolk
565,Artusi,egg
565,Artusi,milk
565,Artusi,brewer's yeast
565,Artusi,malaga raisin
565,Artusi,sultana raisin
565,Artusi,powdered sugar
565,Artusi,butter
565,Artusi,wheat flour
566,Artusi,powdered sugar
566,Artusi,water
566,Artusi,egg yolk
566,Artusi,marzipan mixture
566,Artusi,puff pastry
567,Artusi,breadcrumb
567,Artusi,vanilla
567,Artusi,butter
567,Artusi,ladyfinger
567,Artusi,sugar
567,Artusi,shelled hazelnut
567,Artusi,egg
567,Artusi,milk
568,Artusi,salt
568,Artusi,egg
568,Artusi,aniseed
568,Artusi,butter
568,Artusi,pine nut and sweet almond
568,Artusi,powdered sugar
568,Artusi,wheat flour
569,Artusi,egg yolk
569,Artusi,egg
569,Artusi,baking soda
569,Artusi,alcohol
569,Artusi,aniseed
569,Artusi,candied citron or pumpkin
569,Artusi,pine nut
569,Artusi,sultana raisin
569,Artusi,almond
569,Artusi,butter
569,Artusi,sugar
569,Artusi,wheat flour
570,Artusi,lemon zest
570,Artusi,egg
570,Artusi,powdered sugar
570,Artusi,butter
570,Artusi,wheat flour
571,Artusi,butter
571,Artusi,egg
571,Artusi,fruit preserve
571,Artusi,candied fruit
571,Artusi,sweet almond
571,Artusi,sugar
571,Artusi,potato flour
571,Artusi,wheat flour
572,Artusi,wheat flour
572,Artusi,milk
572,Artusi,vanilla sugar
572,Artusi,salt
572,Artusi,baker's ammonia
572,Artusi,powdered sugar
572,Artusi,butter
572,Artusi,wheat flour
573,Artusi,milk
573,Artusi,vanilla sugar
573,Artusi,egg
573,Artusi,baking soda
573,Artusi,cream of tartar
573,Artusi,butter
573,Artusi,brown sugar
573,Artusi,wheat flour
574,Artusi,wheat flour
574,Artusi,powdered sugar
574,Artusi,butter
574,Artusi,cognac or rum
574,Artusi,cognac or rum
574,Artusi,lemon zest
574,Artusi,egg
574,Artusi,candied fruit
574,Artusi,sultana raisin
574,Artusi,potato flour
574,Artusi,wheat flour
574,Artusi,powdered sugar
575,Artusi,powdered sugar
575,Artusi,lard
575,Artusi,warm water
575,Artusi,egg
575,Artusi,salt
575,Artusi,sugar
575,Artusi,brewer's yeast
575,Artusi,butter
575,Artusi,wheat flour
576,Artusi,vanilla sugar
576,Artusi,wheat flour
576,Artusi,butter
576,Artusi,lemon
576,Artusi,egg
576,Artusi,powdered sugar
576,Artusi,potato starch
577,Artusi,breadcrumb
577,Artusi,powdered sugar
577,Artusi,lemon zest
577,Artusi,egg yolk
577,Artusi,egg
577,Artusi,pine nut and sweet almond
577,Artusi,butter
577,Artusi,sugar
577,Artusi,wheat flour
578,Artusi,powdered sugar
578,Artusi,wheat flour
578,Artusi,egg
578,Artusi,lemon zest
578,Artusi,butter
578,Artusi,candied fruit
578,Artusi,powdered sugar
578,Artusi,sweet almond
579,Artusi,vanilla sugar
579,Artusi,candied citron
579,Artusi,butter
579,Artusi,taglierini
579,Artusi,water
579,Artusi,egg yolk
579,Artusi,candied orange
579,Artusi,butter
579,Artusi,sugar
579,Artusi,sweet almond
579,Artusi,butter
579,Artusi,egg
579,Artusi,lard
579,Artusi,butter
579,Artusi,sugar
579,Artusi,wheat flour
580,Artusi,sugar
580,Artusi,wheat flour
580,Artusi,lemon zest
580,Artusi,baking soda
580,Artusi,cream of tartar
580,Artusi,egg
580,Artusi,butter
580,Artusi,powdered sugar
580,Artusi,potato starch
581,Artusi,powdered sugar
581,Artusi,egg yolk
581,Artusi,powdered sugar
581,Artusi,egg white
581,Artusi,citron rosolio
581,Artusi,butter
581,Artusi,sponge cake
581,Artusi,vanilla
581,Artusi,egg yolk
581,Artusi,wheat flour
581,Artusi,sugar
581,Artusi,milk
581,Artusi,shortcrust pastry
582,Artusi,powdered sugar
582,Artusi,white wine or marsala
582,Artusi,wheat flour
582,Artusi,vanilla extract
582,Artusi,salt
582,Artusi,egg
582,Artusi,butter
582,Artusi,pine nut
582,Artusi,sugar
582,Artusi,medium-grain semolina
582,Artusi,milk
583,Artusi,butter
583,Artusi,butter
583,Artusi,ground cinnamon
583,Artusi,sugar
583,Artusi,reinette apple
583,Artusi,milk
583,Artusi,lemon zest
583,Artusi,salt
583,Artusi,butter
583,Artusi,wheat flour
584,Artusi,wheat flour
584,Artusi,powdered sugar
584,Artusi,butter
584,Artusi,lemon
584,Artusi,egg yolk
584,Artusi,egg
584,Artusi,almond
584,Artusi,wheat flour
584,Artusi,powdered sugar
585,Artusi,powdered sugar
585,Artusi,wheat flour
585,Artusi,butter
585,Artusi,lemon zest
585,Artusi,egg
585,Artusi,bitter almond
585,Artusi,sweet almond
585,Artusi,wheat flour
585,Artusi,sugar
586,Artusi,lemon
586,Artusi,water
586,Artusi,sugar
586,Artusi,vanilla extract
586,Artusi,butter
586,Artusi,wheat flour
586,Artusi,sugar
586,Artusi,milk
586,Artusi,egg yolk
586,Artusi,butter
586,Artusi,wheat flour
586,Artusi,powdered sugar
586,Artusi,egg
586,Artusi,sweet almond
586,Artusi,wheat flour
586,Artusi,sugar
587,Artusi,baking powder
587,Artusi,vanilla sugar
587,Artusi,milk
587,Artusi,egg
587,Artusi,powdered sugar
587,Artusi,butter
587,Artusi,wheat flour
588,Artusi,powdered sugar
588,Artusi,wheat flour
588,Artusi,butter
588,Artusi,lemon zest
588,Artusi,egg white
588,Artusi,egg yolk
588,Artusi,wheat flour
588,Artusi,potato starch
588,Artusi,butter
588,Artusi,sugar
589,Artusi,white wine
589,Artusi,egg yolk
589,Artusi,orange zest
589,Artusi,egg yolk
589,Artusi,lard
589,Artusi,butter
589,Artusi,sugar
589,Artusi,wheat flour
590,Artusi,powdered sugar
590,Artusi,egg
590,Artusi,wheat flour
590,Artusi,lard
590,Artusi,water
590,Artusi,white wine
590,Artusi,egg
590,Artusi,aniseed
590,Artusi,lard
590,Artusi,butter
590,Artusi,powdered sugar
590,Artusi,wheat flour
590,Artusi,polenta flour
591,Artusi,water
591,Artusi,egg yolk
591,Artusi,dried common elderflower
591,Artusi,powdered sugar
591,Artusi,butter
591,Artusi,polenta flour
592,Artusi,hot water
592,Artusi,warm water
592,Artusi,salt
592,Artusi,brewer's yeast
592,Artusi,lard
592,Artusi,butter
592,Artusi,sugar
592,Artusi,zibibbo raisin
592,Artusi,wheat flour
592,Artusi,polenta flour
593,Artusi,lemon zest
593,Artusi,egg
593,Artusi,zibibbo raisin
593,Artusi,lard
593,Artusi,butter
593,Artusi,powdered sugar
593,Artusi,wheat flour
593,Artusi,polenta flour
594,Artusi,butter
594,Artusi,egg yolk
594,Artusi,egg
594,Artusi,lard
594,Artusi,butter
594,Artusi,sweet almond
594,Artusi,powdered sugar
594,Artusi,wheat flour
595,Artusi,powdered sugar
595,Artusi,lard
595,Artusi,olive oil
595,Artusi,salt
595,Artusi,acquavite
595,Artusi,egg
595,Artusi,powdered sugar
595,Artusi,butter
595,Artusi,wheat flour
596,Artusi,water
596,Artusi,wheat flour
596,Artusi,brewer's yeast
596,Artusi,orange zest
596,Artusi,egg
596,Artusi,lard
596,Artusi,butter
596,Artusi,pork crackling
596,Artusi,powdered sugar
596,Artusi,bread starter
597,Artusi,lemon or orange zest
597,Artusi,salt
597,Artusi,egg yolk
597,Artusi,pork crackling
597,Artusi,sugar
597,Artusi,lard
597,Artusi,bread dough
598,Artusi,egg yolk
598,Artusi,lukewarm water
598,Artusi,orange blossom water
598,Artusi,marsala wine
598,Artusi,vin santo
598,Artusi,aniseed
598,Artusi,brewer's yeast
598,Artusi,butter
598,Artusi,olive oil
598,Artusi,sugar
598,Artusi,wheat flour
598,Artusi,egg
599,Artusi,lemon zest
599,Artusi,wheat flour
599,Artusi,powdered sugar
599,Artusi,egg
600,Artusi,lemon zest
600,Artusi,butter
600,Artusi,potato flour
600,Artusi,wheat flour
600,Artusi,powdered sugar
600,Artusi,egg
601,Artusi,chocolate
601,Artusi,wheat flour
601,Artusi,powdered sugar
601,Artusi,egg
602,Artusi,powdered sugar
602,Artusi,lemon zest
602,Artusi,egg yolk
602,Artusi,egg
602,Artusi,white wine or marsala
602,Artusi,lard
602,Artusi,pork cracklings (siccioli)
602,Artusi,butter
602,Artusi,powdered sugar
602,Artusi,wheat flour
603,Artusi,powdered sugar
603,Artusi,breadcrumb
603,Artusi,wheat flour
603,Artusi,butter
603,Artusi,lemon zest
603,Artusi,egg
603,Artusi,sultana raisin
603,Artusi,breadcrumb
603,Artusi,candied fruit
603,Artusi,sugar
604,Artusi,powdered sugar
604,Artusi,milk
604,Artusi,lemon zest
604,Artusi,candied fruit
604,Artusi,baking soda
604,Artusi,cream of tartar
604,Artusi,salt
604,Artusi,egg yolk
604,Artusi,egg
604,Artusi,sultana raisin
604,Artusi,sugar
604,Artusi,butter
604,Artusi,wheat flour
605,Artusi,egg yolk
605,Artusi,milk
605,Artusi,egg
605,Artusi,baking soda
605,Artusi,cream of tartar
605,Artusi,candied citron
605,Artusi,pine nut
605,Artusi,zibibbo raisin
605,Artusi,butter
605,Artusi,powdered sugar
605,Artusi,wheat flour
606,Artusi,sugar
606,Artusi,lemon
606,Artusi,salt
606,Artusi,baking soda
606,Artusi,egg
606,Artusi,rum
606,Artusi,marsala wine
606,Artusi,milk
606,Artusi,lard
606,Artusi,butter
606,Artusi,yeast starter
606,Artusi,sugar
606,Artusi,wheat flour
607,Artusi,lard
607,Artusi,egg yolk
607,Artusi,milk
607,Artusi,candied citron
607,Artusi,anise
607,Artusi,lemon zest
607,Artusi,egg
607,Artusi,baking soda
607,Artusi,cream of tartar
607,Artusi,butter
607,Artusi,sugar
607,Artusi,wheat flour
608,Artusi,fruit preserf
608,Artusi,powdered sugar
608,Artusi,wheat flour
608,Artusi,butter
608,Artusi,lemon zest
608,Artusi,baking soda
608,Artusi,egg white
608,Artusi,egg yolk
608,Artusi,butter
608,Artusi,wheat flour
608,Artusi,sugar
609,Artusi,powdered sugar
609,Artusi,milk
609,Artusi,vanilla
609,Artusi,lemon zest
609,Artusi,egg yolk
609,Artusi,egg
609,Artusi,wheat flour
609,Artusi,sugar
609,Artusi,bitter almond
609,Artusi,sweet almond
609,Artusi,ricotta
609,Artusi,shortcrust pastry
610,Artusi,shortcrust pastry
610,Artusi,currant
610,Artusi,pine nut
610,Artusi,flavoring
610,Artusi,egg yolk
610,Artusi,starch
610,Artusi,sugar
610,Artusi,milk
611,Artusi,powdered sugar
611,Artusi,baking soda
611,Artusi,candied fruit
611,Artusi,butter
611,Artusi,currant
611,Artusi,wheat flour
611,Artusi,sugar
611,Artusi,egg
612,Artusi,egg
612,Artusi,butter
612,Artusi,wheat flour
612,Artusi,sugar
612,Artusi,baking soda
612,Artusi,bitter almond
612,Artusi,sweet almond
612,Artusi,lemon zest
613,Artusi,wheat flour
613,Artusi,powdered sugar
613,Artusi,lemon zest
613,Artusi,bitter almond
613,Artusi,sweet almond
613,Artusi,butter
613,Artusi,potato starch
613,Artusi,sugar
613,Artusi,egg
614,Artusi,powdered sugar
614,Artusi,egg yolk
614,Artusi,shortcrust pastry
614,Artusi,water
614,Artusi,ground cinnamon
614,Artusi,candied fruit
614,Artusi,powdered sugar
614,Artusi,pink lady apple
615,Artusi,fresh orange zest
615,Artusi,candied orange
615,Artusi,marzipan
615,Artusi,shortcrust pastry
616,Artusi,water
616,Artusi,butter
616,Artusi,orange blossom water
616,Artusi,lemon zest
616,Artusi,cream
616,Artusi,fruit preserve
616,Artusi,egg yolk
616,Artusi,egg
616,Artusi,shortcrust pastry
617,Artusi,olive oil
617,Artusi,butter
617,Artusi,powdered sugar
617,Artusi,sweet almond
618,Artusi,cocoa powder
618,Artusi,egg white
618,Artusi,candied fruit
618,Artusi,fruit preserve
618,Artusi,chocolate
618,Artusi,alkerme
618,Artusi,white rosolio
618,Artusi,butter
618,Artusi,egg
618,Artusi,wheat flour
618,Artusi,powdered sugar
619,Artusi,wheat flour
619,Artusi,water
619,Artusi,mixed spices and cinnamon powder
619,Artusi,aniseed
619,Artusi,candied orange
619,Artusi,walnut
619,Artusi,brown sugar
619,Artusi,wheat flour
620,Artusi,wafer
620,Artusi,bran
620,Artusi,wheat flour
620,Artusi,orange zest
620,Artusi,egg white
620,Artusi,bitter almond
620,Artusi,sweet almond
620,Artusi,sugar
621,Artusi,wheat flour
621,Artusi,lard
621,Artusi,cold water
621,Artusi,virgin lard
621,Artusi,brown sugar
621,Artusi,wheat flour
622,Artusi,lard
622,Artusi,acquavite
622,Artusi,rosolio
622,Artusi,orange blossom water
622,Artusi,ground cinnamon
622,Artusi,lemon zest
622,Artusi,egg white
622,Artusi,egg
622,Artusi,butter
622,Artusi,sweet almond
622,Artusi,sweet almond
622,Artusi,powdered sugar
622,Artusi,sugar
622,Artusi,wheat flour
622,Artusi,wheat flour
623,Artusi,water
623,Artusi,sugar
623,Artusi,water
623,Artusi,sugar
623,Artusi,quince
624,Artusi,store-bought pasta strip
624,Artusi,powdered sugar
624,Artusi,olive oil or lard
624,Artusi,white wine or marsala
624,Artusi,egg
624,Artusi,sugar
624,Artusi,butter
624,Artusi,wheat flour
624,Artusi,mustard powder
624,Artusi,sugar
624,Artusi,ground cinnamon
624,Artusi,sugar
624,Artusi,candied fruit
624,Artusi,savignano mostarda
624,Artusi,sapa
624,Artusi,salt
624,Artusi,boiling water
624,Artusi,water
624,Artusi,ash
624,Artusi,sodium bicarbonate
624,Artusi,dried chestnut
624,Artusi,dried chickpea
625,Artusi,butter
625,Artusi,orange
625,Artusi,egg
625,Artusi,potato flour
625,Artusi,sugar
625,Artusi,sweet almond
626,Artusi,wheat flour
626,Artusi,butter
626,Artusi,wafer
626,Artusi,caramelized sugar
626,Artusi,egg white
626,Artusi,bitter almond
626,Artusi,sweet almond
626,Artusi,powdered sugar
627,Artusi,water
627,Artusi,egg white
627,Artusi,bitter almond
627,Artusi,sweet almond
627,Artusi,powdered sugar
628,Artusi,powdered sugar
628,Artusi,water
628,Artusi,butter
628,Artusi,water
628,Artusi,egg yolk
628,Artusi,candied orange
628,Artusi,butter
628,Artusi,sugar
628,Artusi,bitter almond
628,Artusi,sweet almond
628,Artusi,shortcrust pastry
629,Artusi,powdered sugar
629,Artusi,lemon zest
629,Artusi,salt
629,Artusi,egg
629,Artusi,milk
629,Artusi,butter
629,Artusi,pine nut
629,Artusi,sugar
629,Artusi,semolina
630,Artusi,breadcrumb
630,Artusi,salt
630,Artusi,rum
630,Artusi,egg
630,Artusi,milk
630,Artusi,candied fruit
630,Artusi,butter
630,Artusi,sugar
630,Artusi,rice
631,Artusi,powdered sugar
631,Artusi,fruit preserf
631,Artusi,cream
631,Artusi,egg white
631,Artusi,salt
631,Artusi,egg yolk
631,Artusi,egg
631,Artusi,butter
631,Artusi,wheat flour
631,Artusi,water
632,Artusi,wheat flour
632,Artusi,salt
632,Artusi,aniseed
632,Artusi,sugar
632,Artusi,egg
633,Artusi,wheat flour
633,Artusi,vanilla sugar
633,Artusi,baking soda
633,Artusi,cream of tartar
633,Artusi,sultana raisin
633,Artusi,butter
633,Artusi,powdered sugar
633,Artusi,wheat flour
633,Artusi,egg white
634,Artusi,warm milk
634,Artusi,egg white
634,Artusi,butter
634,Artusi,powdered sugar
634,Artusi,potato flour
634,Artusi,wheat flour
635,Artusi,butter
635,Artusi,egg white
635,Artusi,wheat flour
635,Artusi,powdered sugar
635,Artusi,butter
636,Artusi,wheat flour
636,Artusi,vanilla extract
636,Artusi,baking soda
636,Artusi,cognac
636,Artusi,lemon
636,Artusi,egg
636,Artusi,potato flour
636,Artusi,wheat flour
636,Artusi,rice flour
636,Artusi,powdered sugar
636,Artusi,cold butter
637,Artusi,breadcrumb
637,Artusi,butter
637,Artusi,vanilla sugar
637,Artusi,egg
637,Artusi,candied citron
637,Artusi,chocolate
637,Artusi,powdered sugar
637,Artusi,walnut
638,Artusi,powdered sugar
638,Artusi,breadcrumb
638,Artusi,butter
638,Artusi,salt
638,Artusi,lemon zest
638,Artusi,egg yolk
638,Artusi,egg
638,Artusi,candied citron
638,Artusi,almond
638,Artusi,sugar
638,Artusi,rice
638,Artusi,milk
639,Artusi,butter
639,Artusi,pasta matta dough
639,Artusi,lard
639,Artusi,vanilla extract
639,Artusi,egg yolk
639,Artusi,egg
639,Artusi,bitter almond
639,Artusi,sweet almond
639,Artusi,sugar
639,Artusi,ricotta
640,Artusi,ground cinnamon
640,Artusi,salt
640,Artusi,egg
640,Artusi,milk
640,Artusi,breadcrumb
640,Artusi,butter
640,Artusi,sugar
640,Artusi,sweet almond
640,Artusi,yellow pumpkin
641,Artusi,breadcrumb
641,Artusi,lard
641,Artusi,lemon zest
641,Artusi,salt
641,Artusi,butter
641,Artusi,egg
641,Artusi,bitter almond
641,Artusi,sweet almond
641,Artusi,sugar
641,Artusi,"large, starchy potato"
642,Artusi,butter or lard
642,Artusi,egg yolk
642,Artusi,white wine or marsala
642,Artusi,egg
642,Artusi,virgin lard
642,Artusi,powdered sugar
642,Artusi,polenta flour
642,Artusi,wheat flour
642,Artusi,water
642,Artusi,marsala
642,Artusi,candied citron
642,Artusi,sultana raisin
642,Artusi,pine nut
642,Artusi,butter
642,Artusi,sugar
642,Artusi,chocolate
642,Artusi,lean boiled or roasted beef or veal
643,Artusi,breadcrumb
643,Artusi,salt
643,Artusi,lemon zest
643,Artusi,egg
643,Artusi,butter
643,Artusi,bitter almond
643,Artusi,sweet almond
643,Artusi,sugar
643,Artusi,fine-grain semolina
643,Artusi,milk
644,Artusi,powdered sugar
644,Artusi,chocolate
644,Artusi,butter
644,Artusi,wheat flour
644,Artusi,powdered sugar
644,Artusi,butter
644,Artusi,egg
644,Artusi,grated rye bread crust
644,Artusi,cognac
644,Artusi,sugar
644,Artusi,sweet almond
645,Artusi,chocolate
645,Artusi,wheat flour
645,Artusi,powdered sugar
645,Artusi,cold butter
645,Artusi,water
645,Artusi,coffee powder
645,Artusi,powdered sugar
645,Artusi,butter
645,Artusi,vanilla extract
645,Artusi,egg white
645,Artusi,egg yolk
645,Artusi,baking soda
645,Artusi,cream of tartar
645,Artusi,butter
645,Artusi,sweet almond
645,Artusi,wheat flour
645,Artusi,sugar
646,Artusi,wheat flour
646,Artusi,vanilla sugar
646,Artusi,egg
646,Artusi,milk
646,Artusi,butter
646,Artusi,potato flour
646,Artusi,chocolate
646,Artusi,sugar
646,Artusi,almond
647,Artusi,water
647,Artusi,powdered sugar
647,Artusi,chocolate
647,Artusi,fruit preserf
647,Artusi,whipped cream
647,Artusi,cream
647,Artusi,beignet paste from recipe no. 631
648,Artusi,powdered sugar
648,Artusi,egg white
648,Artusi,vanilla sugar
648,Artusi,wheat flour
648,Artusi,sugar
648,Artusi,egg yolk
648,Artusi,milk
648,Artusi,sugar
648,Artusi,white wine
648,Artusi,apple
649,Artusi,hot water
649,Artusi,hazelnut
649,Artusi,pistachio
649,Artusi,alchermes liqueur
649,Artusi,rosolio
649,Artusi,vanilla sugar
649,Artusi,milk
649,Artusi,egg yolk
649,Artusi,powdered sugar
649,Artusi,cold butter
649,Artusi,chocolate
649,Artusi,ladyfinger
650,Artusi,lemon zest
650,Artusi,milk
650,Artusi,butter
650,Artusi,egg
650,Artusi,sultana raisin
650,Artusi,bread
650,Artusi,sugar
651,Artusi,butter
651,Artusi,egg
651,Artusi,milk
651,Artusi,potato starch
651,Artusi,sugar
651,Artusi,amaretti
652,Artusi,salt
652,Artusi,crushed ice
652,Artusi,whipped cream
652,Artusi,egg
652,Artusi,milk
652,Artusi,pistachio
652,Artusi,sweet almond
652,Artusi,candied citron
652,Artusi,butter
652,Artusi,sugar
652,Artusi,chocolate
652,Artusi,chestnut flour
653,Artusi,water
653,Artusi,cream
653,Artusi,citron rosolio
653,Artusi,chocolate
653,Artusi,powdered sugar
653,Artusi,chestnut
654,Artusi,vanilla sugar
654,Artusi,butter
654,Artusi,cocoa powder
654,Artusi,powdered sugar
654,Artusi,egg yolk
655,Artusi,ground cinnamon
655,Artusi,morello cherry
655,Artusi,water
655,Artusi,sugar
655,Artusi,currant
656,Artusi,orange zest
656,Artusi,citron zest
656,Artusi,vanilla
656,Artusi,cinnamon stick
656,Artusi,sugar
656,Artusi,marsala wine
656,Artusi,water
656,Artusi,red wine
656,Artusi,water
656,Artusi,prune
657,Artusi,breadcrumb
657,Artusi,butter
657,Artusi,candied fruit
657,Artusi,lemon zest
657,Artusi,salt
657,Artusi,rum
657,Artusi,egg
657,Artusi,butter
657,Artusi,currant
657,Artusi,sugar
657,Artusi,semolina
657,Artusi,milk
658,Artusi,breadcrumb
658,Artusi,fruit preserve
658,Artusi,lemon zest
658,Artusi,salt
658,Artusi,egg
658,Artusi,butter
658,Artusi,sugar
658,Artusi,semolina
658,Artusi,milk
659,Artusi,vanilla extract
659,Artusi,salt
659,Artusi,egg
659,Artusi,butter
659,Artusi,sugar
659,Artusi,rice flour
659,Artusi,milk
660,Artusi,breadcrumb
660,Artusi,butter
660,Artusi,cold milk
660,Artusi,salt
660,Artusi,lemon zest
660,Artusi,egg
660,Artusi,sugar
660,Artusi,butter
660,Artusi,bread center
661,Artusi,lemon zest
661,Artusi,ground cinnamon
661,Artusi,salt
661,Artusi,egg
661,Artusi,milk
661,Artusi,wheat flour
661,Artusi,butter
661,Artusi,sugar
661,Artusi,starchy potato
662,Artusi,breadcrumb
662,Artusi,butter
662,Artusi,salt
662,Artusi,vanilla
662,Artusi,rum
662,Artusi,egg yolk
662,Artusi,egg
662,Artusi,candied fruit
662,Artusi,currant
662,Artusi,sugar
662,Artusi,rice
662,Artusi,milk
663,Artusi,breadcrumb
663,Artusi,butter
663,Artusi,lemon zest
663,Artusi,egg
663,Artusi,bitter almond
663,Artusi,sweet almond
663,Artusi,powdered sugar
663,Artusi,ricotta
664,Artusi,powdered sugar
664,Artusi,water
664,Artusi,assorted fruit preserf
664,Artusi,shortcrust pastry
664,Artusi,lard
664,Artusi,butter
664,Artusi,egg white
664,Artusi,egg yolk
664,Artusi,lemon zest
664,Artusi,salt
664,Artusi,sugar
664,Artusi,milk
664,Artusi,semolina
665,Artusi,cold butter
665,Artusi,powdered sugar
665,Artusi,sweet almond
665,Artusi,egg white
666,Artusi,water
666,Artusi,cognac or rum
666,Artusi,egg
666,Artusi,almond
666,Artusi,sugar
666,Artusi,large garden lemon
667,Artusi,sugar
667,Artusi,vanilla
667,Artusi,egg
667,Artusi,ladyfinger
667,Artusi,chocolate
667,Artusi,sugar
667,Artusi,milk
668,Artusi,rosolio
668,Artusi,sugar
668,Artusi,butter
668,Artusi,chocolate
668,Artusi,sponge cake
669,Artusi,whipped cream
669,Artusi,colored candy
669,Artusi,sugar
669,Artusi,egg
669,Artusi,sweet almond
669,Artusi,ladyfinger
669,Artusi,sugar
669,Artusi,milk
670,Artusi,cold butter
670,Artusi,rum
670,Artusi,egg white
670,Artusi,egg yolk
670,Artusi,kirsch
670,Artusi,candied fruit
670,Artusi,quince preserve
670,Artusi,apricot preserve
670,Artusi,sultana raisin
670,Artusi,malaga raisin
670,Artusi,ladyfinger
670,Artusi,sugar
670,Artusi,milk
671,Artusi,high-proof alcohol
671,Artusi,rum
671,Artusi,cold butter
671,Artusi,egg
671,Artusi,marsala and rum
671,Artusi,milk
671,Artusi,sultana raisin
671,Artusi,malaga raisin
671,Artusi,sugar
671,Artusi,sugar
671,Artusi,breadcrumb
672,Artusi,water
672,Artusi,cognac or rum
672,Artusi,rum
672,Artusi,candied orange
672,Artusi,candied citron
672,Artusi,suet
672,Artusi,breadcrumb
672,Artusi,sultana raisin
672,Artusi,muscat raisin
672,Artusi,powdered sugar
672,Artusi,egg
673,Artusi,powdered sugar
673,Artusi,vanilla
673,Artusi,lemon zest
673,Artusi,rum
673,Artusi,egg yolk
673,Artusi,egg
673,Artusi,currant
673,Artusi,sultana raisin
673,Artusi,malaga raisin
673,Artusi,candied fruit
673,Artusi,wheat flour
673,Artusi,butter
673,Artusi,sugar
674,Artusi,ice
674,Artusi,alchermes liqueur
674,Artusi,rosolio
674,Artusi,vanilla sugar
674,Artusi,egg yolk
674,Artusi,ladyfinger
674,Artusi,powdered sugar
674,Artusi,butter
675,Artusi,water
675,Artusi,cognac
675,Artusi,rum
675,Artusi,alkerme
675,Artusi,white rosolio
675,Artusi,ladyfinger
675,Artusi,fruit preserve
675,Artusi,butter
675,Artusi,vanilla
675,Artusi,egg yolk
675,Artusi,wheat flour
675,Artusi,sugar
675,Artusi,milk
676,Artusi,citron rosolio
676,Artusi,fruit preserve
676,Artusi,savoiardi biscuit
676,Artusi,alchermes liqueur
676,Artusi,butter
676,Artusi,rosolio
676,Artusi,ground cinnamon
676,Artusi,powdered sugar
676,Artusi,milk
676,Artusi,ricotta
677,Artusi,cold butter
677,Artusi,vanilla or lemon zest
677,Artusi,rosolio
677,Artusi,egg
677,Artusi,sweet almond
677,Artusi,rye breadcrumb
677,Artusi,powdered sugar
677,Artusi,black cherry
678,Artusi,rosolio
678,Artusi,ladyfinger
678,Artusi,sponge cake
678,Artusi,fine bread
678,Artusi,sugar
678,Artusi,cinnamon stick
678,Artusi,water
678,Artusi,sour cherry
679,Artusi,sponge cake
679,Artusi,ladyfinger
679,Artusi,wheat flour
679,Artusi,water
679,Artusi,lemon
679,Artusi,egg white
679,Artusi,egg yolk
679,Artusi,sugar
680,Artusi,fruit preserve
680,Artusi,rosolio
680,Artusi,ladyfinger
680,Artusi,butter
681,Artusi,orange blossom water
681,Artusi,water
681,Artusi,cream
681,Artusi,gelatin sheet
681,Artusi,powdered sugar
681,Artusi,sweet almond
682,Artusi,wheat flour
682,Artusi,butter
682,Artusi,salt
682,Artusi,egg yolk
682,Artusi,egg white
682,Artusi,butter
682,Artusi,sugar
682,Artusi,polenta flour
682,Artusi,milk
683,Artusi,powdered sugar
683,Artusi,wheat flour
683,Artusi,butter
683,Artusi,lemon zest
683,Artusi,egg
683,Artusi,powdered sugar
683,Artusi,wheat flour
683,Artusi,potato flour
684,Artusi,sugar
684,Artusi,marsala wine
684,Artusi,egg
684,Artusi,vanilla extract
684,Artusi,sugar
684,Artusi,egg
684,Artusi,milk
684,Artusi,butter
684,Artusi,marsala wine
684,Artusi,candied citron
684,Artusi,sultana raisin
684,Artusi,malaga raisin
684,Artusi,ladyfinger
685,Artusi,vanilla
685,Artusi,egg yolk
685,Artusi,sugar
685,Artusi,milk
686,Artusi,ground cinnamon
686,Artusi,orange blossom water
686,Artusi,water
686,Artusi,egg yolk
686,Artusi,sweet almond
686,Artusi,sugar
687,Artusi,maraschino rosolio
687,Artusi,chocolate
687,Artusi,powdered sugar
687,Artusi,sweet almond
688,Artusi,rosolio
688,Artusi,butter
688,Artusi,lemon zest
688,Artusi,vanilla
688,Artusi,gelatin sheet
688,Artusi,egg yolk
688,Artusi,egg
688,Artusi,sugar
688,Artusi,milk
689,Artusi,chocolate
689,Artusi,coffee
689,Artusi,alchermes liqueur
689,Artusi,fruit preserf
689,Artusi,rosolio
689,Artusi,ladyfinger
689,Artusi,water
689,Artusi,ice
689,Artusi,olive oil
689,Artusi,cherry laurel leaf
689,Artusi,water
689,Artusi,gelatin sheet
689,Artusi,powdered sugar
689,Artusi,egg yolk
690,Artusi,butter
690,Artusi,milk
690,Artusi,egg yolk
690,Artusi,sweet almond
690,Artusi,sugar
691,Artusi,salt
691,Artusi,vanilla extract
691,Artusi,powdered sugar
691,Artusi,egg
691,Artusi,sugar
691,Artusi,milk
692,Artusi,ice
692,Artusi,butter
692,Artusi,water
692,Artusi,egg white
692,Artusi,egg yolk
692,Artusi,sugar
692,Artusi,milk
693,Artusi,sugar
693,Artusi,roasted coffee bean
693,Artusi,coriander
693,Artusi,vanilla
693,Artusi,egg white
693,Artusi,egg yolk
693,Artusi,sugar
693,Artusi,milk
694,Artusi,butter
694,Artusi,pasta matta
694,Artusi,coriander seed
694,Artusi,vanilla
694,Artusi,egg white
694,Artusi,egg yolk
694,Artusi,sugar
694,Artusi,milk
695,Artusi,cold butter
695,Artusi,lemon zest
695,Artusi,egg
695,Artusi,powdered sugar
695,Artusi,milk
696,Artusi,redcurrant jelly
696,Artusi,lemon
696,Artusi,kirsch
696,Artusi,water
696,Artusi,sugar
696,Artusi,reinette apple
697,Artusi,white wine
697,Artusi,candied citron and orange
697,Artusi,peach kernel
697,Artusi,sweet almond
697,Artusi,powdered sugar
697,Artusi,ladyfinger
697,Artusi,freestone peach
698,Artusi,lemon juice
698,Artusi,powdered sugar
698,Artusi,cold butter
698,Artusi,lemon zest
698,Artusi,egg white
698,Artusi,egg yolk
698,Artusi,sugar
699,Artusi,butter
699,Artusi,vanilla
699,Artusi,egg yolk
699,Artusi,starch
699,Artusi,sugar
699,Artusi,milk
700,Artusi,fruit preserve
700,Artusi,sponge cake
700,Artusi,lemon
700,Artusi,sugar
700,Artusi,water
700,Artusi,lemon zest
700,Artusi,egg
700,Artusi,wheat flour
700,Artusi,sugar
700,Artusi,milk
701,Artusi,shortcrust pastry
701,Artusi,other preserf
701,Artusi,apricot preserve
701,Artusi,water
701,Artusi,lemon
701,Artusi,cinnamon stick
701,Artusi,cold butter
701,Artusi,breadcrumb
701,Artusi,powdered sugar
701,Artusi,reinette apple
702,Artusi,pasta matta
702,Artusi,lemon zest
702,Artusi,nutmeg
702,Artusi,chocolate
702,Artusi,spices
702,Artusi,butter
702,Artusi,candied fruit
702,Artusi,breadcrumb
702,Artusi,sugar
702,Artusi,sweet almond
702,Artusi,honey
702,Artusi,sapa
702,Artusi,pig's blood
702,Artusi,milk
703,Artusi,butter
703,Artusi,rum
703,Artusi,egg
703,Artusi,milk
703,Artusi,butter
703,Artusi,chocolate
703,Artusi,potato starch
703,Artusi,sugar
704,Artusi,vanilla sugar
704,Artusi,egg
704,Artusi,sweet almond
704,Artusi,butter
704,Artusi,wheat flour
704,Artusi,sugar
704,Artusi,milk
705,Artusi,powdered sugar
705,Artusi,lemon zest
705,Artusi,vanilla
705,Artusi,egg white
705,Artusi,egg yolk
705,Artusi,milk
705,Artusi,potato flour
705,Artusi,sugar
706,Artusi,vanilla extract
706,Artusi,rum
706,Artusi,butter
706,Artusi,egg
706,Artusi,milk
706,Artusi,sugar
706,Artusi,rice
707,Artusi,powdered sugar
707,Artusi,water
707,Artusi,vanilla
707,Artusi,maraschino liqueur
707,Artusi,milk
707,Artusi,egg
707,Artusi,butter
707,Artusi,sugar
707,Artusi,chestnut
708,Artusi,water
708,Artusi,powdered sugar
708,Artusi,apricot
709,Artusi,lemon
709,Artusi,water
709,Artusi,powdered sugar
709,Artusi,pear
710,Artusi,cinnamon stick
710,Artusi,red wine
710,Artusi,cold water
710,Artusi,water
710,Artusi,lemon
710,Artusi,water
710,Artusi,sugar
710,Artusi,pear
711,Artusi,sugar
711,Artusi,water
711,Artusi,quince
712,Artusi,prune
712,Artusi,kirsch
712,Artusi,sugar
712,Artusi,water
712,Artusi,lemon
712,Artusi,rose apple
712,Artusi,sugar
712,Artusi,lemon zest
712,Artusi,salt
712,Artusi,butter
712,Artusi,sugar
712,Artusi,rice
712,Artusi,milk
713,Artusi,powdered sugar
713,Artusi,egg yolk
713,Artusi,shortcrust pastry
713,Artusi,vanilla extract
713,Artusi,salt
713,Artusi,egg
713,Artusi,butter
713,Artusi,sugar
713,Artusi,rice flour
713,Artusi,milk
714,Artusi,cold water
714,Artusi,ice
714,Artusi,olive oil
714,Artusi,lemon
714,Artusi,sweet orange
714,Artusi,rum
714,Artusi,alkerme
714,Artusi,water
714,Artusi,isinglass
714,Artusi,sugar
715,Artusi,lemon
715,Artusi,rum
715,Artusi,water
715,Artusi,isinglass
715,Artusi,sugar
715,Artusi,strawberry
716,Artusi,cinnamon stick
716,Artusi,rum
716,Artusi,water
716,Artusi,gelatin
716,Artusi,sugar
716,Artusi,marasca or morello cherry
717,Artusi,vanilla
717,Artusi,marsala wine
717,Artusi,water
717,Artusi,gelatin
717,Artusi,sugar
717,Artusi,currant
718,Artusi,sugar
718,Artusi,rum
718,Artusi,marsala wine
718,Artusi,raspberry syrup
718,Artusi,water
718,Artusi,gelatin sheet
719,Artusi,bread
719,Artusi,powdered sugar
719,Artusi,egg
720,Artusi,cream
720,Artusi,egg
720,Artusi,milk
720,Artusi,butter
720,Artusi,chocolate
720,Artusi,sugar
720,Artusi,common bread
721,Artusi,shortcrust pastry
721,Artusi,candied fruit
721,Artusi,sugar
721,Artusi,cinnamon stick
721,Artusi,water
721,Artusi,apple
722,Artusi,ground cinnamon
722,Artusi,rum
722,Artusi,fortified wine
722,Artusi,powdered sugar
722,Artusi,egg yolk
723,Artusi,citric acid
723,Artusi,sugar
723,Artusi,raspberry
724,Artusi,water
724,Artusi,wine vinegar
724,Artusi,raspberry syrup
725,Artusi,citric acid
725,Artusi,powdered sugar
725,Artusi,currant
726,Artusi,water
726,Artusi,sugar
726,Artusi,citron
727,Artusi,citric acid
727,Artusi,powdered sugar
727,Artusi,cinnamon stick
727,Artusi,marasca cherry
728,Artusi,cinnamon stick
728,Artusi,powdered sugar
728,Artusi,marasca cherry
729,Artusi,orange blossom water
729,Artusi,sugar
729,Artusi,water
729,Artusi,bitter almond
729,Artusi,sweet almond
730,Artusi,ice
730,Artusi,sugar
730,Artusi,lemon
730,Artusi,water
730,Artusi,red wine
731,Artusi,white grape
732,Artusi,salicylic acid
732,Artusi,tomato
733,Artusi,water
733,Artusi,lemon zest
733,Artusi,vanilla sugar
733,Artusi,lemon juice
733,Artusi,sugar
733,Artusi,tomato
734,Artusi,peach
734,Artusi,sugar
734,Artusi,apricot
735,Artusi,sugar
735,Artusi,plum
736,Artusi,sugar
736,Artusi,blackberry
737,Artusi,powdered sugar
737,Artusi,raspberry
738,Artusi,sugar
738,Artusi,water
738,Artusi,yellow-skinned quince
739,Artusi,sugar
739,Artusi,currant juice
740,Artusi,water
740,Artusi,sugar
740,Artusi,azarole
741,Artusi,water
741,Artusi,sugar
741,Artusi,quince
742,Artusi,powdered sugar
742,Artusi,water
742,Artusi,quince
743,Artusi,rum
743,Artusi,water
743,Artusi,sugar
743,Artusi,garden lemon
743,Artusi,orange
744,Artusi,sugar
744,Artusi,water
744,Artusi,bitter orange
745,Artusi,breton
745,Artusi,lemon
745,Artusi,water
745,Artusi,rose petal
745,Artusi,sugar
746,Artusi,orange
746,Artusi,saffron
746,Artusi,alcohol
746,Artusi,water
746,Artusi,sugar
747,Artusi,slightly greenish garden lemon
747,Artusi,liqueur
747,Artusi,rainwater or spring water
747,Artusi,powdered sugar
748,Artusi,anise
749,Artusi,vanilla
749,Artusi,lemon
749,Artusi,milk
749,Artusi,powdered sugar
749,Artusi,alcohol
750,Artusi,lemon zest
750,Artusi,water
750,Artusi,whole clove
750,Artusi,ground cinnamon
750,Artusi,powdered sugar
750,Artusi,liqueur
750,Artusi,unripe walnut
751,Artusi,sugar
751,Artusi,water
751,Artusi,alcohol
751,Artusi,dried bitter orange peel
751,Artusi,peruvian cinchona
752,Artusi,garden lemon
752,Artusi,orange
752,Artusi,sugar
752,Artusi,water
752,Artusi,liqueur
752,Artusi,rum
753,Artusi,salt
753,Artusi,ice
753,Artusi,heavy cream
753,Artusi,gelatin sheet
753,Artusi,vanilla
753,Artusi,egg yolk
753,Artusi,sugar
753,Artusi,water
754,Artusi,lemon zest
754,Artusi,lemon
754,Artusi,water
754,Artusi,sugar
755,Artusi,orange
755,Artusi,lemon
755,Artusi,water
755,Artusi,sugar
755,Artusi,strawberry
756,Artusi,raspberry
757,Artusi,peach kernel
757,Artusi,garden lemon
757,Artusi,water
757,Artusi,sugar
757,Artusi,burrone peach
758,Artusi,garden lemon
758,Artusi,water
758,Artusi,sugar
758,Artusi,apricot
759,Artusi,sugar
759,Artusi,almond
759,Artusi,coffee bean
759,Artusi,coriander seed
759,Artusi,vanilla
759,Artusi,egg yolk
759,Artusi,sugar
759,Artusi,milk
760,Artusi,vanilla sugar
760,Artusi,egg yolk
760,Artusi,amaretti cookie
760,Artusi,sugar
760,Artusi,milk
761,Artusi,egg yolk
761,Artusi,sugar
761,Artusi,chocolate
761,Artusi,milk
762,Artusi,ground cinnamon
762,Artusi,cinnamon stick
762,Artusi,water
762,Artusi,sugar
762,Artusi,sour cherry
763,Artusi,sugar
763,Artusi,water
763,Artusi,lemon
763,Artusi,orange
764,Artusi,large garden lemon
764,Artusi,water
764,Artusi,morello cherry
764,Artusi,sugar
764,Artusi,currant
765,Artusi,strawberry
765,Artusi,burrone peach
765,Artusi,water
765,Artusi,candied citron
765,Artusi,currant
765,Artusi,raspberry
765,Artusi,very ripe apricot
765,Artusi,sugar
766,Artusi,salt
766,Artusi,ice
766,Artusi,water
766,Artusi,lemon
766,Artusi,sugar
766,Artusi,banana
767,Artusi,chard
767,Artusi,egg yolk
767,Artusi,pistachio
767,Artusi,sugar
767,Artusi,milk
768,Artusi,water
768,Artusi,vanilla extract
768,Artusi,egg yolk
768,Artusi,pistachio
768,Artusi,almond
768,Artusi,candied citron
768,Artusi,candied pumpkin
768,Artusi,sugar
768,Artusi,milk
769,Artusi,water
769,Artusi,vanilla sugar
769,Artusi,milk
769,Artusi,sugar
769,Artusi,chestnut
770,Artusi,orange zest
770,Artusi,lemon zest
770,Artusi,vanilla extract
770,Artusi,rum
770,Artusi,egg white
770,Artusi,lemon
770,Artusi,orange
770,Artusi,water
770,Artusi,sugar
771,Artusi,salt
771,Artusi,ice
771,Artusi,gelatin sheet
771,Artusi,egg yolk
771,Artusi,tea
771,Artusi,sugar
771,Artusi,water
771,Artusi,whipped cream
772,Artusi,salt
772,Artusi,ice
772,Artusi,lemon
772,Artusi,powdered sugar
772,Artusi,fragrant melon
772,Artusi,pear
772,Artusi,peach
772,Artusi,apricot
772,Artusi,plum
772,Artusi,cherry
772,Artusi,raspberry
772,Artusi,strawberry
772,Artusi,currant
773,Artusi,coriander seed
773,Artusi,orange blossom water
773,Artusi,cream
773,Artusi,water
773,Artusi,bitter almond
773,Artusi,sweet almond
773,Artusi,sugar
774,Artusi,salt
774,Artusi,ice
774,Artusi,rosolio
774,Artusi,cream
774,Artusi,egg white
774,Artusi,milk
774,Artusi,egg yolk
774,Artusi,cocoa powder
774,Artusi,sugar
774,Artusi,water
774,Artusi,gelatin sheet
775,Artusi,sugar
775,Artusi,coffee
775,Artusi,milk
776,Artusi,sugar
776,Artusi,water
776,Artusi,roasted barley
776,Artusi,chicory
776,Artusi,mocha coffee bean
776,Artusi,san domingo coffee bean
776,Artusi,puerto rico coffee bean
777,Artusi,milk
777,Artusi,water
777,Artusi,tea
778,Artusi,vanilla
778,Artusi,ground cinnamon
778,Artusi,water
778,Artusi,chocolate
779,Artusi,pear
779,Artusi,salamanna grape
779,Artusi,gooseberry
779,Artusi,peach
779,Artusi,apricot
779,Artusi,plum
779,Artusi,cherry
779,Artusi,brandy or cognac
779,Artusi,sugar
779,Artusi,raspberry
779,Artusi,currant
779,Artusi,strawberry
780,Artusi,alcohol
780,Artusi,clof
780,Artusi,cinnamon stick
780,Artusi,water
780,Artusi,sugar
780,Artusi,quince peach
781,Artusi,salt
781,Artusi,ice
781,Artusi,ripe garden lemon
781,Artusi,sugar
781,Artusi,powdered sugar
781,Artusi,freestone peach
782,Artusi,cherry pit kernel
782,Artusi,cinnamon stick
782,Artusi,sugar
782,Artusi,sour cherry
783,Artusi,sugar
783,Artusi,currant
783,Artusi,water
783,Artusi,gum arabic powder
784,Artusi,water
784,Artusi,"cognac, rum, or other liqueur"
784,Artusi,sugar
784,Artusi,egg yolk
785,Artusi,chocolate
785,Artusi,vanilla sugar
785,Artusi,water
785,Artusi,sugar
785,Artusi,sweet almond
786,Artusi,water
786,Artusi,wild fennel stalk
786,Artusi,water
786,Artusi,salt
786,Artusi,quicklime
786,Artusi,ash
786,Artusi,olive
787,Artusi,bay leaf
787,Artusi,clove
787,Artusi,garlic
787,Artusi,olive oil
787,Artusi,water
787,Artusi,vinegar
787,Artusi,porcini mushroom
788,Artusi,ground cinnamon
788,Artusi,white mustard powder
788,Artusi,candied citron
788,Artusi,white wine
788,Artusi,pear
788,Artusi,apple
788,Artusi,sweet grape
789,Artusi,sugar
789,Artusi,alkerme
789,Artusi,rosolio
789,Artusi,lemon
789,Artusi,powdered sugar
789,Artusi,egg white
789,Artusi,water
789,Artusi,powdered sugar
789,Artusi,chocolate
790,Artusi,mace
790,Artusi,sweet almond
790,Artusi,clove
790,Artusi,allspice
790,Artusi,ceylon cinnamon
790,Artusi,nutmeg
