recipe_id,source,name,original_name,original_title,category,region,city,servings,step_count,ingredient_count,tool_count
1,AIC,Roman-style brothy lamb (Abbacchio brodettato alla romana),abbacchio brodettato alla romana,abbacchio brodettato alla romana,"Meat, poultry and game",Lazio,,4.0,11,14,6
2,AIC,Acciuleddi or tricciulini,acciuleddi o tricciulini,acciuleddi o tricciulini,Desserts and liqueurs,Sardegna,,8.0,5,6,4
3,AIC,Anchovies in Green Sauce (Acciughe al Verde),acciughe al verde,acciughe al verde,Appetizers,Piemonte,,4.0,6,6,3
4,AIC,Ortona-style Anchovies,acciughe all’ortonese,acciughe all’ortonese,Appetizers,Abruzzo,,4.0,7,10,7
5,AIC,Casentino-style Acquacotta,acquacotta casentinese,acquacotta casentinese,Soups and broths,Toscana,,4.0,8,10,5
6,AIC,Anchovies in red sauce,acciughe in salsa rossa,acciughe in salsa rossa,Appetizers,Piemonte,,4.0,4,9,2
7,AIC,Marche-style Acquacotta,acquacotta marchigiana,acquacotta marchigiana,Soups and broths,Marche,,4.0,4,9,2
8,AIC,Anchovies and potatoes,acciughe e patate,acciughe e patate,Fish and seafood,Liguria,,4.0,5,8,3
9,AIC,Poor man's anchovies,acciughe alla povera,acciughe alla povera,Appetizers,Toscana,Livorno,4.0,5,5,3
10,AIC,marinated anchovies,acciughe marinate,acciughe marinate,Appetizers,Liguria,,4.0,6,8,1
11,AIC,Fried Sage with Anchovies,acciughini o salvia fritta,acciughini o salvia fritta,Appetizers,Toscana,Piombino,8.0,6,6,5
12,AIC,Anchovies with breadcrumbs,acciughe mollicate,acciughe mollicate,Fish and seafood,Abruzzo,,4.0,4,10,2
13,AIC,Baked anchovies,acciughe al forno,acciughe al forno,Fish and seafood,Liguria,,4.0,7,10,3
14,AIC,Hunter-style suckling lamb (Abbacchio alla Cacciatora),abbacchio alla cacciatora,abbacchio alla cacciatora,"Meat, poultry and game",Lazio,Roma,6.0,9,9,4
15,AIC,Acciugata (Anchovy Sauce),acciugata,acciugata,Sauces,Toscana,Firenze,4.0,5,4,2
16,AIC,Baked abbacchio lamb with potatoes,abbacchio al forno con patate,abbacchio al forno con patate,"Meat, poultry and game",Lazio,Roma,6.0,5,8,4
17,AIC,Agliata Algherese,agliata algherese,agliata algherese,Sauces,Sardegna,,6.0,6,9,4
18,AIC,Lamb 'a Cutturiello',agnello a cutturiello,agnello a cutturiello,"Meat, poultry and game",Basilicata,,4.0,5,9,4
19,AIC,Lamb with Artichokes,agnello ai carciofi,agnello ai carciofi,"Meat, poultry and game",Sardegna,,6.0,6,7,2
20,AIC,Agliata,agliata,agliata,Sauces,Sardegna,Sassari,4.0,6,8,4
21,AIC,agliata,agliata,agliata,Sauces,Abruzzo,,4.0,2,7,2
22,AIC,Lamb with Cauliflower,agnello al cavolfiore,agnello al cavolfiore,"Meat, poultry and game",Sardegna,,6.0,5,10,1
23,AIC,Ligurian agliata,agliata ligure,agliata ligure,Sauces,Liguria,,4.0,2,4,2
24,AIC,Fried Dogfish with Agliata,agliata di gattucci fritti,agliata di gattucci fritti,Appetizers,Sardegna,,6.0,5,3,5
25,AIC,Sardinian Garlic Sauce (Agliata Sarda),agliata sarda,agliata sarda,Sauces,Sardegna,Carloforte,6.0,3,6,1
26,AIC,Maremmana Acquacotta,acquacotta maremmana,acquacotta maremmana,Soups and broths,Toscana,Grosseto,6.0,7,10,5
27,AIC,Tolfetana-style Acquacotta,acquacotta tolfetana,acquacotta tolfetana,Soups and broths,Lazio,Civitavecchia,4.0,7,16,5
28,AIC,Acquasale,acquasale,acquasale,Appetizers,Puglia,,4.0,5,10,2
29,AIC,Acquasale,acquasale,acquasale,Soups and broths,Basilicata,,4.0,7,8,4
30,AIC,Africanetti of San Giovanni,africanetti di san giovanni,africanetti di san giovanni,Desserts and liqueurs,Emilia Romagna,Ferrara,6.0,5,5,4
31,AIC,Aggrassatu,aggrassatu,aggrassatu,"Meat, poultry and game",Sicilia,Palermo,6.0,8,6,4
32,AIC,Affogagatti,affogagatti,affogagatti,Desserts and liqueurs,Puglia,Lecce,10.0,8,11,4
33,AIC,Lamb with potatoes,agnello con patate,agnello con patate,"Meat, poultry and game",Puglia,Foggia,6.0,6,8,4
34,AIC,Lamb with muscari (lampascioni),agnello con muscari,agnello con muscari,"Meat, poultry and game",Molise,"Campobasso, Termoli",4.0,7,11,3
35,AIC,Lamb with Cheese and Eggs (Agnello Cacio e Uova),agnello cacio e uova,agnello cacio e uova,"Meat, poultry and game",Abruzzo,,4.0,5,12,4
36,AIC,Lamb with Olives,agnello con olive,agnello con olive,"Meat, poultry and game",Sardegna,Alghero,6.0,6,10,3
37,AIC,Lamb with cardoncelli mushrooms,agnello con i funghi cardoncelli,agnello con i funghi cardoncelli,"Meat, poultry and game",Basilicata,,4.0,5,7,4
38,AIC,Easter Lamb,agnello di pasqua,agnello di pasqua,"Meat, poultry and game",Puglia,,6.0,8,10,2
39,AIC,Lamb with Saffron,agnello allo zafferano,agnello allo zafferano,"Meat, poultry and game",Sardegna,Oristano,4.0,4,8,1
40,AIC,Lamb cooked in a testo,agnello al testo,agnello al testo,"Meat, poultry and game",Toscana,Pontremoli,6.0,5,9,4
41,AIC,White Lamb Stew (Agnello in Bianco),agnello in bianco,agnello in bianco,"Meat, poultry and game",Sardegna,Campidano di Cagliari,6.0,8,11,5
42,AIC,Lamb with cheese and eggs,agnello formaggio e uova,agnello formaggio e uova,"Meat, poultry and game",Campania,,4.0,8,12,4
43,AIC,Fricassee lamb,agnello in fricassea,agnello in fricassea,"Meat, poultry and game",Umbria,,4.0,4,8,2
44,AIC,Truffled Lamb,agnello tartufato,agnello tartufato,"Meat, poultry and game",Umbria,,4.0,7,8,4
45,AIC,Agnolotti Turin-style,agnolotti alla torinese,agnolotti alla torinese,"Pasta, rice and polenta",Piemonte,,8.0,11,17,12
46,AIC,Lamb with wild fennel,agnello al finocchietto selvatico,agnello al finocchietto selvatico,"Meat, poultry and game",Sardegna,"Sassari, Nurra",4.0,8,6,1
47,AIC,Agnello Brodettato (Lamb in Egg and Lemon Sauce),agnello brodettato,agnello brodettato,"Meat, poultry and game",Lazio,Civitavecchia,4.0,6,8,5
48,AIC,Agnolotti Canavese Style,agnolotti alla canavesana,agnolotti alla canavesana,"Pasta, rice and polenta",Piemonte,,8.0,9,16,6
49,AIC,agnolotti di paularo,agnolotti di paularo,agnolotti di paularo,"Pasta, rice and polenta",Friuli Venezia Giulia,,6.0,10,18,13
50,AIC,Agnolotti Gobbi Astigiani,agnolotti gobbi astigiani,agnolotti gobbi astigiani,"Pasta, rice and polenta",Piemonte,,12.0,9,22,9
51,AIC,agnolotti del plin,agnolotti del plin,agnolotti del plin,"Pasta, rice and polenta",Piemonte,,8.0,15,15,7
52,AIC,Agnolotti di Timau (Cjalsòn),agnolotti di timau,agnolotti di timau,"Pasta, rice and polenta",Friuli Venezia Giulia,,4.0,10,14,10
53,AIC,Agoni in Carpione (Pickled Lake Fish),agoni in carpione,agoni in carpione,Fish and seafood,Lombardia,,6.0,7,13,5
54,AIC,Agoni in green sauce,agoni in salsa verde,agoni in salsa verde,Fish and seafood,Lombardia,,4.0,8,11,5
55,AIC,Fried Agoni,agoni fritti,agoni fritti,Fish and seafood,Umbria,,4.0,5,6,1
56,AIC,Agresto,agresto,agresto,Sauces,Toscana,,,5,2,3
57,AIC,agrodolce,agrodolce,agrodolce,Desserts and liqueurs,Molise,Riccia,8.0,3,6,3
58,AIC,Baked anchovies,alici al forno,alici al forno,Fish and seafood,Lazio,Civitavecchia,4.0,5,6,4
59,AIC,Anchovies with vinegar or lemon,alici all’aceto o al limone,alici all’aceto o al limone,Appetizers,Lazio,Civitavecchia,4.0,8,7,2
60,AIC,Agoni alla navet,agoni alla navet,agoni alla navet,Fish and seafood,Lombardia,,4.0,6,5,6
61,AIC,Marinated anchovies,alici marinate,alici marinate,Appetizers,Campania,,4.0,5,6,2
62,AIC,Anchovies with oregano (Alici arraganate all'origano),alici arraganate all’origano,alici arraganate all’origano,Fish and seafood,Campania,,4.0,3,8,2
63,AIC,marinated anchovies,alici marinate,alici marinate,Appetizers,Marche,,4.0,3,7,1
64,AIC,Alici in tortiera,alici in tortiera,alici in tortiera,Fish and seafood,Puglia,,4.0,5,8,5
65,AIC,Anchovies with Endive (Jewish Recipe),aliciotti con indivia (ricetta ebraica),aliciotti con indivia (ricetta ebraica),Fish and seafood,Lazio,Roma,4.0,4,4,2
66,AIC,amaretti,amaretti,amaretti,Desserts and liqueurs,Abruzzo,,8.0,6,10,7
67,AIC,Anchovies or sardines in savor,alici o sardoni in savor,alici o sardoni in savor,Appetizers,Friuli Venezia Giulia,,4.0,9,9,4
68,AIC,Amarettus,amarettus,amarettus,Desserts and liqueurs,Sardegna,,6.0,7,7,7
69,AIC,Duck with orange,anatra all’arancia,anatra all’arancia,"Meat, poultry and game",Toscana,,4.0,7,11,6
70,AIC,Sassello Amaretti,amaretti del sassello,amaretti del sassello,Desserts and liqueurs,Liguria,,10.0,8,5,6
71,AIC,Roast Duck,anatra al forno,anatra al forno,"Meat, poultry and game",Friuli Venezia Giulia,,4.0,6,8,4
72,AIC,Stuffed Duck,anatra farcita,anatra farcita,"Meat, poultry and game",Piemonte,Novara,6.0,6,21,8
73,AIC,Duck in Salmì,anatra in salmì,anatra in salmì,"Meat, poultry and game",Friuli Venezia Giulia,San Giorgio della Richinvelda,6.0,7,15,5
74,AIC,Duck with turnips,anatra con le rape,anatra con le rape,"Meat, poultry and game",Friuli Venezia Giulia,"Gorizia, Collio, Carso",4.0,5,4,3
75,AIC,Braised Duck,anatra in tegame,anatra in tegame,"Meat, poultry and game",Friuli Venezia Giulia,Azzano Decimo,4.0,6,12,5
76,AIC,Muscovy duck in porchetta style,anatra muta in porchetta,anatra muta in porchetta,"Meat, poultry and game",Umbria,,4.0,5,8,3
77,AIC,Baked anelletti,anelletti al forno,anelletti al forno,"Pasta, rice and polenta",Sicilia,Palermo,6.0,9,15,7
78,AIC,Anellini with salt cod and roasted peppers,anellini con baccalà e peperoni arrostiti,anellini con baccalà e peperoni arrostiti,"Pasta, rice and polenta",Abruzzo,,4.0,5,9,7
79,AIC,Muranese-style eel,anguilla alla muranese,anguilla alla muranese,Fish and seafood,Veneto,,4.0,4,4,2
80,AIC,Grilled or Skewered Eel,anguilla ai ferri o allo spiedo,anguilla ai ferri o allo spiedo,Fish and seafood,Emilia Romagna,,4.0,7,9,4
81,AIC,Eel with Amoli (Cherry Plums),anguilla con gli amoli,anguilla con gli amoli,Fish and seafood,Friuli Venezia Giulia,Azzano Decimo,4.0,9,14,3
82,AIC,Spit-roasted eel,anguilla allo spiedo,anguilla allo spiedo,Fish and seafood,Friuli Venezia Giulia,Marano Lagunare,4.0,5,5,5
83,AIC,Umbrian-style eel,anguilla alla umbra,anguilla alla umbra,Fish and seafood,Umbria,,4.0,8,10,4
84,AIC,Mulinet eel,anguilla del mulinet,anguilla del mulinet,Fish and seafood,Friuli Venezia Giulia,Polcenigo,4.0,9,10,3
85,AIC,Eel with borlotti beans,anguilla con i fagioli borlotti,anguilla con i fagioli borlotti,Fish and seafood,Lombardia,,4.0,6,7,4
86,AIC,Spit-roasted eel,anguilla allo spiedo,anguilla allo spiedo,Fish and seafood,Umbria,,4.0,6,8,3
87,AIC,Spit-roasted eel,anguilla allo spiedo,anguilla allo spiedo,Fish and seafood,Marche,,4.0,5,3,4
88,AIC,Eel with savoy cabbage,anguilla con le verze,anguilla con le verze,Fish and seafood,Emilia Romagna,,4.0,8,11,3
89,AIC,Stewed Eel with Peas,anguilla in umido coi piselli,anguilla in umido coi piselli,Fish and seafood,Veneto,,4.0,5,11,3
90,AIC,Fried Eel,anguilla fritta,anguilla fritta,Fish and seafood,Veneto,Treviso,4.0,4,6,3
91,AIC,Eel in carpione,anguilla in carpione,anguilla in carpione,Fish and seafood,Lombardia,,4.0,6,11,5
92,AIC,Marinated eel,anguilla marinata,anguilla marinata,Fish and seafood,Piemonte,,4.0,5,9,7
93,AIC,Stewed eel with peas,anguilla in umido con piselli,anguilla in umido con piselli,Fish and seafood,Emilia Romagna,,4.0,5,17,5
94,AIC,Marinated eel,anguilla marinata,anguilla marinata,Fish and seafood,Emilia Romagna,,4.0,7,9,8
95,AIC,Eels Cabras-style,anguille alla cabrarese,anguille alla cabrarese,Appetizers,Sardegna,,6.0,8,10,4
96,AIC,Giovese-style Eels,anguille alla giovese,anguille alla giovese,Fish and seafood,Toscana,,4.0,5,13,4
97,AIC,Spit-roasted eels,anguille allo spiedo,anguille allo spiedo,Fish and seafood,Sardegna,Cagliari,4.0,5,3,2
98,AIC,Saffron sweetbreads with peas,animelle allo zafferano con piselli,animelle allo zafferano con piselli,"Meat, poultry and game",Abruzzo,,4.0,8,10,1
99,AIC,Eels with Wild Chicory,anguille con la cicoria di campo,anguille con la cicoria di campo,Fish and seafood,Campania,,4.0,4,9,6
100,AIC,Eels 'in ginocchioni',anguille in ginocchioni,anguille in ginocchioni,Fish and seafood,Toscana,,4.0,5,10,2
101,AIC,Parmesan-style anolini,anolini parmigiani,anolini parmigiani,Soups and broths,Emilia Romagna,,4.0,12,18,9
102,AIC,Stewed Eels,anguille in umido,anguille in umido,Fish and seafood,Sardegna,,4.0,6,8,5
103,AIC,Stuffed Duck,anitra ripiena,anitra ripiena,"Meat, poultry and game",Veneto,,4.0,5,15,6
104,AIC,anolini piacentini,anolini piacentini,anolini piacentini,Soups and broths,Emilia Romagna,,4.0,14,20,8
105,AIC,Anguilline with pecorino cheese,anguilline al pecorino,anguilline al pecorino,Fish and seafood,Sardegna,Cagliari,4.0,4,5,5
106,AIC,Giulianova-style appetizer,antipasto alla giuliese,antipasto alla giuliese,Appetizers,Abruzzo,Giulianova,4.0,7,11,4
107,AIC,ancient seiràss cup,antica coppa di seiràss,antica coppa di seiràss,Desserts and liqueurs,Piemonte,,4.0,4,12,5
108,AIC,Aranciata,aranciata,aranciata,Desserts and liqueurs,Sicilia,Modica,4.0,9,6,4
109,AIC,Orange Appetizer,antipasto di arance,antipasto di arance,Appetizers,Molise,,4.0,2,4,2
110,AIC,Aranciata di Nuoro,aranciata di nuoro,aranciata di nuoro,Desserts and liqueurs,Sardegna,,4.0,7,3,5
111,AIC,Arancine di riso,arancine di riso,arancine di riso,Appetizers,Sicilia,,12.0,7,17,4
112,AIC,Arbadela,arbadela,arbadela,Pizzas and savory pies,Toscana,,4.0,4,12,4
113,AIC,Fried Argentine,argentine fritte,argentine fritte,Fish and seafood,Lazio,Civitavecchia,4.0,4,5,1
114,AIC,Armisdo Montanaro,armisdo montanaro,armisdo montanaro,"Pasta, rice and polenta",Emilia Romagna,,4.0,6,14,3
115,AIC,Pork Roast with Milk,arrosto di maiale al latte,arrosto di maiale al latte,"Meat, poultry and game",Trentino Alto Adige,,4.0,7,10,3
116,AIC,Roast Veal and Kidney,arrosto di vitello e rognone,arrosto di vitello e rognone,"Meat, poultry and game",Trentino Alto Adige,,6.0,5,9,4
117,AIC,Florentine-style pork loin (Arista alla Fiorentina),arista alla fiorentina,arista alla fiorentina,"Meat, poultry and game",Toscana,,6.0,6,5,5
118,AIC,Veal roast with milk,arrosto di vitello al latte,arrosto di vitello al latte,"Meat, poultry and game",Lombardia,,4.0,6,6,1
119,AIC,Palermo-style breaded veal cutlets,arrosto panato alla palermitana,arrosto panato alla palermitana,"Meat, poultry and game",Sicilia,,4.0,3,6,4
120,AIC,Arrosto Morto,arrosto morto,arrosto morto,"Meat, poultry and game",Toscana,,4.0,6,10,4
121,AIC,Arselle alla marinara,arselle alla marinara,arselle alla marinara,Fish and seafood,Liguria,,4.0,5,7,1
122,AIC,Cagliari-style Wedge Clams,arselle alla cagliaritana,arselle alla cagliaritana,Appetizers,Sardegna,,6.0,8,7,5
123,AIC,Florentine-style asparagus,asparagi alla fiorentina,asparagi alla fiorentina,"Vegetables, eggs and legumes",Toscana,,4.0,5,6,4
124,AIC,Asparagi alla Parmigiana,asparagi alla parmigiana,asparagi alla parmigiana,"Vegetables, eggs and legumes",Emilia Romagna,,4.0,6,5,6
125,AIC,Asparagus with fonduta,asparagi con fonduta,asparagi con fonduta,"Vegetables, eggs and legumes",Piemonte,,4.0,5,7,9
126,AIC,Asparagus with 'cereghin' eggs,asparagi con uova in cereghin,asparagi con uova in cereghin,"Vegetables, eggs and legumes",Lombardia,,4.0,4,5,4
127,AIC,Asparagus with tartar sauce,asparagi con la salsa tartara,asparagi con la salsa tartara,"Vegetables, eggs and legumes",Piemonte,,4.0,7,13,6
128,AIC,Bassano asparagus with hard-boiled egg sauce,asparagi di bassano con salsa di uova sode,asparagi di bassano con salsa di uova sode,"Vegetables, eggs and legumes",Veneto,,6.0,8,8,2
129,AIC,Aspic,aspic,aspic,Appetizers,Lombardia,,6.0,12,7,3
130,AIC,Boiled wild asparagus,asparagi selvatici lessati,asparagi selvatici lessati,"Vegetables, eggs and legumes",Sardegna,Campidano di Cagliari,6.0,5,4,3
131,AIC,Stewed wild asparagus,asparagi selvatici in umido,asparagi selvatici in umido,"Vegetables, eggs and legumes",Sicilia,Iblea,4.0,5,7,3
132,AIC,Baccalà alla fiorentina,baccalà alla fiorentina,baccalà alla fiorentina,Fish and seafood,Toscana,,4.0,7,10,4
133,AIC,Babà,babà,babà,Desserts and liqueurs,Campania,Napoli,6.0,9,8,6
134,AIC,Salt Cod with Garlic and Parsley,baccalà aglio e prezzemolo,baccalà aglio e prezzemolo,Fish and seafood,Abruzzo,,4.0,4,9,4
135,AIC,Bolognese-style Salt Cod,baccalà alla bolognese,baccalà alla bolognese,Fish and seafood,Emilia Romagna,,4.0,7,9,2
136,AIC,Green asparagus with fried egg,asparagi verdi con uovo all’occhio di bue,asparagi verdi con uovo all’occhio di bue,"Vegetables, eggs and legumes",Emilia Romagna,,4.0,5,6,3
137,AIC,Baccalà sfincione-style,baccalà a sfincione,baccalà a sfincione,Fish and seafood,Sicilia,,4.0,7,7,6
138,AIC,Grilled Baccalà,baccalà alla brace,baccalà alla brace,Fish and seafood,Puglia,,4.0,5,6,5
139,AIC,Baccalà alla Ghiotta,baccalà alla ghiotta,baccalà alla ghiotta,Fish and seafood,Sicilia,,4.0,5,13,3
140,AIC,Baccalà alla Trentina (Trentino-Style Salt Cod),baccalà alla trentina,baccalà alla trentina,Fish and seafood,Trentino Alto Adige,,6.0,9,11,4
141,AIC,baccalà alla vicentina,baccalà alla vicentina,baccalà alla vicentina,Fish and seafood,Veneto,,4.0,7,11,4
142,AIC,Salt Cod with Anchovies,baccalà alle acciughe,baccalà alle acciughe,Fish and seafood,Trentino Alto Adige,,4.0,4,12,4
143,AIC,Salt Cod with Saffron,baccalà allo zafferano,baccalà allo zafferano,Fish and seafood,Sicilia,,4.0,5,8,5
144,AIC,Abruzzo-style salt cod,baccalà all’abruzzese,baccalà all’abruzzese,Fish and seafood,Abruzzo,,4.0,5,9,2
145,AIC,Roasted baccalà (stockfish),baccalà arrosto,baccalà arrosto,Fish and seafood,Veneto,,4.0,6,9,3
146,AIC,Salt cod with cauliflower,baccalà con cavolfiore,baccalà con cavolfiore,Fish and seafood,Calabria,,4.0,5,8,4
147,AIC,Baccalà all'aquilana,baccalà all’aquilana,baccalà all’aquilana,Fish and seafood,Abruzzo,,4.0,4,9,2
148,AIC,Baccalà with potatoes in sauce,baccalà con le patate nel sugo,baccalà con le patate nel sugo,Fish and seafood,Campania,,4.0,6,11,2
149,AIC,Baccalà with celery,baccalà con il sedano,baccalà con il sedano,Fish and seafood,Abruzzo,,4.0,8,10,3
150,AIC,Salt Cod with Leeks,baccalà con i porri,baccalà con i porri,Fish and seafood,Toscana,,4.0,6,9,6
151,AIC,Baccalà with raisins and prunes,baccalà con uvetta e prugne,baccalà con uvetta e prugne,Fish and seafood,Umbria,Perugia,4.0,5,8,1
152,AIC,Salt cod and potatoes Civitavecchia style,baccalà e patate,baccalà e patate,Fish and seafood,Lazio,Civitavecchia,4.0,4,8,3
153,AIC,Baccalà with grilled peppers,baccalà con peperoni alla griglia,baccalà con peperoni alla griglia,Fish and seafood,Abruzzo,,4.0,4,5,3
154,AIC,Salt Cod and Potato Bake,baccalà e patate in tortiera,baccalà e patate in tortiera,Fish and seafood,Basilicata,,4.0,8,7,5
155,AIC,Baked salt cod,baccalà crogiato,baccalà crogiato,Fish and seafood,Toscana,,4.0,7,9,6
156,AIC,Gratinated salt cod,baccalà gratinato,baccalà gratinato,Fish and seafood,Molise,"Civitanova, Campobasso, Termoli",4.0,6,9,4
157,AIC,Fried Baccalà,baccalà fritto,baccalà fritto,Fish and seafood,Lazio,Civitavecchia,4.0,4,6,4
158,AIC,Sweet and Sour Salt Cod,baccalà in agrodolce,baccalà in agrodolce,Fish and seafood,Sardegna,Carloforte,4.0,4,9,4
159,AIC,Trieste-style white baccalà,baccalà in bianco alla triestina,baccalà in bianco alla triestina,Appetizers,Friuli Venezia Giulia,,4.0,8,6,5
160,AIC,Baccalà in frattona,baccalà in frattona,baccalà in frattona,Fish and seafood,Veneto,,4.0,7,6,6
161,AIC,Salt Cod in a Pan,baccalà in tegame,baccalà in tegame,Fish and seafood,Campania,,4.0,4,9,2
162,AIC,bacciocca,bacciocca,bacciocca,"Vegetables, eggs and legumes",Liguria,,4.0,6,10,5
163,AIC,Stewed Salt Cod (Baccalà in Guazzetto),baccalà in guazzetto,baccalà in guazzetto,Fish and seafood,Sardegna,Cagliari,4.0,3,6,2
164,AIC,Shredded Salt Cod,baccalà spinuzzato,baccalà spinuzzato,Appetizers,Lazio,Civitavecchia,4.0,5,10,4
165,AIC,Trieste-style stockfish in red sauce,baccalà in rosso alla triestina,baccalà in rosso alla triestina,Fish and seafood,Friuli Venezia Giulia,,4.0,4,8,2
166,AIC,Battered Salt Cod,baccalà in pastella,baccalà in pastella,Fish and seafood,Abruzzo,,4.0,5,7,4
167,AIC,Christmas Baccalà,baccalà natalizio,baccalà natalizio,Fish and seafood,Abruzzo,,4.0,6,12,3
168,AIC,Baccalà mantecato (Whipped stockfish),baccalà mantecato,baccalà mantecato,Fish and seafood,Veneto,,4.0,5,5,5
169,AIC,baci di dama,baci di dama,baci di dama,Desserts and liqueurs,Piemonte,,40.0,6,6,4
170,AIC,Vicenza-style creamed stockfish,baccalà mantecato alla vicentina,baccalà mantecato alla vicentina,Fish and seafood,Veneto,,4.0,5,6,1
171,AIC,Nun's Kisses,baci delle monache,baci delle monache,Desserts and liqueurs,Abruzzo,,4.0,5,5,5
172,AIC,baci di alassio,baci di alassio,baci di alassio,Desserts and liqueurs,Liguria,,8.0,8,7,8
173,AIC,Guanciale (Baffo) with Tomato,baffo col pomodoro,baffo col pomodoro,"Meat, poultry and game",Umbria,Orvieto,4.0,2,5,2
174,AIC,bagna caoda,bagna caoda,bagna caoda,Sauces,Piemonte,,12.0,6,7,3
175,AIC,Bagnetto Rosso,bagnetto rosso,bagnetto rosso,Sauces,Piemonte,,6.0,4,9,5
176,AIC,Bagnetto verde (Piedmontese green sauce),bagnetto verde,bagnetto verde,Sauces,Piemonte,,6.0,4,8,0
177,AIC,barbagiuai,barbagiuai,barbagiuai,Appetizers,Liguria,,4.0,8,14,11
178,AIC,barchiglia,barchiglia,barchiglia,Desserts and liqueurs,Puglia,,6.0,11,11,12
179,AIC,benzone,benzone,benzone,Desserts and liqueurs,Toscana,,8.0,6,12,6
180,AIC,Bianco e Nero,bianco e nero,bianco e nero,"Meat, poultry and game",Liguria,,4.0,3,9,3
181,AIC,berlingozzo,berlingozzo,berlingozzo,Desserts and liqueurs,Toscana,Lamporecchio,4.0,6,11,4
182,AIC,Bernardi,bernardi,bernardi,Pizzas and savory pies,Liguria,,4.0,5,7,5
183,AIC,Bazott o Bassotti,bazott o bassotti,bazott o bassotti,"Pasta, rice and polenta",Emilia Romagna,Faenza,4.0,5,5,5
184,AIC,Arzignano-style woodcock,beccacce alla arzignanese,beccacce alla arzignanese,"Meat, poultry and game",Veneto,,4.0,6,4,5
185,AIC,bicciolani,bicciolani,bicciolani,Desserts and liqueurs,Piemonte,Vercelli,8.0,6,7,4
186,AIC,biancomangiare,biancomangiare,biancomangiare,Desserts and liqueurs,Campania,,6.0,5,4,5
187,AIC,Biancomangiare - Milk Cream,biancomangiare - crema di latte,biancomangiare - crema di latte,Desserts and liqueurs,Sicilia,,3.0,5,4,5
188,AIC,batsuà,batsuà,batsuà,"Meat, poultry and game",Piemonte,,4.0,9,16,7
189,AIC,Bagnun of Anchovies,bagnun di acciughe,bagnun di acciughe,Fish and seafood,Liguria,,4.0,6,11,3
190,AIC,Baxin di Albenga,baxin di albenga,baxin di albenga,Desserts and liqueurs,Liguria,,8.0,7,5,4
191,AIC,Bigoli with sardelle,bigoli con le sardelle,bigoli con le sardelle,"Pasta, rice and polenta",Veneto,,4.0,4,7,5
192,AIC,bignè di san giuseppe,bignè di san giuseppe,bignè di san giuseppe,Desserts and liqueurs,Lazio,Roma,4.0,10,9,5
193,AIC,Bigoli with duck,bigoli con l’anatra,bigoli con l’anatra,"Pasta, rice and polenta",Veneto,,4.0,6,14,6
194,AIC,Bigoli with goose and porcini mushrooms,bigoli grossi con oca e porcini,bigoli grossi con oca e porcini,"Pasta, rice and polenta",Veneto,,4.0,9,10,4
195,AIC,bigoli in salsa,bigoli in salsa,bigoli in salsa,"Pasta, rice and polenta",Veneto,,4.0,6,6,4
196,AIC,biscotti del lagaccio,biscotti del lagaccio,biscotti del lagaccio,Desserts and liqueurs,Liguria,,8.0,7,5,4
197,AIC,bisciòla,bisciòla,bisciòla,Desserts and liqueurs,Lombardia,,6.0,11,13,9
198,AIC,Christmas Biscione or Bensone,biscione di natale o bensone,biscione di natale o bensone,Desserts and liqueurs,Emilia Romagna,,4.0,4,10,6
199,AIC,Homemade Biscotti,biscotti caserecci,biscotti caserecci,Desserts and liqueurs,Puglia,,8.0,5,9,5
200,AIC,Biscotti di Prato,biscotti di prato,biscotti di prato,Desserts and liqueurs,Toscana,,8.0,6,9,6
201,AIC,Biscotto (Umbrian Cake Loaf),biscotto,biscotto,Desserts and liqueurs,Umbria,,4.0,6,11,7
202,AIC,biscotti veneziani,biscotti veneziani,biscotti veneziani,Desserts and liqueurs,Veneto,,4.0,7,7,3
203,AIC,Versilian biscuits with marzipan,biscotti versiliesi con il marzapane,biscotti versiliesi con il marzapane,Desserts and liqueurs,Toscana,,8.0,6,14,8
204,AIC,Bistecca alla Fiorentina,bistecca alla fiorentina,bistecca alla fiorentina,"Meat, poultry and game",Toscana,,2.0,6,3,4
205,AIC,Blanc Manger,blanc manger,blanc manger,Desserts and liqueurs,Valle d'Aosta,,4.0,5,4,6
206,AIC,Curate's Steak,bistecca del curato,bistecca del curato,"Meat, poultry and game",Umbria,,4.0,3,14,3
207,AIC,Blècs with Rooster Sauce,blècs cul gjal,blècs cul gjal,"Pasta, rice and polenta",Friuli Venezia Giulia,"Mossa, Collio, Cormons",8.0,10,18,6
208,AIC,Blècs,blècs,blècs,"Pasta, rice and polenta",Friuli Venezia Giulia,,4.0,8,9,8
209,AIC,Saffron mozzarella bites,bocconcini di mozzarella allo zafferano,bocconcini di mozzarella allo zafferano,Appetizers,Abruzzo,,4.0,5,6,0
210,AIC,Wild boar bites with baked polenta,bocconcini di cinghiale con polenta al forno,bocconcini di cinghiale con polenta al forno,"Meat, poultry and game",Piemonte,,4.0,11,15,6
211,AIC,Bocconotti alla Gualandi,bocconotti alla gualandi,bocconotti alla gualandi,Appetizers,Emilia Romagna,,4.0,7,8,4
212,AIC,Anchovy bocconotti,bocconotti di acciughe,bocconotti di acciughe,Fish and seafood,Abruzzo,,4.0,6,10,4
213,AIC,Bocconotto from Castel Frentano,bocconotto di castel frentano,bocconotto di castel frentano,Desserts and liqueurs,Abruzzo,,100.0,7,13,6
214,AIC,bocconotto,bocconotto,bocconotto,Desserts and liqueurs,Puglia,,4.0,6,8,2
215,AIC,Borlenghi or Burlengh,borlenghi o burlengh,borlenghi o burlengh,Appetizers,Emilia Romagna,"Guiglia, Modena",4.0,6,9,2
216,AIC,Cured and boiled beef,bollito salato,bollito salato,"Meat, poultry and game",Valle d'Aosta,,4.0,6,7,5
217,AIC,Verona-style snails,bogoni alla veronese,bogoni alla veronese,Fish and seafood,Veneto,,4.0,4,9,5
218,AIC,Rice bomb with pigeons,bomba di riso con piccioni,bomba di riso con piccioni,"Pasta, rice and polenta",Emilia Romagna,Parma,4.0,11,16,7
219,AIC,bonêt,bonêt,bonêt,Desserts and liqueurs,Piemonte,,8.0,9,8,6
220,AIC,Bostrengo,bostrengo,bostrengo,Desserts and liqueurs,Marche,,8.0,8,11,9
221,AIC,Bossolà,bossolà,bossolà,Desserts and liqueurs,Lombardia,,6.0,8,10,6
222,AIC,Borage in batter,borragine in pastella,borragine in pastella,"Vegetables, eggs and legumes",Abruzzo,,4.0,6,5,4
223,AIC,Bottarga with spiny artichokes,bottarga ai carciofi spinosi,bottarga ai carciofi spinosi,Appetizers,Sardegna,,6.0,7,3,3
224,AIC,Drunken Pork Chops,braciole ubriache,braciole ubriache,"Meat, poultry and game",Toscana,,4.0,4,6,1
225,AIC,Calabrian braciolette,braciolette calabresi,braciolette calabresi,"Meat, poultry and game",Calabria,,4.0,5,9,6
226,AIC,Braciolette in ragù,braciolette al ragù,braciolette al ragù,"Meat, poultry and game",Campania,Napoli,6.0,9,14,6
227,AIC,Anchovy Braciolette,braciolette di alici,braciolette di alici,Fish and seafood,Calabria,,4.0,6,10,4
228,AIC,brasciole (meat rolls),brasciole (involtini),brasciole (involtini),"Meat, poultry and game",Puglia,,4.0,7,11,4
229,AIC,Swordfish braciolette,braciolette di pesce spada,braciolette di pesce spada,Fish and seafood,Sicilia,,4.0,8,9,7
230,AIC,Veronese brassadella,brassadella veronese,brassadella veronese,Desserts and liqueurs,Veneto,,4.0,7,7,5
231,AIC,Braised Beef in Barolo Wine,brasato di bue al barolo,brasato di bue al barolo,"Meat, poultry and game",Piemonte,Cuneo,6.0,8,14,8
232,AIC,Poached Broccoli Rabe (Cime di Rapa),broccoletti (cime di rapa) a crudo o affogati,broccoletti (cime di rapa) a crudo o affogati,"Vegetables, eggs and legumes",Lazio,,4.0,4,5,1
233,AIC,Rustic brioche,brioche rustica,brioche rustica,Pizzas and savory pies,Campania,,4.0,10,12,8
234,AIC,briza,briza,briza,Soups and broths,Friuli Venezia Giulia,,4.0,7,9,4
235,AIC,Brothy Broccoletti with Cornmeal Pizza,broccoletti brodosi con pizza di granturco,broccoletti brodosi con pizza di granturco,Soups and broths,Abruzzo,,4.0,6,6,6
236,AIC,Broccoletti with eggs,broccoletti con le uova,broccoletti con le uova,"Vegetables, eggs and legumes",Lazio,,4.0,5,7,1
237,AIC,Broccoli Affogati,broccoli affogati,broccoli affogati,"Vegetables, eggs and legumes",Umbria,Orvieto,4.0,5,6,2
238,AIC,broccoli with lemon,broccoli al limone,broccoli al limone,"Vegetables, eggs and legumes",Abruzzo,,4.0,5,4,4
239,AIC,Stewed Black Broccoli,broccoli neri stufati,broccoli neri stufati,"Vegetables, eggs and legumes",Molise,Termoli,4.0,6,6,3
240,AIC,Broccoli strascinati (Sautéed Romanesco broccoli),broccoli strascinati,broccoli strascinati,"Vegetables, eggs and legumes",Lazio,,4.0,6,7,3
241,AIC,Suffocated Broccoli,brocculi affucati,brocculi affucati,"Vegetables, eggs and legumes",Calabria,,4.0,6,5,4
242,AIC,Fano-style fish stew (Brodetto alla fanese),brodetto alla fanese,brodetto alla fanese,Fish and seafood,Marche,,6.0,7,9,2
243,AIC,Pescara-style Brodetto,brodetto alla pescarese,brodetto alla pescarese,Fish and seafood,Abruzzo,,6.0,6,11,2
244,AIC,Vasto-style fish stew (Brodetto alla Vastese),brodetto alla vastese,brodetto alla vastese,Fish and seafood,Abruzzo,,4.0,5,11,2
245,AIC,Brodetto of Razor Clams,brodetto di cannolicchi,brodetto di cannolicchi,Fish and seafood,Friuli Venezia Giulia,Grado,4.0,6,7,2
246,AIC,Brodetto alla Triestina,brodetto alla triestina,brodetto alla triestina,Fish and seafood,Friuli Venezia Giulia,,6.0,7,13,6
247,AIC,Brodetto of Mantis Shrimp,brodetto di canocchie,brodetto di canocchie,Fish and seafood,Friuli Venezia Giulia,,4.0,6,7,2
248,AIC,Clam Brodetto,brodetto di vongole,brodetto di vongole,Fish and seafood,Friuli Venezia Giulia,Grado,4.0,4,6,1
249,AIC,Brodetto Termolese di Tornòla,brodetto termolese di tornòla,brodetto termolese di tornòla,Soups and broths,Molise,,4.0,7,11,4
250,AIC,Grado-style turbot brodetto,brodetto di rombo alla gradese,brodetto di rombo alla gradese,Fish and seafood,Friuli Venezia Giulia,,4.0,6,7,1
251,AIC,Brodetto alla Giuliese (Giulianova-style fish stew),brodetto alla giuliese,brodetto alla giuliese,Fish and seafood,Abruzzo,Giulianova,6.0,6,17,3
252,AIC,Ravenna-style fish stew (brodetto),brodetto alla ravennate,brodetto alla ravennate,Fish and seafood,Emilia Romagna,,6.0,5,10,1
253,AIC,Brodetto all'anconetana,brodetto all’anconetana,brodetto all’anconetana,Fish and seafood,Marche,,8.0,7,10,4
254,AIC,Brodetto of Anchovies,brodetto di alici,brodetto di alici,Fish and seafood,Friuli Venezia Giulia,Grado,4.0,6,7,1
255,AIC,Burnt broth with porcini mushrooms,brodo bruciato con i porcini,brodo bruciato con i porcini,Soups and broths,Trentino Alto Adige,,6.0,6,11,6
256,AIC,Toasted Broth (Brodo Brustolà),brodo brustolà,brodo brustolà,Soups and broths,Friuli Venezia Giulia,,4.0,6,10,3
257,AIC,Broth with rice and chicken livers,brodo con riso e fegatini,brodo con riso e fegatini,Soups and broths,Friuli Venezia Giulia,"Gorizia, Collio, Carso",4.0,4,6,2
258,AIC,Bean Broth,brodo di fagioli,brodo di fagioli,Soups and broths,Emilia Romagna,,4.0,3,2,2
259,AIC,Fish broth with vegetables,brodo di pesce con verdure,brodo di pesce con verdure,Soups and broths,Molise,Termoli,4.0,5,10,1
260,AIC,Frog Broth,brodo di rane,brodo di rane,Soups and broths,Emilia Romagna,,4.0,4,6,4
261,AIC,Brodosilli,brodosilli,brodosilli,Soups and broths,Abruzzo,,4.0,5,5,4
262,AIC,Tench Broth,brodo di tinca,brodo di tinca,Fish and seafood,Umbria,,4.0,6,9,3
263,AIC,brutti ma buoni,brutti ma buoni,brutti ma buoni,Desserts and liqueurs,Piemonte,Borgomanero,40.0,6,6,10
264,AIC,Brotie,brotie,brotie,Desserts and liqueurs,Piemonte,,6.0,4,7,3
265,AIC,bruscitti,bruscitti ,bruscitti ,"Meat, poultry and game",Lombardia,,4.0,4,5,4
266,AIC,Bruvòira,bruvòira,bruvòira,Soups and broths,Piemonte,Biella,4.0,4,4,1
267,AIC,Bruschetta or Fettunta,bruschetta o fettunta,bruschetta o fettunta,Appetizers,Lazio,,4.0,4,4,2
268,AIC,Bruschetta with tomato,bruschetta al pomodoro,bruschetta al pomodoro,Appetizers,Lazio,,4.0,3,5,5
269,AIC,Bucatini Maratea Style,bucatini alla moda di maratea,bucatini alla moda di maratea,"Pasta, rice and polenta",Basilicata,,4.0,6,6,4
270,AIC,Bucatini (or spaghetti) alla Matriciana,bucatini (o spaghetti) alla “matriciana”,bucatini (o spaghetti) alla “matriciana”,"Pasta, rice and polenta",Lazio,Roma,4.0,7,7,4
271,AIC,Buccellato,buccellato,buccellato,Desserts and liqueurs,Toscana,Lucca,8.0,8,9,5
272,AIC,Buchteln - Leavened Dough Puffs,buchteln - sgonfiotti di pasta lievitata,buchteln - sgonfiotti di pasta lievitata,Desserts and liqueurs,Friuli Venezia Giulia,,8.0,10,8,7
273,AIC,Rolled Kid Goat Innards,budellame di capretto arrotolato,budellame di capretto arrotolato,"Meat, poultry and game",Calabria,,4.0,5,12,4
274,AIC,Veal Brain Pudding,budino di cervello,budino di cervello,"Meat, poultry and game",Trentino Alto Adige,,4.0,9,10,7
275,AIC,Bugie,bugie,bugie,Desserts and liqueurs,Piemonte,,8.0,7,9,5
276,AIC,Stigghiola (Grilled Lamb or Kid Intestines),budelline d’agnello o stigghiola,budelline d’agnello o stigghiola,"Meat, poultry and game",Sicilia,,4.0,3,4,4
277,AIC,Puréed Green Bean Pudding,budino di fagiolini passati,budino di fagiolini passati,"Vegetables, eggs and legumes",Lazio,,4.0,8,8,7
278,AIC,Faicchio-style lamb intestines (budelline di agnello),budelline di agnello di faicchio,budelline di agnello di faicchio,"Meat, poultry and game",Campania,Benevento,4.0,4,4,3
279,AIC,Burrida,burrida,burrida,Appetizers,Sardegna,Cagliari,6.0,11,8,5
280,AIC,Maremma-style Lamb Stew (Buglione),buglione d’agnello alla maremmana,buglione d’agnello alla maremmana,"Meat, poultry and game",Toscana,,4.0,10,11,2
281,AIC,Buridda,buridda,buridda,Soups and broths,Liguria,,4.0,8,10,2
282,AIC,Burrida of skate,burrida di razza,burrida di razza,Appetizers,Sardegna,Cabras,6.0,8,9,5
283,AIC,busecca,busecca,busecca,Soups and broths,Piemonte,Biella,6.0,4,10,5
284,AIC,Burtlèna or gnocco fritto,burtlèna o gnocco fritto,burtlèna o gnocco fritto,Pizzas and savory pies,Emilia Romagna,,8.0,7,7,7
285,AIC,Busecchina,busecchina,busecchina,Desserts and liqueurs,Lombardia,,6.0,3,4,4
286,AIC,cacciannanze,cacciannanze,cacciannanze,Pizzas and savory pies,Marche,,4.0,9,8,4
287,AIC,Livorno-style Cacciucco,cacciucco alla livornese,cacciucco alla livornese,Fish and seafood,Toscana,,4.0,8,16,5
288,AIC,Viareggio-style cacciucco,cacciucco alla viareggina,cacciucco alla viareggina,Fish and seafood,Toscana,,6.0,7,18,5
289,AIC,Caciocavallo all'argentiera (Silversmith's style caciocavallo),caciocavallo all’argentiera,caciocavallo all’argentiera,Appetizers,Sicilia,,4.0,5,6,3
290,AIC,Fried caciotta with saffron,caciotta fritta con lo zafferano,caciotta fritta con lo zafferano,Appetizers,Abruzzo,,4.0,6,6,6
291,AIC,Cajettes,cajettes,cajettes,"Pasta, rice and polenta",Piemonte,,6.0,7,12,8
292,AIC,Roasted squid with lemon,calamari arrosto al limone,calamari arrosto al limone,Fish and seafood,Sardegna,Porto Torres,4.0,5,6,3
293,AIC,Stuffed Squid,calamari ripieni,calamari ripieni,Fish and seafood,Puglia,,4.0,6,8,4
294,AIC,Stuffed Squid,calamari ripieni,calamari ripieni,Fish and seafood,Marche,,4.0,7,7,5
295,AIC,Small Squid with Olives and Rosemary,calamaretti con olive e rosmarino,calamaretti con olive e rosmarino,Fish and seafood,Liguria,,4.0,5,9,2
296,AIC,Stuffed Squid,calamari ripieni,calamari ripieni,Fish and seafood,Sardegna,Cabras,6.0,6,13,5
297,AIC,Stuffed Squid,calamari ripieni,calamari ripieni,Fish and seafood,Lazio,Civitavecchia,4.0,5,11,5
298,AIC,Calandraca,calandraca,calandraca,"Meat, poultry and game",Friuli Venezia Giulia,,6.0,7,10,2
299,AIC,Stuffed Caciocavallo,caciocavallo farcito,caciocavallo farcito,Appetizers,Molise,Agnone,4.0,8,9,7
300,AIC,Caldaro (Tuscan Fish Stew),caldaro,caldaro,Fish and seafood,Toscana,,6.0,7,20,2
301,AIC,Calcionetti or Caggiunitte,calcionetti o caggiunitte,calcionetti o caggiunitte,Desserts and liqueurs,Abruzzo,,10.0,8,10,8
302,AIC,Calzagatti,calzagatti,calzagatti,"Pasta, rice and polenta",Emilia Romagna,,4.0,9,8,6
303,AIC,Calzoncelli,calzoncelli,calzoncelli,Desserts and liqueurs,Basilicata,,8.0,8,15,6
304,AIC,Carnival Calzone,calzone di carnevale,calzone di carnevale,Pizzas and savory pies,Puglia,Bari,4.0,10,11,9
305,AIC,Bari-style calzone,calzone barese,calzone barese,Pizzas and savory pies,Puglia,,4.0,8,11,6
306,AIC,Vegetable calzone,calzone di verdure,calzone di verdure,Pizzas and savory pies,Basilicata,,4.0,6,6,5
307,AIC,Saint Leonard's Calzone,calzone di san leonardo,calzone di san leonardo,Desserts and liqueurs,Puglia,,8.0,6,9,4
308,AIC,Baked stuffed calzone,calzone ripieno al forno,calzone ripieno al forno,Pizzas and savory pies,Campania,,4.0,7,13,5
309,AIC,calzuncielli di scammaro,calzuncielli di scammaro,calzuncielli di scammaro,Pizzas and savory pies,Campania,,6.0,8,15,8
310,AIC,Canascione d'erbe,canascione d’erbe,canascione d’erbe,Appetizers,Campania,,4.0,8,10,6
311,AIC,Cheese canederli,canederli al formaggio,canederli al formaggio,"Pasta, rice and polenta",Veneto,,4.0,7,10,4
312,AIC,candelaus,candelaus,candelaus,Desserts and liqueurs,Sardegna,Campidano di Cagliari,6.0,8,10,4
313,AIC,canestrelli,canestrelli,canestrelli,Desserts and liqueurs,Liguria,,4.0,6,5,7
314,AIC,canestrelli,canestrelli,canestrelli,Desserts and liqueurs,Piemonte,Borgofranco d’Ivrea,8.0,7,9,3
315,AIC,Canederli in broth,canederli in brodo,canederli in brodo,Soups and broths,Trentino Alto Adige,,4.0,8,13,5
316,AIC,canestrelli alla tabarkina,canestrelli alla tabarkina,canestrelli alla tabarkina,Desserts and liqueurs,Sardegna,Carloforte,6.0,6,9,4
317,AIC,Cannarozzetti with saffron,cannarozzetti allo zafferano,cannarozzetti allo zafferano,"Pasta, rice and polenta",Abruzzo,,4.0,5,8,7
318,AIC,Cannarozzetti with olaci (wild spinach),cannarozzetti con gli olaci,cannarozzetti con gli olaci,"Pasta, rice and polenta",Abruzzo,,6.0,6,8,4
319,AIC,Cannelloni alla Sorrentina,cannelloni alla sorrentina,cannelloni alla sorrentina,"Pasta, rice and polenta",Campania,,4.0,8,11,7
320,AIC,cannoli,cannoli,cannoli,Desserts and liqueurs,Sicilia,,12.0,11,13,8
321,AIC,Boiled Mantis Shrimp,canocchie bollite,canocchie bollite,Appetizers,Marche,,4.0,4,6,3
322,AIC,Artichoke Caponata,caponata di carciofi,caponata di carciofi,"Vegetables, eggs and legumes",Sicilia,,4.0,9,12,5
323,AIC,caponata,caponata,caponata,"Vegetables, eggs and legumes",Sicilia,,4.0,7,12,3
324,AIC,Mackerel caponata,caponata di sgombro,caponata di sgombro,Appetizers,Campania,Maddaloni,4.0,8,16,4
325,AIC,Campobasso-style Caponata,caponata campobassana,caponata campobassana,Appetizers,Molise,,4.0,4,13,4
326,AIC,Eggplant caponata,caponatina di melanzane,caponatina di melanzane,"Vegetables, eggs and legumes",Sicilia,,4.0,8,12,5
327,AIC,Christmas caponata,caponata di natale,caponata di natale,"Vegetables, eggs and legumes",Sicilia,,4.0,7,9,7
328,AIC,Marinated Eel (Capitone Marinato),capitone marinato,capitone marinato,Fish and seafood,Lazio,Roma,4.0,6,7,5
329,AIC,Emilian-style cappelletti,cappelletti all’emiliana,cappelletti all’emiliana,Soups and broths,Emilia Romagna,"Piacenza, Parma, Reggio Emilia",4.0,8,12,8
330,AIC,eggplant caponatina,caponatina di melanzane,caponatina di melanzane,"Vegetables, eggs and legumes",Calabria,,4.0,8,10,4
331,AIC,Cappelletti di magro,cappelletti di magro,cappelletti di magro,Soups and broths,Emilia Romagna,Faenza,4.0,6,10,6
332,AIC,Cappelletti,cappelletti,cappelletti,Soups and broths,Emilia Romagna,,4.0,6,5,5
333,AIC,Ferraresi cappelletti in broth,cappelletti ferraresi in brodo,cappelletti ferraresi in brodo,Soups and broths,Emilia Romagna,,4.0,13,13,7
334,AIC,Cappelletti in broth,cappelletti in brodo,cappelletti in brodo,Soups and broths,Emilia Romagna,,4.0,13,17,7
335,AIC,cappelletti in brodo,cappelletti in brodo,cappelletti in brodo,Soups and broths,Marche,,4.0,7,15,7
336,AIC,Homestyle Cappello del Prete,cappello del prete alla casalinga,cappello del prete alla casalinga,"Meat, poultry and game",Calabria,,4.0,10,11,7
337,AIC,Razor Clams Capuzzina Style,cappelonghe a la capuzzina,cappelonghe a la capuzzina,Soups and broths,Veneto,,4.0,7,6,5
338,AIC,Capponada or Capponalda,capponada o capponalda,capponada o capponalda,Appetizers,Liguria,,4.0,4,8,1
339,AIC,Capon alla Canevera,cappone alla canevera,cappone alla canevera,"Meat, poultry and game",Veneto,,6.0,4,5,3
340,AIC,Baked capon,cappone al forno,cappone al forno,"Meat, poultry and game",Calabria,,6.0,7,25,3
341,AIC,Scorpionfish with Potatoes,cappone con patate,cappone con patate,Fish and seafood,Sardegna,Cagliari,6.0,4,12,2
342,AIC,Capon in galantine,cappone in galantina,cappone in galantina,"Meat, poultry and game",Marche,,8.0,8,14,9
343,AIC,Stuffed Capon,cappone ripieno,cappone ripieno,"Meat, poultry and game",Piemonte,,6.0,10,19,11
344,AIC,Stuffed Capon,cappone ripieno,cappone ripieno,"Meat, poultry and game",Emilia Romagna,,6.0,8,14,5
345,AIC,Capon with anolini and prosciutto sauce,cappone con gli anolini e salsa al prosciutto,cappone con gli anolini e salsa al prosciutto,"Pasta, rice and polenta",Emilia Romagna,,4.0,6,12,6
346,AIC,Stuffed Capon,cappone ripieno,cappone ripieno,"Meat, poultry and game",Molise,Macchia d’Isernia,8.0,10,13,6
347,AIC,Calabrian-style capon,cappone alla calabrese,cappone alla calabrese,"Meat, poultry and game",Calabria,,6.0,5,8,5
348,AIC,Valdostana-style goat,capra alla valdostana,capra alla valdostana,"Meat, poultry and game",Valle d'Aosta,,4.0,8,20,3
349,AIC,Capra alla Neretese,capra alla neretese,capra alla neretese,"Meat, poultry and game",Abruzzo,,4.0,7,11,4
350,AIC,Goat alla Vutana,capra alla vutana,capra alla vutana,"Meat, poultry and game",Calabria,,6.0,6,12,3
351,AIC,Shepherd's style goat,capra allo stazzo,capra allo stazzo,"Meat, poultry and game",Abruzzo,,6.0,6,12,5
352,AIC,Goat and Beans,capra e fagioli,capra e fagioli,"Meat, poultry and game",Liguria,,4.0,7,10,5
353,AIC,Kid Goat with Oregano,capretto all’origano,capretto all’origano,"Meat, poultry and game",Calabria,,6.0,6,6,4
354,AIC,Roasted Kid Goat,capretto arrosto,capretto arrosto,"Meat, poultry and game",Trentino Alto Adige,,6.0,5,9,4
355,AIC,Spicy kid goat,capretto arrabbiato,capretto arrabbiato,"Meat, poultry and game",Campania,Calabritto,4.0,6,7,1
356,AIC,Kid Goat Fricassee,capretto in fricassea,capretto in fricassea,"Meat, poultry and game",Sicilia,,4.0,6,9,5
357,AIC,Roe Deer in 'Pais' Marinade,capriolo in pais,capriolo in pais,"Meat, poultry and game",Friuli Venezia Giulia,"Gorizia, Collio, Carso",4.0,6,16,2
358,AIC,Stuffed Kid Goat,capretto ripieno,capretto ripieno,"Meat, poultry and game",Calabria,,8.0,7,10,6
359,AIC,Vigezzo Valley style kid goat,capretto della val vigezzo,capretto della val vigezzo,"Meat, poultry and game",Piemonte,,4.0,6,12,4
360,AIC,Kid Goat with Cheese and Eggs,capretto cacio e uova,capretto cacio e uova,"Meat, poultry and game",Basilicata,,4.0,7,7,6
361,AIC,Roe Deer with Lingonberries,capriolo con mirtilli,capriolo con mirtilli,"Meat, poultry and game",Trentino Alto Adige,,6.0,6,13,5
362,AIC,Kid Goat with Artichokes,capretto con i carciofi,capretto con i carciofi,"Meat, poultry and game",Liguria,,6.0,5,12,4
363,AIC,Capunsèi,capunsèi,capunsèi,"Pasta, rice and polenta",Lombardia,Volta Mantovana,6.0,7,7,8
364,AIC,Trentino-style Stewed Roe Deer,capriolo in umido alla trentina,capriolo in umido alla trentina,"Meat, poultry and game",Trentino Alto Adige,,6.0,9,16,4
365,AIC,Capunti with Lamb Ragù,capunti con ragù d’agnello,capunti con ragù d’agnello,"Pasta, rice and polenta",Puglia,Altamura,4.0,8,9,4
366,AIC,carabaccia,carabaccia,carabaccia,Soups and broths,Toscana,,6.0,6,10,2
367,AIC,Carbonada,carbonada,carbonada,"Meat, poultry and game",Valle d'Aosta,,4.0,6,14,3
368,AIC,Carbonaretti from Lake Piediluco,carbonaretti del lago di piediluco,carbonaretti del lago di piediluco,Fish and seafood,Umbria,,4.0,4,6,1
369,AIC,Carbonata alla Parmigiana,carbonata alla parmigiana,carbonata alla parmigiana,"Meat, poultry and game",Emilia Romagna,,4.0,7,10,3
370,AIC,Rustic-style Artichokes,carciofi alla villanella,carciofi alla villanella,"Vegetables, eggs and legumes",Sicilia,,4.0,4,9,3
371,AIC,Carciofi alla Cavour,carciofi alla cavour,carciofi alla cavour,"Vegetables, eggs and legumes",Piemonte,,4.0,6,7,6
372,AIC,Artichokes with cheese and eggs (Carciofi cacio e uova),carciofi cacio e uova,carciofi cacio e uova,"Vegetables, eggs and legumes",Molise,,4.0,5,11,6
373,AIC,Artichokes with fava beans and peas,carciofi con favette e piselli,carciofi con favette e piselli,"Vegetables, eggs and legumes",Sardegna,Campidano di Cagliari,6.0,5,8,4
374,AIC,Artichokes in a Casserole with Mint,carciofi in casseruola alla menta,carciofi in casseruola alla menta,"Vegetables, eggs and legumes",Sardegna,Cabras,6.0,5,7,5
375,AIC,Fried artichokes,carciofi fritti,carciofi fritti,"Vegetables, eggs and legumes",Abruzzo,,4.0,6,5,9
376,AIC,Artichokes and potatoes in a casserole,carciofi e patate in casseruola,carciofi e patate in casseruola,"Vegetables, eggs and legumes",Sardegna,Nuoro,4.0,4,9,4
377,AIC,Artichokes with calamint,carciofi con la mentuccia,carciofi con la mentuccia,"Vegetables, eggs and legumes",Lazio,,4.0,5,8,2
378,AIC,Baked seasoned artichokes,carciofi conditi al forno,carciofi conditi al forno,"Vegetables, eggs and legumes",Sardegna,,4.0,6,10,8
379,AIC,Sweet and Sour Artichokes and Onions,carciofi e cipolla all’agrodolce,carciofi e cipolla all’agrodolce,"Vegetables, eggs and legumes",Sicilia,,4.0,6,7,5
380,AIC,Fried Artichokes,carciofi fritti,carciofi fritti,"Vegetables, eggs and legumes",Sardegna,,4.0,7,7,8
381,AIC,Pan-cooked artichokes,carciofi in tegame,carciofi in tegame,"Vegetables, eggs and legumes",Sardegna,,4.0,4,6,4
382,AIC,Stuffed Artichokes,carciofi ripieni,carciofi ripieni,"Vegetables, eggs and legumes",Abruzzo,,4.0,6,10,3
383,AIC,Stuffed Artichokes,carciofi ripieni,carciofi ripieni,"Vegetables, eggs and legumes",Calabria,,4.0,8,10,7
384,AIC,Artichokes trifolati style,carciofi trifolati,carciofi trifolati,"Vegetables, eggs and legumes",Abruzzo,,4.0,5,7,6
385,AIC,Cardoons with Truffle,cardi al tartufo,cardi al tartufo,"Vegetables, eggs and legumes",Piemonte,Alba,4.0,9,12,11
386,AIC,Cardi alla Parmigiana,cardi alla parmigiana,cardi alla parmigiana,"Vegetables, eggs and legumes",Emilia Romagna,,4.0,6,7,6
387,AIC,Cardoons Rateddese-style,cardi alla rateddese,cardi alla rateddese,Appetizers,Basilicata,,4.0,5,5,6
388,AIC,Bolognese-style Cardoons,cardi alla bolognese,cardi alla bolognese,"Vegetables, eggs and legumes",Emilia Romagna,,4.0,6,10,7
389,AIC,Cardoons in Broth,cardi in brodo,cardi in brodo,Soups and broths,Molise,Termoli,8.0,5,8,7
390,AIC,Cardoons with eggs and lemon,cardi con uova e limone,cardi con uova e limone,"Vegetables, eggs and legumes",Sardegna,Campidano di Cagliari,6.0,7,8,7
391,AIC,Wild thistles in oil,cardi sott’olio,cardi sott’olio,"Vegetables, eggs and legumes",Sardegna,Campidano di Cagliari,4.0,5,8,7
392,AIC,Stuffed Cardoons (Cardi Imbottiti),cardi imbottiti,cardi imbottiti,"Vegetables, eggs and legumes",Abruzzo,,4.0,6,7,8
393,AIC,Cardoon Gratin,cardi gratinati,cardi gratinati,"Vegetables, eggs and legumes",Puglia,,4.0,5,8,4
394,AIC,Fried Cardoons,cardi fritti,cardi fritti,"Vegetables, eggs and legumes",Abruzzo,,4.0,8,7,10
395,AIC,Cardinalini,cardinalini,cardinalini,Desserts and liqueurs,Umbria,,8.0,6,12,5
396,AIC,Cardoons with Anchovies,cardi con le acciughe,cardi con le acciughe,"Vegetables, eggs and legumes",Sicilia,,4.0,9,10,6
397,AIC,Cardoon with meatballs and shredded capon,cardone con polpettine e sfilacci di cappone,cardone con polpettine e sfilacci di cappone,Soups and broths,Molise,Termoli,8.0,5,13,4
398,AIC,Cardoon in broth,cardone in brodo,cardone in brodo,Soups and broths,Abruzzo,,4.0,6,6,6
399,AIC,Cardoons in Broth,cardoni in brodo,cardoni in brodo,Soups and broths,Campania,Avellino,6.0,6,8,7
400,AIC,Neapolitan Ragù,carne a ragù,carne a ragù,"Meat, poultry and game",Campania,Napoli,12.0,7,12,1
401,AIC,Meat in Milk,carne al latte,carne al latte,"Meat, poultry and game",Campania,,6.0,2,11,3
402,AIC,Carne alla Pizzaiola,carne alla pizzaiola,carne alla pizzaiola,"Meat, poultry and game",Campania,Napoli,6.0,3,8,5
403,AIC,Carne alla Genovese,carne alla genovese,carne alla genovese,"Meat, poultry and game",Calabria,,4.0,8,15,4
404,AIC,Carne Cruda all'Albese (Alba-Style Raw Meat),carne cruda all’albese,carne cruda all’albese,Appetizers,Piemonte,,4.0,8,7,5
405,AIC,Married meat with artichokes,carne maritata con i carciofi,carne maritata con i carciofi,"Meat, poultry and game",Campania,,10.0,7,12,1
406,AIC,Carp Borgo Ticino style,carpa alla borgo ticino,carpa alla borgo ticino,Fish and seafood,Lombardia,,4.0,5,7,4
407,AIC,Stewed meat with polenta,carne in umido con polenta,carne in umido con polenta,"Meat, poultry and game",Friuli Venezia Giulia,,4.0,5,8,1
408,AIC,Shepherd's style meat,carne dei pastori,carne dei pastori,"Meat, poultry and game",Calabria,,6.0,5,8,2
409,AIC,Larded Hunter's Style Beef,carne steccata alla cacciatora,carne steccata alla cacciatora,"Meat, poultry and game",Friuli Venezia Giulia,,6.0,7,16,2
410,AIC,Carne Murata,carne murata,carne murata,"Meat, poultry and game",Sicilia,,4.0,4,9,4
411,AIC,Vegetable carpaccio,carpaccio di verdura,carpaccio di verdura,"Vegetables, eggs and legumes",Emilia Romagna,,4.0,6,15,5
412,AIC,Porchetta-style queen carp,carpa regina a porchetta,carpa regina a porchetta,Fish and seafood,Umbria,,4.0,5,9,4
413,AIC,Carne Salmistrata (Cured Beef with Beans),carne salmistrata,carne salmistrata,"Meat, poultry and game",Trentino Alto Adige,,4.0,4,5,1
414,AIC,Marinated Meat,carne marinata,carne marinata,"Meat, poultry and game",Sardegna,"Giara, Campidano",6.0,6,13,4
415,AIC,casatiello,casatiello,casatiello,Pizzas and savory pies,Campania,,4.0,9,9,4
416,AIC,Cartellate,cartellate,cartellate,Desserts and liqueurs,Puglia,,,7,6,8
417,AIC,casoncelli,casoncelli,casoncelli,"Pasta, rice and polenta",Lombardia,,4.0,11,11,8
418,AIC,Piedmont-style carpione,carpione alla piemontese,carpione alla piemontese,"Meat, poultry and game",Piemonte,,4.0,8,14,6
419,AIC,casonsèi,casonsèi,casonsèi,"Pasta, rice and polenta",Lombardia,,4.0,5,14,7
420,AIC,Cassata (Sulmona style),cassata,cassata,Desserts and liqueurs,Abruzzo,Sulmona,6.0,11,8,4
421,AIC,Neapolitan cassata,cassata napoletana,cassata napoletana,Desserts and liqueurs,Campania,Napoli,10.0,6,6,6
422,AIC,Syracusan cassata,cassata siracusana,cassata siracusana,Desserts and liqueurs,Sicilia,,10.0,13,9,10
423,AIC,Baked Cassata,cassata al forno,cassata al forno,Desserts and liqueurs,Sicilia,,8.0,12,14,11
424,AIC,Cassatelle,cassatelle,cassatelle,Desserts and liqueurs,Sicilia,,4.0,9,9,7
425,AIC,cassata alla siciliana,cassata alla siciliana,cassata alla siciliana,Desserts and liqueurs,Sicilia,Palermo,8.0,8,9,6
426,AIC,castagnaccio,castagnaccio,castagnaccio,Desserts and liqueurs,Emilia Romagna,,4.0,5,7,3
427,AIC,Cassöla or Cazzöla,cassöla o cazzöla,cassöla o cazzöla,"Meat, poultry and game",Lombardia,,4.0,7,11,3
428,AIC,Cagliari-style fish casserole,casseruola di pesce alla cagliaritana,casseruola di pesce alla cagliaritana,Fish and seafood,Sardegna,,6.0,7,14,3
429,AIC,castagnaccio,castagnaccio,castagnaccio,Desserts and liqueurs,Toscana,Lucca,6.0,5,8,5
430,AIC,Easter Cassatelle,cassatelle di pasqua,cassatelle di pasqua,Desserts and liqueurs,Sicilia,,4.0,7,11,7
431,AIC,castagnaccio,castagnaccio,castagnaccio,Desserts and liqueurs,Liguria,,10.0,6,8,3
432,AIC,Chestnuts with butter,castagne con il burro,castagne con il burro,Appetizers,Valle d'Aosta,,4.0,4,5,2
433,AIC,Castagnole from Ventimiglia,castagnole di ventimiglia,castagnole di ventimiglia,Desserts and liqueurs,Liguria,,8.0,6,9,5
434,AIC,Easter castles (castelli di pasqua),castelli di pasqua,castelli di pasqua,Desserts and liqueurs,Abruzzo,,8.0,7,18,4
435,AIC,Hunter-Style Mutton (Castrato alla Cacciatora),castrato alla cacciatora,castrato alla cacciatora,"Meat, poultry and game",Trentino Alto Adige,,6.0,8,14,4
436,AIC,Pan-fried Castrato,castrato in padella,castrato in padella,"Meat, poultry and game",Emilia Romagna,,6.0,6,8,4
437,AIC,Chestnut Cauciune,cauciune di castagne,cauciune di castagne,Desserts and liqueurs,Molise,,15.0,8,11,10
438,AIC,Caulatt,caulatt,caulatt,Desserts and liqueurs,Lombardia,,4.0,7,8,5
439,AIC,"Stewed Mutton, Barracks-Style",castrato in umido alla baraccara,castrato in umido alla baraccara,"Meat, poultry and game",Molise,Montenero di Bisaccia,4.0,6,11,3
440,AIC,Catalogna with tomato sauce,catalogna al pomodoro,catalogna al pomodoro,"Vegetables, eggs and legumes",Molise,,4.0,3,5,2
441,AIC,Cavatelli with turnip greens,cavatelli con broccoli di rapa,cavatelli con broccoli di rapa,"Pasta, rice and polenta",Molise,,4.0,10,7,7
442,AIC,Stewed Mutton,castrato in umido,castrato in umido,"Meat, poultry and game",Abruzzo,,6.0,3,11,3
443,AIC,Cavatelli with sugo vedovo ('widow's sauce'),cavatelli al sugo vedovo,cavatelli al sugo vedovo,"Pasta, rice and polenta",Molise,Montenero di Bisaccia,4.0,7,11,6
444,AIC,Ampezzo-style red beet casunziei,casunziei di erbetta rossa all’ampezzana,casunziei di erbetta rossa all’ampezzana,"Pasta, rice and polenta",Veneto,,4.0,10,13,10
445,AIC,Cavatelli with wild boar ragù,cavatelli al ragù di cinghiale,cavatelli al ragù di cinghiale,"Pasta, rice and polenta",Molise,,4.0,8,13,6
446,AIC,cavatelli with cauliflower,cavatelli con i cavolfiori,cavatelli con i cavolfiori,"Pasta, rice and polenta",Molise,"Santa Croce di Magliano, Campobasso, Bojano",4.0,7,6,6
447,AIC,Cauliflower Fano-style,cavolfiore alla fanese,cavolfiore alla fanese,"Vegetables, eggs and legumes",Marche,,4.0,6,5,6
448,AIC,cavatelli with walnuts,cavatelli con le noci,cavatelli con le noci,"Pasta, rice and polenta",Campania,,4.0,5,8,4
449,AIC,Cauliflower with olives,cavolfiore con olive,cavolfiore con olive,"Vegetables, eggs and legumes",Sardegna,,4.0,4,10,2
450,AIC,Christmas Eve Cauliflower,cavolfiore della vigilia,cavolfiore della vigilia,"Vegetables, eggs and legumes",Abruzzo,,4.0,5,9,4
451,AIC,Fried Cauliflower,cavolfiore fritto,cavolfiore fritto,"Vegetables, eggs and legumes",Marche,,4.0,7,5,6
452,AIC,Dragged Cauliflower,cavolfiore strascicato,cavolfiore strascicato,"Vegetables, eggs and legumes",Toscana,,4.0,5,9,3
453,AIC,Stewed Green Cabbage,cavolo cappuccio stufato,cavolo cappuccio stufato,"Vegetables, eggs and legumes",Molise,Montecilfone,4.0,4,5,4
454,AIC,Drunken Cauliflower,cavolfiore ubriaco,cavolfiore ubriaco,"Vegetables, eggs and legumes",Abruzzo,,4.0,4,7,5
455,AIC,Stewed Cauliflower,cavolfiore stufato,cavolfiore stufato,"Vegetables, eggs and legumes",Sardegna,Carloforte,4.0,5,8,3
456,AIC,Chickpeas and Laganelle,ceci e laganelle,ceci e laganelle,"Pasta, rice and polenta",Campania,Caserta,4.0,8,10,4
457,AIC,Cauliflower Milanese-style,cavolfiori alla milanese,cavolfiori alla milanese,"Vegetables, eggs and legumes",Lombardia,,4.0,6,6,4
458,AIC,Grouper Diamante Style,cernia alla diamantese,cernia alla diamantese,Fish and seafood,Calabria,,4.0,4,11,7
459,AIC,Chickpeas in Zimino,ceci in zimino,ceci in zimino,Soups and broths,Liguria,,4.0,8,9,6
460,AIC,Certosino,certosino,certosino,Desserts and liqueurs,Emilia Romagna,,4.0,8,12,8
461,AIC,Grouper alla Ghiotta,cernia alla ghiotta,cernia alla ghiotta,Fish and seafood,Sicilia,,4.0,6,13,5
462,AIC,cenci,cenci,cenci,Desserts and liqueurs,Toscana,Firenze,4.0,6,9,6
463,AIC,Sautéed cervellatine and friarielli,cervellatine e friarielli soffritti,cervellatine e friarielli soffritti,"Meat, poultry and game",Campania,,6.0,4,6,4
464,AIC,Charlotte,charlotte,charlotte,Desserts and liqueurs,Piemonte,,8.0,8,12,7
465,AIC,cevapcici,cevapcici,cevapcici,"Meat, poultry and game",Friuli Venezia Giulia,,4.0,4,8,2
466,AIC,Milanese-style charlotte,charlotte alla milanese,charlotte alla milanese,Desserts and liqueurs,Lombardia,,6.0,6,8,7
467,AIC,Nuns' Chiacchiere,chiacchiere delle monache,chiacchiere delle monache,Desserts and liqueurs,Lombardia,,6.0,5,7,3
468,AIC,Chiacchiere di Carnevale,chiacchiere di carnevale,chiacchiere di carnevale,Desserts and liqueurs,Campania,Benevento,6.0,5,10,5
469,AIC,Snails a picchi pacchi,chiocciole a picchi pacchi,chiocciole a picchi pacchi,Fish and seafood,Sicilia,,4.0,5,7,4
470,AIC,Tuscan-style snails,chiocciole alla toscana,chiocciole alla toscana,Fish and seafood,Toscana,,6.0,7,13,3
471,AIC,San Quirino-style snails,chiocciole di san quirino,chiocciole di san quirino,Fish and seafood,Friuli Venezia Giulia,,4.0,5,8,1
472,AIC,Pan-fried snails,chiocciole in padella,chiocciole in padella,Fish and seafood,Friuli Venezia Giulia,,4.0,9,9,6
473,AIC,Chioccioline di mare (Sea snails),chioccioline di mare,chioccioline di mare,Fish and seafood,Toscana,,6.0,6,13,6
474,AIC,Chiucco di Camaiore,chiucco di camaiore,chiucco di camaiore,"Vegetables, eggs and legumes",Toscana,,4.0,5,10,6
475,AIC,"Chitarra pasta with scampi, cherry tomatoes and sweet green peppers","chitarra agli scampi, pomodorini e peperoni dolci verdi","chitarra agli scampi, pomodorini e peperoni dolci verdi","Pasta, rice and polenta",Abruzzo,,4.0,7,10,5
476,AIC,"Egg chitarra pasta with oven-dried tomatoes, zucchini, and marjoram","chitarra all’uovo con pomodori passiti, zucchine e maggiorana","chitarra all’uovo con pomodori passiti, zucchine e maggiorana","Pasta, rice and polenta",Abruzzo,,4.0,8,12,10
477,AIC,Chiodini Mushrooms with Pork Loin and Salsiccia,chiodini con lombo e salsiccia,chiodini con lombo e salsiccia,"Meat, poultry and game",Lombardia,,6.0,9,14,4
478,AIC,Chitarra with L'Aquila Saffron and Abruzzo Black Truffle,chitarra allo zafferano dell’aquila con tartufo nero d’abruzzo,chitarra allo zafferano dell’aquila con tartufo nero d’abruzzo,"Pasta, rice and polenta",Abruzzo,,6.0,9,7,7
479,AIC,Chizze,chizze,chizze,Appetizers,Emilia Romagna,,4.0,4,9,4
480,AIC,Ciaggaddu Dozzi (Sweet Curdled Milk),ciaggaddu dozzi,ciaggaddu dozzi,Desserts and liqueurs,Sardegna,Sassari e Nurra di Sassari,6.0,4,4,2
481,AIC,Country-style Wafer,cialda contadina,cialda contadina,Appetizers,Puglia,,4.0,5,8,3
482,AIC,Savory Wafers (Cialde Salate),cialde salate,cialde salate,Pizzas and savory pies,Molise,,4.0,6,9,4
483,AIC,cialde,cialde,cialde,Desserts and liqueurs,Valle d'Aosta,,4.0,3,6,5
484,AIC,Ciambella,ciambella,ciambella,Desserts and liqueurs,Emilia Romagna,,4.0,6,8,5
485,AIC,Veronese Ring Cake,ciambella veronese,ciambella veronese,Desserts and liqueurs,Veneto,,8.0,7,7,3
486,AIC,Ciambella Romagnola,ciambella romagnola,ciambella romagnola,Desserts and liqueurs,Emilia Romagna,Romagna,8.0,5,10,5
487,AIC,Ciambotta,ciambotta,ciambotta,"Vegetables, eggs and legumes",Basilicata,,4.0,6,13,6
488,AIC,Fried ciambelline,ciambelline fritte,ciambelline fritte,Desserts and liqueurs,Emilia Romagna,,4.0,8,8,7
489,AIC,sweet ciambelle (zuccarati),ciambelle dolci (zuccarati),ciambelle dolci (zuccarati),Desserts and liqueurs,Calabria,,10.0,6,10,2
490,AIC,Sweet Ring Cakes (Ciambelle Dolci),ciambelle dolci,ciambelle dolci,Desserts and liqueurs,Calabria,,8.0,6,8,4
491,AIC,Cheese ring cakes (Ciambelline col formaggio),ciambelline col formaggio,ciambelline col formaggio,Pizzas and savory pies,Umbria,Todi,10.0,5,3,4
492,AIC,Cianfotta Faicchiana (Vegetable Stew from Faicchio),cianfotta faicchiana,cianfotta faicchiana,Soups and broths,Campania,,4.0,7,13,5
493,AIC,Ciambotta Calabrese,ciambotta calabrese,ciambotta calabrese,"Vegetables, eggs and legumes",Calabria,,4.0,5,12,1
494,AIC,Sienese Ciancifricola,ciancifricola senese,ciancifricola senese,"Vegetables, eggs and legumes",Toscana,,4.0,4,8,1
495,AIC,Ciaudedda,ciaudedda,ciaudedda,Soups and broths,Basilicata,,4.0,4,9,2
496,AIC,Ciauna,ciauna,ciauna,Desserts and liqueurs,Sicilia,,10.0,7,14,6
497,AIC,Cibreo di rigaglie,cibreo di rigaglie,cibreo di rigaglie,"Meat, poultry and game",Toscana,,4.0,7,16,1
498,AIC,Apple Charlotte,ciarlotta di mele,ciarlotta di mele,Desserts and liqueurs,Campania,,6.0,7,8,5
499,AIC,"Pork Cracklings (Ciccioli), Oranges and Onions","ciccioli, arance e cipolle","ciccioli, arance e cipolle",Appetizers,Calabria,,4.0,3,6,2
500,AIC,Pan-sautéed Catalogna Chicory,cicoria catalogna strascinata in padella,cicoria catalogna strascinata in padella,"Vegetables, eggs and legumes",Basilicata,,4.0,4,9,3
501,AIC,Cicerchiata,cicerchiata,cicerchiata,Desserts and liqueurs,Abruzzo,,8.0,8,7,5
502,AIC,Ciceri e Tria (Chickpeas and Pasta),ciceri e tria,ciceri e tria,"Pasta, rice and polenta",Puglia,,4.0,12,10,9
503,AIC,Chicory with Cheese and Eggs,cicoria cacio e uova,cicoria cacio e uova,"Vegetables, eggs and legumes",Abruzzo,,4.0,5,9,4
504,AIC,Ciccitielli,ciccitielli,ciccitielli,Desserts and liqueurs,Calabria,,8.0,7,10,6
505,AIC,Chicory in Broth,cicoria in brodo,cicoria in brodo,Soups and broths,Molise,Pesche,4.0,7,9,7
506,AIC,Livorno-style baby eels (Cieche alla Livornese),cieche (cee) alla livornese,cieche (cee) alla livornese,Fish and seafood,Toscana,,4.0,7,8,1
507,AIC,Wild chicory with cannellini beans,cicoria campestre con fagioli cannellini,cicoria campestre con fagioli cannellini,"Vegetables, eggs and legumes",Molise,Termoli,4.0,4,6,4
508,AIC,Chicory and Beans,cicoria e fagioli,cicoria e fagioli,Soups and broths,Molise,,4.0,4,7,4
509,AIC,Embroidered Chicory Soup,cicoria ricamata,cicoria ricamata,Soups and broths,Molise,Agnone,4.0,5,5,5
510,AIC,Cieche alla Pisana,cieche alla pisana,cieche alla pisana,Fish and seafood,Toscana,,4.0,5,10,5
511,AIC,Country-style Wild Boar,cinghiale alla contadina,cinghiale alla contadina,"Meat, poultry and game",Campania,Calitri di Avellino,4.0,4,10,4
512,AIC,cif e ciaf,cif e ciaf,cif e ciaf,"Meat, poultry and game",Abruzzo,,6.0,4,10,2
513,AIC,Wild boar with olives,cinghiale con le olive,cinghiale con le olive,"Meat, poultry and game",Sardegna,Sassari e Nurra di Sassari,6.0,6,16,4
514,AIC,Cima ponentina,cima ponentina,cima ponentina,"Meat, poultry and game",Liguria,,4.0,5,14,8
515,AIC,Cima Genovese,cima genovese,cima genovese,"Meat, poultry and game",Liguria,,4.0,11,18,8
516,AIC,Wild Boar in Dolceforte,cinghiale in dolceforte,cinghiale in dolceforte,"Meat, poultry and game",Toscana,,6.0,8,20,5
517,AIC,Aspromonte Wild Boar,cinghiale d’aspromonte,cinghiale d’aspromonte,"Meat, poultry and game",Calabria,,6.0,4,7,2
518,AIC,Stuffed Onions,cipolle ripiene,cipolle ripiene,"Vegetables, eggs and legumes",Sardegna,Carloforte,6.0,8,10,9
519,AIC,Wild boar with potatoes,cinghiale con patate,cinghiale con patate,"Meat, poultry and game",Sardegna,,4.0,3,9,3
520,AIC,Marinated wild boar,cinghiale marinato,cinghiale marinato,"Meat, poultry and game",Sardegna,Bonarcado,4.0,4,11,5
521,AIC,Cinghiale in Agrodolce,cinghiale in agrodolce,cinghiale in agrodolce,"Meat, poultry and game",Sardegna,Alghero,6.0,4,13,2
522,AIC,Stuffed Golden Onions,cipolle dorate ripiene,cipolle dorate ripiene,"Vegetables, eggs and legumes",Emilia Romagna,,4.0,7,11,8
523,AIC,Cioncia (Tuscan Veal Head Stew),ciòncia,ciòncia,"Meat, poultry and game",Toscana,Pescia,6.0,8,11,4
524,AIC,Stewed Wild Boar,cinghiale stufato,cinghiale stufato,"Meat, poultry and game",Calabria,,6.0,6,12,3
525,AIC,Cipollata,cipollata,cipollata,Soups and broths,Molise,Agnone,4.0,4,5,4
526,AIC,Stuffed Onions,cipolle ripiene,cipolle ripiene,"Vegetables, eggs and legumes",Piemonte,Ivrea,4.0,10,10,9
527,AIC,Meat-stuffed onions,cipolle ripiene di carne,cipolle ripiene di carne,"Vegetables, eggs and legumes",Piemonte,,4.0,11,10,7
528,AIC,Glazed Cipolline Onions,cipolline glassate,cipolline glassate,"Vegetables, eggs and legumes",Piemonte,Ivrea,4.0,5,7,1
529,AIC,Glazed small onions,cipollette glassate,cipollette glassate,"Vegetables, eggs and legumes",Abruzzo,,4.0,4,8,1
530,AIC,Sweet and sour pearl onions,cipolline in agrodolce,cipolline in agrodolce,"Vegetables, eggs and legumes",Lombardia,,4.0,3,6,3
531,AIC,Caramelized sweet and sour pearl onions,cipolline in agrodolce caramellate,cipolline in agrodolce caramellate,"Vegetables, eggs and legumes",Emilia Romagna,,4.0,4,9,2
532,AIC,Cipolline in agrodolce,cipolline in agrodolce,cipolline in agrodolce,"Vegetables, eggs and legumes",Emilia Romagna,,4.0,7,8,6
533,AIC,Ciuppin,ciuppin,ciuppin,Soups and broths,Liguria,,4.0,10,13,5
534,AIC,cjalcions with herbs,cjalcions alle erbe,cjalcions alle erbe,"Pasta, rice and polenta",Friuli Venezia Giulia,,4.0,11,19,9
535,AIC,Coda alla Vaccinara (Oxtail Stew),coda alla vaccinara,coda alla vaccinara,"Meat, poultry and game",Lazio,Roma,4.0,10,18,4
536,AIC,Coatto,coatto,coatto,"Meat, poultry and game",Abruzzo,,6.0,7,11,3
537,AIC,Cisrà,cisrà,cisrà,Soups and broths,Piemonte,,4.0,8,14,9
538,AIC,Cipré,cipré,cipré,"Meat, poultry and game",Umbria,Orvieto,4.0,7,8,7
539,AIC,Stewed Ciriole (small eels) with Sweet Peas,ciriole in umido con pisellini dolci,ciriole in umido con pisellini dolci,Fish and seafood,Lazio,Roma,4.0,8,11,3
540,AIC,Coccoli,coccoli,coccoli,Appetizers,Toscana,Firenze,4.0,5,6,2
541,AIC,Ciprén,ciprén,ciprén,Desserts and liqueurs,Emilia Romagna,,4.0,4,5,2
542,AIC,Coda alla Vaccinara,coda alla vaccinara,coda alla vaccinara,"Meat, poultry and game",Lazio,Civitavecchia,6.0,7,12,1
543,AIC,Stuffed goose neck,collo d’oca ripieno,collo d’oca ripieno,"Meat, poultry and game",Veneto,,4.0,6,9,7
544,AIC,Stuffed Stockfish Tail,coda di stoccafisso ripieno,coda di stoccafisso ripieno,Fish and seafood,Liguria,,4.0,8,10,10
545,AIC,colaz,colaz,colaz,Desserts and liqueurs,Friuli Venezia Giulia,,8.0,4,8,2
546,AIC,Colomba from Pavullo,colomba di pavullo,colomba di pavullo,Desserts and liqueurs,Emilia Romagna,,4.0,10,14,6
547,AIC,Cognotti,cognotti,cognotti,Fish and seafood,Puglia,,4.0,4,7,3
548,AIC,Collorelle,collorelle,collorelle,Desserts and liqueurs,Sicilia,,8.0,10,14,7
549,AIC,Rabbit with Selargius Capers,coniglio ai capperi selargini,coniglio ai capperi selargini,"Meat, poultry and game",Sardegna,Campidano di Cagliari,4.0,6,8,2
550,AIC,Condiggion,condiggion,condiggion,"Vegetables, eggs and legumes",Liguria,,4.0,5,12,3
551,AIC,Spit-roasted Rabbit,coniglio allo spiedo,coniglio allo spiedo,"Meat, poultry and game",Friuli Venezia Giulia,Fanna,4.0,4,7,4
552,AIC,Condiglione,condiglione,condiglione,Appetizers,Liguria,,4.0,6,11,3
553,AIC,Conglufi,conglufi,conglufi,"Pasta, rice and polenta",Campania,,6.0,17,18,12
554,AIC,Rabbit in tomato sauce,coniglio al sugo,coniglio al sugo,"Meat, poultry and game",Sardegna,Oristano,4.0,3,10,3
555,AIC,"Rabbit, Itria Valley style",coniglio alla valle d’itria,coniglio alla valle d’itria,"Meat, poultry and game",Puglia,,4.0,5,12,3
556,AIC,Canavese-style rabbit,coniglio alla canavesana,coniglio alla canavesana,"Meat, poultry and game",Piemonte,,4.0,7,13,4
557,AIC,Sanremo-style rabbit,coniglio alla sanremasca,coniglio alla sanremasca,"Meat, poultry and game",Liguria,,4.0,4,8,3
558,AIC,Rabbit with Saffron,coniglio allo zafferano,coniglio allo zafferano,"Meat, poultry and game",Abruzzo,,4.0,6,9,6
559,AIC,Rabbit Asti-style,coniglio all’astigiana,coniglio all’astigiana,"Meat, poultry and game",Piemonte,,4.0,7,16,5
560,AIC,Ischia-style rabbit,coniglio all’ischitana,coniglio all’ischitana,"Meat, poultry and game",Campania,,4.0,7,13,3
561,AIC,Orbetello-style rabbit,coniglio all’orbetellana,coniglio all’orbetellana,"Meat, poultry and game",Toscana,,4.0,5,8,4
562,AIC,Rabbit with pepper sauce,coniglio con salsa di peperoni,coniglio con salsa di peperoni,"Meat, poultry and game",Piemonte,Ovada,4.0,8,11,5
563,AIC,Porchetta-style rabbit,coniglio in porchetta,coniglio in porchetta,"Meat, poultry and game",Umbria,Orvieto,4.0,5,10,5
564,AIC,Stuffed Rabbit,coniglio farcito,coniglio farcito,"Meat, poultry and game",Emilia Romagna,Castrocaro,4.0,6,13,7
565,AIC,Sweet and Sour Rabbit,coniglio in agrodolce,coniglio in agrodolce,"Meat, poultry and game",Sicilia,,4.0,7,9,3
566,AIC,Rabbit 'a stimpirata',coniglio a’ stimpirata,coniglio a’ stimpirata,"Meat, poultry and game",Sicilia,,4.0,5,13,2
567,AIC,Fried rabbit,coniglio fritto,coniglio fritto,"Meat, poultry and game",Abruzzo,,6.0,5,11,6
568,AIC,Fricassee rabbit,coniglio in fricassea,coniglio in fricassea,"Meat, poultry and game",Molise,,4.0,8,13,4
569,AIC,Porchetta-style rabbit,coniglio in porchetta,coniglio in porchetta,"Meat, poultry and game",Marche,,4.0,11,9,6
570,AIC,Rabbit in sauce,coniglio in salsa,coniglio in salsa,"Meat, poultry and game",Friuli Venezia Giulia,,4.0,12,20,6
571,AIC,Trentino-style stewed rabbit,coniglio in umido alla trentina,coniglio in umido alla trentina,"Meat, poultry and game",Trentino Alto Adige,,4.0,5,14,5
572,AIC,Tabarka-style Wild Rabbit,coniglio selvatico alla tabarkina,coniglio selvatico alla tabarkina,"Meat, poultry and game",Sardegna,Carloforte,4.0,5,12,3
573,AIC,Rabbit with peppers and olives,coniglio con peperoni e olive,coniglio con peperoni e olive,"Meat, poultry and game",Puglia,,4.0,5,8,3
574,AIC,White Copate from Siena,copate bianche di siena,copate bianche di siena,Desserts and liqueurs,Toscana,,4.0,6,6,3
575,AIC,Roast Pork Coppa,coppa di maiale arrosto,coppa di maiale arrosto,"Meat, poultry and game",Emilia Romagna,,4.0,5,10,7
576,AIC,Coppietta,coppietta,coppietta,Appetizers,Toscana,,4.0,4,5,4
577,AIC,Coppiette,coppiette,coppiette,Appetizers,Lazio,Roma,4.0,4,3,4
578,AIC,Neretese-style lamb offal,coratella alla neretese,coratella alla neretese,"Meat, poultry and game",Abruzzo,,6.0,6,13,8
579,AIC,Lamb coratella,coratella di agnello,coratella di agnello,"Meat, poultry and game",Lazio,,4.0,5,6,1
580,AIC,Gallurese-style coratella,coratella alla gallurese,coratella alla gallurese,"Meat, poultry and game",Sardegna,,6.0,14,8,6
581,AIC,Hunter's Style Kid Goat Coratella,coratella di capretto alla cacciatora,coratella di capretto alla cacciatora,"Meat, poultry and game",Toscana,,6.0,8,9,1
582,AIC,Lamb's pluck with pickles,coratella di agnello con sottaceti,coratella di agnello con sottaceti,"Meat, poultry and game",Abruzzo,,4.0,5,6,2
583,AIC,Corde delle Chiochie,corde delle chiochie,corde delle chiochie,"Pasta, rice and polenta",Abruzzo,,4.0,10,13,3
584,AIC,Coppulette di Ozieri,coppulette di ozieri,coppulette di ozieri,Desserts and liqueurs,Sardegna,,4.0,14,9,8
585,AIC,corollo,corollo,corollo,Desserts and liqueurs,Toscana,Campiglia Marittima,8.0,5,10,3
586,AIC,Coratella with Artichokes,coratella ai carciofi,coratella ai carciofi,"Meat, poultry and game",Lazio,Roma,4.0,7,9,3
587,AIC,Corona,corona,corona,Desserts and liqueurs,Sardegna,,6.0,7,9,6
588,AIC,Corzetti,corzetti,corzetti,"Pasta, rice and polenta",Liguria,,4.0,6,6,5
589,AIC,Roasted Leg of Lamb,cosciotto di agnellino al forno,cosciotto di agnellino al forno,"Meat, poultry and game",Piemonte,,6.0,6,13,4
590,AIC,Goat leg with spring onions,cosciotto di capra con cipolline novelle,cosciotto di capra con cipolline novelle,"Meat, poultry and game",Molise,,4.0,10,10,4
591,AIC,Larded leg of lamb,cosciotto d’agnello lardellato,cosciotto d’agnello lardellato,"Meat, poultry and game",Calabria,,6.0,4,7,4
592,AIC,Leg of lamb with chestnuts,cosciotto d’agnello con castagne,cosciotto d’agnello con castagne,"Meat, poultry and game",Piemonte,,8.0,5,14,6
593,AIC,Stuffed Leg of Lamb,cosciotto d’agnello ripieno,cosciotto d’agnello ripieno,"Meat, poultry and game",Molise,,6.0,7,13,8
594,AIC,Castellana-style Mutton Leg,cosciotto di castrato alla castellana,cosciotto di castrato alla castellana,"Meat, poultry and game",Emilia Romagna,,4.0,6,12,5
595,AIC,Pork Ribs with Verze Sofegade,costicine con verze sofegade,costicine con verze sofegade,"Meat, poultry and game",Veneto,,4.0,6,8,4
596,AIC,Beef rib steak with onion,costata di manzo con cipolla,costata di manzo con cipolla,"Meat, poultry and game",Trentino Alto Adige,,4.0,6,8,3
597,AIC,Costoletta alla Milanese,costoletta alla milanese,costoletta alla milanese,"Meat, poultry and game",Lombardia,,4.0,5,6,5
598,AIC,Parmesan-style veal cutlets,costolette di vitello alla parmigiana,costolette di vitello alla parmigiana,"Meat, poultry and game",Emilia Romagna,,4.0,8,11,4
599,AIC,Wrapped Cotechino,cotechino fasciato,cotechino fasciato,"Meat, poultry and game",Emilia Romagna,,4.0,8,12,4
600,AIC,Costardelle ca 'gghiata (Fried Saury Pike with Sauce),costardelle ca ’gghiata,costardelle ca ’gghiata,Fish and seafood,Calabria,,4.0,9,9,7
601,AIC,Pork rind with beans,cotiche di maiale con fagioli,cotiche di maiale con fagioli,"Meat, poultry and game",Toscana,,4.0,6,8,3
602,AIC,Mountain-style pork ribs,costicine di maiale alla montanara,costicine di maiale alla montanara,"Meat, poultry and game",Friuli Venezia Giulia,,4.0,3,7,1
603,AIC,Cotechino with brovada,cotechino con rape acide,cotechino con rape acide,"Meat, poultry and game",Friuli Venezia Giulia,"Gorizia, Pordenone, Udine, Trieste",4.0,5,8,8
604,AIC,Cotognata,cotognata,cotognata,Desserts and liqueurs,Campania,Benevento,4.0,5,3,4
605,AIC,Bolognese-style veal cutlet,cotoletta alla bolognese,cotoletta alla bolognese,"Meat, poultry and game",Emilia Romagna,,4.0,4,11,3
606,AIC,Chocolate coviglia,coviglia al cioccolato,coviglia al cioccolato,Desserts and liqueurs,Campania,Napoli,4.0,6,5,5
607,AIC,Fried Mussels,cozze fritte,cozze fritte,Appetizers,Marche,,6.0,4,8,2
608,AIC,Mussels with saffron,cozze allo zafferano,cozze allo zafferano,Appetizers,Abruzzo,,4.0,6,9,4
609,AIC,Gratinated mussels,cozze gratinate,cozze gratinate,Fish and seafood,Campania,,4.0,7,8,4
610,AIC,Mussels au Gratin,cozze gratinate,cozze gratinate,Fish and seafood,Puglia,,4.0,7,5,4
611,AIC,Battered mussels,cozze in pastella,cozze in pastella,Appetizers,Marche,,4.0,4,6,1
612,AIC,Mussels in tomato guazzetto,cozze in guazzetto di pomodoro,cozze in guazzetto di pomodoro,Appetizers,Marche,,4.0,5,8,3
613,AIC,Gratinated mussels Vasto-style,cozze gratinate alla vastese,cozze gratinate alla vastese,Appetizers,Abruzzo,,4.0,4,7,3
614,AIC,Apulian-style gratinated mussels,cozze gratinate alla pugliese,cozze gratinate alla pugliese,Appetizers,Puglia,,4.0,6,8,5
615,AIC,"Mussels in a pan, Olbia-style",cozze in tegame all’olbiese,cozze in tegame all’olbiese,Appetizers,Sardegna,,4.0,7,6,2
616,AIC,stuffed mussels,cozze ripiene,cozze ripiene,Fish and seafood,Puglia,,4.0,5,10,3
617,AIC,"Stuffed mussels, Puglia-style",cozze ripiene alla pugliese,cozze ripiene alla pugliese,Appetizers,Puglia,,4.0,7,10,4
618,AIC,"Stuffed mussels, Abruzzo-style",cozze ripiene all’abruzzese,cozze ripiene all’abruzzese,Appetizers,Abruzzo,,4.0,8,9,4
619,AIC,Stewed Sauerkraut,crauti stufati,crauti stufati,"Vegetables, eggs and legumes",Friuli Venezia Giulia,"Gorizia, Trieste",4.0,3,9,2
620,AIC,Orange cream,crema di arance,crema di arance,Desserts and liqueurs,Campania,Napoli,4.0,5,9,6
621,AIC,Crema di Cogne,crema di cogne,crema di cogne,Desserts and liqueurs,Valle d'Aosta,,4.0,3,5,3
622,AIC,Fava bean cream,crema di fave,crema di fave,"Vegetables, eggs and legumes",Sardegna,,4.0,6,8,6
623,AIC,Cream of Nettle Soup,crema di ortiche,crema di ortiche,Soups and broths,Friuli Venezia Giulia,Sequals,4.0,9,9,5
624,AIC,Mascarpone cream,crema di mascarpone,crema di mascarpone,Desserts and liqueurs,Lombardia,,4.0,6,5,4
625,AIC,Zucchini Cream Soup,crema di zucchine,crema di zucchine,Soups and broths,Piemonte,,4.0,6,10,5
626,AIC,crescente bolognese,crescente bolognese,crescente bolognese,Pizzas and savory pies,Emilia Romagna,,8.0,6,8,5
627,AIC,Truffled turnip cream soup,crema di rape al tartufo,crema di rape al tartufo,Soups and broths,Trentino Alto Adige,,6.0,5,8,5
628,AIC,Cream of pumpkin soup,crema di zucca,crema di zucca,Soups and broths,Emilia Romagna,,4.0,7,13,4
629,AIC,crescia,crescia,crescia,Pizzas and savory pies,Marche,,1.0,9,9,8
630,AIC,crescia di pasqua,crescia di pasqua,crescia di pasqua,Pizzas and savory pies,Marche,,,8,10,8
631,AIC,Crescentina Bolognese,crescentina bolognese,crescentina bolognese,Pizzas and savory pies,Emilia Romagna,,8.0,7,5,5
632,AIC,Easter Cheese Bread (Crescia di Pasqua col Formaggio),crescia di pasqua col formaggio,crescia di pasqua col formaggio,Pizzas and savory pies,Umbria,,10.0,7,11,6
633,AIC,Crespelle with Treviso Radicchio,crespelle al radicchio di treviso,crespelle al radicchio di treviso,"Pasta, rice and polenta",Veneto,,4.0,3,12,4
634,AIC,crescia sfogliata,crescia sfogliata,crescia sfogliata,Pizzas and savory pies,Marche,,6.0,6,6,3
635,AIC,crespelle,crespelle,crespelle,"Pasta, rice and polenta",Trentino Alto Adige,,6.0,8,13,9
636,AIC,Florentine-style crespelle,crespelle alla fiorentina,crespelle alla fiorentina,"Pasta, rice and polenta",Toscana,,4.0,8,12,8
637,AIC,Venafro-style Crêpes,crespoline di venafro,crespoline di venafro,"Pasta, rice and polenta",Molise,,10.0,9,16,13
638,AIC,Rice Crespelle,crespelle di riso,crespelle di riso,Desserts and liqueurs,Sicilia,,4.0,8,13,6
639,AIC,sesame brittle,croccante di sesamo,croccante di sesamo,Desserts and liqueurs,Sicilia,,8.0,6,5,5
640,AIC,Potato croquettes,crocchette di patate,crocchette di patate,"Vegetables, eggs and legumes",Emilia Romagna,,4.0,6,11,6
641,AIC,Myrtle Crostini,crostini al mirto,crostini al mirto,Appetizers,Toscana,Empoli,4.0,3,7,1
642,AIC,Crostata di Amarene (Sour Cherry Tart),crostata di amarene,crostata di amarene,Desserts and liqueurs,Emilia Romagna,Vignola,4.0,9,8,5
643,AIC,Seiràss crostata,crostata di seiràss,crostata di seiràss,Desserts and liqueurs,Piemonte,,6.0,8,14,4
644,AIC,Grape Crostata,crostata di uva,crostata di uva,Desserts and liqueurs,Abruzzo,,6.0,7,6,6
645,AIC,Crostini alla provatura,crostini alla provatura,crostini alla provatura,Appetizers,Campania,,4.0,9,5,6
646,AIC,Crostini with anchovies and figs,crostini acciughe e fichi,crostini acciughe e fichi,Appetizers,Sardegna,,6.0,4,4,1
647,AIC,Crostini with Chicken Giblets,crostini con le rigaglie,crostini con le rigaglie,Appetizers,Marche,,4.0,4,8,3
648,AIC,Herring crostini,crostini di aringa,crostini di aringa,Appetizers,Marche,,4.0,6,5,6
649,AIC,Crostini with chicken liver and spleen pâté,crostini di fegatini e milza,crostini di fegatini e milza,Appetizers,Toscana,Siena,4.0,7,12,4
650,AIC,Spleen Crostini,crostini di milza,crostini di milza,Soups and broths,Trentino Alto Adige,,6.0,6,9,4
651,AIC,Tagliolini pie,crostata di tagliolini,crostata di tagliolini,"Pasta, rice and polenta",Molise,Molte,6.0,5,20,6
652,AIC,Ricotta Tart,crostata di ricotta,crostata di ricotta,Desserts and liqueurs,Lazio,Roma,4.0,9,13,11
653,AIC,Spleen crostini in broth,crostini di milza in brodo,crostini di milza in brodo,Soups and broths,Trentino Alto Adige,,4.0,6,10,5
654,AIC,Crostini with chicken liver pâté,crostini di paté di fegatini,crostini di paté di fegatini,Appetizers,Toscana,,4.0,5,6,1
655,AIC,Drunken Crostini,crostini ubriachi,crostini ubriachi,Desserts and liqueurs,Umbria,Città di Castello,6.0,9,7,5
656,AIC,Crostone with beans,crostone con i fagioli,crostone con i fagioli,Appetizers,Toscana,,4.0,4,6,1
657,AIC,Cubatte,cubatte,cubatte,Desserts and liqueurs,Liguria,Rocchetta Nervina,4.0,9,7,8
658,AIC,Cuccìa,cuccìa,cuccìa,Desserts and liqueurs,Sicilia,,6.0,7,6,5
659,AIC,Cuoccio all'acqua pazza,cuoccio all’acqua pazza,cuoccio all’acqua pazza,Fish and seafood,Campania,Capri,4.0,5,7,3
660,AIC,Curzul with guanciale and shallot,curzul al guanciale e scalogno,curzul al guanciale e scalogno,"Pasta, rice and polenta",Emilia Romagna,,6.0,8,6,5
661,AIC,Crumiri di Casale,crumiri di casale,crumiri di casale,Desserts and liqueurs,Piemonte,,50.0,5,5,4
662,AIC,Savory cuccìa,cuccìa salata,cuccìa salata,"Vegetables, eggs and legumes",Sicilia,,6.0,4,4,3
663,AIC,Cuccjuleddi e Meli,cuccjuleddi e meli,cuccjuleddi e meli,Desserts and liqueurs,Sardegna,,8.0,9,14,9
664,AIC,Cuscus di Carloforte,cuscus di carloforte,cuscus di carloforte,"Pasta, rice and polenta",Sardegna,,6.0,9,14,5
665,AIC,Trapani-style fish couscous,cuscus di pesce alla trapanese,cuscus di pesce alla trapanese,"Pasta, rice and polenta",Sicilia,,8.0,11,14,9
666,AIC,Cutiza,cutiza,cutiza,Desserts and liqueurs,Lombardia,,6.0,4,9,3
667,AIC,Tabarchina-style Baked Dentex,dentice al forno alla tabarchina,dentice al forno alla tabarchina,Fish and seafood,Sardegna,Carloforte,4.0,5,10,6
668,AIC,Ditali with Zucchini and Ricotta,ditali con zucchini e ricotta,ditali con zucchini e ricotta,"Pasta, rice and polenta",Campania,,4.0,5,7,6
669,AIC,Apostles' Fingers,dita degli apostoli,dita degli apostoli,Desserts and liqueurs,Puglia,,8.0,6,11,8
670,AIC,cutturiedde,cutturiedde,cutturiedde,"Meat, poultry and game",Puglia,Turi,6.0,2,10,3
671,AIC,Ditalini with sun-dried tomatoes,ditalini ai pomodori secchi,ditalini ai pomodori secchi,"Pasta, rice and polenta",Sicilia,,4.0,6,10,4
672,AIC,Harvest-style ditaloni,ditaloni alla mietitura,ditaloni alla mietitura,"Pasta, rice and polenta",Calabria,,4.0,5,6,5
673,AIC,Dolce Amor (Sweet Love),dolce amor,dolce amor,Desserts and liqueurs,Emilia Romagna,,4.0,6,9,3
674,AIC,Torroncino dessert,dolce al torroncino,dolce al torroncino,Desserts and liqueurs,Lombardia,,6.0,6,7,6
675,AIC,Prince's dessert,dolce del principe,dolce del principe,Desserts and liqueurs,Lombardia,,4.0,6,7,4
676,AIC,Chestnut cake,dolce di castagne,dolce di castagne,Desserts and liqueurs,Toscana,,8.0,8,10,4
677,AIC,Almond Torrone,dolce di mandorle,dolce di mandorle,Desserts and liqueurs,Campania,,8.0,3,4,5
678,AIC,Pumpkin Dessert,dolce di zucca,dolce di zucca,Desserts and liqueurs,Piemonte,,6.0,6,7,10
679,AIC,Sweets with raisins,dolcetti con l’uva passa,dolcetti con l’uva passa,Desserts and liqueurs,Calabria,,8.0,7,9,9
680,AIC,Almond sweets,dolcetti di mandorle,dolcetti di mandorle,Desserts and liqueurs,Calabria,,8.0,5,4,6
681,AIC,Crustuli (Calabrian Christmas Sweets),dolci natalizi,dolci natalizi,Desserts and liqueurs,Calabria,,8.0,8,8,5
682,AIC,Duchesse di Parma,duchesse di parma,duchesse di parma,"Meat, poultry and game",Emilia Romagna,,4.0,6,11,4
683,AIC,Wild field greens,erbe di campo,erbe di campo,"Vegetables, eggs and legumes",Friuli Venezia Giulia,,4.0,5,5,4
684,AIC,Dragged Wild Greens (Erbe Strascinate),erbe strascinate,erbe strascinate,"Vegetables, eggs and legumes",Marche,,4.0,5,4,3
685,AIC,Esse di Loano,esse di loano,esse di loano,Desserts and liqueurs,Liguria,,8.0,6,6,5
686,AIC,Esse di Raveo,esse di raveo,esse di raveo,Desserts and liqueurs,Friuli Venezia Giulia,,4.0,6,5,5
687,AIC,Pheasant with cream,fagiano alla panna,fagiano alla panna,"Meat, poultry and game",Lombardia,,4.0,6,12,4
688,AIC,fagioli all’uccelletto,fagioli all’uccelletto,fagioli all’uccelletto,"Vegetables, eggs and legumes",Toscana,,4.0,4,7,3
689,AIC,Green beans with potatoes and fresh tomato,fagiolini con patate al pomodoro fresco,fagiolini con patate al pomodoro fresco,"Vegetables, eggs and legumes",Sardegna,Sassari,4.0,6,10,3
690,AIC,Fanfarata,fanfarata,fanfarata,"Meat, poultry and game",Toscana,,4.0,5,13,3
691,AIC,Fallone from Torri in Sabina,fallone di torri in sabina,fallone di torri in sabina,Pizzas and savory pies,Lazio,,4.0,4,7,6
692,AIC,Fagioli infiascati (Beans in a flask),fagioli infiascati,fagioli infiascati,"Vegetables, eggs and legumes",Toscana,,4.0,5,6,5
693,AIC,Black-eyed peas with pork rinds,fagioli dell’occhio con cotenne,fagioli dell’occhio con cotenne,"Vegetables, eggs and legumes",Lombardia,,4.0,5,12,3
694,AIC,Guinea fowl in clay,faraona alla creta,faraona alla creta,"Meat, poultry and game",Lombardia,,4.0,8,14,7
695,AIC,Fagioli e Cotiche (Beans and Pork Rinds),fagioli e cotiche,fagioli e cotiche,"Vegetables, eggs and legumes",Emilia Romagna,,4.0,5,7,1
696,AIC,Guinea Fowl with Mascarpone,faraona al mascarpone,faraona al mascarpone,"Meat, poultry and game",Lombardia,,4.0,6,8,3
697,AIC,Guinea fowl alla ghiotta,faraona alla ghiotta,faraona alla ghiotta,"Meat, poultry and game",Umbria,,4.0,7,16,5
698,AIC,Stradivari-style guinea fowl,faraona alla stradivari,faraona alla stradivari,"Meat, poultry and game",Lombardia,,6.0,12,21,6
699,AIC,Roasted guinea fowl in pork caul fat,faraona arrosto nella rete,faraona arrosto nella rete,"Meat, poultry and game",Emilia Romagna,,4.0,5,10,7
700,AIC,Guinea fowl in salmì sauce,faraona in salmì,faraona in salmì,"Meat, poultry and game",Lazio,Civitavecchia,4.0,7,13,4
701,AIC,Grilled guinea fowl with bay leaf aroma,faraona grigliata all’aroma di alloro,faraona grigliata all’aroma di alloro,"Meat, poultry and game",Veneto,,4.0,5,4,4
702,AIC,Guinea fowl with peverada sauce,faraona in salsa peverada,faraona in salsa peverada,"Meat, poultry and game",Veneto,,4.0,7,6,6
703,AIC,Stewed Guinea Fowl,faraona in umido,faraona in umido,"Meat, poultry and game",Lombardia,,4.0,8,13,2
704,AIC,Farfalline in broth,farfalline in brodo,farfalline in brodo,Soups and broths,Molise,,4.0,7,12,4
705,AIC,Farinata,farinata,farinata,Pizzas and savory pies,Liguria,,4.0,6,5,4
706,AIC,White Farinata from Savona,farinata bianca di savona,farinata bianca di savona,Pizzas and savory pies,Liguria,,6.0,7,5,4
707,AIC,Farinata Carlofortina,farinata carlofortina,farinata carlofortina,Pizzas and savory pies,Sardegna,,6.0,6,4,3
708,AIC,Cornmeal porridge,farinata di mais,farinata di mais,Soups and broths,Trentino Alto Adige,,6.0,4,6,2
709,AIC,Pumpkin Polenta,farinata di zucca,farinata di zucca,Soups and broths,Friuli Venezia Giulia,,4.0,6,8,2
710,AIC,fartaies,fartaies,fartaies,Desserts and liqueurs,Veneto,,8.0,6,10,4
711,AIC,Spelt and pig's trotters,farro e zampetti di maiale,farro e zampetti di maiale,"Meat, poultry and game",Toscana,Lucca,4.0,10,10,4
712,AIC,Farsumagro o Bruciuluni (Sicilian Stuffed Veal Roll),farsumagro o bruciuluni,farsumagro o bruciuluni,"Meat, poultry and game",Sicilia,,4.0,8,13,7
713,AIC,Bean and Mignaculis Soup,fasui e mignaculis,fasui e mignaculis,Soups and broths,Friuli Venezia Giulia,,4.0,6,8,6
714,AIC,Fasanà di Gallina (Pheasant-Style Hen),fasanà di gallina,fasanà di gallina,"Meat, poultry and game",Veneto,,4.0,5,9,5
715,AIC,White Fava Beans and Loane,fave bianche e loane,fave bianche e loane,"Pasta, rice and polenta",Puglia,,4.0,5,7,5
716,AIC,Golden Broad Beans,fave dorate,fave dorate,"Vegetables, eggs and legumes",Abruzzo,,4.0,7,5,6
717,AIC,Boiled Fava Beans,fave bollite,fave bollite,"Vegetables, eggs and legumes",Sardegna,Sassari,4.0,4,6,3
718,AIC,fava beans and chicory,fave e cicorie,fave e cicorie,"Vegetables, eggs and legumes",Puglia,,4.0,5,4,2
719,AIC,Boiled Fava Beans,fave lesse,fave lesse,"Vegetables, eggs and legumes",Sardegna,Cagliari,4.0,3,5,3
720,AIC,Favette (Almond Cookies),favette,favette,Desserts and liqueurs,Friuli Venezia Giulia,,4.0,8,7,5
721,AIC,Small Fava Beans with Wild Mint,favette alla menta selvatica,favette alla menta selvatica,"Vegetables, eggs and legumes",Sardegna,Campidano di Cagliari,4.0,3,6,3
722,AIC,Fava beans with pods,favette con baccello,favette con baccello,"Vegetables, eggs and legumes",Sardegna,,4.0,5,10,3
723,AIC,Fresh fava beans with Sardinian pecorino cheese,favette fresche con il pecorino sardo,favette fresche con il pecorino sardo,"Vegetables, eggs and legumes",Sardegna,Campidano di Cagliari,6.0,2,2,0
724,AIC,Fava beans with guanciale,favette con guanciale,favette con guanciale,"Vegetables, eggs and legumes",Sardegna,Cagliari,4.0,6,7,1
725,AIC,Small Fava Beans with Fresh Spring Onions,favette con cipollini freschi,favette con cipollini freschi,"Vegetables, eggs and legumes",Sardegna,Carloforte,4.0,6,6,5
726,AIC,Small Fava Beans and Lardo,favette e lardo,favette e lardo,"Vegetables, eggs and legumes",Sardegna,Campidano di Cagliari,4.0,3,6,2
727,AIC,"Fedelini with garlic, oil, and anchovies","fedelini aglio, olio e alici","fedelini aglio, olio e alici","Pasta, rice and polenta",Abruzzo,,4.0,5,4,4
728,AIC,Favò (Fava Bean Soup),favò,favò,Soups and broths,Valle d'Aosta,,4.0,8,15,5
729,AIC,Fegatelli in caul fat,fegatelli nella rete,fegatelli nella rete,"Meat, poultry and game",Toscana,,4.0,6,8,3
730,AIC,Fegato alla Paesana,fegato alla paesana,fegato alla paesana,"Meat, poultry and game",Piemonte,,4.0,6,10,4
731,AIC,Venetian-style liver,fegato alla veneziana,fegato alla veneziana,"Meat, poultry and game",Veneto,,4.0,6,8,2
732,AIC,"Fegato all'Aggiadda (Liver, Agliata-style)",fegato all’aggiadda,fegato all’aggiadda,"Meat, poultry and game",Liguria,,4.0,8,6,7
733,AIC,Pork liver,fegato di maiale,fegato di maiale,"Meat, poultry and game",Campania,,4.0,4,6,2
734,AIC,Petroniana-style pork liver,fegato di maiale alla petroniana,fegato di maiale alla petroniana,"Meat, poultry and game",Emilia Romagna,,4.0,13,13,8
735,AIC,Sweet and sour pork liver with caul fat,fegato di maiale con rete in agrodolce,fegato di maiale con rete in agrodolce,"Meat, poultry and game",Emilia Romagna,,4.0,8,12,1
736,AIC,Pork liver on a skewer,fegato di maiale allo spiedo,fegato di maiale allo spiedo,"Meat, poultry and game",Calabria,,4.0,6,7,6
737,AIC,Pork liver in caul fat (Fegatelli),fegato di maiale nella rete,fegato di maiale nella rete,"Meat, poultry and game",Molise,,4.0,5,7,3
738,AIC,Monkfish Liver,fegato di rana pescatrice,fegato di rana pescatrice,Appetizers,Marche,,4.0,3,4,2
739,AIC,Sweet and Sour Liver (Fegato in Agrodolce),fegato in agrodolce,fegato in agrodolce,"Meat, poultry and game",Sicilia,,4.0,6,8,2
740,AIC,Emilian-style fried liver,fegato fritto all’emiliana,fegato fritto all’emiliana,"Meat, poultry and game",Emilia Romagna,,4.0,4,7,2
741,AIC,Bruschetta with Tuscan Kale,fette con il cavolo nero,fette con il cavolo nero,Appetizers,Toscana,Firenze,4.0,4,6,7
742,AIC,Sweet and Sour Liver,fegato in agrodolce,fegato in agrodolce,"Meat, poultry and game",Molise,,4.0,5,7,8
743,AIC,Jellied veal top round,fesa di vitello in gelatina,fesa di vitello in gelatina,"Meat, poultry and game",Lombardia,,6.0,6,12,3
744,AIC,Ferratelle,ferratelle,ferratelle,Desserts and liqueurs,Abruzzo,,8.0,3,5,5
745,AIC,Fettuccine with Pike-Perch and Chanterelle Mushrooms,fettuccine con lucioperca e funghi gallinacci,fettuccine con lucioperca e funghi gallinacci,"Pasta, rice and polenta",Piemonte,,4.0,7,10,6
746,AIC,fettuccine with chicken giblets,fettuccine con rigaglie di pollo,fettuccine con rigaglie di pollo,"Pasta, rice and polenta",Lazio,Civitavecchia,4.0,6,12,3
747,AIC,Fiadone,fiadone,fiadone,Pizzas and savory pies,Abruzzo,,4.0,8,8,10
748,AIC,Sweet Fiadone,fiadone dolce,fiadone dolce,Desserts and liqueurs,Abruzzo,,8.0,9,8,8
749,AIC,Fiadoni,fiadoni,fiadoni,Pizzas and savory pies,Molise,Santa Croce di Magliano,4.0,8,11,11
750,AIC,Cheese fiadoni,fiadoni al formaggio,fiadoni al formaggio,Pizzas and savory pies,Molise,Agnone,4.0,3,4,6
751,AIC,Sweet fiadoni,fiadoni dolci,fiadoni dolci,Desserts and liqueurs,Molise,,6.0,6,8,8
752,AIC,Chianti-style Fig Focaccia (Ficattola Chiantigiana),ficattola chiantigiana,ficattola chiantigiana,Desserts and liqueurs,Toscana,,8.0,5,6,4
753,AIC,Fried baccalà fillets,filetti di baccalà fritti,filetti di baccalà fritti,Fish and seafood,Lazio,Roma,4.0,6,6,4
754,AIC,Marinated and fried carp fillets,filetti di carpa marinati e fritti,filetti di carpa marinati e fritti,Fish and seafood,Sardegna,Nuoro,4.0,5,8,4
755,AIC,Chocolate-covered figs,fichi al cioccolato,fichi al cioccolato,Desserts and liqueurs,Calabria,,8.0,4,7,3
756,AIC,ficattole,ficattole,ficattole,Appetizers,Toscana,Prato,4.0,4,3,4
757,AIC,Stuffed Figs,fichi ripieni,fichi ripieni,Desserts and liqueurs,Calabria,,8.0,6,9,5
758,AIC,Breaded perch fillets,filetti di pesce persico impanati,filetti di pesce persico impanati,Fish and seafood,Lombardia,,4.0,4,5,4
759,AIC,Saffron sole fillets,filetti di sogliola allo zafferano,filetti di sogliola allo zafferano,Fish and seafood,Abruzzo,,4.0,6,10,8
760,AIC,Golden Fried Trout Fillets,filetti di trota dorata e fritta,filetti di trota dorata e fritta,Fish and seafood,Molise,Bojano,4.0,4,6,2
761,AIC,Trout fillets with aromatic breadcrumbs,filetti di trota alla mollica di pane aromatico,filetti di trota alla mollica di pane aromatico,Fish and seafood,Abruzzo,,6.0,7,13,5
762,AIC,Trotelle fillets in black truffle sauce,filetti di trotelle in salsa al tartufo nero,filetti di trotelle in salsa al tartufo nero,Fish and seafood,Abruzzo,,4.0,6,9,7
763,AIC,Tyrolean-style beef fillet,filetto alla tirolese,filetto alla tirolese,"Meat, poultry and game",Trentino Alto Adige,,6.0,8,18,5
764,AIC,Dentex fillet with eggplant and tomatoes,filetto di dentice con melanzane e pomodori,filetto di dentice con melanzane e pomodori,Fish and seafood,Liguria,,4.0,6,8,4
765,AIC,Rabbit Fillet in a Crust,filetto di coniglio in crosta,filetto di coniglio in crosta,"Meat, poultry and game",Abruzzo,,6.0,9,16,9
766,AIC,Pork fillet with apples,filetto di maiale con le mele,filetto di maiale con le mele,"Meat, poultry and game",Sardegna,Alghero,6.0,7,11,3
767,AIC,Pork fillet in strawberry and spring onion sauce,filetto di maiale in salsa di fragole e cipollotti,filetto di maiale in salsa di fragole e cipollotti,"Meat, poultry and game",Calabria,,4.0,5,7,3
768,AIC,Finanziera,finanziera,finanziera,"Meat, poultry and game",Piemonte,,6.0,11,14,8
769,AIC,Fiocca,fiocca,fiocca,Desserts and liqueurs,Valle d'Aosta,,4.0,3,4,1
770,AIC,Camporosso's little flowers,fiorellini di camporosso,fiorellini di camporosso,Desserts and liqueurs,Liguria,,8.0,5,10,8
771,AIC,Robinia or acacia flowers,fiori di robinia o di acacia,fiori di robinia o di acacia,Desserts and liqueurs,Veneto,,8.0,4,9,3
772,AIC,fried zucchini flowers,fiori di zucca fritti,fiori di zucca fritti,Appetizers,Campania,Sorrento,4.0,10,8,6
773,AIC,Acacia and Elderflower Fritters,fiori di acacia e sambuco,fiori di acacia e sambuco,Desserts and liqueurs,Piemonte,,4.0,7,9,6
774,AIC,Stuffed zucchini flowers,fiori di zucca ripieni,fiori di zucca ripieni,Appetizers,Liguria,,4.0,6,8,6
775,AIC,Sweet Fried Zucchini Flowers,fiori di zucca in dolce,fiori di zucca in dolce,Desserts and liqueurs,Sardegna,Sassari,4.0,6,8,4
776,AIC,Stuffed Zucchini Flowers,fiori di zucca ripieni,fiori di zucca ripieni,"Vegetables, eggs and legumes",Liguria,,4.0,5,12,8
777,AIC,Fried Zucchini Flowers,fiori di zucchine fritti,fiori di zucchine fritti,"Vegetables, eggs and legumes",Molise,,4.0,6,5,4
778,AIC,Battered Zucchini Flowers,fiori di zucchine in pastella,fiori di zucchine in pastella,"Vegetables, eggs and legumes",Lazio,,4.0,7,9,5
779,AIC,fitascetta,fitascetta,fitascetta,Pizzas and savory pies,Lombardia,,4.0,6,4,4
780,AIC,Stuffed Zucchini Flowers,fiori di zucchini accoccolati,fiori di zucchini accoccolati,"Vegetables, eggs and legumes",Piemonte,Ivrea,4.0,9,12,6
781,AIC,Fioroni di Morcone,fioroni di morcone,fioroni di morcone,"Pasta, rice and polenta",Campania,,4.0,4,8,7
782,AIC,Spinach flan with fonduta,flan di spinaci con fonduta,flan di spinaci con fonduta,Appetizers,Piemonte,,4.0,9,12,12
783,AIC,Green Flan,flan verde,flan verde,"Vegetables, eggs and legumes",Emilia Romagna,,4.0,6,8,7
784,AIC,Focaccia with sheep ribs,focaccia con le costatine di pecora,focaccia con le costatine di pecora,Pizzas and savory pies,Puglia,,4.0,5,7,3
785,AIC,Focaccia with pepper and lardelli,focaccia al pepe con i lardelli,focaccia al pepe con i lardelli,Pizzas and savory pies,Puglia,,4.0,4,7,3
786,AIC,Focaccia with oil,focaccia all’olio,focaccia all’olio,Pizzas and savory pies,Liguria,,6.0,7,7,3
787,AIC,Focaccia with ciccioli,focaccia ai ciccioli,focaccia ai ciccioli,Pizzas and savory pies,Sardegna,,6.0,6,5,3
788,AIC,Focaccia con il formaggio,focaccia con il formaggio,focaccia con il formaggio,Pizzas and savory pies,Liguria,,6.0,7,4,6
789,AIC,Potato and tomato focaccia,focaccia di patate e pomodori,focaccia di patate e pomodori,Pizzas and savory pies,Sardegna,Portoscuso,6.0,11,9,7
790,AIC,Focaccia with oil and tomato,focaccia con olio e pomodoro,focaccia con olio e pomodoro,Pizzas and savory pies,Calabria,,6.0,7,10,4
791,AIC,Golden Focaccia,focaccia dorata,focaccia dorata,Pizzas and savory pies,Sardegna,Alghero,6.0,8,12,6
792,AIC,Fava bean focaccia,focaccia di favette,focaccia di favette,Pizzas and savory pies,Sardegna,"Cagliari, Quartu",6.0,10,9,10
793,AIC,Focaccia di Seiràss,focaccia di seiràss,focaccia di seiràss,Desserts and liqueurs,Piemonte,,4.0,5,8,4
794,AIC,Easter Pinza (Focaccia Pasquale),focaccia pasquale,focaccia pasquale,Desserts and liqueurs,Friuli Venezia Giulia,,,4,11,9
795,AIC,Cabbage and Potatoes,foglie di cavolo cappuccio e patate,foglie di cavolo cappuccio e patate,"Vegetables, eggs and legumes",Abruzzo,,4.0,4,6,5
796,AIC,Fried sage leaves,foglie di salvia fritta,foglie di salvia fritta,Appetizers,Marche,,4.0,4,7,5
797,AIC,Sautéed Cabbage Leaves,foglie di cavolo cappuccio strascinate,foglie di cavolo cappuccio strascinate,"Vegetables, eggs and legumes",Abruzzo,,4.0,4,7,1
798,AIC,Savory formagelle,formagelle salate,formagelle salate,Pizzas and savory pies,Sardegna,Oliena,6.0,6,4,5
799,AIC,Formaggelle,formaggelle,formaggelle,Desserts and liqueurs,Sardegna,Sassari,8.0,7,8,5
800,AIC,Francesina or Stiracchio,francesina o stiracchio,francesina o stiracchio,"Meat, poultry and game",Toscana,,4.0,6,10,1
801,AIC,Frascarelli with peppers,frascarelli ai peperoni,frascarelli ai peperoni,"Pasta, rice and polenta",Umbria,,4.0,7,10,6
802,AIC,Ricotta Formaggelle,formaggelle di ricotta,formaggelle di ricotta,Desserts and liqueurs,Sardegna,,10.0,6,11,6
803,AIC,Chicken Giblets,frattaglie di pollo,frattaglie di pollo,"Meat, poultry and game",Friuli Venezia Giulia,Sesto al Reghena,4.0,3,5,3
804,AIC,Marche-style Frascarelli,frascarell marchigiani,frascarell marchigiani,"Pasta, rice and polenta",Marche,,4.0,7,9,3
805,AIC,frascateglie,frascateglie,frascateglie,Soups and broths,Molise,"Jelsi, Montorio nei Frentani, Isernia, Montaquila",4.0,5,7,6
806,AIC,Stewed Roe Deer Offal,frattaglie di capriolo in umido,frattaglie di capriolo in umido,"Meat, poultry and game",Friuli Venezia Giulia,,4.0,6,14,3
807,AIC,Fregolotta,fregolotta,fregolotta,Desserts and liqueurs,Veneto,Salvarosa di Castelfranco,4.0,5,4,5
808,AIC,Fregnacce,fregnacce,fregnacce,"Pasta, rice and polenta",Abruzzo,,6.0,10,9,9
809,AIC,Dry-style Fregola with Mussels,fregola in asciutto alle cozze,fregola in asciutto alle cozze,"Pasta, rice and polenta",Sardegna,Cagliari,6.0,8,11,6
810,AIC,Fricandò,fricandò,fricandò,"Meat, poultry and game",Piemonte,,6.0,5,15,5
811,AIC,Fricandò (braised veal),fricandò (vitello brasato),fricandò (vitello brasato),"Meat, poultry and game",Lombardia,,6.0,7,10,3
812,AIC,Caesar's mushroom fricassee with eggs and potatoes,fricassea di ovoli con uova e patate,fricassea di ovoli con uova e patate,"Vegetables, eggs and legumes",Liguria,,4.0,6,8,6
813,AIC,Chicken Friccò,friccò di pollo,friccò di pollo,"Meat, poultry and game",Umbria,Gubbio,4.0,6,9,4
814,AIC,Frico Andrean Style,frico andrean,frico andrean,Pizzas and savory pies,Friuli Venezia Giulia,Andreis,4.0,4,4,2
815,AIC,Crispy frico,frico croccante,frico croccante,Appetizers,Friuli Venezia Giulia,,4.0,4,1,2
816,AIC,Romagna-style Friggione,friggione alla romagnola,friggione alla romagnola,"Meat, poultry and game",Emilia Romagna,Bologna,6.0,7,11,3
817,AIC,Romagna-style Friggione,friggione alla romagnola,friggione alla romagnola,"Vegetables, eggs and legumes",Emilia Romagna,Bologna,4.0,7,11,4
818,AIC,Frico with potatoes and onions,frico con patate e cipolle,frico con patate e cipolle,Pizzas and savory pies,Friuli Venezia Giulia,,4.0,8,7,4
819,AIC,Friscieu de Castagne (Chestnut Fritters),friscieu de castagne,friscieu de castagne,Desserts and liqueurs,Liguria,,4.0,5,7,7
820,AIC,friggione bolognese,friggione bolognese,friggione bolognese,"Vegetables, eggs and legumes",Emilia Romagna,,4.0,3,7,4
821,AIC,Frigò of Seravezza,frigò di seravezza,frigò di seravezza,"Vegetables, eggs and legumes",Toscana,,4.0,4,9,3
822,AIC,Frissoglia Lucchese,frissoglia lucchese,frissoglia lucchese,"Vegetables, eggs and legumes",Toscana,,4.0,3,9,2
823,AIC,Frittata with onion and balsamic vinegar,frittata con cipolla e aceto balsamico,frittata con cipolla e aceto balsamico,"Vegetables, eggs and legumes",Emilia Romagna,,4.0,10,6,5
824,AIC,Frittata with green onion tops,frittata con code di cipolle,frittata con code di cipolle,"Vegetables, eggs and legumes",Calabria,,4.0,4,6,5
825,AIC,Frittata with artichokes,frittata con i carciofi,frittata con i carciofi,"Vegetables, eggs and legumes",Abruzzo,,4.0,5,5,5
826,AIC,Frittata with goby,frittata con il ghiozzo,frittata con il ghiozzo,"Vegetables, eggs and legumes",Friuli Venezia Giulia,,4.0,5,6,3
827,AIC,Frittata with fish,frittata con il pesce,frittata con il pesce,Fish and seafood,Friuli Venezia Giulia,,4.0,5,8,6
828,AIC,Frittata with parsley,frittata con il prezzemolo,frittata con il prezzemolo,"Vegetables, eggs and legumes",Emilia Romagna,,4.0,4,8,3
829,AIC,Onion Frittata,frittata con la cipolla,frittata con la cipolla,"Vegetables, eggs and legumes",Emilia Romagna,,4.0,8,6,5
830,AIC,Frittata with snails,frittata con le chiocciole,frittata con le chiocciole,"Vegetables, eggs and legumes",Friuli Venezia Giulia,,4.0,6,11,5
831,AIC,Wild Herb Frittata,frittata di erbe selvatiche,frittata di erbe selvatiche,"Vegetables, eggs and legumes",Valle d'Aosta,,4.0,5,4,5
832,AIC,Leftover Macaroni Frittata ('ausati'),frittata di maccheroni “ausati”,frittata di maccheroni “ausati”,"Pasta, rice and polenta",Campania,,4.0,2,3,1
833,AIC,Frittata with frogs,frittata con le rane,frittata con le rane,"Vegetables, eggs and legumes",Emilia Romagna,Cento,4.0,5,9,3
834,AIC,Frittata with frogs,frittata con le rane,frittata con le rane,"Vegetables, eggs and legumes",Friuli Venezia Giulia,,4.0,4,5,2
835,AIC,Frittata with ricotta,frittata con ricotta,frittata con ricotta,"Vegetables, eggs and legumes",Sicilia,,4.0,3,6,6
836,AIC,Apple and Potato Frittata,frittata di mele e patate,frittata di mele e patate,"Vegetables, eggs and legumes",Valle d'Aosta,,4.0,7,5,4
837,AIC,Potato frittata,frittata di patate,frittata di patate,"Vegetables, eggs and legumes",Sardegna,,4.0,8,8,6
838,AIC,Spoleto-style truffle frittata,frittata di tartufi alla spoletina,frittata di tartufi alla spoletina,"Vegetables, eggs and legumes",Umbria,,4.0,5,4,4
839,AIC,Potato frittata,frittata di patate,frittata di patate,"Vegetables, eggs and legumes",Emilia Romagna,,4.0,6,7,6
840,AIC,Scammaro-style Pasta Frittata,frittata di scammaro,frittata di scammaro,"Pasta, rice and polenta",Campania,,4.0,4,6,3
841,AIC,Vitalba frittata,frittata di vitalba,frittata di vitalba,"Vegetables, eggs and legumes",Toscana,Garfagnino,4.0,4,7,5
842,AIC,Fried frittata,frittata fritta,frittata fritta,"Vegetables, eggs and legumes",Emilia Romagna,,4.0,6,9,6
843,AIC,Easter frittata,frittata pasquale,frittata pasquale,"Vegetables, eggs and legumes",Umbria,,4.0,8,18,6
844,AIC,Frittata Rognosa,frittata rognosa,frittata rognosa,"Vegetables, eggs and legumes",Piemonte,,4.0,4,5,3
845,AIC,Salami Frittata,frittata rognosa,frittata rognosa,"Vegetables, eggs and legumes",Veneto,,4.0,5,6,4
846,AIC,Garda-style 'Rognosa' Frittata,frittata rognosa del garda,frittata rognosa del garda,"Vegetables, eggs and legumes",Veneto,,4.0,7,10,7
847,AIC,Fritters with a 'soul' (anchovy),frittelle con l’anima,frittelle con l’anima,Appetizers,Friuli Venezia Giulia,,4.0,6,9,4
848,AIC,Salt Cod Fritters,frittelle di baccalà,frittelle di baccalà,Fish and seafood,Umbria,,4.0,5,6,6
849,AIC,Truffle Scrambled Eggs,frittatina al tartufo,frittatina al tartufo,"Vegetables, eggs and legumes",Marche,,4.0,5,5,6
850,AIC,Small frittatas in tomato sauce,frittatine al sugo,frittatine al sugo,"Vegetables, eggs and legumes",Sicilia,,4.0,6,8,5
851,AIC,Truffle Fritters,frittelle al tartufo,frittelle al tartufo,Appetizers,Abruzzo,,4.0,7,6,5
852,AIC,Borage Fritters,frittelle di borragine,frittelle di borragine,"Vegetables, eggs and legumes",Valle d'Aosta,,4.0,7,7,4
853,AIC,Chestnut flour fritters (Frittelle di Castagnaccio),frittelle di castagnaccio,frittelle di castagnaccio,Desserts and liqueurs,Emilia Romagna,,4.0,5,7,4
854,AIC,Maresina Fritters,frittelle di maresina,frittelle di maresina,Appetizers,Veneto,,6.0,5,6,7
855,AIC,apple fritters,frittelle di mele,frittelle di mele,"Vegetables, eggs and legumes",Emilia Romagna,,4.0,6,9,6
856,AIC,Brain Fritters,frittelle di cervella,frittelle di cervella,"Meat, poultry and game",Emilia Romagna,,4.0,6,10,7
857,AIC,Apple Fritters (Frittelle di Mele),frittelle di mele,frittelle di mele,Desserts and liqueurs,Trentino Alto Adige,,4.0,5,11,5
858,AIC,Apple Fritters with Moscato Wine,frittelle di mele al moscato,frittelle di mele al moscato,Desserts and liqueurs,Lombardia,,6.0,6,9,5
859,AIC,Bean Soup Fritters,frittelle di minestra di fagioli,frittelle di minestra di fagioli,"Vegetables, eggs and legumes",Emilia Romagna,,4.0,5,9,3
860,AIC,Leavened Dough Fritters (Frittelle di pasta cresciuta),frittelle di pasta cresciuta,frittelle di pasta cresciuta,Appetizers,Molise,Termoli,10.0,8,6,5
861,AIC,Rice fritters,frittelle di riso,frittelle di riso,Desserts and liqueurs,Toscana,,4.0,6,13,8
862,AIC,Rice fritters,frittelle di riso,frittelle di riso,"Vegetables, eggs and legumes",Emilia Romagna,,4.0,6,7,3
863,AIC,Small coffee or marsala fritters,frittelline al caffè o al marsala,frittelline al caffè o al marsala,Desserts and liqueurs,Emilia Romagna,,4.0,7,10,5
864,AIC,Sweet Fritters (Frittelle Dolci),frittelle dolci,frittelle dolci,Desserts and liqueurs,Calabria,,4.0,8,7,3
865,AIC,Wild Fennel Fritters,frittelline di finocchio selvatico,frittelline di finocchio selvatico,"Vegetables, eggs and legumes",Sardegna,Nuoro,4.0,7,6,8
866,AIC,Saffron Fritters,frittelline allo zafferano,frittelline allo zafferano,Appetizers,Abruzzo,,4.0,6,7,7
867,AIC,Valtellina Fritters (Sciatt),frittelle valtellinesi,frittelle valtellinesi,Appetizers,Lombardia,,6.0,6,7,4
868,AIC,Fritto alla Romana,fritto alla romana,fritto alla romana,"Meat, poultry and game",Lazio,,4.0,10,11,8
869,AIC,Black and White Fritters,fritto bianco e nero,fritto bianco e nero,"Vegetables, eggs and legumes",Emilia Romagna,,4.0,7,8,5
870,AIC,Fried celery with egg and saffron,fritto di sedani con uovo e zafferano,fritto di sedani con uovo e zafferano,"Vegetables, eggs and legumes",Abruzzo,,4.0,7,6,7
871,AIC,Mixed fried fish (fritto misto di pesce),fritto misto di pesce,fritto misto di pesce,Fish and seafood,Marche,,4.0,6,4,6
872,AIC,Piedmontese-style mixed fry (Fritto Misto alla Piemontese),fritto misto alla piemontese,fritto misto alla piemontese,"Meat, poultry and game",Piemonte,,6.0,12,21,11
873,AIC,Ascolana-style fried mix,frittura all’ascolana,frittura all’ascolana,"Meat, poultry and game",Marche,,4.0,8,9,7
874,AIC,Fried sea anemones,frittura di anemoni di mare,frittura di anemoni di mare,Appetizers,Sardegna,Cagliari,6.0,6,5,3
875,AIC,Countryside Fruit Cake,fruttara di campagna,fruttara di campagna,Desserts and liqueurs,Veneto,,4.0,5,13,5
876,AIC,fulis o fulje,fulis o fulje,fulis o fulje,Desserts and liqueurs,Friuli Venezia Giulia,"Gorizia, Collio, Carso",8.0,4,14,1
877,AIC,fugascina di mergozzo,fugascina di mergozzo,fugascina di mergozzo,Desserts and liqueurs,Piemonte,,60.0,8,9,6
878,AIC,Funghi al guazzetto,funghi al guazzetto,funghi al guazzetto,Appetizers,Emilia Romagna,Borgotaro,4.0,4,7,3
879,AIC,Roasted mushrooms,funghi arrostiti,funghi arrostiti,"Vegetables, eggs and legumes",Molise,,4.0,4,6,6
880,AIC,Truffled Rabbit Galantine,galantina di coniglio tartufata,galantina di coniglio tartufata,"Meat, poultry and game",Abruzzo,,6.0,5,8,5
881,AIC,Baked Fusilli and Orecchiette,fusilli e orecchiette in tegamino,fusilli e orecchiette in tegamino,"Pasta, rice and polenta",Campania,Avellino,4.0,7,11,6
882,AIC,Fried mushrooms,funghi fritti,funghi fritti,"Vegetables, eggs and legumes",Calabria,,4.0,5,5,4
883,AIC,Fusilli with Sausage and Truffle,fusilli salsicce e tartufo,fusilli salsicce e tartufo,"Pasta, rice and polenta",Abruzzo,,6.0,4,7,5
884,AIC,Sautéed Porcini Mushrooms (Trifolati Style),funghi porcini trifolati,funghi porcini trifolati,"Vegetables, eggs and legumes",Lombardia,,4.0,6,6,3
885,AIC,Chicken galantine,galantina di pollo,galantina di pollo,Appetizers,Emilia Romagna,,8.0,9,15,7
886,AIC,Poached Hen,gallina affogata,gallina affogata,"Meat, poultry and game",Umbria,Orvieto,6.0,6,8,6
887,AIC,Deboned hen,gallina disossata,gallina disossata,"Meat, poultry and game",Molise,,6.0,7,14,6
888,AIC,Stuffed Hen,gallina ripiena,gallina ripiena,"Meat, poultry and game",Abruzzo,,6.0,6,11,5
889,AIC,Baked Stuffed Hen,gallina ripiena al forno,gallina ripiena al forno,"Meat, poultry and game",Sardegna,Campidano,6.0,6,11,8
890,AIC,Cremona-style stuffed hen,gallina ripiena alla cremonese,gallina ripiena alla cremonese,"Meat, poultry and game",Lombardia,,4.0,8,10,5
891,AIC,Drunken Hen,gallina ubriaca,gallina ubriaca,"Meat, poultry and game",Veneto,,4.0,9,12,2
892,AIC,Lucanian-style Chicken,gallo alla lucana,gallo alla lucana,"Meat, poultry and game",Basilicata,,4.0,5,9,3
893,AIC,Gallotta (Stuffed Hen),gallotta,gallotta,"Meat, poultry and game",Abruzzo,,6.0,10,12,6
894,AIC,Cockerel a ciffe ciaffe,galluccio a ciffe ciaffe,galluccio a ciffe ciaffe,"Meat, poultry and game",Molise,,4.0,2,8,1
895,AIC,Freshwater shrimp,gambero di acqua dolce,gambero di acqua dolce,Fish and seafood,Friuli Venezia Giulia,Spilimbergo,4.0,5,7,3
896,AIC,Shrimp in green sauce,gamberi in salsa verde,gamberi in salsa verde,Fish and seafood,Umbria,,4.0,5,8,4
897,AIC,Termoli-style baked cockerel,galluccio al forno alla termolese,galluccio al forno alla termolese,"Meat, poultry and game",Molise,,4.0,5,7,3
898,AIC,Ganeffe in reduced broth,ganeffe in brodo ristretto,ganeffe in brodo ristretto,Soups and broths,Sicilia,,4.0,8,8,6
899,AIC,Garganelli,garganelli,garganelli,"Pasta, rice and polenta",Emilia Romagna,Imola,4.0,5,9,8
900,AIC,Prawns in Fisherman's Sauce,gamberoni al sugo del pescatore,gamberoni al sugo del pescatore,Fish and seafood,Abruzzo,,4.0,6,8,1
901,AIC,Garagoli alla Marottese (Marotta-style Pelican's Foot Snails),garagoli alla marottese,garagoli alla marottese,Fish and seafood,Marche,,4.0,6,11,5
902,AIC,Beef Garofolato,garofolato di manzo,garofolato di manzo,"Meat, poultry and game",Lazio,Roma,4.0,7,15,7
903,AIC,Ossola-style Veal Shank,garretto di vitello all’ossolana,garretto di vitello all’ossolana,"Meat, poultry and game",Piemonte,,6.0,4,7,3
904,AIC,Potato Gateau,gateau di patate,gateau di patate,"Vegetables, eggs and legumes",Calabria,,4.0,11,15,7
905,AIC,Gattò (Tuscan Cake Roll),gattò,gattò,Desserts and liqueurs,Toscana,Arezzo,4.0,9,13,7
906,AIC,Potato gattò,gattò di patate,gattò di patate,Pizzas and savory pies,Campania,,6.0,8,12,8
907,AIC,Potato gattò,gattò di patate,gattò di patate,"Vegetables, eggs and legumes",Campania,Napoli,4.0,7,10,6
908,AIC,Dogfish in Agliata Sauce,gattuccio in agliata,gattuccio in agliata,Fish and seafood,Sardegna,,4.0,11,10,3
909,AIC,Trieste-style meat gelatin,gelatina alla triestina,gelatina alla triestina,Appetizers,Friuli Venezia Giulia,,20.0,6,13,6
910,AIC,Pork Aspic,gelatina di maiale,gelatina di maiale,"Meat, poultry and game",Sardegna,,4.0,11,6,4
911,AIC,Roasted Mallard Duck,germano reale al forno,germano reale al forno,"Meat, poultry and game",Friuli Venezia Giulia,,4.0,5,10,5
912,AIC,Mallard duck in sauce,germano reale in sugo,germano reale in sugo,"Meat, poultry and game",Veneto,,4.0,4,14,3
913,AIC,Watermelon Pudding (Gelo di Mellone),gelo di mellone,gelo di mellone,Desserts and liqueurs,Sicilia,,,6,6,6
914,AIC,Joy of Veal,gioia di vitello,gioia di vitello,"Meat, poultry and game",Emilia Romagna,,4.0,5,10,2
915,AIC,Sweet and Sour Giardiniera,giardiniera agrodolce,giardiniera agrodolce,"Vegetables, eggs and legumes",Molise,,20.0,10,7,6
916,AIC,gnocchetti alla campidanese,gnocchetti alla campidanese,gnocchetti alla campidanese,"Pasta, rice and polenta",Sardegna,Campidano di Cagliari,6.0,13,12,9
917,AIC,Beef Genovese,girello alla genovese,girello alla genovese,"Meat, poultry and game",Molise,,4.0,7,9,6
918,AIC,Gnocchetti alla Collescipolana,gnocchetti alla collescipolana,gnocchetti alla collescipolana,"Pasta, rice and polenta",Umbria,Terni,4.0,8,13,7
919,AIC,Gnocchetti alla Sassarese (Sassari-style Gnocchetti),gnocchetti alla sassarese,gnocchetti alla sassarese,"Pasta, rice and polenta",Sardegna,,6.0,4,8,5
920,AIC,Gnocchetti with walnuts,gnocchetti alle noci,gnocchetti alle noci,"Pasta, rice and polenta",Sardegna,Campidano di Cagliari,6.0,7,9,5
921,AIC,Wild Spinach Gnocchetti (Gnocchetti di Buon Enrico),gnocchetti di buon enrico,gnocchetti di buon enrico,"Pasta, rice and polenta",Friuli Venezia Giulia,,6.0,7,10,11
922,AIC,Butter Gnocchetti in Broth,gnocchetti di burro in brodo,gnocchetti di burro in brodo,Soups and broths,Trentino Alto Adige,,4.0,7,7,3
923,AIC,Flour gnocchetti,gnocchetti di farina,gnocchetti di farina,"Pasta, rice and polenta",Trentino Alto Adige,,4.0,5,4,7
924,AIC,Gries (semolina) gnocchetti,gnocchetti di gries (semolino),gnocchetti di gries (semolino),Soups and broths,Friuli Venezia Giulia,"Gorizia, Collio, Carso, Trieste",4.0,6,5,3
925,AIC,Spleen or Liver Gnocchetti for Broth,gnocchetti di milza o fegato per brodo,gnocchetti di milza o fegato per brodo,Soups and broths,Friuli Venezia Giulia,"Gorizia, Collio, Carso",4.0,8,11,6
926,AIC,Ricotta gnocchetti with sautéed mushrooms,gnocchetti di ricotta ai funghi trifolati,gnocchetti di ricotta ai funghi trifolati,"Pasta, rice and polenta",Piemonte,,4.0,7,10,6
927,AIC,Spinach gnocchetti with Trentino ham sauce,gnocchetti di spinaci con salsa di prosciutto trentino,gnocchetti di spinaci con salsa di prosciutto trentino,"Pasta, rice and polenta",Trentino Alto Adige,,4.0,10,11,7
928,AIC,Gnocchetti covered in honey,gnocchetti ricoperti di miele,gnocchetti ricoperti di miele,Desserts and liqueurs,Calabria,,8.0,6,7,7
929,AIC,Cheese gnocchi,gnocchi al formaggio,gnocchi al formaggio,"Pasta, rice and polenta",Trentino Alto Adige,,4.0,5,10,3
930,AIC,Gnocchi alla Sorrentina,gnocchi alla sorrentina,gnocchi alla sorrentina,"Pasta, rice and polenta",Campania,,4.0,5,6,4
931,AIC,Old-fashioned gnocchi,gnocchi al modo antico,gnocchi al modo antico,"Pasta, rice and polenta",Friuli Venezia Giulia,,4.0,7,12,7
932,AIC,Gnocchi with goose sauce,gnocchi al sugo d’oca,gnocchi al sugo d’oca,"Pasta, rice and polenta",Umbria,,6.0,10,11,6
933,AIC,gnocchi alla bava,gnocchi alla bava,gnocchi alla bava,"Pasta, rice and polenta",Piemonte,,4.0,7,7,5
934,AIC,Gnocchi with Pork Ragù,gnocchi al ragù di carne di maiale,gnocchi al ragù di carne di maiale,"Pasta, rice and polenta",Molise,,6.0,11,10,8
935,AIC,Gnocchi all'Ossolana,gnocchi all’ossolana,gnocchi all’ossolana,"Pasta, rice and polenta",Piemonte,,6.0,5,13,4
936,AIC,Gnocchi with Muscovy Duck Sauce,gnocchi con il sugo d’anatra muta,gnocchi con il sugo d’anatra muta,"Pasta, rice and polenta",Friuli Venezia Giulia,Azzano Decimo,6.0,12,16,13
937,AIC,Gnocchi with partridge or hare sauce,gnocchi con sugo di pernice o lepre,gnocchi con sugo di pernice o lepre,"Pasta, rice and polenta",Sardegna,,6.0,9,11,5
938,AIC,Chestnut Gnocchi,gnocchi di castagne,gnocchi di castagne,"Pasta, rice and polenta",Toscana,Pontremoli,4.0,5,6,7
939,AIC,Nettle and Ricotta Gnocchi,gnocchi di ortiche e ricotta,gnocchi di ortiche e ricotta,"Pasta, rice and polenta",Trentino Alto Adige,,6.0,5,8,7
940,AIC,potato gnocchi,gnocchi di patate,gnocchi di patate,"Pasta, rice and polenta",Emilia Romagna,,4.0,6,6,8
941,AIC,bread and nettle gnocchi,gnocchi di pane e ortiche,gnocchi di pane e ortiche,"Pasta, rice and polenta",Friuli Venezia Giulia,,4.0,6,12,9
942,AIC,Potato gnocchi with pesto,gnocchi di patate al pesto,gnocchi di patate al pesto,"Pasta, rice and polenta",Liguria,,6.0,5,5,4
943,AIC,Potato gnocchi with monkfish sauce,gnocchi di patate al sugo di pescatrice,gnocchi di patate al sugo di pescatrice,"Pasta, rice and polenta",Abruzzo,,4.0,8,11,5
944,AIC,Potato gnocchi with Romagnola-style ragù,gnocchi di patate al ragù alla romagnola,gnocchi di patate al ragù alla romagnola,"Pasta, rice and polenta",Emilia Romagna,,6.0,9,16,6
945,AIC,Roman-style potato gnocchi,gnocchi di patate alla romana,gnocchi di patate alla romana,"Pasta, rice and polenta",Lazio,,6.0,7,5,6
946,AIC,Raw Potato Gnocchi,gnocchi di patate crude,gnocchi di patate crude,"Pasta, rice and polenta",Trentino Alto Adige,,6.0,5,7,7
947,AIC,Veronese-style potato gnocchi,gnocchi di patate alla veronese,gnocchi di patate alla veronese,"Pasta, rice and polenta",Veneto,,6.0,7,7,6
948,AIC,Potato gnocchi with duck sauce,gnocchi di patate con il sugo di papera,gnocchi di patate con il sugo di papera,"Pasta, rice and polenta",Marche,,6.0,12,16,8
949,AIC,Potato gnocchi with salted sardines,gnocchi di patate con le sardelle,gnocchi di patate con le sardelle,"Pasta, rice and polenta",Trentino Alto Adige,,6.0,8,7,8
950,AIC,Plum gnocchi,gnocchi di susine,gnocchi di susine,"Pasta, rice and polenta",Friuli Venezia Giulia,,6.0,7,8,7
951,AIC,Pumpkin gnocchi,gnocchi di zucca,gnocchi di zucca,"Pasta, rice and polenta",Friuli Venezia Giulia,,4.0,8,10,7
952,AIC,Baked Gnocco with Pork Cracklings,gnocco ingrassato al forno,gnocco ingrassato al forno,Pizzas and savory pies,Emilia Romagna,,6.0,7,7,7
953,AIC,Belluno-style pumpkin gnocchi,gnocchi di zucca alla bellunese,gnocchi di zucca alla bellunese,"Pasta, rice and polenta",Veneto,,4.0,5,6,9
954,AIC,gnudi,gnudi,gnudi,"Pasta, rice and polenta",Toscana,,4.0,8,7,5
955,AIC,Tripe-style Hunchback Cardoons,gobbi trippati,gobbi trippati,"Vegetables, eggs and legumes",Toscana,,4.0,5,9,3
956,AIC,Gòlas alla Goriziana,gòlas alla goriziana,gòlas alla goriziana,"Meat, poultry and game",Friuli Venezia Giulia,,6.0,5,8,2
957,AIC,Gramigna with Sausage,gramigna con la salsiccia,gramigna con la salsiccia,"Pasta, rice and polenta",Emilia Romagna,,4.0,6,11,4
958,AIC,Gran Bollito alla Bolognese,gran bollito alla bolognese,gran bollito alla bolognese,"Meat, poultry and game",Emilia Romagna,,6.0,6,14,1
959,AIC,Gran Bollito alla Padovana,gran bollito alla padovana,gran bollito alla padovana,"Meat, poultry and game",Veneto,,6.0,6,15,4
960,AIC,Lemon granita,granita di limone,granita di limone,Desserts and liqueurs,Sicilia,,4.0,7,4,7
961,AIC,Piedmontese Grand Boiled Meats,gran bollito piemontese,gran bollito piemontese,"Meat, poultry and game",Piemonte,,6.0,6,14,5
962,AIC,Trieste-style Spider Crab,granceola alla triestina,granceola alla triestina,Appetizers,Friuli Venezia Giulia,,4.0,5,7,5
963,AIC,Grano Cotto (Cooked Wheat),grano cotto,grano cotto,Desserts and liqueurs,Campania,,4.0,6,10,3
964,AIC,Grive,grive,grive,"Meat, poultry and game",Piemonte,,4.0,4,10,3
965,AIC,Granitti with fava beans,granitti con le fave,granitti con le fave,Soups and broths,Abruzzo,,4.0,7,6,3
966,AIC,Pork cheek with nocino and bay leaf,guancia di maiale al nocino e alloro,guancia di maiale al nocino e alloro,"Meat, poultry and game",Emilia Romagna,,4.0,7,15,5
967,AIC,Beef cheek with cumin,guanciale di manzo con cumino,guanciale di manzo con cumino,"Meat, poultry and game",Friuli Venezia Giulia,,6.0,4,10,5
968,AIC,Wheat of the Dead,grano dei morti,grano dei morti,Desserts and liqueurs,Puglia,Foggia,8.0,6,8,4
969,AIC,Guazzetto of Offal,guazzetto di frattaglie,guazzetto di frattaglie,"Meat, poultry and game",Trentino Alto Adige,,6.0,4,11,4
970,AIC,White Fish Stew (Guazzetto di Pesce in Bianco),guazzetto di pesce in bianco,guazzetto di pesce in bianco,Fish and seafood,Abruzzo,,4.0,5,14,2
971,AIC,Gubana,gubana,gubana,Desserts and liqueurs,Friuli Venezia Giulia,"Gorizia, Collio, Carso",8.0,6,19,7
972,AIC,gubana,gubana,gubana,Desserts and liqueurs,Friuli Venezia Giulia,Cividale,8.0,8,18,5
973,AIC,Gueffus,gueffus,gueffus,Desserts and liqueurs,Sardegna,Campidano di Cagliari,6.0,5,5,3
974,AIC,Friulian-style goulash,gulasch alla friulana,gulasch alla friulana,"Meat, poultry and game",Friuli Venezia Giulia,,4.0,5,9,3
975,AIC,Trieste-style goulash,gulasch alla triestina,gulasch alla triestina,"Meat, poultry and game",Friuli Venezia Giulia,,6.0,6,7,3
976,AIC,Gurguglione from Elba,gurguglione dell’elba,gurguglione dell’elba,"Vegetables, eggs and legumes",Toscana,,4.0,5,10,3
977,AIC,Il Prete,il prete,il prete,Pizzas and savory pies,Sardegna,Carloforte,6.0,6,9,6
978,AIC,Puster Valley Goulash,gulasch della val pusteria,gulasch della val pusteria,"Meat, poultry and game",Trentino Alto Adige,,4.0,5,15,5
979,AIC,Oxtail Goulash,gulasch di coda di manzo,gulasch di coda di manzo,"Meat, poultry and game",Trentino Alto Adige,,4.0,5,11,4
980,AIC,I Soffi,i soffi,i soffi,Pizzas and savory pies,Molise,"Venafro, Alto Volturno",10.0,8,5,8
981,AIC,The Pyre or The Bonfire,il rogo o la pira,il rogo o la pira,Desserts and liqueurs,Trentino Alto Adige,,8.0,5,8,4
982,AIC,Caprese salad,insalata caprese,insalata caprese,"Vegetables, eggs and legumes",Campania,,4.0,4,5,3
983,AIC,Imbrecciata,imbrecciata,imbrecciata,Soups and broths,Umbria,,4.0,6,14,3
984,AIC,Swordfish Impanata,impanata di pesce spada,impanata di pesce spada,Fish and seafood,Sicilia,,4.0,7,13,4
985,AIC,Salad with speck,insalata con speck,insalata con speck,"Vegetables, eggs and legumes",Trentino Alto Adige,,4.0,6,6,4
986,AIC,Salt Worker's Salad (Insalata del Salinaro),insalata del salinaro,insalata del salinaro,"Vegetables, eggs and legumes",Sicilia,"Marsala, Trapani",4.0,5,7,4
987,AIC,Orange salad,insalata di arance,insalata di arance,"Vegetables, eggs and legumes",Sicilia,,4.0,4,3,2
988,AIC,Orange and Fennel Salad,insalata di arance e finocchi,insalata di arance e finocchi,"Vegetables, eggs and legumes",Sicilia,,4.0,5,7,2
989,AIC,Zander Salad,insalata di lucioperca,insalata di lucioperca,Appetizers,Piemonte,,4.0,8,12,6
990,AIC,Seafood Salad,insalata di mare,insalata di mare,Appetizers,Campania,Napoli e Capri,8.0,9,13,6
991,AIC,Saffron seafood salad,insalata di mare allo zafferano,insalata di mare allo zafferano,Appetizers,Abruzzo,,4.0,4,15,4
992,AIC,Nervetti Salad,insalata di nervetti,insalata di nervetti,Appetizers,Lombardia,,6.0,5,6,5
993,AIC,Caesar's mushroom and truffle salad,insalata di ovuli e tartufi,insalata di ovuli e tartufi,Appetizers,Piemonte,,4.0,4,9,4
994,AIC,Eggplant salad with mint and tuna,insalata di melanzane con menta e tonno,insalata di melanzane con menta e tonno,"Vegetables, eggs and legumes",Calabria,,4.0,5,6,4
995,AIC,Veal Tendon Salad,insalata di nervetti,insalata di nervetti,"Meat, poultry and game",Campania,Caserta,6.0,8,8,9
996,AIC,Nervetti salad,insalata di nervetti,insalata di nervetti,Appetizers,Sicilia,Palermo,4.0,4,4,4
997,AIC,Novara-style rice salad,insalata di riso novarese,insalata di riso novarese,Appetizers,Piemonte,,4.0,5,8,4
998,AIC,Smoked Salmon Trout Salad,insalata di trota salmonata affumicata,insalata di trota salmonata affumicata,Appetizers,Friuli Venezia Giulia,,4.0,5,8,4
999,AIC,Octopus Salad,insalata di polpi,insalata di polpi,Fish and seafood,Molise,"Termoli, Campobasso",4.0,6,9,7
1000,AIC,Salad for All Saints' Day,insalata per la festa dei santi,insalata per la festa dei santi,"Vegetables, eggs and legumes",Valle d'Aosta,,4.0,2,5,3
1001,AIC,Russian salad,insalata russa,insalata russa,Appetizers,Piemonte,,4.0,9,12,6
1002,AIC,Agrigento-style lamb offal,interiora d’agnello all’agrigentina,interiora d’agnello all’agrigentina,"Meat, poultry and game",Sicilia,,4.0,5,7,6
1003,AIC,"Pear, Raspberry, and Dandelion Salad","insalatina di pere, lamponi e tarassaco","insalatina di pere, lamponi e tarassaco","Vegetables, eggs and legumes",Emilia Romagna,,4.0,7,8,7
1004,AIC,Mixed meat intingolo,intingolo di carni miste,intingolo di carni miste,"Meat, poultry and game",Trentino Alto Adige,,4.0,6,10,3
1005,AIC,Intruglia,intruglia,intruglia,"Pasta, rice and polenta",Toscana,,4.0,6,11,6
1006,AIC,Involtini,involtini,involtini,"Meat, poultry and game",Friuli Venezia Giulia,,4.0,4,9,3
1007,AIC,Palermo-style involtini,involtini alla palermitana,involtini alla palermitana,"Meat, poultry and game",Sicilia,,4.0,5,12,4
1008,AIC,Green asparagus involtini,involtini all’asparago verde,involtini all’asparago verde,Appetizers,Emilia Romagna,Altedo,4.0,5,8,4
1009,AIC,Lamb Intestine Rolls (Involtini di Budelline di Agnello),involtini di budelline di agnello,involtini di budelline di agnello,"Meat, poultry and game",Molise,,6.0,7,12,5
1010,AIC,Roman-style meat rolls (Involtini alla Romana),involtini alla romana,involtini alla romana,"Meat, poultry and game",Lazio,,4.0,5,10,4
1011,AIC,Meat rolls with tuna sauce,involtini di carne tonnati,involtini di carne tonnati,Appetizers,Piemonte,,4.0,5,11,2
1012,AIC,Eggplant involtini,involtini di melanzane,involtini di melanzane,"Vegetables, eggs and legumes",Sicilia,,20.0,9,10,7
1013,AIC,Donkey meat rolls with pancetta,involtini di musso alla pancetta,involtini di musso alla pancetta,"Meat, poultry and game",Veneto,,4.0,5,13,4
1014,AIC,Swordfish Rolls,involtini di pescespada,involtini di pescespada,Fish and seafood,Sicilia,,4.0,5,13,5
1015,AIC,Stuffed pepper rolls,involtini di peperoni,involtini di peperoni,"Vegetables, eggs and legumes",Campania,Napoli,4.0,5,11,4
1016,AIC,Sausage involtini,involtini di salsiccia,involtini di salsiccia,"Meat, poultry and game",Calabria,Celico,4.0,6,4,3
1017,AIC,Savoy cabbage rolls,involtino di verze,involtino di verze,"Meat, poultry and game",Lombardia,,4.0,7,10,6
1018,AIC,Pastinas or Pastissus,is pastinas o pastissus,is pastinas o pastissus,Desserts and liqueurs,Sardegna,Campidano,6.0,9,13,7
1019,AIC,Jota,jota,jota,Soups and broths,Friuli Venezia Giulia,,6.0,7,10,5
1020,AIC,jota carnica,jota carnica,jota carnica,Soups and broths,Friuli Venezia Giulia,Sigilletto,4.0,6,12,1
1021,AIC,Gorizian jota,jota goriziana,jota goriziana,Soups and broths,Friuli Venezia Giulia,"Gorizia, Collio, Carso",4.0,5,11,3
1022,AIC,kaiserschmarn,kaiserschmarn,kaiserschmarn,Desserts and liqueurs,Veneto,,8.0,7,10,5
1023,AIC,kaiserschmarn (imperial omelette),kaiserschmarn (sminuzzata imperiale),kaiserschmarn (sminuzzata imperiale),Desserts and liqueurs,Friuli Venezia Giulia,,4.0,8,10,5
1024,AIC,Apple Knödel,knödel con le mele,knödel con le mele,Desserts and liqueurs,Trentino Alto Adige,,8.0,7,7,4
1025,AIC,Cheese knödel,knödel con il formaggio,knödel con il formaggio,"Pasta, rice and polenta",Trentino Alto Adige,,8.0,13,14,7
1026,AIC,Apricot Knödel,knödel con le albicocche,knödel con le albicocche,Desserts and liqueurs,Trentino Alto Adige,,16.0,8,9,7
1027,AIC,Knödel with speck,knödel con lo speck,knödel con lo speck,"Pasta, rice and polenta",Trentino Alto Adige,,4.0,6,11,6
1028,AIC,Spinach knödel,knödel di spinaci,knödel di spinaci,"Pasta, rice and polenta",Veneto,,4.0,9,10,5
1029,AIC,Spinach knödel,knödel con spinaci,knödel con spinaci,"Pasta, rice and polenta",Trentino Alto Adige,,8.0,7,11,4
1030,AIC,Speck knödel in broth,knödel con lo speck in brodo,knödel con lo speck in brodo,Soups and broths,Trentino Alto Adige,,4.0,8,12,6
1031,AIC,Plum or Apricot Knödel,knödel di prugne o albicocche,knödel di prugne o albicocche,Desserts and liqueurs,Veneto,,8.0,7,8,4
1032,AIC,koch de gries (sweet semolina flan),koch de gries (sformato dolce di semolino),koch de gries (sformato dolce di semolino),Desserts and liqueurs,Friuli Venezia Giulia,"Gorizia, Collio, Carso, Trieste",4.0,5,9,9
1033,AIC,Rice Koch,koch di riso,koch di riso,Desserts and liqueurs,Friuli Venezia Giulia,,4.0,6,8,6
1034,AIC,Krapfen with potatoes,krapfen con le patate,krapfen con le patate,Desserts and liqueurs,Friuli Venezia Giulia,,4.0,4,8,3
1035,AIC,La Pia,la pia,la pia,Pizzas and savory pies,Molise,"Sant’Agapito, Monteroduni",10.0,8,10,5
1036,AIC,La Minestra (Calabrian Vegetable and Bean Soup),la minestra,la minestra,Soups and broths,Calabria,,4.0,7,10,4
1037,AIC,La Pigneti,la pigneti,la pigneti,"Meat, poultry and game",Basilicata,Matera,4.0,4,10,4
1038,AIC,La Repouta,la repouta,la repouta,"Vegetables, eggs and legumes",Valle d'Aosta,,6.0,6,11,5
1039,AIC,St. Agnes's Pocket (La Saccoccia di Santa Agnese),la saccoccia di santa agnese,la saccoccia di santa agnese,"Pasta, rice and polenta",Abruzzo,,6.0,6,12,5
1040,AIC,La Sorça,la sorça,la sorça,"Vegetables, eggs and legumes",Valle d'Aosta,,4.0,6,16,3
1041,AIC,Soça,la soça,la soça,"Meat, poultry and game",Valle d'Aosta,,4.0,8,9,6
1042,AIC,Love laces with olaci (wild spinach),lacci d’amore con gli olaci (spinaci selvatici),lacci d’amore con gli olaci (spinaci selvatici),"Pasta, rice and polenta",Abruzzo,,6.0,10,10,8
1043,AIC,Caraccioline-style Laganelle with River Crayfish,laganelle caraccioline ai gamberi di fiume,laganelle caraccioline ai gamberi di fiume,"Pasta, rice and polenta",Abruzzo,,4.0,8,13,7
1044,AIC,La Rhotia,la rhotia,la rhotia,Desserts and liqueurs,Valle d'Aosta,,4.0,8,8,5
1045,AIC,Laganelle with ragù,laganelle al ragù,laganelle al ragù,"Pasta, rice and polenta",Abruzzo,,4.0,7,12,5
1046,AIC,Lampascioni with white fava beans,lampascioni con fave bianche,lampascioni con fave bianche,"Vegetables, eggs and legumes",Puglia,,4.0,3,3,1
1047,AIC,Saint Joseph's Lagane,lagane di san giuseppe,lagane di san giuseppe,"Pasta, rice and polenta",Puglia,Mola,4.0,4,6,1
1048,AIC,Laghane with chickpeas (or beans or grass peas),laghane cu li cicere (o fasuli o cecerchie),laghane cu li cicere (o fasuli o cecerchie),"Pasta, rice and polenta",Basilicata,,6.0,10,9,7
1049,AIC,Lampascioni with vinegar,lampascioni all’aceto,lampascioni all’aceto,"Vegetables, eggs and legumes",Puglia,,4.0,5,5,5
1050,AIC,Lampascioni with eggs,lampascioni con le uova,lampascioni con le uova,"Vegetables, eggs and legumes",Molise,Termoli,4.0,5,5,5
1051,AIC,Fried lampascioni,lampascioni fritti,lampascioni fritti,"Vegetables, eggs and legumes",Puglia,,4.0,8,5,4
1052,AIC,Lardari with tomato,lardari al pomodoro,lardari al pomodoro,"Vegetables, eggs and legumes",Campania,Salerno,4.0,5,6,2
1053,AIC,Lasagna Beneventana,lasagna beneventana,lasagna beneventana,"Pasta, rice and polenta",Campania,,4.0,10,16,12
1054,AIC,Lasagna in broth,lasagna in brodo,lasagna in brodo,Soups and broths,Molise,"Campobasso, Termoli, Casacalenda, Larino, San Martino in Pensilis, Montecilfone",6.0,9,13,11
1055,AIC,Lasagne with ricotta and eggplant,lasagne con ricotta e melanzane,lasagne con ricotta e melanzane,"Pasta, rice and polenta",Sicilia,,4.0,4,6,3
1056,AIC,Baked lasagne in broth,lasagne al forno in brodo,lasagne al forno in brodo,Soups and broths,Puglia,Francavilla Fontana,4.0,7,8,6
1057,AIC,Neapolitan lasagna,lasagna napoletana,lasagna napoletana,"Pasta, rice and polenta",Campania,,8.0,9,12,7
1058,AIC,Lasagne da Fornel (Sweet Baked Lasagne),lasagne da fornel,lasagne da fornel,Desserts and liqueurs,Veneto,,8.0,8,10,5
1059,AIC,Stuffed Lasagne,lasagne imbottite,lasagne imbottite,"Pasta, rice and polenta",Calabria,,4.0,12,15,10
1060,AIC,Lasagne or 'Mandilli de Saea' (Silk Handkerchiefs),lasagne o “mandilli de saea”,lasagne o “mandilli de saea”,"Pasta, rice and polenta",Liguria,,4.0,6,5,3
1061,AIC,Ricce lasagne with ricotta and fried cauliflower,lasagne ricce con ricotta e cavolfiore fritto,lasagne ricce con ricotta e cavolfiore fritto,"Pasta, rice and polenta",Sicilia,,8.0,4,5,5
1062,AIC,Yellow Bolognese Lasagna (or Golden Drop Lasagna),lasagne gialle bolognesi (o lasagne goccia d’oro),lasagne gialle bolognesi (o lasagne goccia d’oro),"Pasta, rice and polenta",Emilia Romagna,,4.0,8,16,8
1063,AIC,Spanish-style milk in cups,latte alla spagnola in chicchere,latte alla spagnola in chicchere,Desserts and liqueurs,Liguria,,8.0,5,5,5
1064,AIC,Green Lasagne Bolognese Style (Lasagne Verdi alla Bolognese),lasagne verdi alla bolognese,lasagne verdi alla bolognese,"Pasta, rice and polenta",Emilia Romagna,,4.0,11,10,9
1065,AIC,Latte Brulé,latte brulé,latte brulé,Desserts and liqueurs,Emilia Romagna,,4.0,7,4,7
1066,AIC,Almond Milk Dessert,latte di mandorle,latte di mandorle,Desserts and liqueurs,Puglia,,4.0,9,6,5
1067,AIC,Latte Dolce (Sweet Milk Custard),latte dolce,latte dolce,Desserts and liqueurs,Liguria,,4.0,5,9,3
1068,AIC,Fried Milk,latte fritto,latte fritto,Desserts and liqueurs,Abruzzo,,4.0,7,9,6
1069,AIC,Stuffed Lettuces (Lattughe Ripiene),lattughe ripiene,lattughe ripiene,Soups and broths,Liguria,,4.0,8,15,6
1070,AIC,Laurino Liqueur,laurino,laurino,Desserts and liqueurs,Emilia Romagna,,4.0,6,4,6
1071,AIC,Aquilana-style lentils,lenticchie all’aquilana,lenticchie all’aquilana,"Vegetables, eggs and legumes",Abruzzo,,4.0,6,7,1
1072,AIC,Lavarelli in white wine,lavarelli al vino bianco,lavarelli al vino bianco,Fish and seafood,Lombardia,,4.0,8,9,5
1073,AIC,Lentils and Cotechino,lenticchie e cotechino,lenticchie e cotechino,Soups and broths,Molise,,4.0,6,10,6
1074,AIC,Hare Civet,lepre al civet,lepre al civet,"Meat, poultry and game",Piemonte,,4.0,8,12,5
1075,AIC,Hare with Fava Beans,lepre con favette,lepre con favette,"Meat, poultry and game",Sardegna,Alghero,4.0,5,9,2
1076,AIC,Sweet and Sour Hare,lepre in agrodolce,lepre in agrodolce,"Meat, poultry and game",Trentino Alto Adige,,4.0,5,17,4
1077,AIC,Hare in Agrodolce,lepre in agrodolce,lepre in agrodolce,"Meat, poultry and game",Sardegna,Gallura,4.0,4,11,2
1078,AIC,Hare in Concia,lepre in concia,lepre in concia,"Meat, poultry and game",Trentino Alto Adige,,6.0,8,16,5
1079,AIC,Hare in salmì,lepre in salmì,lepre in salmì,"Meat, poultry and game",Lombardia,,4.0,12,19,6
1080,AIC,Hare in Salmis,lepre in salmì,lepre in salmì,"Meat, poultry and game",Toscana,Toscana,4.0,5,15,4
1081,AIC,Milanese Mixed Boiled Meats,lesso misto milanese,lesso misto milanese,"Meat, poultry and game",Lombardia,,12.0,6,9,3
1082,AIC,Dried Fig 'Libretto',libretto di fichi secchi,libretto di fichi secchi,Desserts and liqueurs,Abruzzo,,10.0,5,10,5
1083,AIC,Limoncello,limoncello,limoncello,Desserts and liqueurs,Campania,Salerno,4.0,5,4,4
1084,AIC,Tongue in dolceforte sauce,lingua in dolceforte,lingua in dolceforte,"Meat, poultry and game",Toscana,,4.0,6,13,5
1085,AIC,linguine with seafood,linguine ai frutti di mare,linguine ai frutti di mare,"Pasta, rice and polenta",Abruzzo,,4.0,7,12,3
1086,AIC,Linguine with lupini clams,linguine ai lupini o paparazze,linguine ai lupini o paparazze,"Pasta, rice and polenta",Abruzzo,,4.0,6,10,4
1087,AIC,Linguine with sea urchin roe,linguine ai ricci di mare,linguine ai ricci di mare,"Pasta, rice and polenta",Sardegna,"Sassari, Porto Torres, Alghero",4.0,4,6,3
1088,AIC,linguine al cartoccio,linguine al cartoccio,linguine al cartoccio,"Pasta, rice and polenta",Puglia,,4.0,7,8,5
1089,AIC,Linguine with cuttlefish ragù,linguine al ragù di seppia,linguine al ragù di seppia,"Pasta, rice and polenta",Puglia,,6.0,7,9,6
1090,AIC,linguine alla puttanesca,linguine alla puttanesca,linguine alla puttanesca,"Pasta, rice and polenta",Campania,,4.0,7,10,7
1091,AIC,Linguine with anchovy battuto,linguine con battuto di alici,linguine con battuto di alici,"Pasta, rice and polenta",Abruzzo,,4.0,7,8,6
1092,AIC,Spelt linguine with scampi,linguine di farro con gli scampi,linguine di farro con gli scampi,"Pasta, rice and polenta",Abruzzo,,4.0,7,7,3
1093,AIC,Linguine di Aspromonte,linguine di aspromonte,linguine di aspromonte,"Pasta, rice and polenta",Calabria,,4.0,12,14,7
1094,AIC,Linguine with sun-dried tomatoes,linguine con i pomodori secchi,linguine con i pomodori secchi,"Pasta, rice and polenta",Calabria,,4.0,6,6,4
1095,AIC,liptauer,liptauer,liptauer,Appetizers,Friuli Venezia Giulia,,4.0,4,9,3
1096,AIC,Licorice liqueur,liquore alla liquirizia,liquore alla liquirizia,Desserts and liqueurs,Calabria,,4.0,6,4,5
1097,AIC,Pork loin with milk,lonza di maiale al latte,lonza di maiale al latte,"Meat, poultry and game",Lombardia,,6.0,10,9,4
1098,AIC,Lu Ghisadu (Sardinian Meat Stew),lu ghisadu,lu ghisadu,Sauces,Sardegna,Sassari,4.0,3,8,2
1099,AIC,Grilled Pike,luccio ai ferri,luccio ai ferri,Fish and seafood,Veneto,,4.0,4,7,3
1100,AIC,Luccio alla Gardesana,luccio alla gardesana,luccio alla gardesana,Fish and seafood,Veneto,,4.0,7,14,4
1101,AIC,Pike in sauce,luccio in salsa,luccio in salsa,Fish and seafood,Veneto,,4.0,5,6,3
1102,AIC,Boiled Pike,luccio lessato,luccio lessato,Fish and seafood,Veneto,,4.0,4,6,3
1103,AIC,Luigino (Lemon Verbena Liqueur),luigino,luigino,Desserts and liqueurs,Emilia Romagna,,8.0,7,5,5
1104,AIC,Snails in sauce,lumache al sugo,lumache al sugo,Fish and seafood,Calabria,,4.0,9,11,6
1105,AIC,Bobbiese-style snails,lumache alla bobbiese,lumache alla bobbiese,Fish and seafood,Emilia Romagna,,4.0,7,10,3
1106,AIC,Casumaro-style snails,lumache alla casumarese,lumache alla casumarese,Fish and seafood,Emilia Romagna,,4.0,7,18,3
1107,AIC,Lumache (Snails),lumache,lumache,Fish and seafood,Veneto,,4.0,5,6,3
1108,AIC,Lumache alla Perugina,lumache alla perugina,lumache alla perugina,"Pasta, rice and polenta",Umbria,Castel Rigone (Pg),4.0,6,9,3
1109,AIC,Snails Piacenza-style,lumache alla piacentina,lumache alla piacentina,Fish and seafood,Emilia Romagna,,4.0,7,14,2
1110,AIC,Sea Snails in Porchetta Style,lumache in porchetta,lumache in porchetta,Fish and seafood,Marche,,4.0,4,8,2
1111,AIC,Snails in shallot and mushroom sauce,lumache in salsa di scalogno e funghi,lumache in salsa di scalogno e funghi,Fish and seafood,Emilia Romagna,,4.0,8,12,3
1112,AIC,Stewed snails,lumache in umido,lumache in umido,Fish and seafood,Piemonte,,4.0,5,14,1
1113,AIC,Stewed Snails (Lumache in Umido),lumache in umido,lumache in umido,Fish and seafood,Emilia Romagna,,4.0,4,16,4
1114,AIC,Stewed sea snails,lumache in umido,lumache in umido,Fish and seafood,Marche,,4.0,4,11,4
1115,AIC,Trentino-style stewed snails,lumache in umido alla trentina,lumache in umido alla trentina,Fish and seafood,Trentino Alto Adige,,4.0,6,13,6
1116,AIC,Snails in the shell,lumache nel guscio,lumache nel guscio,Fish and seafood,Trentino Alto Adige,,4.0,4,7,5
1117,AIC,Lumache trifolate,lumache trifolate,lumache trifolate,Fish and seafood,Lombardia,,6.0,7,11,3
1118,AIC,Small Sea Snails,lumachelle di mare,lumachelle di mare,Fish and seafood,Lazio,,4.0,5,8,4
1119,AIC,Lumachelle orvietane,lumachelle orvietane,lumachelle orvietane,Pizzas and savory pies,Umbria,,4.0,7,8,5
1120,AIC,Scheggino-style Lumachine Pasta,lumachine alla schegginese,lumachine alla schegginese,"Pasta, rice and polenta",Umbria,,4.0,6,8,4
1121,AIC,Sea Snails,lumachine di mare,lumachine di mare,Fish and seafood,Marche,,4.0,9,7,5
1122,AIC,Fano-style small snails,lumachini alla fanese,lumachini alla fanese,Fish and seafood,Marche,,4.0,6,9,4
1123,AIC,Maccaronara from Montemarano,maccaronara di montemarano,maccaronara di montemarano,"Pasta, rice and polenta",Campania,Montemarano di Avellino,4.0,10,15,8
1124,AIC,maccheroncini with arugula,maccheroncini con la rughetta,maccheroncini con la rughetta,"Pasta, rice and polenta",Puglia,,4.0,9,9,9
1125,AIC,maccarrones de busa,maccarrones de busa,maccarrones de busa,"Pasta, rice and polenta",Sardegna,,4.0,6,9,4
1126,AIC,maccarrones a bocciu,maccarrones a bocciu,maccarrones a bocciu,"Pasta, rice and polenta",Sardegna,,4.0,4,8,4
1127,AIC,maccheroncini di campofilone,maccheroncini di campofilone,maccheroncini di campofilone,"Pasta, rice and polenta",Marche,,4.0,6,3,5
1128,AIC,"Maccheroni with garlic and oil, Lanciano style",maccheroni aglio e olio alla lancianese,maccheroni aglio e olio alla lancianese,"Pasta, rice and polenta",Abruzzo,,4.0,7,6,6
1129,AIC,Baked maccheroni,maccheroni al forno,maccheroni al forno,"Pasta, rice and polenta",Puglia,,4.0,4,7,5
1130,AIC,maccheroni al pettine,maccheroni al pettine,maccheroni al pettine,"Pasta, rice and polenta",Emilia Romagna,,4.0,10,11,7
1131,AIC,Maccheroni alla Bolognese,maccheroni alla bolognese,maccheroni alla bolognese,"Pasta, rice and polenta",Emilia Romagna,,4.0,6,12,5
1132,AIC,Macaroni au gratin,maccheroni al gratin,maccheroni al gratin,"Pasta, rice and polenta",Campania,Napoli,6.0,8,9,5
1133,AIC,maccheroni alla chitarra,maccheroni alla chitarra,maccheroni alla chitarra,"Pasta, rice and polenta",Abruzzo,,6.0,9,14,6
1134,AIC,Genovese-style macaroni,maccheroni alla genovese,maccheroni alla genovese,"Pasta, rice and polenta",Campania,Napoli,8.0,6,13,4
1135,AIC,Maccheroni alla Mulinara,maccheroni alla mulinara,maccheroni alla mulinara,"Pasta, rice and polenta",Abruzzo,,6.0,7,13,3
1136,AIC,Maccheroni alla Rossini,maccheroni alla rossini,maccheroni alla rossini,"Pasta, rice and polenta",Emilia Romagna,,4.0,10,16,11
1137,AIC,Torano-style maccheroni,maccheroni alla toranese,maccheroni alla toranese,"Pasta, rice and polenta",Calabria,Torano Castello,4.0,5,5,5
1138,AIC,Dry Macaroni,maccheroni asciutti,maccheroni asciutti,"Pasta, rice and polenta",Campania,,6.0,7,10,3
1139,AIC,Maccheroni con le ceppe,maccheroni con le ceppe,maccheroni con le ceppe,"Pasta, rice and polenta",Abruzzo,,6.0,8,14,6
1140,AIC,Maccheroni in a pan,maccheroni in padella,maccheroni in padella,"Pasta, rice and polenta",Calabria,,4.0,6,10,4
1141,AIC,Maccheroni di Bobbio,maccheroni di bobbio,maccheroni di bobbio,"Pasta, rice and polenta",Emilia Romagna,,4.0,7,9,8
1142,AIC,Maccheroni di Natale in Brodo (Christmas Macaroni in Broth),maccheroni di natale in brodo,maccheroni di natale in brodo,Soups and broths,Liguria,,4.0,9,13,4
1143,AIC,Rigatoni with sausage,maccheroni rigati con la salsiccia,maccheroni rigati con la salsiccia,"Pasta, rice and polenta",Emilia Romagna,,4.0,5,10,5
1144,AIC,Maccheroni with duck sauce,maccheroni sul papero,maccheroni sul papero,"Pasta, rice and polenta",Toscana,,4.0,5,17,4
1145,AIC,Polenta with beans (Macco con fagioli),macco con fagioli,macco con fagioli,"Pasta, rice and polenta",Umbria,,4.0,6,9,7
1146,AIC,Maccheroni with Eel Head and Tail,maccheroni teste e code,maccheroni teste e code,"Pasta, rice and polenta",Campania,,4.0,8,10,5
1147,AIC,Macco di Fave (Fava Bean Soup),macco di fave,macco di fave,Soups and broths,Sicilia,,4.0,5,5,4
1148,AIC,Mach,mach,mach,Soups and broths,Lombardia,,6.0,5,4,2
1149,AIC,Mach,mach,mach,Soups and broths,Piemonte,Biella,4.0,6,4,4
1150,AIC,Duck breast with marasca cherries,magrone d’anatra con marasche,magrone d’anatra con marasche,"Meat, poultry and game",Veneto,,4.0,8,13,5
1151,AIC,Poor Man's Pork from Sassinoro,maialata povera di sassinoro,maialata povera di sassinoro,"Meat, poultry and game",Campania,,6.0,2,5,1
1152,AIC,Sweet and Sour Pork,maiale all’agrodolce,maiale all’agrodolce,"Meat, poultry and game",Umbria,,4.0,6,8,3
1153,AIC,Pork with chickpeas,maiale con i ceci,maiale con i ceci,"Meat, poultry and game",Lombardia,,4.0,5,9,4
1154,AIC,Pork with pickled peppers,maiale con i peperoni sottaceto,maiale con i peperoni sottaceto,"Meat, poultry and game",Basilicata,,4.0,5,4,3
1155,AIC,Porchetta-style suckling pig,maialino in porchetta,maialino in porchetta,"Meat, poultry and game",Lazio,Allumiere e Tolfa,4.0,6,10,4
1156,AIC,Pork with baked potatoes,maiale con patate al forno,maiale con patate al forno,"Meat, poultry and game",Basilicata,,4.0,6,9,3
1157,AIC,Pork with Savoy Cabbage,maiale con la verza,maiale con la verza,"Meat, poultry and game",Sardegna,,6.0,4,7,3
1158,AIC,Charcoal-grilled Pork in Vinegar,maiale sott’aceto alla brace,maiale sott’aceto alla brace,"Meat, poultry and game",Sardegna,,4.0,3,3,3
1159,AIC,Maltagliati with beans,maltagliati con i fagioli,maltagliati con i fagioli,"Pasta, rice and polenta",Lombardia,,4.0,7,10,3
1160,AIC,Maltagliati with leeks,maltagliati ai porro,maltagliati ai porro,"Pasta, rice and polenta",Piemonte,Alba,4.0,4,7,5
1161,AIC,Mandorlini del Ponte (Almond Cookies),mandorlini del ponte,mandorlini del ponte,Desserts and liqueurs,Emilia Romagna,,4.0,6,5,6
1162,AIC,Mandorlato of Cologna Veneta,mandorlato di cologna veneta,mandorlato di cologna veneta,Desserts and liqueurs,Veneto,,8.0,10,6,6
1163,AIC,manfrigùl,manfrigùl,manfrigùl,Soups and broths,Emilia Romagna,Forlì,4.0,6,14,4
1164,AIC,Manfriguli,manfriguli,manfriguli,"Pasta, rice and polenta",Lombardia,,8.0,10,11,8
1165,AIC,Manzo alla California,manzo alla california,manzo alla california,"Meat, poultry and game",Lombardia,,6.0,7,9,2
1166,AIC,Oil-braised beef,manzo all’olio,manzo all’olio,"Meat, poultry and game",Lombardia,Rovato di Brescia,8.0,5,11,4
1167,AIC,Milanese-style stewed beef,manzo stufato alla milanese,manzo stufato alla milanese,"Meat, poultry and game",Lombardia,,6.0,4,14,2
1168,AIC,Margaritine di Stresa,margaritine di stresa,margaritine di stresa,Desserts and liqueurs,Piemonte,,50.0,5,5,5
1169,AIC,Mariconda,mariconda,mariconda,Soups and broths,Lombardia,,4.0,7,9,5
1170,AIC,Bolognese-style mariconda,mariconda alla bolognese,mariconda alla bolognese,Soups and broths,Emilia Romagna,,4.0,7,10,7
1171,AIC,mariola,mariola,mariola,Soups and broths,Calabria,,4.0,5,9,5
1172,AIC,maritozzi,maritozzi,maritozzi,Desserts and liqueurs,Lazio,Roma,4.0,9,9,5
1173,AIC,Bergamot jam,marmellata di bergamotto,marmellata di bergamotto,Desserts and liqueurs,Calabria,,8.0,8,5,5
1174,AIC,Marò,marò,marò,Sauces,Liguria,,4.0,4,6,2
1175,AIC,Marro,marro,marro,"Meat, poultry and game",Puglia,,6.0,5,7,4
1176,AIC,Marubini di Cremona,marubini di cremona,marubini di cremona,Soups and broths,Lombardia,,6.0,9,20,7
1177,AIC,Marrons Glacés,marrons glaces,marrons glaces,Desserts and liqueurs,Piemonte,,8.0,9,3,6
1178,AIC,Marzapane,marzapane,marzapane,Desserts and liqueurs,Friuli Venezia Giulia,,4.0,6,8,7
1179,AIC,Mascarpone with zabaione,mascarpone allo zabaione,mascarpone allo zabaione,Desserts and liqueurs,Lombardia,,6.0,7,5,4
1180,AIC,Ognina-style anchovies,masculini di ognina,masculini di ognina,Fish and seafood,Sicilia,Catania,4.0,4,10,4
1181,AIC,Mattone (Dessert Brick),mattone,mattone,Desserts and liqueurs,Piemonte,,6.0,5,8,4
1182,AIC,matuffi,matuffi,matuffi,"Pasta, rice and polenta",Toscana,,4.0,9,13,6
1183,AIC,Mazzamurru or Matzamurru,mazzamurru o matzamurru,mazzamurru o matzamurru,Appetizers,Sardegna,,6.0,6,10,5
1184,AIC,Breaded Parasol Mushrooms,mazze da tamburo impanate,mazze da tamburo impanate,"Vegetables, eggs and legumes",Lombardia,,4.0,5,6,5
1185,AIC,Teramo-style mazzarelle,mazzarelle alla teramana,mazzarelle alla teramana,"Meat, poultry and game",Abruzzo,,6.0,5,12,6
1186,AIC,Meascia,meascia,meascia,Desserts and liqueurs,Lombardia,,4.0,4,13,3
1187,AIC,Puntarelle with pesto,mazzocchi col pesto,mazzocchi col pesto,"Vegetables, eggs and legumes",Lazio,,4.0,5,6,3
1188,AIC,Tournedos Rossini,medaglione alla rossini,medaglione alla rossini,"Meat, poultry and game",Marche,,4.0,10,10,6
1189,AIC,Medallions of venison,medaglioni di cervo,medaglioni di cervo,"Meat, poultry and game",Trentino Alto Adige,,4.0,9,9,5
1190,AIC,Mushroom-style eggplant,melanzane a funghetto,melanzane a funghetto,"Vegetables, eggs and legumes",Campania,Napoli,4.0,7,6,7
1191,AIC,Eggplant in Carrozza,melanzane in carrozza,melanzane in carrozza,"Vegetables, eggs and legumes",Sicilia,Castellammare del Golfo,4.0,8,11,6
1192,AIC,Eggplant alla Scapece,melanzane alla scapece,melanzane alla scapece,"Vegetables, eggs and legumes",Abruzzo,Vasto,4.0,4,7,6
1193,AIC,Roasted Eggplants,melanzane arrosto,melanzane arrosto,"Vegetables, eggs and legumes",Sardegna,Sassari e dintorni,4.0,7,6,5
1194,AIC,melanzane alla parmigiana,melanzane alla parmigiana,melanzane alla parmigiana,"Vegetables, eggs and legumes",Emilia Romagna,,4.0,5,9,4
1195,AIC,Stuffed Eggplants (Brindisi style),melanzane ripiene,melanzane ripiene,"Vegetables, eggs and legumes",Puglia,Brindisi,4.0,6,11,8
1196,AIC,"Stuffed eggplants, Montenero style",melanzane ripiene alla montenerese,melanzane ripiene alla montenerese,"Vegetables, eggs and legumes",Molise,Montenero di Bisaccia,4.0,7,12,3
1197,AIC,Molasses Cake (Melassa),melassa,melassa,Desserts and liqueurs,Veneto,,4.0,4,10,4
1198,AIC,Meringues,meringhe,meringhe,Desserts and liqueurs,Liguria,,4.0,3,2,5
1199,AIC,Cod Fuscaldo-style,merluzzo alla fuscaldese,merluzzo alla fuscaldese,Fish and seafood,Calabria,,4.0,5,6,2
1200,AIC,Cod in green sauce,merluzzo al verde,merluzzo al verde,Fish and seafood,Piemonte,,4.0,8,15,4
1201,AIC,Stewed Salt Cod with Onions,merluzzo in umido con le cipolle,merluzzo in umido con le cipolle,Fish and seafood,Lombardia,,4.0,4,6,3
1202,AIC,Potato half-moons (mezzelune di patate),mezzelune di patate,mezzelune di patate,"Vegetables, eggs and legumes",Friuli Venezia Giulia,,4.0,5,7,7
1203,AIC,Mescciua,mescciua,mescciua,Soups and broths,Liguria,,4.0,5,8,4
1204,AIC,miascia,miascia,miascia,Desserts and liqueurs,Lombardia,,4.0,5,14,4
1205,AIC,Migliaccini with oil-packed tuna,migliaccini al tonno sott’olio,migliaccini al tonno sott’olio,Fish and seafood,Toscana,Pitigliano,4.0,7,10,7
1206,AIC,Sweet semolina migliaccio,migliaccio dolce di semolino,migliaccio dolce di semolino,Desserts and liqueurs,Campania,,6.0,10,10,5
1207,AIC,Rustic Migliaccio,migliaccio rustico,migliaccio rustico,"Pasta, rice and polenta",Campania,Avellino,4.0,8,8,7
1208,AIC,Rustic migliaccio,migliaccio rustico,migliaccio rustico,Pizzas and savory pies,Campania,,4.0,7,9,7
1209,AIC,Stuffed Spleen,milza imbottita,milza imbottita,"Meat, poultry and game",Campania,Salerno,4.0,9,9,4
1210,AIC,Milk Soup,minestra al latte,minestra al latte,Soups and broths,Valle d'Aosta,,4.0,4,10,3
1211,AIC,Egg Soup (Minestra all'uovo),minestra all’uovo,minestra all’uovo,Soups and broths,Lombardia,,8.0,7,11,5
1212,AIC,Soup with arzilla (thornback ray),minestra con l’arzilla,minestra con l’arzilla,Soups and broths,Lazio,Roma,4.0,6,12,1
1213,AIC,Minestra dei Morti (Soup of the Dead),minestra dei morti,minestra dei morti,Soups and broths,Lombardia,,6.0,5,9,4
1214,AIC,Thresher's Soup,minestra del bate ’l gran,minestra del bate ’l gran,Soups and broths,Piemonte,Alba,6.0,3,7,2
1215,AIC,Artichoke Minestra,minestra di carciofi,minestra di carciofi,Soups and broths,Sardegna,"Villasor, Serrenti",4.0,4,9,3
1216,AIC,Fresh Curd Soup (Merca),minestra di cagliata fresca (merca),minestra di cagliata fresca (merca),Soups and broths,Sardegna,,4.0,5,6,5
1217,AIC,Chestnut Soup,minestra di castagne,minestra di castagne,Soups and broths,Valle d'Aosta,,4.0,6,7,4
1218,AIC,Chestnut and Bean Soup,minestra di castagne e fagioli,minestra di castagne e fagioli,Soups and broths,Friuli Venezia Giulia,,4.0,7,10,2
1219,AIC,Chestnut and Pork Soup,minestra di castagne e maiale,minestra di castagne e maiale,Soups and broths,Sardegna,,6.0,12,7,2
1220,AIC,Chestnut and Leek Soup,minestra di castagne e porri,minestra di castagne e porri,Soups and broths,Campania,Benevento,4.0,8,12,6
1221,AIC,Dried chestnut soup,minestra di castagne secche,minestra di castagne secche,Soups and broths,Sardegna,"Gavoi, Belvì",6.0,5,7,4
1222,AIC,Cauliflower Soup with Broken Spaghetti,minestra di cavolfiore con spaghetti spezzati,minestra di cavolfiore con spaghetti spezzati,Soups and broths,Marche,,4.0,6,8,3
1223,AIC,Sassari-style Chickpea Soup,minestra di ceci alla sassarese,minestra di ceci alla sassarese,Soups and broths,Sardegna,,10.0,8,12,4
1224,AIC,Chickpea and Chestnut Soup,minestra di ceci e castagne,minestra di ceci e castagne,Soups and broths,Abruzzo,,4.0,5,7,1
1225,AIC,Chickpea Soup,minestra di ceci,minestra di ceci,Soups and broths,Marche,,4.0,5,7,1
1226,AIC,Chickpea and Pig's Trotter Soup,minestra di ceci e piedini di maiale,minestra di ceci e piedini di maiale,Soups and broths,Sardegna,,6.0,5,9,1
1227,AIC,Chickpea and Tagliolini Soup,minestra di ceci e tagliolini,minestra di ceci e tagliolini,Soups and broths,Sardegna,,6.0,7,10,5
1228,AIC,Chickpea and vegetable soup,minestra di ceci e verdure,minestra di ceci e verdure,Soups and broths,Calabria,,4.0,5,5,3
1229,AIC,"Chicory, Cheese, and Egg Soup","minestra di cicoria, cacio e uova","minestra di cicoria, cacio e uova",Soups and broths,Abruzzo,,6.0,5,7,6
1230,AIC,Wild herb soup,minestra di erbe di campo,minestra di erbe di campo,Soups and broths,Valle d'Aosta,,4.0,5,6,2
1231,AIC,Wild herb soup,minestra di erbe selvatiche,minestra di erbe selvatiche,Soups and broths,Sardegna,Gavoi,8.0,9,7,6
1232,AIC,Bean soup,minestra di fagioli,minestra di fagioli,Soups and broths,Umbria,,4.0,5,9,2
1233,AIC,Lamon-style bean soup,minestra di fagioli alla lamonese,minestra di fagioli alla lamonese,Soups and broths,Veneto,,4.0,8,10,2
1234,AIC,Bean and Broccoli Soup,minestra di fagioli con i broccoli,minestra di fagioli con i broccoli,Soups and broths,Calabria,,4.0,8,7,3
1235,AIC,Bean and Maltagliati Soup,minestra di fagioli e maltagliati o malmaritati,minestra di fagioli e maltagliati o malmaritati,Soups and broths,Emilia Romagna,,4.0,6,10,3
1236,AIC,Bean and Cardoncelli Mushroom Soup,minestra di fagioli e cardoncelli,minestra di fagioli e cardoncelli,Soups and broths,Basilicata,,4.0,7,10,6
1237,AIC,Bean and Savoy Cabbage Soup,minestra di fagioli e verza,minestra di fagioli e verza,Soups and broths,Sardegna,,6.0,5,6,2
1238,AIC,Bean and Wild Herb Soup,minestra di fagioli ed erbe di campo,minestra di fagioli ed erbe di campo,Soups and broths,Toscana,,4.0,10,12,3
1239,AIC,Piedmontese Bean Soup,minestra di fagioli piemontese,minestra di fagioli piemontese,Soups and broths,Piemonte,,4.0,8,12,1
1240,AIC,Wheat Flour Soup,minestra di farina di frumento,minestra di farina di frumento,Soups and broths,Valle d'Aosta,,4.0,4,4,2
1241,AIC,Spelt Soup (Minestra di Farro),minestra di farro,minestra di farro,Soups and broths,Umbria,,4.0,6,8,4
1242,AIC,Fava bean soup,minestra di fave,minestra di fave,Soups and broths,Calabria,,4.0,5,5,3
1243,AIC,Dried Fava Bean Soup (a bobba),minestra di fave secche (a bobba),minestra di fave secche (a bobba),Soups and broths,Sardegna,Carloforte,6.0,6,8,2
1244,AIC,Fava bean and potato soup,minestra di favette e patate,minestra di favette e patate,Soups and broths,Sardegna,,6.0,4,10,3
1245,AIC,Fregola soup with spider crab,minestra di fregola alla capra marina,minestra di fregola alla capra marina,Soups and broths,Sardegna,Calasetta,6.0,5,9,4
1246,AIC,Fregolotti soup,minestra di fregolotti,minestra di fregolotti,Soups and broths,Trentino Alto Adige,,6.0,6,6,3
1247,AIC,Cardoncelli Mushroom and Egg Soup,minestra di funghi cardoncelli e uova,minestra di funghi cardoncelli e uova,Soups and broths,Basilicata,,6.0,7,10,5
1248,AIC,Frégula and Arselle Clam Soup,minestra di frégula e arselle,minestra di frégula e arselle,Soups and broths,Sardegna,,6.0,9,9,7
1249,AIC,Porcini Mushroom Soup,minestra di funghi porcini,minestra di funghi porcini,Soups and broths,Sardegna,Arzana,6.0,6,8,3
1250,AIC,Cardoon Soup,minestra di gobbi (cardi),minestra di gobbi (cardi),Soups and broths,Lazio,,4.0,6,9,8
1251,AIC,"Corn, Bean, and Potato Soup","minestra di granoturco, fagioli e patate","minestra di granoturco, fagioli e patate",Soups and broths,Friuli Venezia Giulia,,6.0,7,11,6
1252,AIC,Goulash soup,minestra di gulasch,minestra di gulasch,Soups and broths,Trentino Alto Adige,,4.0,7,18,3
1253,AIC,Lentil soup,minestra di lenticchie,minestra di lenticchie,Soups and broths,Piemonte,,4.0,5,10,2
1254,AIC,Lentil and fried bread soup,minestra di lenticchie e pane fritto,minestra di lenticchie e pane fritto,Soups and broths,Abruzzo,,4.0,5,10,2
1255,AIC,Oristano-style Seafood Minestra,minestra di mare di oristano,minestra di mare di oristano,Soups and broths,Sardegna,Cabras,6.0,6,10,1
1256,AIC,Montasio soup,minestra di montasio,minestra di montasio,Soups and broths,Friuli Venezia Giulia,,4.0,8,13,5
1257,AIC,Mullet Soup,minestra di muggini,minestra di muggini,Soups and broths,Sardegna,Cabras,4.0,6,10,3
1258,AIC,Nettle Soup,minestra di ortiche,minestra di ortiche,Soups and broths,Abruzzo,,4.0,4,8,5
1259,AIC,Nettle Soup,minestra di ortiche,minestra di ortiche,Soups and broths,Valle d'Aosta,,4.0,4,10,2
1260,AIC,Walnut soup,minestra di noci,minestra di noci,Soups and broths,Piemonte,,4.0,5,6,5
1261,AIC,Barley Soup,minestra di orzo,minestra di orzo,Soups and broths,Trentino Alto Adige,,6.0,6,14,3
1262,AIC,Barley soup,minestra di orzo,minestra di orzo,Soups and broths,Veneto,,6.0,6,10,5
1263,AIC,Barley and vegetable soup,minestra di orzo e verdure,minestra di orzo e verdure,Soups and broths,Friuli Venezia Giulia,,4.0,4,13,2
1264,AIC,Barley soup,minestra di orzo,minestra di orzo,Soups and broths,Lombardia,,6.0,6,6,1
1265,AIC,Barley and Brovada Soup,minestra di orzo e brovada,minestra di orzo e brovada,Soups and broths,Friuli Venezia Giulia,,4.0,10,12,7
1266,AIC,Bread Soup,minestra di pane,minestra di pane,Soups and broths,Lombardia,,4.0,4,7,2
1267,AIC,Easter soup,minestra di pasqua,minestra di pasqua,Soups and broths,Emilia Romagna,Reggio Emilia,4.0,5,6,2
1268,AIC,Grated Pasta Soup (Minestra di Pasta Grattata),minestra di pasta grattata,minestra di pasta grattata,Soups and broths,Abruzzo,,4.0,5,5,2
1269,AIC,Pasta Trida Soup,minestra di pasta trida,minestra di pasta trida,Soups and broths,Lombardia,,4.0,5,9,3
1270,AIC,Potato Soup,minestra di patate,minestra di patate,Soups and broths,Sardegna,,6.0,3,10,3
1271,AIC,Potato and Zucchini Soup,minestra di patate e zucchine,minestra di patate e zucchine,Soups and broths,Puglia,,4.0,5,11,5
1272,AIC,Saffron Potato Soup,minestra di patate allo zafferano,minestra di patate allo zafferano,Soups and broths,Abruzzo,,6.0,6,8,3
1273,AIC,Fish minestra,minestra di pesce,minestra di pesce,Soups and broths,Marche,,4.0,7,7,5
1274,AIC,Pea soup,minestra di piselli,minestra di piselli,Soups and broths,Friuli Venezia Giulia,,6.0,8,10,4
1275,AIC,Fish soup with egg quadrucci,minestra di pesce con quadrucci all’uovo,minestra di pesce con quadrucci all’uovo,Soups and broths,Lazio,Civitavecchia,4.0,6,8,3
1276,AIC,Leek and Chestnut Soup,minestra di porri e castagne,minestra di porri e castagne,Soups and broths,Piemonte,,4.0,5,8,3
1277,AIC,Rice Soup (Minestra di Riso),minestra di riso,minestra di riso,Soups and broths,Piemonte,,6.0,9,17,6
1278,AIC,Rice and pumpkin soup,minestra di riso con la zucca,minestra di riso con la zucca,Soups and broths,Piemonte,,4.0,4,6,3
1279,AIC,Rice and Borage Soup,minestra di riso e borragine,minestra di riso e borragine,Soups and broths,Valle d'Aosta,,4.0,4,7,3
1280,AIC,Rice and Veal Heart Soup,minestra di riso e cuore di vitello,minestra di riso e cuore di vitello,Soups and broths,Lombardia,,6.0,7,7,4
1281,AIC,Rice and Bean Soup,minestra di riso e fagioli,minestra di riso e fagioli,Soups and broths,Valle d'Aosta,,4.0,3,8,2
1282,AIC,Snail and Rice Soup,minestra di riso e lumache,minestra di riso e lumache,Soups and broths,Toscana,,4.0,5,10,2
1283,AIC,Rice and lampredotto soup,minestra di riso e lampredotto,minestra di riso e lampredotto,Soups and broths,Toscana,,4.0,6,12,1
1284,AIC,Rice and Potato Soup,minestra di riso e patate,minestra di riso e patate,Soups and broths,Friuli Venezia Giulia,,4.0,4,8,4
1285,AIC,Rice and Potato Soup,minestra di riso e patate,minestra di riso e patate,Soups and broths,Veneto,,4.0,5,10,5
1286,AIC,Rice and Savoy Cabbage Soup,minestra di riso e verze,minestra di riso e verze,Soups and broths,Friuli Venezia Giulia,,4.0,4,9,6
1287,AIC,Escarole and cascigni soup in fish broth,minestra di scarola e cascigni in brodo di pesce,minestra di scarola e cascigni in brodo di pesce,Soups and broths,Abruzzo,,4.0,5,6,6
1288,AIC,Celery and potato soup,minestra di sedano e patate,minestra di sedano e patate,Soups and broths,Abruzzo,,6.0,3,7,2
1289,AIC,Barley semolina soup,minestra di semola d’orzo,minestra di semola d’orzo,Soups and broths,Sardegna,Campidano di Cagliari,6.0,3,5,1
1290,AIC,Semolina Soup,minestra di semolino,minestra di semolino,Soups and broths,Lazio,,4.0,4,7,7
1291,AIC,Barley Semolina and Marrow Soup,minestra di semola d’orzo e midollo,minestra di semola d’orzo e midollo,Soups and broths,Sardegna,Campidano di Cagliari,6.0,6,6,4
1292,AIC,Bean Soup,minestra di soli fagioli,minestra di soli fagioli,Soups and broths,Friuli Venezia Giulia,,4.0,7,10,3
1293,AIC,Tagliatelle and Chestnut Soup,minestra di tagliatelle e castagne,minestra di tagliatelle e castagne,Soups and broths,Piemonte,,4.0,5,6,5
1294,AIC,Zucchini Shoot Soup with Tomato,minestra di talli al pomodoro,minestra di talli al pomodoro,Soups and broths,Calabria,,4.0,6,5,3
1295,AIC,Cabbage and Pork Rind Soup,minestra di verze e cotenne,minestra di verze e cotenne,Soups and broths,Piemonte,,4.0,6,7,3
1296,AIC,Tripe Soup,minestra di trippe,minestra di trippe,Soups and broths,Trentino Alto Adige,,4.0,8,13,2
1297,AIC,Savoy Cabbage and Rice Soup,minestra di virzi e risi,minestra di virzi e risi,Soups and broths,Campania,,4.0,6,7,5
1298,AIC,Long Squash Soup,minestra di zucca lunga,minestra di zucca lunga,Soups and broths,Calabria,,4.0,5,8,3
1299,AIC,Zucchini and Zucchini Flower Soup,minestra di zucchine e fiori di zucca,minestra di zucchine e fiori di zucca,Soups and broths,Calabria,,4.0,4,8,3
1300,AIC,Minted Barley Soup,minestra d’orzo mentata,minestra d’orzo mentata,Soups and broths,Sardegna,,6.0,7,5,3
1301,AIC,Barley soup,minestra d’orzo,minestra d’orzo,Soups and broths,Valle d'Aosta,,4.0,3,8,1
1302,AIC,Yellow and green soup,minestra gialla e verde,minestra gialla e verde,Soups and broths,Emilia Romagna,,4.0,5,8,2
1303,AIC,Minestra Maritata,minestra maritata,minestra maritata,Soups and broths,Puglia,Lucera,4.0,6,7,8
1304,AIC,Minestra Maritata (Married Soup),minestra maritata,minestra maritata,Soups and broths,Veneto,Padova,4.0,7,7,5
1305,AIC,Married Soup (Minestra Maritata),minestra maritata,minestra maritata,Soups and broths,Abruzzo,,4.0,8,15,4
1306,AIC,Minestra Maritata (Wedding Soup),minestra maritata,minestra maritata,Soups and broths,Campania,,6.0,9,19,6
1307,AIC,Minestra Maritata (Married Soup),minestra maritata,minestra maritata,Soups and broths,Piemonte,,6.0,8,14,1
1308,AIC,Minestra Maritata (Married Soup),minestra maritata,minestra maritata,Soups and broths,Basilicata,,4.0,6,7,1
1309,AIC,Married soup with 'nduja,minestra maritata con la ’nduja,minestra maritata con la ’nduja,Soups and broths,Calabria,,4.0,5,6,2
1310,AIC,Minestra in a Bag,minestra nel sacchetto,minestra nel sacchetto,Soups and broths,Emilia Romagna,,4.0,5,9,5
1311,AIC,Rich Celery Soup (Minestra Ricca al Sedano),minestra ricca al sedano,minestra ricca al sedano,Soups and broths,Basilicata,,4.0,6,12,6
1312,AIC,Minestra Sporca (Dirty Broth),minestra sporca,minestra sporca,Soups and broths,Lombardia,,4.0,5,10,1
1313,AIC,Tricolor soup,minestra tricolore,minestra tricolore,Soups and broths,Emilia Romagna,,4.0,8,10,6
1314,AIC,Minestrone,minestrone,minestrone,Soups and broths,Marche,,4.0,4,12,2
1315,AIC,Genoese minestrone with pesto,minestrone alla genovese al pesto,minestrone alla genovese al pesto,Soups and broths,Liguria,,4.0,8,19,5
1316,AIC,Minestrone Dauno,minestrone dauno,minestrone dauno,Soups and broths,Puglia,Foggia,4.0,4,9,3
1317,AIC,Milanese-style minestrone,minestrone alla milanese,minestrone alla milanese,Soups and broths,Lombardia,,10.0,8,18,5
1318,AIC,Dried Chestnut Minestrone,minestrone di castagne secche,minestrone di castagne secche,Soups and broths,Sardegna,Ploaghe,4.0,8,9,5
1319,AIC,Chickpea and Pork Rib Minestrone,minestrone di ceci e costine,minestrone di ceci e costine,Soups and broths,Piemonte,,4.0,6,12,6
1320,AIC,"Bean, Cabbage, and Potato Minestrone","minestrone di fagioli, cavolo e patate","minestrone di fagioli, cavolo e patate",Soups and broths,Calabria,,6.0,7,7,3
1321,AIC,Sorrel Minestrone,minestrone di romice,minestrone di romice,Soups and broths,Sardegna,Fonni,4.0,6,12,3
1322,AIC,Fresh cheese minestrone,minestrone di formaggio fresco,minestrone di formaggio fresco,Soups and broths,Sardegna,,6.0,7,12,4
1323,AIC,Miscischia di Guardialfiera,miscischia di guardialfiera,miscischia di guardialfiera,"Meat, poultry and game",Molise,,4.0,3,8,5
1324,AIC,Missoltini with polenta,missoltini con polenta,missoltini con polenta,Fish and seafood,Lombardia,,6.0,5,5,6
1325,AIC,mlinci,mlinci,mlinci,"Pasta, rice and polenta",Friuli Venezia Giulia,,12.0,9,5,7
1326,AIC,mistocchine,mistocchine,mistocchine,Desserts and liqueurs,Emilia Romagna,,4.0,4,5,2
1327,AIC,Fried moleche,moleche fritte,moleche fritte,Fish and seafood,Veneto,,4.0,5,5,3
1328,AIC,Mont-Blanc,mont-blanc,mont-blanc,Desserts and liqueurs,Valle d'Aosta,,4.0,10,8,9
1329,AIC,Morzi,morzi,morzi,"Vegetables, eggs and legumes",Puglia,Martano,4.0,6,7,2
1330,AIC,Stockfish Morzello,morzello di stoccafisso,morzello di stoccafisso,Fish and seafood,Calabria,,4.0,7,9,3
1331,AIC,Gratinéed Portonovo Mussels,moscioli di portonovo gratinati,moscioli di portonovo gratinati,Appetizers,Marche,,4.0,5,9,5
1332,AIC,Poached Curled Octopus with Sweet and Sour Onions,moscardini affogati con cipolla in agrodolce,moscardini affogati con cipolla in agrodolce,Fish and seafood,Marche,,4.0,5,10,4
1333,AIC,mostaccioli,mostaccioli,mostaccioli,Desserts and liqueurs,Lazio,Roma e del Lazio,4.0,4,7,5
1334,AIC,mostaccioli,mostaccioli,mostaccioli,Desserts and liqueurs,Calabria,,8.0,5,4,4
1335,AIC,mostaccioli,mostaccioli,mostaccioli,Desserts and liqueurs,Abruzzo,,10.0,5,8,6
1336,AIC,Mostaccioli with cooked wine must,mostaccioli di vino cotto,mostaccioli di vino cotto,Desserts and liqueurs,Calabria,,8.0,8,7,6
1337,AIC,Mostarda di Carpi,mostarda di carpi,mostarda di carpi,Sauces,Emilia Romagna,,,4,6,3
1338,AIC,Chianti mostarda,mostarda del chianti,mostarda del chianti,Sauces,Toscana,,,5,10,4
1339,AIC,Mostarda di Cremona,mostarda di cremona,mostarda di cremona,Sauces,Lombardia,,,9,4,7
1340,AIC,Prickly pear mostarda,mostarda di fichi d’india,mostarda di fichi d’india,Desserts and liqueurs,Sicilia,,8.0,5,7,5
1341,AIC,Mostarda Mantovana,mostarda mantovana,mostarda mantovana,Sauces,Lombardia,,,6,4,4
1342,AIC,Orange mousse,mousse di arance,mousse di arance,Desserts and liqueurs,Campania,Napoli,12.0,7,7,11
1343,AIC,Cooked ham mousse,mousse di prosciutto cotto,mousse di prosciutto cotto,Appetizers,Emilia Romagna,,4.0,7,5,7
1344,AIC,Mortadella mousse or foam,mousse o spuma di mortadella,mousse o spuma di mortadella,Appetizers,Emilia Romagna,Bologna,4.0,3,4,2
1345,AIC,mozzarella in carrozza,mozzarella in carrozza,mozzarella in carrozza,Appetizers,Lazio,Roma,4.0,6,7,4
1346,AIC,Mozzarella in Carrozza,mozzarella in carrozza,mozzarella in carrozza,Appetizers,Campania,,4.0,6,7,5
1347,AIC,mpanatigghie,mpanatigghie,mpanatigghie,Desserts and liqueurs,Sicilia,,8.0,7,12,9
1348,AIC,Christmas Mpepatelli,mpepatelli di natale,mpepatelli di natale,Desserts and liqueurs,Molise,,30.0,9,10,7
1349,AIC,Almond Mpigna,mpigna di mandorle,mpigna di mandorle,Desserts and liqueurs,Molise,Trivento,20.0,6,8,5
1350,AIC,Stewed Moray Eel with Peas,murena in umido con i piselli,murena in umido con i piselli,Fish and seafood,Lazio,Civitavecchia,4.0,6,7,2
1351,AIC,murzeddu,murzeddu,murzeddu,"Meat, poultry and game",Calabria,Catanzaro,6.0,7,11,5
1352,AIC,mugliatielli,mugliatielli,mugliatielli,"Meat, poultry and game",Campania,,6.0,5,6,5
1353,AIC,Sweet and Sour Veal Musetto,musetto in agrodolce,musetto in agrodolce,"Meat, poultry and game",Trentino Alto Adige,,6.0,9,9,4
1354,AIC,Trieste-style Noah's Ark Clams,mussoli alla triestina,mussoli alla triestina,Fish and seafood,Friuli Venezia Giulia,,4.0,5,4,2
1355,AIC,mustazzolus,mustazzolus,mustazzolus,Desserts and liqueurs,Sardegna,,6.0,7,13,7
1356,AIC,mustazzolus de latti,mustazzolus de latti,mustazzolus de latti,Desserts and liqueurs,Sardegna,,6.0,7,7,6
1357,AIC,Natalino,natalino,natalino,Desserts and liqueurs,Veneto,Verona,8.0,7,8,5
1358,AIC,Necci,necci,necci,Desserts and liqueurs,Toscana,Prato,8.0,5,7,3
1359,AIC,Nevola from Ortona,nevola di ortona,nevola di ortona,Desserts and liqueurs,Abruzzo,,50.0,8,9,5
1360,AIC,Nepitelle,nepitelle,nepitelle,Desserts and liqueurs,Calabria,,8.0,11,13,7
1361,AIC,Beef Tendon Salad,nervetti di manzo,nervetti di manzo,Appetizers,Sardegna,Cagliari,6.0,5,6,4
1362,AIC,niuleddi,niuleddi,niuleddi,Desserts and liqueurs,Sardegna,,10.0,7,8,6
1363,AIC,Nocca 'ndocca,nocca ’ndocca,nocca ’ndocca,"Meat, poultry and game",Abruzzo,Montorio,6.0,6,7,4
1364,AIC,Niuleddi d’Olevà,niuleddi d’olevà,niuleddi d’olevà,Desserts and liqueurs,Sardegna,,8.0,9,8,6
1365,AIC,Nociata,nociata,nociata,Desserts and liqueurs,Umbria,,8.0,3,6,2
1366,AIC,Nocino,nocino,nocino,Desserts and liqueurs,Emilia Romagna,,,8,8,6
1367,AIC,Lamb Tripe Knots,nodi di trippette,nodi di trippette,"Meat, poultry and game",Molise,Agnone,4.0,8,7,3
1368,AIC,Nodini di Vitello (Veal Medallions),nodini di vitello,nodini di vitello,"Meat, poultry and game",Lombardia,,4.0,6,12,2
1369,AIC,Country-style Goose,oca alla contadina,oca alla contadina,"Meat, poultry and game",Piemonte,,6.0,3,5,3
1370,AIC,Goose with savoy cabbage,oca con le verze,oca con le verze,"Meat, poultry and game",Lombardia,,6.0,6,15,4
1371,AIC,Oca in onto (Goose preserved in fat),oca in onto,oca in onto,"Meat, poultry and game",Veneto,,4.0,6,4,6
1372,AIC,Porchetta-style goose,oca in porchetta,oca in porchetta,"Meat, poultry and game",Marche,,6.0,10,10,8
1373,AIC,Emperor's omelette,omelette dell’imperatore,omelette dell’imperatore,Desserts and liqueurs,Trentino Alto Adige,,2.0,5,8,4
1374,AIC,Stuffed Ascolana Olives,olive ascolane ripiene,olive ascolane ripiene,"Meat, poultry and game",Marche,,4.0,10,17,5
1375,AIC,Orecchiette with turnip tops,orecchiette con cime di rape,orecchiette con cime di rape,"Pasta, rice and polenta",Puglia,,4.0,7,7,4
1376,AIC,origliette,origliette,origliette,Desserts and liqueurs,Sardegna,,6.0,7,8,7
1377,AIC,Orecchiette with artichokes,orecchiette con i carciofi,orecchiette con i carciofi,"Pasta, rice and polenta",Puglia,Brindisi,4.0,9,15,8
1378,AIC,Tagliolini croquettes (ordura o palle),ordura (o palle) di tagliolini,ordura (o palle) di tagliolini,"Pasta, rice and polenta",Campania,Napoli,12.0,6,10,6
1379,AIC,stuffed vegetables,ortaggi ripieni,ortaggi ripieni,"Vegetables, eggs and legumes",Calabria,,6.0,8,15,7
1380,AIC,Orzetto (Pearl Barley Soup),orzetto,orzetto,Soups and broths,Trentino Alto Adige,,4.0,6,13,6
1381,AIC,Orzotto with salt cod,orzotto al baccalà,orzotto al baccalà,Soups and broths,Abruzzo,,6.0,9,9,3
1382,AIC,ossi di morto (bones of the dead),ossi di morto,ossi di morto,Desserts and liqueurs,Sardegna,Carloforte,6.0,3,5,6
1383,AIC,Tuscan-style ossobuco,ossibuchi alla toscana,ossibuchi alla toscana,"Meat, poultry and game",Toscana,,4.0,6,9,3
1384,AIC,Ossi di Morto (Bones of the Dead),ossi di morto,ossi di morto,Desserts and liqueurs,Lombardia,,6.0,6,5,6
1385,AIC,Pork ossobuco,ossibuchi di maiale,ossibuchi di maiale,"Meat, poultry and game",Piemonte,,4.0,8,14,3
1386,AIC,Ossobuco alla Milanese,ossobuco alla milanese,ossobuco alla milanese,"Meat, poultry and game",Lombardia,,4.0,6,11,4
1387,AIC,Ostie,ostie,ostie,Desserts and liqueurs,Molise,Agnone,8.0,9,13,12
1388,AIC,Ostie Ripiene,ostie ripiene,ostie ripiene,Desserts and liqueurs,Puglia,Monte Sant’Angelo,8.0,4,5,4
1389,AIC,Stuffed Country Loaf,pagnotta farcita,pagnotta farcita,Pizzas and savory pies,Molise,"Miranda, Roccasicura",25.0,8,10,4
1390,AIC,Stuffed Caesar's Mushrooms,ovoli ripieni,ovoli ripieni,"Vegetables, eggs and legumes",Liguria,,4.0,4,11,5
1391,AIC,Chestnut Balls,palline di castagne,palline di castagne,Desserts and liqueurs,Campania,Cassano Irpino,4.0,6,6,4
1392,AIC,Palacinche,palacinche,palacinche,Desserts and liqueurs,Friuli Venezia Giulia,,4.0,6,8,4
1393,AIC,Palle di Riso (Rice Balls),palle di riso,palle di riso,Appetizers,Campania,,6.0,13,19,6
1394,AIC,Stewed bonito with peas,palamita in umido con piselli,palamita in umido con piselli,Fish and seafood,Toscana,,6.0,5,10,3
1395,AIC,Todina-style wood pigeon,palomba alla todina,palomba alla todina,"Meat, poultry and game",Umbria,,4.0,6,12,8
1396,AIC,Pallotte Cacio e Uova (Cheese and Egg Balls),pallotte cacio e uova,pallotte cacio e uova,Appetizers,Abruzzo,,4.0,5,10,2
1397,AIC,Palpitòn,palpitòn,palpitòn,Desserts and liqueurs,Piemonte,Biella,8.0,9,11,8
1398,AIC,Pampanella,pampanella,pampanella,"Meat, poultry and game",Molise,San Martino in Pensilis,8.0,6,5,4
1399,AIC,Pampepato Ternano,pampepato ternano,pampepato ternano,Desserts and liqueurs,Umbria,,8.0,4,18,4
1400,AIC,Pan de Mèi,pan de mèi,pan de mèi,Desserts and liqueurs,Lombardia,,6.0,7,12,5
1401,AIC,pan nociato (walnut bread),pan nociato,pan nociato,Pizzas and savory pies,Umbria,Todi,6.0,8,6,6
1402,AIC,Ferrara-style pan pepato,pan pepato ferrarese,pan pepato ferrarese,Desserts and liqueurs,Emilia Romagna,,4.0,7,9,5
1403,AIC,Eel Panada,panada alle anguille,panada alle anguille,Pizzas and savory pies,Sardegna,"Assemini, Decimomannu, San Sperate",6.0,14,10,8
1404,AIC,Panada o Pan Cott (Bread Soup),panada o pan cott,panada o pan cott,Soups and broths,Lombardia,,4.0,5,7,4
1405,AIC,pancotto,pancotto,pancotto,Soups and broths,Lazio,Civitavecchia,4.0,2,4,3
1406,AIC,Pancotto,pancotto,pancotto,Soups and broths,Piemonte,,4.0,4,6,3
1407,AIC,Pancotto with pumpkin (checoccia),pancotto con la zucca (checoccia),pancotto con la zucca (checoccia),Soups and broths,Molise,,4.0,4,8,4
1408,AIC,pancotto,pancotto,pancotto,Soups and broths,Toscana,,4.0,5,8,1
1409,AIC,Pancotto (Panada or Panà),pancotto (panada o panà),pancotto (panada o panà),Soups and broths,Emilia Romagna,Parma,4.0,6,8,4
1410,AIC,Pancotto with chard and potatoes,pancotto con bietola e patate,pancotto con bietola e patate,Soups and broths,Molise,,4.0,5,7,6
1411,AIC,Pancotto with fish,pancotto con pesce,pancotto con pesce,Soups and broths,Molise,Termoli,4.0,8,10,3
1412,AIC,Pancotto of turnips and beans,pancotto di rape e fagioli,pancotto di rape e fagioli,Soups and broths,Lazio,Civitavecchia,4.0,6,9,2
1413,AIC,Pancotto with Arugula and Potatoes,"pancotto, rughetta e patate","pancotto, rughetta e patate",Soups and broths,Puglia,,4.0,4,8,4
1414,AIC,pandolce,pandolce,pandolce,Desserts and liqueurs,Liguria,,8.0,6,11,5
1415,AIC,Brown Bread,pane bruno,pane bruno,Pizzas and savory pies,Friuli Venezia Giulia,,,5,5,4
1416,AIC,Bolzano sweet bread (Zelten),pandolce di bolzano,pandolce di bolzano,Desserts and liqueurs,Trentino Alto Adige,,8.0,7,21,6
1417,AIC,Bread with ciccioli,pane con i ciccioli,pane con i ciccioli,Pizzas and savory pies,Friuli Venezia Giulia,,,7,6,6
1418,AIC,Bread with Potatoes,pane con le patate,pane con le patate,Pizzas and savory pies,Friuli Venezia Giulia,Sauris (frazione di Latteis),,6,11,8
1419,AIC,Pane Concio (Seasoned Bread),pane concio,pane concio,Soups and broths,Lombardia,,4.0,6,6,4
1420,AIC,Pane dei Morti (Bread of the Dead),pane dei morti,pane dei morti,Desserts and liqueurs,Lombardia,,6.0,6,12,5
1421,AIC,Homemade Bread,pane di casa,pane di casa,Pizzas and savory pies,Friuli Venezia Giulia,Sauris,,6,5,4
1422,AIC,Pane di Mosto,pane di mosto,pane di mosto,Desserts and liqueurs,Sardegna,,6.0,10,13,7
1423,AIC,Saint Petronius' Bread,pane di san petronio,pane di san petronio,Pizzas and savory pies,Emilia Romagna,,2.0,11,8,5
1424,AIC,Pumpkin Bread,pane di zucca,pane di zucca,Desserts and liqueurs,Emilia Romagna,,4.0,7,7,2
1425,AIC,Christmas Bread (Pane di Natale),pane di natale,pane di natale,Desserts and liqueurs,Emilia Romagna,,4.0,5,13,3
1426,AIC,sweet bread,pane dolce,pane dolce,Desserts and liqueurs,Valle d'Aosta,,4.0,7,12,3
1427,AIC,Bread and Sugar,pane e zucchero,pane e zucchero,Desserts and liqueurs,Friuli Venezia Giulia,,4.0,4,4,4
1428,AIC,Pane Fritto (Fried Bread),pane fritto,pane fritto,Desserts and liqueurs,Friuli Venezia Giulia,,6.0,6,7,4
1429,AIC,Pane Nociato,pane nociato,pane nociato,Pizzas and savory pies,Marche,,4.0,5,12,2
1430,AIC,Pane Nociato (Walnut Bread),pane nociato,pane nociato,Desserts and liqueurs,Marche,,8.0,5,13,4
1431,AIC,Rustic Bread with Cheese and Truffle,pane rustico al formaggio e tartufo,pane rustico al formaggio e tartufo,Pizzas and savory pies,Abruzzo,,4.0,7,8,3
1432,AIC,Panelle,panelle,panelle,Appetizers,Sicilia,,4.0,7,5,9
1433,AIC,Panera,panera,panera,Desserts and liqueurs,Liguria,,4.0,5,3,5
1434,AIC,Panesiglio Aversano,panesiglio aversano,panesiglio aversano,Desserts and liqueurs,Campania,,8.0,8,10,5
1435,AIC,panettone,panettone,panettone,Desserts and liqueurs,Lombardia,,,14,10,9
1436,AIC,Easter Panettone,panettone di pasqua,panettone di pasqua,Desserts and liqueurs,Molise,,20.0,9,11,9
1437,AIC,pangiallo,pangiallo,pangiallo,Desserts and liqueurs,Lazio,Roma,4.0,6,16,4
1438,AIC,Panforte di Siena or Panpepato,panforte di siena o panpepato,panforte di siena o panpepato,Desserts and liqueurs,Toscana,,8.0,8,11,8
1439,AIC,Panierini (Sicilian Easter Baskets),panierini,panierini,Desserts and liqueurs,Sicilia,,8.0,9,5,7
1440,AIC,Paniscia,paniscia,paniscia,"Pasta, rice and polenta",Piemonte,Novara,4.0,6,17,3
1441,AIC,Chestnut Rolls,panini di castagne,panini di castagne,Pizzas and savory pies,Campania,,6.0,5,6,3
1442,AIC,Panigacci or Panigazi,panigacci o panigazi,panigacci o panigazi,Pizzas and savory pies,Toscana,Aulla,6.0,3,5,6
1443,AIC,Panissa,panissa,panissa,"Pasta, rice and polenta",Piemonte,Vercelli,4.0,8,13,3
1444,AIC,Sardinian Panissa,panissa sarda,panissa sarda,Appetizers,Sardegna,Carloforte,6.0,7,4,5
1445,AIC,Panmuez,panmuez,panmuez,Desserts and liqueurs,Trentino Alto Adige,,6.0,4,7,3
1446,AIC,panna cotta,panna cotta,panna cotta,Desserts and liqueurs,Piemonte,,8.0,7,5,4
1447,AIC,Stuffed Mantis Shrimp,pannocchie ripiene,pannocchie ripiene,Appetizers,Abruzzo,Costa dei Trabocchi,4.0,6,8,5
1448,AIC,Pansarole di Apricale,pansarole di apricale,pansarole di apricale,Desserts and liqueurs,Liguria,,8.0,6,8,4
1449,AIC,Pansoti with walnut sauce,pansoti al sugo di noci,pansoti al sugo di noci,"Pasta, rice and polenta",Liguria,,4.0,9,13,6
1450,AIC,Pansoti with walnut sauce,pansoti con salsa di noci,pansoti con salsa di noci,"Pasta, rice and polenta",Sardegna,Carloforte,6.0,7,14,7
1451,AIC,Pantrito,pantrito,pantrito,Soups and broths,Lombardia,,4.0,6,7,4
1452,AIC,panzanella,panzanella,panzanella,Appetizers,Toscana,Firenze,4.0,4,9,2
1453,AIC,Panzanella Marchigiana,panzanella marchigiana,panzanella marchigiana,Appetizers,Marche,,4.0,3,6,1
1454,AIC,panzarotti sanniti,panzarotti sanniti,panzarotti sanniti,Appetizers,Campania,,4.0,7,9,6
1455,AIC,Chestnut Panzarottini,panzarottini di castagnaccio,panzarottini di castagnaccio,Desserts and liqueurs,Campania,,4.0,8,16,7
1456,AIC,Panzerotti Piacenza-style,panzerotti alla piacentina,panzerotti alla piacentina,"Pasta, rice and polenta",Emilia Romagna,,4.0,12,21,10
1457,AIC,Panzerotti with caciocavallo,panzerotti con caciocavallo,panzerotti con caciocavallo,Pizzas and savory pies,Molise,,8.0,10,8,5
1458,AIC,panzerotti napoletani,panzerotti napoletani,panzerotti napoletani,Pizzas and savory pies,Campania,,10.0,11,11,6
1459,AIC,paparot,paparot,paparot,"Pasta, rice and polenta",Friuli Venezia Giulia,,4.0,10,8,5
1460,AIC,Papaccelle with vincotto,papaccelle al vincotto,papaccelle al vincotto,Appetizers,Campania,Avellino,4.0,5,10,1
1461,AIC,Bari-style Panzerotto,panzerotto barese,panzerotto barese,Pizzas and savory pies,Puglia,,8.0,6,9,6
1462,AIC,Papassini,papassini,papassini,Desserts and liqueurs,Sardegna,Sassari e provincia,6.0,7,11,6
1463,AIC,Duckling with fruit,papero alla frutta,papero alla frutta,"Meat, poultry and game",Veneto,,4.0,8,9,6
1464,AIC,Papicci,papicci,papicci,"Pasta, rice and polenta",Abruzzo,,6.0,4,7,3
1465,AIC,Paposcia Garganica,paposcia garganica,paposcia garganica,Pizzas and savory pies,Puglia,Vico del Gargano,8.0,6,6,2
1466,AIC,pappa al pomodoro,pappa al pomodoro,pappa al pomodoro,Soups and broths,Toscana,,4.0,6,8,3
1467,AIC,Pappa nera,pappa nera,pappa nera,Soups and broths,Valle d'Aosta,,4.0,6,6,5
1468,AIC,Pappardelle with Hare Sauce,pappardelle al sugo di lepre,pappardelle al sugo di lepre,"Pasta, rice and polenta",Toscana,,4.0,11,13,1
1469,AIC,pappardelle with hare sauce,pappardelle al sugo di lepre,pappardelle al sugo di lepre,"Pasta, rice and polenta",Umbria,,4.0,7,17,7
1470,AIC,Pappardelle with Muscovy duck sauce,pappardelle al sugo di papera muta,pappardelle al sugo di papera muta,"Pasta, rice and polenta",Abruzzo,,4.0,6,10,6
1471,AIC,Pappardelle with hare sauce,pappardelle con il sugo di lepre,pappardelle con il sugo di lepre,"Pasta, rice and polenta",Marche,,6.0,10,14,6
1472,AIC,Pappone di Pantano (Fisherman's Stew),pappone di pantano,pappone di pantano,Fish and seafood,Molise,Termoli,4.0,6,12,5
1473,AIC,Pappardelle with wild boar sauce,pappardelle sul cinghiale,pappardelle sul cinghiale,"Pasta, rice and polenta",Toscana,,6.0,6,17,7
1474,AIC,Leek and Potato Parmentier,parmentier di porri e patate,parmentier di porri e patate,"Vegetables, eggs and legumes",Piemonte,,4.0,6,12,6
1475,AIC,Pardulas de arrescottu (ricotta cheese pastries),pardulas de arrescottu (formaggelle di ricotta),pardulas de arrescottu (formaggelle di ricotta),Desserts and liqueurs,Sardegna,Campidano di Cagliari,6.0,9,11,7
1476,AIC,Eggplant Parmesan,parmigiana di melanzane,parmigiana di melanzane,"Vegetables, eggs and legumes",Campania,,6.0,8,9,6
1477,AIC,Swiss Chard Parmigiana,parmigiana di bietole,parmigiana di bietole,"Vegetables, eggs and legumes",Lombardia,,4.0,6,6,4
1478,AIC,Eggplant Parmigiana,parmigiana di melanzane,parmigiana di melanzane,"Vegetables, eggs and legumes",Sicilia,,4.0,8,10,6
1479,AIC,Eggplant Parmigiana,parmigiana di melanzane,parmigiana di melanzane,"Vegetables, eggs and legumes",Puglia,,4.0,6,9,6
1480,AIC,Eggplant parmigiana,parmigiana di melanzane,parmigiana di melanzane,"Vegetables, eggs and legumes",Calabria,,6.0,11,12,7
1481,AIC,Parrozzo,parrozzo,parrozzo,Desserts and liqueurs,Abruzzo,,4.0,8,8,9
1482,AIC,Chickpea puree with langoustines and clams,passata di ceci con scampi e vongole,passata di ceci con scampi e vongole,Soups and broths,Puglia,,4.0,5,8,5
1483,AIC,Passatelli,passatelli,passatelli,Soups and broths,Emilia Romagna,,4.0,6,8,5
1484,AIC,"Passatelli in broth, Marche style",passatelli in brodo alla marchigiana,passatelli in brodo alla marchigiana,Soups and broths,Marche,,4.0,3,7,4
1485,AIC,passatelli in fish broth,passatelli in brodo di pesce,passatelli in brodo di pesce,Soups and broths,Marche,,4.0,6,9,4
1486,AIC,Fish Purée Soup,passato di pesce,passato di pesce,Soups and broths,Friuli Venezia Giulia,Marano Lagunare,4.0,8,9,2
1487,AIC,Pasta a tianu,pasta a tianu,pasta a tianu,"Pasta, rice and polenta",Sicilia,Cefalù,6.0,10,14,7
1488,AIC,Spaghetti with cuttlefish ink,pasta al nero di seppia,pasta al nero di seppia,"Pasta, rice and polenta",Sicilia,,4.0,7,7,6
1489,AIC,Pasta alla Jonica,pasta alla jonica,pasta alla jonica,"Pasta, rice and polenta",Calabria,,4.0,7,9,4
1490,AIC,pasta alla norma,pasta alla norma,pasta alla norma,"Pasta, rice and polenta",Sicilia,,6.0,6,10,8
1491,AIC,Pasta with broccoli,pasta con i broccoli,pasta con i broccoli,"Pasta, rice and polenta",Puglia,,4.0,8,8,5
1492,AIC,Pasta with black broccoli and green beans,pasta con i broccoli neri e fagiolini,pasta con i broccoli neri e fagiolini,"Pasta, rice and polenta",Calabria,,4.0,7,6,5
1493,AIC,Pasta with broccoli in a pan,pasta con i broccoli in tegame,pasta con i broccoli in tegame,"Pasta, rice and polenta",Sicilia,,4.0,11,10,9
1494,AIC,Pasta with Zucchini Flowers,pasta con i fiori di zucca,pasta con i fiori di zucca,"Pasta, rice and polenta",Calabria,,4.0,6,12,3
1495,AIC,Pasta with Artichokes,pasta con i carciofi,pasta con i carciofi,"Pasta, rice and polenta",Calabria,,4.0,8,9,6
1496,AIC,Pasta with Trapanese Pesto,pasta con il pesto trapanese,pasta con il pesto trapanese,"Pasta, rice and polenta",Sicilia,,4.0,6,8,5
1497,AIC,Pasta con la Mollica (Pasta with Breadcrumbs),pasta con la mollica,pasta con la mollica,"Pasta, rice and polenta",Sicilia,Siracusa,4.0,5,5,3
1498,AIC,Pasta with bottarga,pasta con la bottarga,pasta con la bottarga,"Pasta, rice and polenta",Sicilia,,4.0,5,7,6
1499,AIC,"Pasta with anchovies, Siracusa style",pasta con le acciughe alla siracusana,pasta con le acciughe alla siracusana,"Pasta, rice and polenta",Sicilia,,4.0,7,8,8
1500,AIC,Pasta with Sardines (Pasta con le Sarde),pasta con le sarde,pasta con le sarde,"Pasta, rice and polenta",Sicilia,Palermo,4.0,8,12,10
1501,AIC,Pasta with zucchini,pasta con le zucchine,pasta con le zucchine,"Pasta, rice and polenta",Calabria,,4.0,4,7,7
1502,AIC,Pasta with fried zucchini,pasta con le zucchine fritte,pasta con le zucchine fritte,"Pasta, rice and polenta",Sicilia,,4.0,7,8,5
1503,AIC,Pasta with breadcrumbs and anchovies,pasta con mollica e alici,pasta con mollica e alici,"Pasta, rice and polenta",Calabria,,4.0,6,5,7
1504,AIC,Pasta with Tuna Bottarga,pasta con uova di tonno,pasta con uova di tonno,"Pasta, rice and polenta",Sicilia,Trapani e Marzamemi,4.0,7,5,7
1505,AIC,Pasta with gratinéed tomatoes,pasta con pomodori gratinati,pasta con pomodori gratinati,"Pasta, rice and polenta",Puglia,Foggia,4.0,5,7,5
1506,AIC,Revised Bad Weather Pasta,pasta del cattivo tempo rivista,pasta del cattivo tempo rivista,"Pasta, rice and polenta",Sicilia,,4.0,7,11,7
1507,AIC,Almond Paste Cookies,pasta di mandorle,pasta di mandorle,Desserts and liqueurs,Sicilia,,8.0,6,5,5
1508,AIC,Pasta and Broccoli,pasta e broccoli,pasta e broccoli,Soups and broths,Lazio,Civitavecchia,4.0,5,8,3
1509,AIC,Pasta and Broccoli,pasta e broccoli,pasta e broccoli,"Pasta, rice and polenta",Lazio,Civitavecchia,4.0,5,8,3
1510,AIC,Pasta and cauliflower Sant'Agata style,pasta e cavolfiore di sant’agata,pasta e cavolfiore di sant’agata,"Pasta, rice and polenta",Campania,,4.0,7,7,3
1511,AIC,Pasta and Chickpeas,pasta e ceci,pasta e ceci,Soups and broths,Lazio,Roma,4.0,8,9,2
1512,AIC,Pasta and Cauliflower from Sant'Agata dei Goti,pasta e cavolfiore di sant’agata dei goti,pasta e cavolfiore di sant’agata dei goti,Soups and broths,Campania,,4.0,6,7,5
1513,AIC,pasta e ceci,pasta e ceci,pasta e ceci,Soups and broths,Lazio,Civitavecchia,4.0,7,8,3
1514,AIC,pasta e ceci,pasta e ceci,pasta e ceci,Soups and broths,Umbria,,4.0,5,10,2
1515,AIC,Pasta and Chickpeas,pasta e ceci,pasta e ceci,Soups and broths,Puglia,Foggia,6.0,7,8,4
1516,AIC,Pasta and Chickpeas,pasta e ceci,pasta e ceci,"Pasta, rice and polenta",Lazio,Civitavecchia,4.0,7,8,4
1517,AIC,pasta e fagioli,pasta e fagioli,pasta e fagioli,Soups and broths,Campania,,4.0,8,11,2
1518,AIC,Pasta e Fagioli,pasta e fagioli,pasta e fagioli,Soups and broths,Lazio,Roma,4.0,7,11,2
1519,AIC,Pasta and beans with mussels,pasta e fagioli con le cozze,pasta e fagioli con le cozze,Soups and broths,Molise,Termoli,4.0,14,10,9
1520,AIC,pasta e fagioli,pasta e fagioli,pasta e fagioli,Soups and broths,Toscana,,4.0,6,9,2
1521,AIC,Pasta e Fagioli,pasta e fagioli,pasta e fagioli,"Pasta, rice and polenta",Campania,,4.0,8,11,4
1522,AIC,Pasta e Fagioli,pasta e fagioli,pasta e fagioli,Soups and broths,Lazio,Civitavecchia,4.0,6,11,4
1523,AIC,Pasta e Fagioli (Civitavecchia Style),pasta e fagioli,pasta e fagioli,"Pasta, rice and polenta",Lazio,Civitavecchia,4.0,5,12,2
1524,AIC,Pasta and Lentils,pasta e lenticchie,pasta e lenticchie,Soups and broths,Lazio,,4.0,5,9,3
1525,AIC,Pasta and Lentils,pasta e lenticchie,pasta e lenticchie,"Pasta, rice and polenta",Lazio,Civitavecchia,4.0,4,9,3
1526,AIC,Pasta and Lentils,pasta e lenticchie,pasta e lenticchie,"Pasta, rice and polenta",Puglia,Foggia,4.0,6,9,3
1527,AIC,Baked pasta and potatoes,pasta e patate al forno,pasta e patate al forno,"Pasta, rice and polenta",Calabria,,6.0,6,10,5
1528,AIC,Pasta and potatoes with egg,pasta e patate con l’uovo,pasta e patate con l’uovo,"Pasta, rice and polenta",Calabria,,4.0,6,8,6
1529,AIC,Pasta Grattugiata,pasta grattugiata,pasta grattugiata,Soups and broths,Friuli Venezia Giulia,,6.0,4,6,4
1530,AIC,Grated Pasta (Pasta Rasa),pasta rasa,pasta rasa,Soups and broths,Emilia Romagna,Reggio Emilia,4.0,5,7,4
1531,AIC,pasta rustida,pasta rustida,pasta rustida,"Pasta, rice and polenta",Piemonte,,4.0,4,7,4
1532,AIC,pasta ’ncasciata,pasta ’ncasciata,pasta ’ncasciata,"Pasta, rice and polenta",Calabria,,4.0,8,6,6
1533,AIC,Paste di Meliga (Cornmeal Cookies),paste di meliga,paste di meliga,Desserts and liqueurs,Piemonte,,8.0,3,5,4
1534,AIC,Pesarese style pot roast,pasticciata alla pesarese,pasticciata alla pesarese,"Meat, poultry and game",Marche,,4.0,7,11,5
1535,AIC,Macaroni Pasticcio,pasticcio di maccheroni,pasticcio di maccheroni,"Pasta, rice and polenta",Emilia Romagna,,4.0,13,26,11
1536,AIC,Macaroni Pasticcio,pasticcio di maccheroni,pasticcio di maccheroni,"Pasta, rice and polenta",Veneto,,12.0,9,13,8
1537,AIC,Pasticcio of pasta and prosciutto,pasticcio di pasta e prosciutto,pasticcio di pasta e prosciutto,"Pasta, rice and polenta",Friuli Venezia Giulia,Gorizia,6.0,9,7,10
1538,AIC,Bolognese-style tortellini pie,pasticcio di tortellini alla bolognese,pasticcio di tortellini alla bolognese,"Pasta, rice and polenta",Emilia Romagna,,4.0,9,12,6
1539,AIC,Green Savory Pie,pasticcio verde,pasticcio verde,Pizzas and savory pies,Piemonte,,4.0,7,7,6
1540,AIC,Pastiera,pastiera,pastiera,Desserts and liqueurs,Campania,Napoli,10.0,14,15,10
1541,AIC,Pastina in fish broth,pastina al sugo di pesce,pastina al sugo di pesce,Soups and broths,Puglia,,6.0,9,9,9
1542,AIC,Rice Pastiera,pastiera di riso,pastiera di riso,Desserts and liqueurs,Molise,Civitanova del Sannio,8.0,9,10,10
1543,AIC,pastissàda de caval,pastissàda de caval,pastissàda de caval,"Meat, poultry and game",Veneto,,6.0,7,15,3
1544,AIC,Pastuccia,pastuccia,pastuccia,"Pasta, rice and polenta",Abruzzo,,4.0,7,6,4
1545,AIC,Patate a 'nzalata (Salad-style Potatoes),patate a ’nzalata,patate a ’nzalata,"Vegetables, eggs and legumes",Molise,,4.0,5,8,8
1546,AIC,Baked potatoes with onion and tomatoes,patate al forno con cipolla e pomodori,patate al forno con cipolla e pomodori,"Vegetables, eggs and legumes",Basilicata,,4.0,6,8,4
1547,AIC,Potatoes and onions with cheese and eggs,patate e cipolle cacio e uova,patate e cipolle cacio e uova,"Vegetables, eggs and legumes",Molise,,4.0,5,12,7
1548,AIC,Potatoes and Celery Soup,patate e sedano,patate e sedano,Soups and broths,Basilicata,,4.0,7,10,3
1549,AIC,Pan-fried potatoes,patate in padella,patate in padella,"Vegetables, eggs and legumes",Valle d'Aosta,,4.0,4,3,3
1550,AIC,Potatoes in Purgatory,patate in purgatorio,patate in purgatorio,"Vegetables, eggs and legumes",Umbria,,4.0,6,8,1
1551,AIC,Rabbit Pâté,paté di coniglio,paté di coniglio,Appetizers,Piemonte,,6.0,7,8,5
1552,AIC,Patate in tecia (Pan-fried mashed potatoes),patate in tecia,patate in tecia,"Vegetables, eggs and legumes",Friuli Venezia Giulia,,4.0,4,5,5
1553,AIC,Liver pâté,paté di fegato,paté di fegato,Appetizers,Veneto,,4.0,3,10,2
1554,AIC,Neapolitan pâté,paté napoletano,paté napoletano,Appetizers,Campania,,8.0,11,12,10
1555,AIC,Pattona,pattona,pattona,Desserts and liqueurs,Toscana,Firenze,8.0,7,2,4
1556,AIC,Pazientina,pazientina,pazientina,Desserts and liqueurs,Veneto,,6.0,11,13,7
1557,AIC,Mutton in wine,pecora al vino,pecora al vino,"Meat, poultry and game",Sardegna,Sassari e dintorni,6.0,4,13,2
1558,AIC,Mutton in sauce,pecora al sugo,pecora al sugo,"Meat, poultry and game",Sardegna,Alghero,6.0,5,10,3
1559,AIC,Pearà,pearà,pearà,Sauces,Veneto,Verona,4.0,7,5,4
1560,AIC,Mutton 'alla Cottora',pecora alla cottora,pecora alla cottora,"Meat, poultry and game",Abruzzo,,6.0,5,13,2
1561,AIC,Stewed Mutton,pecora in umido,pecora in umido,"Meat, poultry and game",Toscana,Campi,4.0,6,15,2
1562,AIC,Boiled mutton with potatoes,pecora lessata con patate,pecora lessata con patate,"Meat, poultry and game",Sardegna,Nuoro e provincia,4.0,6,5,5
1563,AIC,Penchi,penchi,penchi,"Pasta, rice and polenta",Umbria,,4.0,7,10,9
1564,AIC,Penne with black truffle,penne al tartufo nero,penne al tartufo nero,"Pasta, rice and polenta",Molise,,4.0,4,7,7
1565,AIC,penne all'arrabbiata,penne all’arrabbiata,penne all’arrabbiata,"Pasta, rice and polenta",Lazio,Civitavecchia,4.0,8,7,3
1566,AIC,Penne all'Arrabbiata,penne all’arrabbiata,penne all’arrabbiata,"Pasta, rice and polenta",Lazio,Roma,4.0,7,9,4
1567,AIC,Penne with potatoes and prosciutto,penne patate e prosciutto,penne patate e prosciutto,"Pasta, rice and polenta",Emilia Romagna,,4.0,7,13,3
1568,AIC,pepatelli,pepatelli,pepatelli,Desserts and liqueurs,Abruzzo,,10.0,7,6,7
1569,AIC,Florentine-style 'dragged' penne,penne strascicate alla fiorentina,penne strascicate alla fiorentina,"Pasta, rice and polenta",Toscana,,4.0,6,19,5
1570,AIC,Peperonata,peperonata,peperonata,"Vegetables, eggs and legumes",Molise,,4.0,6,7,1
1571,AIC,peperonata,peperonata,peperonata,"Vegetables, eggs and legumes",Piemonte,,4.0,7,13,6
1572,AIC,peperonata,peperonata,peperonata,"Vegetables, eggs and legumes",Lombardia,,4.0,4,10,4
1573,AIC,Stuffed round red peppers,peperoncini rossi ripieni,peperoncini rossi ripieni,"Vegetables, eggs and legumes",Sardegna,Sassari e provincia,6.0,7,7,6
1574,AIC,Calabrian-style peppers,peperoni alla calabrese,peperoni alla calabrese,"Vegetables, eggs and legumes",Calabria,,4.0,5,5,3
1575,AIC,Peperonata with potatoes,peperonata con patate,peperonata con patate,"Vegetables, eggs and legumes",Sicilia,,4.0,6,8,3
1576,AIC,Peppers Astigiana-style,peperoni all’astigiana,peperoni all’astigiana,"Vegetables, eggs and legumes",Piemonte,,4.0,4,12,5
1577,AIC,Roasted peppers with olives and capers,peperoni arrostiti alle olive e capperi,peperoni arrostiti alle olive e capperi,"Vegetables, eggs and legumes",Lazio,,4.0,6,7,4
1578,AIC,Peppers with breadcrumbs,peperoni con la mollica,peperoni con la mollica,"Vegetables, eggs and legumes",Sicilia,,4.0,7,7,5
1579,AIC,Pulcinella's Peppers,peperoni di pulcinella,peperoni di pulcinella,"Pasta, rice and polenta",Campania,Napoli,4.0,7,11,5
1580,AIC,Stuffed peppers,peperoni imbottiti,peperoni imbottiti,"Vegetables, eggs and legumes",Campania,,6.0,8,12,5
1581,AIC,Stuffed peppers Caprese-style,peperoni imbottiti alla caprese,peperoni imbottiti alla caprese,"Vegetables, eggs and legumes",Campania,,4.0,7,12,5
1582,AIC,Sweet and sour peppers (Peperoni in agrodolce),peperoni in agrodolce,peperoni in agrodolce,"Vegetables, eggs and legumes",Sicilia,,4.0,5,7,5
1583,AIC,Stuffed peppers,peperoni ripieni,peperoni ripieni,"Vegetables, eggs and legumes",Sicilia,,4.0,6,8,5
1584,AIC,Dried peppers with leavened dough,peperoni secchi con pasta lievitata,peperoni secchi con pasta lievitata,Appetizers,Basilicata,,4.0,5,6,4
1585,AIC,Stuffed peppers,peperoni ripieni,peperoni ripieni,"Vegetables, eggs and legumes",Puglia,,4.0,7,9,6
1586,AIC,Stuffed peppers,peperoni ripieni,peperoni ripieni,"Vegetables, eggs and legumes",Abruzzo,,4.0,4,9,9
1587,AIC,Stuffed peppers with meat,peperoni ripieni con carne,peperoni ripieni con carne,"Vegetables, eggs and legumes",Lazio,,4.0,5,11,6
1588,AIC,Pickled Peppers,peperoni sott’aceto,peperoni sott’aceto,"Vegetables, eggs and legumes",Campania,Avellino,4.0,8,3,5
1589,AIC,Perciatelli with Snails,perciatelli con le lumache,perciatelli con le lumache,"Pasta, rice and polenta",Calabria,,4.0,6,11,4
1590,AIC,Peppers in oil,peperoni sott’olio,peperoni sott’olio,"Vegetables, eggs and legumes",Molise,,10.0,6,7,5
1591,AIC,Pears in red wine,pere al vino rosso,pere al vino rosso,Desserts and liqueurs,Piemonte,,4.0,4,8,1
1592,AIC,Peposo alla Fornacina,peposo alla fornacina,peposo alla fornacina,"Meat, poultry and game",Toscana,,4.0,4,8,4
1593,AIC,Pears and Malga Cheese,pere e formaggio di malga,pere e formaggio di malga,Appetizers,Friuli Venezia Giulia,,4.0,6,6,4
1594,AIC,Homestyle Pears,pere alla casalinga,pere alla casalinga,Desserts and liqueurs,Valle d'Aosta,,4.0,4,6,2
1595,AIC,Partridge with Olives,pernice con olive,pernice con olive,"Meat, poultry and game",Sardegna,Alghero,4.0,4,8,4
1596,AIC,Partridge with potatoes,pernice con patate,pernice con patate,"Meat, poultry and game",Sardegna,,4.0,5,7,4
1597,AIC,Hunter's Style Partridges (Pernici alla Cacciatora),pernici alla cacciatora,pernici alla cacciatora,"Meat, poultry and game",Piemonte,,4.0,7,10,5
1598,AIC,Partridge with Polenta,pernici con polenta,pernici con polenta,"Meat, poultry and game",Lombardia,,4.0,8,10,5
1599,AIC,Monkfish in a light stew with mussels and saffron,pescatrice in guazzetto con cozze e zafferano,pescatrice in guazzetto con cozze e zafferano,Fish and seafood,Abruzzo,,6.0,6,10,4
1600,AIC,Stewed Catfish,pesce gatto in umido,pesce gatto in umido,Fish and seafood,Veneto,,4.0,5,7,3
1601,AIC,Catfish with Asparagus,pesce gatto con asparagi,pesce gatto con asparagi,Fish and seafood,Emilia Romagna,,4.0,7,16,8
1602,AIC,Pan-fried Catfish,pesce gatto in padella,pesce gatto in padella,Fish and seafood,Emilia Romagna,,4.0,7,9,5
1603,AIC,Fish in carpione,pesce in carpione,pesce in carpione,Appetizers,Liguria,,4.0,6,7,5
1604,AIC,Perch Fillets Verbania Style,pesce persico,pesce persico,Fish and seafood,Piemonte,Verbania,4.0,6,10,4
1605,AIC,Swordfish with peppers,pesce spada con i peperoni,pesce spada con i peperoni,Fish and seafood,Sicilia,,4.0,6,9,3
1606,AIC,Swordfish with olives and capers,pesce spada con olive e capperi,pesce spada con olive e capperi,Fish and seafood,Calabria,,4.0,5,7,3
1607,AIC,Swordfish a Ghiotta,pesce spada a ghiotta,pesce spada a ghiotta,Fish and seafood,Calabria,Reggio Calabria,4.0,5,10,4
1608,AIC,Stewed Catfish,pesce gatto in umido,pesce gatto in umido,Fish and seafood,Emilia Romagna,,4.0,7,10,2
1609,AIC,Castelbottaccio Peaches (Pesche di Castelbottaccio),pesche di castelbottaccio,pesche di castelbottaccio,Desserts and liqueurs,Molise,,8.0,10,14,8
1610,AIC,Bagnara-style Swordfish,pesce spada di bagnara,pesce spada di bagnara,Fish and seafood,Calabria,,4.0,5,8,4
1611,AIC,Stuffed peaches,pesche ripiene,pesche ripiene,Desserts and liqueurs,Emilia Romagna,,4.0,8,10,7
1612,AIC,Stuffed peaches,pesche ripiene,pesche ripiene,Desserts and liqueurs,Piemonte,,4.0,5,6,5
1613,AIC,stuffed peaches,pesche ripiene,pesche ripiene,Desserts and liqueurs,Lombardia,,8.0,4,7,5
1614,AIC,Scaliger Peaches,pesche scaligere,pesche scaligere,Desserts and liqueurs,Veneto,,4.0,6,7,6
1615,AIC,Fried Razorfish,pesci pettine fritti,pesci pettine fritti,Fish and seafood,Calabria,Tropea e di Sant’Eufemia,4.0,5,4,2
1616,AIC,Pestarei with pumpkin,pestarei con la zucca,pestarei con la zucca,"Pasta, rice and polenta",Friuli Venezia Giulia,,4.0,6,6,6
1617,AIC,pesto alla tabarkina,pesto alla tabarkina,pesto alla tabarkina,Sauces,Sardegna,Carloforte,6.0,4,6,1
1618,AIC,Petorai,petorai,petorai,Desserts and liqueurs,Friuli Venezia Giulia,,4.0,2,5,2
1619,AIC,pesto alla genovese,pesto alla genovese,pesto alla genovese,Sauces,Liguria,,6.0,3,7,2
1620,AIC,Petrafennula,petrafennula,petrafennula,Desserts and liqueurs,Sicilia,Modica,8.0,6,5,5
1621,AIC,Bolognese-style turkey breast,petto di tacchino alla bolognese,petto di tacchino alla bolognese,"Meat, poultry and game",Emilia Romagna,,4.0,5,8,3
1622,AIC,Pettole,pettole,pettole,Appetizers,Puglia,,8.0,4,6,3
1623,AIC,Soft Pettole,pettole molli,pettole molli,Desserts and liqueurs,Basilicata,,8.0,7,11,1
1624,AIC,Pevarini from Tregnano,pevarini di tregnano,pevarini di tregnano,Desserts and liqueurs,Veneto,,8.0,6,7,4
1625,AIC,Peverada,peverada,peverada,Sauces,Trentino Alto Adige,,4.0,2,5,1
1626,AIC,Peverada,peverada,peverada,Sauces,Lombardia,,4.0,3,7,1
1627,AIC,Peverada for game,peverada per selvaggina,peverada per selvaggina,Sauces,Toscana,,4.0,5,8,3
1628,AIC,Piada or Piadina,piada o piadina,piada o piadina,Pizzas and savory pies,Emilia Romagna,,4.0,4,4,5
1629,AIC,Picchiante,picchiante,picchiante,"Meat, poultry and game",Toscana,,4.0,5,12,4
1630,AIC,Torreglia-style Pigeons,piccioni di torreglia,piccioni di torreglia,"Meat, poultry and game",Veneto,,4.0,6,11,5
1631,AIC,Stuffed Pigeons,piccioni ripieni,piccioni ripieni,"Meat, poultry and game",Emilia Romagna,,4.0,9,14,6
1632,AIC,Stuffed Pigeons,piccioni ripieni,piccioni ripieni,"Meat, poultry and game",Marche,,4.0,7,14,4
1633,AIC,Small canederli with Puzzone di Moena,piccoli canederli al puzzone di moena,piccoli canederli al puzzone di moena,"Pasta, rice and polenta",Trentino Alto Adige,,6.0,6,9,5
1634,AIC,pici,pici,pici,"Pasta, rice and polenta",Toscana,,4.0,9,3,6
1635,AIC,Pici all'aglione,pici all’aglione,pici all’aglione,"Pasta, rice and polenta",Toscana,,4.0,5,6,3
1636,AIC,Picula ad Caval,picula ad caval,picula ad caval,"Meat, poultry and game",Emilia Romagna,,4.0,6,11,2
1637,AIC,Pignulata,pignulata,pignulata,Desserts and liqueurs,Sicilia,,8.0,8,8,6
1638,AIC,Honey pignoccata,pignoccata di miele,pignoccata di miele,Desserts and liqueurs,Calabria,,8.0,7,12,7
1639,AIC,pignolata,pignolata,pignolata,Desserts and liqueurs,Sicilia,,8.0,10,11,11
1640,AIC,Pilacca,pilacca,pilacca,Sauces,Puglia,,4.0,6,4,6
1641,AIC,pinza,pinza,pinza,Desserts and liqueurs,Friuli Venezia Giulia,,6.0,7,12,8
1642,AIC,Pinza Montanara,pinza montanara,pinza montanara,Desserts and liqueurs,Emilia Romagna,,4.0,10,14,8
1643,AIC,Pipetto,pipetto,pipetto,"Vegetables, eggs and legumes",Lombardia,,4.0,5,9,6
1644,AIC,Pirichittus,pirichittus,pirichittus,Desserts and liqueurs,Sardegna,Campidano di Cagliari,6.0,12,7,8
1645,AIC,Pisarei e Fasò,pisarei e fasò,pisarei e fasò,Soups and broths,Emilia Romagna,Piacenza,4.0,11,17,7
1646,AIC,Florentine-style peas,piselli alla fiorentina,piselli alla fiorentina,"Vegetables, eggs and legumes",Toscana,,4.0,3,9,2
1647,AIC,Pistadein Modenesi,pistadein modenesi,pistadein modenesi,Soups and broths,Emilia Romagna,,4.0,5,3,3
1648,AIC,Pistoccheddu prenu,pistoccheddu prenu,pistoccheddu prenu,Desserts and liqueurs,Sardegna,Campidano di Cagliari,6.0,10,14,5
1649,AIC,Pistum,pistum,pistum,Desserts and liqueurs,Friuli Venezia Giulia,,4.0,8,12,8
1650,AIC,pistùm,pistùm,pistùm,"Pasta, rice and polenta",Friuli Venezia Giulia,,4.0,6,14,2
1651,AIC,pitirri,pitirri,pitirri,Soups and broths,Sicilia,Alia,4.0,5,6,3
1652,AIC,Pitta della Madonna,pitta della madonna,pitta della madonna,Desserts and liqueurs,Calabria,Crotone,8.0,8,12,4
1653,AIC,Nicastrese-style pizza,pizza alla nicastrese,pizza alla nicastrese,Pizzas and savory pies,Calabria,,4.0,6,6,3
1654,AIC,Campofranco-style pizza,pizza alla campofranco,pizza alla campofranco,Pizzas and savory pies,Campania,,4.0,9,10,5
1655,AIC,White pizza (Pizza bianca),pizza bianca,pizza bianca,Pizzas and savory pies,Molise,,10.0,6,5,7
1656,AIC,"Pizza with onions, anchovies, and peppers","pizza con cipolle, alici e peperoni","pizza con cipolle, alici e peperoni",Pizzas and savory pies,Molise,Termoli,8.0,11,10,5
1657,AIC,Pizza with pork cracklings (sfrizzoli),pizza con gli sfrizzoli,pizza con gli sfrizzoli,Pizzas and savory pies,Umbria,,4.0,6,7,4
1658,AIC,Pizza with pork cracklings (pizza con i ciccioli),pizza con i ciccioli,pizza con i ciccioli,Pizzas and savory pies,Calabria,,4.0,5,3,2
1659,AIC,Pizza with grasselli,pizza con i grasselli,pizza con i grasselli,Pizzas and savory pies,Marche,,4.0,9,8,4
1660,AIC,Pizza della Piana,pizza della piana,pizza della piana,Pizzas and savory pies,Calabria,,6.0,9,14,9
1661,AIC,Red Onion Pie,pizza di cipolle rosse,pizza di cipolle rosse,Pizzas and savory pies,Campania,,6.0,7,10,6
1662,AIC,Artichoke pie,pizza di carciofi,pizza di carciofi,Pizzas and savory pies,Campania,,6.0,8,10,3
1663,AIC,Cornmeal Pizza,pizza di granturco,pizza di granturco,Pizzas and savory pies,Abruzzo,,4.0,3,3,4
1664,AIC,Pizza di Latte in Broth (Milk Pie in Broth),pizza di latte in brodo,pizza di latte in brodo,Soups and broths,Molise,"Santa Croce di Magliano, San Giuliano di Puglia, Campobasso",4.0,5,9,7
1665,AIC,Pizza di Granone (Cornmeal Pizza),pizza di granone,pizza di granone,Pizzas and savory pies,Campania,,4.0,5,8,5
1666,AIC,Cornmeal pizza with legumes and vegetables,pizza di mais legumi e verdura,pizza di mais legumi e verdura,Soups and broths,Molise,"Campobasso, Isernia",4.0,10,15,9
1667,AIC,Cornmeal pizza,pizza di mais,pizza di mais,Pizzas and savory pies,Molise,,6.0,4,4,4
1668,AIC,Pizza di Pasqua,pizza di pasqua,pizza di pasqua,Desserts and liqueurs,Abruzzo,,6.0,7,12,4
1669,AIC,St. Joseph's Pizza,pizza di san giuseppe,pizza di san giuseppe,Pizzas and savory pies,Molise,San Felice del Molise,10.0,11,8,5
1670,AIC,Escarole Pie (Pizza di Scarola),pizza di scarola,pizza di scarola,Pizzas and savory pies,Campania,,6.0,12,13,10
1671,AIC,Pizza di Scarola (Escarole Pie),pizza di scarola,pizza di scarola,Pizzas and savory pies,Molise,Venafro,6.0,7,10,10
1672,AIC,Pizza Dolce (Sweet Cake),pizza dolce,pizza dolce,Desserts and liqueurs,Abruzzo,,4.0,8,14,7
1673,AIC,pizza dolce,pizza dolce,pizza dolce,Desserts and liqueurs,Molise,"Capracotta, Montecilfone",4.0,4,4,5
1674,AIC,Sweet Easter Pizza (Pizza Dolce di Pasqua),pizza dolce di pasqua,pizza dolce di pasqua,Desserts and liqueurs,Umbria,,8.0,11,13,6
1675,AIC,sweet ricotta pizza,pizza dolce di ricotta,pizza dolce di ricotta,Desserts and liqueurs,Abruzzo,,6.0,8,13,8
1676,AIC,Neapolitan pizza (base dough),pizza napoletana (impasto base),pizza napoletana (impasto base),Pizzas and savory pies,Campania,,6.0,9,17,10
1677,AIC,pizza rustica,pizza rustica,pizza rustica,Pizzas and savory pies,Campania,,6.0,10,10,7
1678,AIC,Stuffed Pizza,pizza ripiena,pizza ripiena,Pizzas and savory pies,Calabria,,6.0,5,5,3
1679,AIC,Pizza Piena,pizza piena,pizza piena,Pizzas and savory pies,Campania,,4.0,6,9,8
1680,AIC,pizza rustica,pizza rustica,pizza rustica,Pizzas and savory pies,Puglia,Brindisi,4.0,4,10,11
1681,AIC,Pizza pasquale di formaggio,pizza pasquale di formaggio,pizza pasquale di formaggio,Pizzas and savory pies,Umbria,Terni,8.0,6,12,4
1682,AIC,Pizza Rustica with Sfrizzoli,pizza rustica con gli sfrizzoli,pizza rustica con gli sfrizzoli,Pizzas and savory pies,Abruzzo,,4.0,5,6,2
1683,AIC,Stuffed Pizza (Pizza Ripiena),pizza ripiena,pizza ripiena,Pizzas and savory pies,Molise,Campolieto,8.0,9,14,8
1684,AIC,Saffron Rustic Pizza,pizza rustica allo zafferano,pizza rustica allo zafferano,Pizzas and savory pies,Abruzzo,,4.0,8,12,7
1685,AIC,Savory Rustic Pie,pizza rustica salata,pizza rustica salata,Pizzas and savory pies,Abruzzo,,4.0,6,7,6
1686,AIC,Rustic pizza with ricotta,pizza rustica con la ricotta,pizza rustica con la ricotta,Pizzas and savory pies,Abruzzo,,4.0,7,13,5
1687,AIC,Pizza Scema di San Martino,pizza scema di san martino,pizza scema di san martino,Pizzas and savory pies,Molise,,10.0,5,7,4
1688,AIC,Vibonese Pizza,pizza vibonese,pizza vibonese,Pizzas and savory pies,Calabria,,6.0,7,9,3
1689,AIC,Pizzoccheri,pizzoccheri,pizzoccheri,"Pasta, rice and polenta",Lombardia,Teglio in Valtellina,4.0,7,8,6
1690,AIC,Polenta Abruzzo-style,polenta all’abruzzese,polenta all’abruzzese,"Pasta, rice and polenta",Abruzzo,,6.0,7,9,7
1691,AIC,white polenta,polenta bianca,polenta bianca,"Pasta, rice and polenta",Valle d'Aosta,,4.0,2,3,3
1692,AIC,Polenta with broccoli and ciccioli,polenta broccoli e ciccioli,polenta broccoli e ciccioli,"Pasta, rice and polenta",Calabria,,4.0,6,6,4
1693,AIC,Polenta with Cabbage,polenta col cavolo cappuccio,polenta col cavolo cappuccio,"Pasta, rice and polenta",Calabria,,6.0,5,5,4
1694,AIC,Polenta with pork cracklings (ciccioli),polenta con ciccioli,polenta con ciccioli,"Pasta, rice and polenta",Emilia Romagna,,4.0,6,7,8
1695,AIC,Polenta with sapa,polenta con la sapa,polenta con la sapa,"Pasta, rice and polenta",Marche,,4.0,5,4,4
1696,AIC,Polenta with leeks,polenta con i porri,polenta con i porri,"Pasta, rice and polenta",Piemonte,Novara,4.0,8,10,6
1697,AIC,Polenta with sausage and ribs,polenta con salsiccia e costarelle,polenta con salsiccia e costarelle,"Pasta, rice and polenta",Marche,,4.0,3,7,5
1698,AIC,Polenta with salted green tomatoes,polenta con pomodori verdi salati,polenta con pomodori verdi salati,"Pasta, rice and polenta",Calabria,,4.0,4,5,4
1699,AIC,Polenta Concia,polenta concia,polenta concia,"Pasta, rice and polenta",Piemonte,,4.0,7,7,5
1700,AIC,Polenta with butter and cheese,polenta condita con burro e formaggio,polenta condita con burro e formaggio,"Pasta, rice and polenta",Trentino Alto Adige,,6.0,6,5,6
1701,AIC,Dressed Polenta,polenta conciata,polenta conciata,"Pasta, rice and polenta",Lombardia,,4.0,4,6,4
1702,AIC,Polenta dei Carbonari,polenta dei carbonari,polenta dei carbonari,"Pasta, rice and polenta",Umbria,Gubbio,4.0,7,5,5
1703,AIC,Rye flour polenta,polenta di farina di segale,polenta di farina di segale,"Pasta, rice and polenta",Valle d'Aosta,,4.0,5,5,4
1704,AIC,Polenta di Marengo,polenta di marengo,polenta di marengo,Desserts and liqueurs,Piemonte,,4.0,5,12,4
1705,AIC,Polenta and Milk,polenta e latte,polenta e latte,Soups and broths,Lombardia,,4.0,4,4,3
1706,AIC,Polenta and apples,polenta e mele,polenta e mele,"Pasta, rice and polenta",Valle d'Aosta,,4.0,4,7,5
1707,AIC,polenta fritta,polenta fritta,polenta fritta,Desserts and liqueurs,Friuli Venezia Giulia,Splimbergo,4.0,8,10,5
1708,AIC,Rich polenta,polenta grassa,polenta grassa,"Pasta, rice and polenta",Molise,,4.0,6,5,5
1709,AIC,Polenta Pasticciata,polenta pasticciata,polenta pasticciata,"Pasta, rice and polenta",Lombardia,,6.0,9,13,6
1710,AIC,Baked Polenta,polenta infornata,polenta infornata,"Pasta, rice and polenta",Molise,,4.0,13,11,8
1711,AIC,Polenta Incatenata,polenta incatenata,polenta incatenata,"Pasta, rice and polenta",Toscana,Fivizzano e della Lunigiana,4.0,4,7,5
1712,AIC,Grey Polenta,polenta grigia,polenta grigia,"Pasta, rice and polenta",Valle d'Aosta,,4.0,5,4,3
1713,AIC,Polenta Scivolata,polenta scivolata,polenta scivolata,"Pasta, rice and polenta",Sardegna,Alghero,6.0,6,9,7
1714,AIC,Pasticciata polenta,polenta pasticciata,polenta pasticciata,"Pasta, rice and polenta",Valle d'Aosta,,4.0,6,6,4
1715,AIC,Polenta Taragna,polenta taragna,polenta taragna,"Pasta, rice and polenta",Lombardia,,6.0,5,6,2
1716,AIC,Polenta Uncia,polenta uncia,polenta uncia,"Pasta, rice and polenta",Lombardia,,6.0,6,8,3
1717,AIC,polentina di cittadella,polentina di cittadella,polentina di cittadella,Desserts and liqueurs,Veneto,,6.0,8,9,5
1718,AIC,Grey Polentina,polentina grigia,polentina grigia,"Pasta, rice and polenta",Piemonte,,4.0,8,7,4
1719,AIC,Polentone Rencoatu (Layered Baked Polenta),polentone rencoatu,polentone rencoatu,"Pasta, rice and polenta",Marche,,6.0,5,7,8
1720,AIC,Bellunese-style chicken,pollo alla bellunese,pollo alla bellunese,"Meat, poultry and game",Veneto,,4.0,7,10,2
1721,AIC,Chicken cacciatore,pollo alla cacciatora,pollo alla cacciatora,"Meat, poultry and game",Piemonte,,4.0,9,10,2
1722,AIC,Chicken cacciatore,pollo alla cacciatora,pollo alla cacciatora,"Meat, poultry and game",Toscana,,4.0,3,8,2
1723,AIC,Pollo alla Cacciatora (Hunter's Style Chicken),pollo alla cacciatora,pollo alla cacciatora,"Meat, poultry and game",Emilia Romagna,,4.0,5,10,2
1724,AIC,Pollo alla Cacciatora (Civitavecchia style),pollo alla cacciatora,pollo alla cacciatora,"Meat, poultry and game",Lazio,Civitavecchia,4.0,6,9,3
1725,AIC,Cavallaia-style chicken,pollo alla cavallaia,pollo alla cavallaia,"Meat, poultry and game",Liguria,,4.0,8,9,2
1726,AIC,Pollo alla Diavola,pollo alla diavola,pollo alla diavola,"Meat, poultry and game",Lazio,Civitavecchia,4.0,4,6,2
1727,AIC,Chicken Marengo,pollo alla marengo,pollo alla marengo,"Meat, poultry and game",Piemonte,,6.0,12,15,3
1728,AIC,Pollo alla Franceschiello,pollo alla franceschiello,pollo alla franceschiello,"Meat, poultry and game",Abruzzo,,4.0,4,10,2
1729,AIC,Abruzzo-style chicken,pollo all’abruzzese,pollo all’abruzzese,"Meat, poultry and game",Abruzzo,,4.0,6,7,3
1730,AIC,Rich Saffron Chicken,pollo ricco allo zafferano,pollo ricco allo zafferano,"Meat, poultry and game",Abruzzo,,6.0,13,12,5
1731,AIC,Tabarkina-style Casserole Chicken,pollo in casseruola alla tabarkina,pollo in casseruola alla tabarkina,"Meat, poultry and game",Sardegna,Carloforte,6.0,10,12,3
1732,AIC,Meatballs with raisins and pine nuts,polpette con “passi” e pinoli,polpette con “passi” e pinoli,"Meat, poultry and game",Campania,,4.0,6,11,3
1733,AIC,Homestyle meatballs with saffron,polpette alla casalinga con zafferano,polpette alla casalinga con zafferano,"Meat, poultry and game",Abruzzo,,4.0,7,10,3
1734,AIC,Anchovy meatballs,polpette di alici,polpette di alici,Appetizers,Calabria,,4.0,8,8,6
1735,AIC,Wild fennel meatballs (Polpette di finocchietto),polpette di finocchietto,polpette di finocchietto,"Vegetables, eggs and legumes",Sicilia,,4.0,7,8,5
1736,AIC,Rositi Mushroom Meatballs,polpette di funghi rositi,polpette di funghi rositi,Appetizers,Calabria,,6.0,6,12,6
1737,AIC,Meatballs from Boiled Meat,polpette di lesso,polpette di lesso,"Meat, poultry and game",Toscana,,4.0,6,10,4
1738,AIC,Fish Cutlets (Polpette di Magro),polpette di magro,polpette di magro,Fish and seafood,Lombardia,,2.0,6,10,4
1739,AIC,Eggplant meatballs,polpette di melanzane,polpette di melanzane,"Vegetables, eggs and legumes",Lombardia,,4.0,6,7,5
1740,AIC,Eggplant meatballs,polpette di melanzane,polpette di melanzane,"Vegetables, eggs and legumes",Calabria,,4.0,6,10,5
1741,AIC,Bread and Cheese Balls,polpette di pane e formaggio,polpette di pane e formaggio,Appetizers,Puglia,,4.0,3,8,2
1742,AIC,Oil-packed tuna meatballs,polpette di tonno sott’olio,polpette di tonno sott’olio,Fish and seafood,Molise,Riccia,4.0,7,10,6
1743,AIC,Sweet and Sour Meatballs,polpette in agrodolce,polpette in agrodolce,"Meat, poultry and game",Calabria,,4.0,6,14,5
1744,AIC,Sardine meatballs in ragù sauce,polpette di sarde al ragù,polpette di sarde al ragù,Fish and seafood,Sicilia,,4.0,8,15,2
1745,AIC,Sweet and sour meatballs (Polpette in agrodolce),polpette in agrodolce,polpette in agrodolce,"Meat, poultry and game",Piemonte,,4.0,6,15,2
1746,AIC,Stewed Meatballs (Polpette in Umido),polpette in umido,polpette in umido,"Meat, poultry and game",Calabria,,4.0,7,13,4
1747,AIC,Ricotta and Wild Spinach Meatballs,polpette ricotta e òlaci,polpette ricotta e òlaci,Appetizers,Abruzzo,,4.0,5,8,8
1748,AIC,Poached Baby Octopus,polpetti affogati,polpetti affogati,Fish and seafood,Lazio,Civitavecchia,4.0,3,9,1
1749,AIC,Polpetti in Purgatory,polpetti in purgatorio,polpetti in purgatorio,Fish and seafood,Molise,Termoli,4.0,4,6,4
1750,AIC,Stifled baby octopus,polpetti soffocati,polpetti soffocati,Appetizers,Sardegna,Alghero,6.0,2,7,1
1751,AIC,Milanese-style meatballs,polpettine milanesi,polpettine milanesi,"Meat, poultry and game",Lombardia,,4.0,6,9,2
1752,AIC,Bolognese-style meatloaf,polpettone alla bolognese,polpettone alla bolognese,"Meat, poultry and game",Emilia Romagna,,4.0,4,11,7
1753,AIC,Florentine-style Meatloaf,polpettone alla fiorentina,polpettone alla fiorentina,"Meat, poultry and game",Toscana,,4.0,6,13,5
1754,AIC,Rabbit meatloaf,polpettone di coniglio,polpettone di coniglio,"Meat, poultry and game",Lombardia,,6.0,5,13,7
1755,AIC,Reggio Emilia-style turkey roll,polpettone di tacchino alla reggiana,polpettone di tacchino alla reggiana,"Meat, poultry and game",Emilia Romagna,,4.0,6,9,5
1756,AIC,Bolognese-style tuna meatloaf,polpettone di tonno alla bolognese,polpettone di tonno alla bolognese,Fish and seafood,Emilia Romagna,,4.0,8,13,9
1757,AIC,Poached Octopus,polpi affogati,polpi affogati,Fish and seafood,Campania,,4.0,5,7,1
1758,AIC,Octopus in Purgatory,polpi in purgatorio,polpi in purgatorio,Fish and seafood,Abruzzo,,4.0,4,7,5
1759,AIC,Octopus with Chard,polpi con le bietole,polpi con le bietole,Fish and seafood,Marche,,6.0,6,14,3
1760,AIC,Baked octopus with potatoes,polpo al forno con patate,polpo al forno con patate,Fish and seafood,Puglia,,4.0,8,10,6
1761,AIC,Baked octopus with potatoes,polpo al forno con patate,polpo al forno con patate,Fish and seafood,Sardegna,Porto Torres,4.0,8,8,3
1762,AIC,Hunter-style Octopus (Polpo alla Cacciatora),polpo alla cacciatora,polpo alla cacciatora,Fish and seafood,Toscana,,6.0,6,9,1
1763,AIC,Octopus Luciana style,polpo alla luciana,polpo alla luciana,Fish and seafood,Campania,Napoli,4.0,6,6,4
1764,AIC,Octopus with Pesto,polpo col pesto,polpo col pesto,Appetizers,Lazio,Civitavecchia,4.0,5,7,9
1765,AIC,Octopus in Agliata Sauce,polpo in agliata,polpo in agliata,Appetizers,Sardegna,,6.0,7,6,5
1766,AIC,Octopus Salad,polpo in insalata,polpo in insalata,Appetizers,Puglia,,4.0,5,7,4
1767,AIC,Pomodori arreganati,pomodori arreganati,pomodori arreganati,"Vegetables, eggs and legumes",Campania,Napoli,4.0,4,8,4
1768,AIC,Roasted tomatoes,pomodori arrosto,pomodori arrosto,"Vegetables, eggs and legumes",Sardegna,Sassari e Nurra di Sassari,4.0,4,7,3
1769,AIC,Rice-stuffed tomatoes,pomodori col riso,pomodori col riso,"Pasta, rice and polenta",Lazio,Roma,4.0,7,11,5
1770,AIC,Rice-stuffed tomatoes,pomodori con il riso,pomodori con il riso,"Vegetables, eggs and legumes",Lazio,,4.0,4,7,6
1771,AIC,Tomatoes with egg,pomodori con l’uovo,pomodori con l’uovo,"Vegetables, eggs and legumes",Sardegna,Sassari e della Nurra di Sassari,4.0,5,7,2
1772,AIC,Tomatoes with breadcrumbs,pomodori con pangrattato,pomodori con pangrattato,"Vegetables, eggs and legumes",Lazio,,4.0,4,8,4
1773,AIC,Bolognese Style Veal Pockets,portafogli alla bolognese,portafogli alla bolognese,"Meat, poultry and game",Emilia Romagna,,4.0,5,13,5
1774,AIC,presnitz,presnitz,presnitz,Desserts and liqueurs,Friuli Venezia Giulia,,,8,13,7
1775,AIC,Pulpeddi in Spianata,pulpeddi in spianata,pulpeddi in spianata,Appetizers,Sardegna,,6.0,7,7,6
1776,AIC,Pulupitt (Puglian Meatballs),pulupitt,pulupitt,"Meat, poultry and game",Puglia,,6.0,6,10,6
1777,AIC,Leeks au gratin with butter and cheese,porri gratinati al burro e formaggio,porri gratinati al burro e formaggio,"Vegetables, eggs and legumes",Piemonte,,4.0,6,11,8
1778,AIC,Profezeni,profezeni,profezeni,Appetizers,Trentino Alto Adige,,4.0,9,12,5
1779,AIC,Stuffed Veal Breast,punta di vitello,punta di vitello,"Meat, poultry and game",Emilia Romagna,,4.0,7,15,9
1780,AIC,Purgatorio alla Calabrese,purgatorio alla calabrese,purgatorio alla calabrese,"Vegetables, eggs and legumes",Calabria,,4.0,9,8,4
1781,AIC,Putiza,putiza,putiza,Desserts and liqueurs,Friuli Venezia Giulia,,2.0,9,14,5
1782,AIC,Putizza with walnuts,putizza alle noci,putizza alle noci,Desserts and liqueurs,Friuli Venezia Giulia,"Gorizia, Collio, Carso, Trieste",8.0,12,17,8
1783,AIC,Tarragon Putizza (Pehtranova Potica),putizza al dragoncello (pehtranova potica),putizza al dragoncello (pehtranova potica),Desserts and liqueurs,Friuli Venezia Giulia,"Gorizia, Collio, Carso",8.0,15,13,9
1784,AIC,white putizza (bela potica),putizza bianca (bela potica),putizza bianca (bela potica),Desserts and liqueurs,Friuli Venezia Giulia,"Gorizia, Collio, Carso",6.0,13,14,8
1785,AIC,Classic Bolognese Ragù,ragù classico bolognese,ragù classico bolognese,Sauces,Emilia Romagna,,6.0,7,12,10
1786,AIC,Quadrucci al lardo,quadrucci al lardo,quadrucci al lardo,Soups and broths,Marche,,4.0,7,5,7
1787,AIC,Truffled quail with cream,quaglia tartufata alla crema,quaglia tartufata alla crema,"Meat, poultry and game",Piemonte,,4.0,5,11,4
1788,AIC,Quail Cosenza-style,quaglie alla cosentina,quaglie alla cosentina,"Meat, poultry and game",Calabria,,4.0,8,12,4
1789,AIC,Cinnamon-crusted quails,quaglie in crosta alla cannella,quaglie in crosta alla cannella,"Meat, poultry and game",Veneto,,4.0,13,23,9
1790,AIC,Quail with Peas,quaglie con i piselli,quaglie con i piselli,"Meat, poultry and game",Marche,,4.0,6,11,3
1791,AIC,Quail alla Scaligera,quaglie alla scaligera,quaglie alla scaligera,"Meat, poultry and game",Veneto,,4.0,6,7,3
1792,AIC,Rabaton,rabaton,rabaton,"Pasta, rice and polenta",Piemonte,Alessandria,6.0,8,13,7
1793,AIC,Radicchio and Beans,radicchi e fagioli,radicchi e fagioli,"Vegetables, eggs and legumes",Friuli Venezia Giulia,,4.0,5,6,3
1794,AIC,Radicchio and Beans,radici e fasìoi,radici e fasìoi,Soups and broths,Veneto,,4.0,6,9,4
1795,AIC,Cooked Horseradish,rafano cotto,rafano cotto,"Vegetables, eggs and legumes",Friuli Venezia Giulia,"Gorizia, Collio",4.0,6,11,3
1796,AIC,"Raganata of mussels, Olbia style",raganata di cozze all’olbiese,raganata di cozze all’olbiese,Appetizers,Sardegna,Olbia e centri costieri,6.0,5,5,4
1797,AIC,Abruzzese ragù,ragù abruzzese,ragù abruzzese,Sauces,Abruzzo,,4.0,4,8,3
1798,AIC,Pugliese-style ragù,ragù alla pugliese,ragù alla pugliese,Sauces,Puglia,,12.0,9,16,4
1799,AIC,ragù alla romagnola,ragù alla romagnola,ragù alla romagnola,Sauces,Emilia Romagna,,4.0,5,12,3
1800,AIC,Mutton Ragù,ragù di castrato,ragù di castrato,Sauces,Abruzzo,,4.0,5,11,3
1801,AIC,Castrato Ragù,ragù di castrato,ragù di castrato,Sauces,Campania,Roccadaspide,8.0,5,7,1
1802,AIC,Pork Rind Ragù,ragù di cotenne,ragù di cotenne,Sauces,Molise,,4.0,6,7,4
1803,AIC,Stuffed cockerel ragù,ragù di galletto ripieno,ragù di galletto ripieno,Sauces,Molise,,4.0,6,15,5
1804,AIC,Pork ragù,ragù di maiale,ragù di maiale,Sauces,Calabria,,4.0,5,20,7
1805,AIC,Pork ragù,ragù di maiale,ragù di maiale,Sauces,Abruzzo,,4.0,6,11,3
1806,AIC,Chicken ragù,ragù di pollo,ragù di pollo,Sauces,Abruzzo,,4.0,4,7,1
1807,AIC,Sausage ragù,ragù di salsiccia,ragù di salsiccia,Sauces,Abruzzo,,4.0,5,8,3
1808,AIC,Liver sausage ragù,ragù di salsiccia di fegato,ragù di salsiccia di fegato,Sauces,Molise,,4.0,4,6,1
1809,AIC,Vegetable ragù,ragù di verdure,ragù di verdure,Soups and broths,Campania,Sessa Aurunca,6.0,7,8,3
1810,AIC,Marchigiano ragù,ragù marchigiano,ragù marchigiano,Sauces,Marche,,4.0,6,15,4
1811,AIC,Neapolitan ragù,ragù napoletano,ragù napoletano,Sauces,Campania,,12.0,6,13,1
1812,AIC,Tuscan ragù,ragù toscano,ragù toscano,Sauces,Toscana,,4.0,7,9,2
1813,AIC,Murex Snails with Rosemary,raguse al rosmarino,raguse al rosmarino,Fish and seafood,Marche,,4.0,8,11,3
1814,AIC,Hunter-style Monkfish,rana pescatrice alla cacciatora,rana pescatrice alla cacciatora,Fish and seafood,Abruzzo,,4.0,4,9,1
1815,AIC,Catalan-style Monkfish,rana pescatrice alla catalana,rana pescatrice alla catalana,Fish and seafood,Sardegna,"Alghero, Sassari",4.0,4,6,4
1816,AIC,Monkfish in potacchio,rana pescatrice in potacchio,rana pescatrice in potacchio,Fish and seafood,Marche,,4.0,6,12,2
1817,AIC,Monkfish Otranto-style,rana pescatrice all’otrantina,rana pescatrice all’otrantina,Fish and seafood,Puglia,Lecce,4.0,8,12,4
1818,AIC,Fried Frogs,rane fritte,rane fritte,Fish and seafood,Toscana,,4.0,4,7,4
1819,AIC,fried frogs,rane fritte,rane fritte,Fish and seafood,Piemonte,,6.0,6,9,4
1820,AIC,Bolognese-style fried frogs,rane fritte alla bolognese,rane fritte alla bolognese,Fish and seafood,Emilia Romagna,,4.0,5,9,2
1821,AIC,Frogs in guazzetto,rane in guazzetto,rane in guazzetto,Fish and seafood,Lombardia,,4.0,3,8,3
1822,AIC,Turnips with sugar,rape con lo zucchero,rape con lo zucchero,"Vegetables, eggs and legumes",Friuli Venezia Giulia,,4.0,4,6,3
1823,AIC,Young Turnips,rape giovani,rape giovani,"Vegetables, eggs and legumes",Friuli Venezia Giulia,"Gorizia, Collio, Carso",4.0,8,4,3
1824,AIC,Ratatuia,ratatuia,ratatuia,"Vegetables, eggs and legumes",Piemonte,Domodossola,4.0,5,7,5
1825,AIC,Bolognese sweet ravioli (St. Joseph's ravioli),raviole bolognesi o di san giuseppe,raviole bolognesi o di san giuseppe,Desserts and liqueurs,Emilia Romagna,,4.0,8,9,5
1826,AIC,Ravioli,ravioli,ravioli,"Pasta, rice and polenta",Calabria,,6.0,11,14,8
1827,AIC,Dry Ravioli,ravioli asciutti,ravioli asciutti,"Pasta, rice and polenta",Lombardia,,6.0,12,13,11
1828,AIC,Meat ravioli,ravioli di carne,ravioli di carne,"Pasta, rice and polenta",Liguria,,6.0,11,16,9
1829,AIC,Sweet cheese ravioli,ravioli di formaggio dolci,ravioli di formaggio dolci,"Pasta, rice and polenta",Sardegna,,6.0,8,13,9
1830,AIC,Ravioli di Magro (Lean Ravioli),ravioli di magro,ravioli di magro,"Pasta, rice and polenta",Toscana,,4.0,12,10,8
1831,AIC,potato and mint ravioli,ravioli di patate alla menta,ravioli di patate alla menta,"Pasta, rice and polenta",Sardegna,,4.0,8,11,7
1832,AIC,Spinach ravioli,ravioli di spinaci,ravioli di spinaci,"Pasta, rice and polenta",Trentino Alto Adige,,6.0,5,7,6
1833,AIC,ravioli di ricotta,ravioli di ricotta,ravioli di ricotta,"Pasta, rice and polenta",Sardegna,Campidano di Cagliari,6.0,10,12,12
1834,AIC,Savoy cabbage ravioli,ravioli di verza,ravioli di verza,"Pasta, rice and polenta",Trentino Alto Adige,,6.0,6,11,5
1835,AIC,Sweet Ravioli,ravioli dolci,ravioli dolci,"Pasta, rice and polenta",Abruzzo,,6.0,7,10,6
1836,AIC,Logudoro-style Spinach Gnudi,ravioli nudi di spinaci alla logudorese,ravioli nudi di spinaci alla logudorese,"Pasta, rice and polenta",Sardegna,Sassari e Logudoro,4.0,6,8,6
1837,AIC,Teramo-style ravioli in broth,ravioli ’mbusse alla teramana,ravioli ’mbusse alla teramana,Soups and broths,Abruzzo,,4.0,8,13,8
1838,AIC,Ricotta ravioloni,ravioloni di ricotta,ravioloni di ricotta,"Pasta, rice and polenta",Sicilia,,6.0,6,12,10
1839,AIC,Skate a Scapece,razza a scapece,razza a scapece,Fish and seafood,Molise,Termoli,4.0,8,6,5
1840,AIC,sweet stuffed ravioloni,ravioloni dolci ripieni,ravioloni dolci ripieni,Desserts and liqueurs,Calabria,,8.0,6,10,11
1841,AIC,Ricotta ravioloni,ravioloni di ricotta,ravioloni di ricotta,Desserts and liqueurs,Sicilia,,8.0,7,11,6
1842,AIC,Olbia-style Skate,razza all’olbiese,razza all’olbiese,Fish and seafood,Sardegna,Olbia e Gallura,4.0,5,8,3
1843,AIC,Skate in Bianco,razza in bianco,razza in bianco,Fish and seafood,Abruzzo,,4.0,4,10,1
1844,AIC,Skate with Bell Pepper Sauce,razza con salsa di peperoni,razza con salsa di peperoni,Appetizers,Marche,,4.0,8,8,2
1845,AIC,Re Cellucce,re cellucce,re cellucce,Desserts and liqueurs,Molise,"Agnone, Jelsi, Riccia, Ururi, San Martino in Pensilis",8.0,8,10,9
1846,AIC,Reginette in broth,reginette in brodo,reginette in brodo,Soups and broths,Liguria,,4.0,5,6,4
1847,AIC,Rentrocelo,rentrocelo,rentrocelo,"Pasta, rice and polenta",Abruzzo,Lanciano,4.0,5,8,4
1848,AIC,ribollita,ribollita,ribollita,Soups and broths,Toscana,,6.0,12,13,4
1849,AIC,Ricaccio of turnip tops,ricaccio di broccoli di rapa,ricaccio di broccoli di rapa,"Vegetables, eggs and legumes",Campania,Marcianise,4.0,5,7,5
1850,AIC,ricciarelli,ricciarelli,ricciarelli,Desserts and liqueurs,Toscana,Siena,8.0,7,11,7
1851,AIC,Ricotta with cooked must,ricotta al mosto cotto,ricotta al mosto cotto,Desserts and liqueurs,Abruzzo,,4.0,6,5,6
1852,AIC,Ricotta with mint,ricotta alla menta,ricotta alla menta,Appetizers,Sardegna,Nuoro,6.0,4,4,4
1853,AIC,Re-fried Pork,rifritta di maiale,rifritta di maiale,"Meat, poultry and game",Abruzzo,,6.0,4,8,2
1854,AIC,Rigatoni with green cauliflower,rigatoni ai cavolfiori verdi,rigatoni ai cavolfiori verdi,"Pasta, rice and polenta",Campania,Napoli,4.0,6,9,6
1855,AIC,Saffron Ricotta,ricotta allo zafferano,ricotta allo zafferano,Desserts and liqueurs,Abruzzo,,4.0,2,4,3
1856,AIC,Rigatoni with eel sauce,rigatoni al sugo di anguille,rigatoni al sugo di anguille,"Pasta, rice and polenta",Sardegna,,4.0,8,13,4
1857,AIC,white amatriciana rigatoni,rigatoni all’amatriciana in bianco,rigatoni all’amatriciana in bianco,"Pasta, rice and polenta",Abruzzo,,6.0,7,8,4
1858,AIC,Rigatoni alla Silana,rigatoni alla silana,rigatoni alla silana,"Pasta, rice and polenta",Calabria,,4.0,5,17,6
1859,AIC,Rigatoni with pajata,rigatoni con la pajata,rigatoni con la pajata,"Pasta, rice and polenta",Lazio,Roma,4.0,9,12,7
1860,AIC,Rigatoni with Monkfish,rigatoni con la rana pescatrice,rigatoni con la rana pescatrice,"Pasta, rice and polenta",Abruzzo,,4.0,6,9,5
1861,AIC,Riggitanedda,riggitanedda,riggitanedda,"Pasta, rice and polenta",Calabria,,4.0,12,11,11
1862,AIC,Ris e Malastre (Rice and Mountain Pansy Soup),ris e malastre,ris e malastre,Soups and broths,Piemonte,Biella,4.0,6,6,3
1863,AIC,Ris in Cagnon,ris in cagnon,ris in cagnon,"Pasta, rice and polenta",Lombardia,,6.0,3,6,3
1864,AIC,Tuna risotto,riso al tonno,riso al tonno,"Pasta, rice and polenta",Calabria,,4.0,5,10,3
1865,AIC,Risotto with Luganega Sausage,risi e luganega,risi e luganega,"Pasta, rice and polenta",Veneto,,4.0,5,8,7
1866,AIC,Cavour-style rice,riso alla cavour,riso alla cavour,"Pasta, rice and polenta",Piemonte,,4.0,9,6,6
1867,AIC,Riso alla Pilota,riso alla pilota,riso alla pilota,"Pasta, rice and polenta",Lombardia,,4.0,7,6,6
1868,AIC,Roasted rice,riso arrosto,riso arrosto,"Pasta, rice and polenta",Liguria,,4.0,10,9,6
1869,AIC,Rice with milk,riso con il latte,riso con il latte,Desserts and liqueurs,Molise,,4.0,4,7,3
1870,AIC,Rice with chicken livers,riso con i fegatini,riso con i fegatini,Soups and broths,Veneto,Padova,4.0,4,9,4
1871,AIC,Rice with Perch Fillets,riso con filetti di pesce persico,riso con filetti di pesce persico,"Pasta, rice and polenta",Lombardia,,6.0,6,6,3
1872,AIC,Pumpkin risotto,riso con la zucca,riso con la zucca,"Pasta, rice and polenta",Emilia Romagna,,4.0,8,10,5
1873,AIC,Rice with preboggion,riso con il preboggion,riso con il preboggion,Soups and broths,Liguria,,4.0,5,6,6
1874,AIC,Rice with herbs,riso con le erbette,riso con le erbette,Soups and broths,Lombardia,,4.0,3,4,4
1875,AIC,Rice with endive,riso con l’indivia,riso con l’indivia,"Pasta, rice and polenta",Lazio,,4.0,5,10,1
1876,AIC,Riso Curgo,riso curgo,riso curgo,"Pasta, rice and polenta",Marche,,6.0,7,15,6
1877,AIC,Rice with pig's trotters,riso con zampetti di maiale,riso con zampetti di maiale,"Pasta, rice and polenta",Lazio,,4.0,4,8,4
1878,AIC,Rice with potatoes and beans,riso con patate e fagioli,riso con patate e fagioli,"Pasta, rice and polenta",Sardegna,Alghero,6.0,6,9,6
1879,AIC,Risotto with Asparagus,riso e asparagi,riso e asparagi,"Pasta, rice and polenta",Lombardia,,4.0,7,6,5
1880,AIC,"Rice and beans, Feltre-style",riso e fagioli alla feltrina,riso e fagioli alla feltrina,"Pasta, rice and polenta",Veneto,,4.0,7,7,5
1881,AIC,Rice and Beans (Riso e Fagioli),riso e fagioli,riso e fagioli,Soups and broths,Lombardia,,4.0,5,13,2
1882,AIC,Rice and Milk,riso e latte,riso e latte,Soups and broths,Lombardia,,4.0,4,5,5
1883,AIC,Rice and Nettles,riso e ortiche,riso e ortiche,"Pasta, rice and polenta",Valle d'Aosta,,4.0,4,4,5
1884,AIC,Rice and Potatoes,riso e patate,riso e patate,"Pasta, rice and polenta",Calabria,,4.0,7,8,6
1885,AIC,Rice and Turnips,riso e rape,riso e rape,"Pasta, rice and polenta",Lombardia,,4.0,5,8,8
1886,AIC,Rice and Peas 1,riso e piselli 1,riso e piselli 1,"Pasta, rice and polenta",Veneto,,4.0,10,11,4
1887,AIC,Rice and Peas 2,riso e piselli 2,riso e piselli 2,"Pasta, rice and polenta",Veneto,,4.0,4,11,4
1888,AIC,Veronese-style rice and tripe,riso e trippa alla veronese,riso e trippa alla veronese,"Pasta, rice and polenta",Veneto,,4.0,7,15,2
1889,AIC,Rice and Celery,riso e sedano,riso e sedano,"Pasta, rice and polenta",Veneto,,4.0,5,10,4
1890,AIC,Rice and Savoy Cabbage,riso e verze,riso e verze,Soups and broths,Lombardia,,6.0,5,13,1
1891,AIC,Rice and Savoy Cabbage,riso e verze,riso e verze,"Pasta, rice and polenta",Piemonte,,4.0,3,7,1
1892,AIC,Rice in broth with saffron and asparagus,riso in brodo con zafferano e asparagi,riso in brodo con zafferano e asparagi,Soups and broths,Abruzzo,,4.0,7,8,3
1893,AIC,Imprisoned Rice,riso imprigionato,riso imprigionato,"Pasta, rice and polenta",Valle d'Aosta,,4.0,5,7,2
1894,AIC,Rice with Fennel and Ricotta,riso finocchio e ricotta,riso finocchio e ricotta,"Pasta, rice and polenta",Calabria,,4.0,7,4,3
1895,AIC,Riso in Cagnon,riso in cagnon,riso in cagnon,"Pasta, rice and polenta",Piemonte,,4.0,6,5,6
1896,AIC,Riso in Cagnone,riso in cagnone,riso in cagnone,"Pasta, rice and polenta",Liguria,,4.0,4,7,2
1897,AIC,Riso Jallo,riso jallo,riso jallo,"Pasta, rice and polenta",Marche,,4.0,4,6,3
1898,AIC,Creamy Rice Pudding (Riso Mantecato),riso mantecato,riso mantecato,Desserts and liqueurs,Sicilia,,6.0,6,9,4
1899,AIC,Riso 'mbriaco,riso ‘mbriaco,riso ‘mbriaco,"Pasta, rice and polenta",Calabria,,4.0,7,12,2
1900,AIC,"Rice, celery, and tomato soup","riso, sedano e pomodoro","riso, sedano e pomodoro",Soups and broths,Veneto,Padova,4.0,6,10,3
1901,AIC,Wild Asparagus Risotto,risotto agli asparagi selvatici,risotto agli asparagi selvatici,"Pasta, rice and polenta",Sardegna,Sassari,4.0,8,8,4
1902,AIC,Artichoke risotto,risotto ai carciofi,risotto ai carciofi,"Pasta, rice and polenta",Sardegna,Sassari e dintorni,4.0,9,11,3
1903,AIC,Seafood risotto,risotto ai frutti di mare,risotto ai frutti di mare,"Pasta, rice and polenta",Sardegna,Sassari e zone costiere,6.0,13,16,3
1904,AIC,Risotto with porcini mushrooms,risotto ai funghi,risotto ai funghi,"Pasta, rice and polenta",Piemonte,,4.0,5,7,3
1905,AIC,Risotto with sea bass,risotto al branzino,risotto al branzino,"Pasta, rice and polenta",Veneto,,6.0,8,11,3
1906,AIC,Risotto al Barolo,risotto al barolo,risotto al barolo,"Pasta, rice and polenta",Piemonte,,6.0,8,12,4
1907,AIC,Risotto with partridge broth,risotto al brodo di pernici,risotto al brodo di pernici,"Pasta, rice and polenta",Sardegna,Sassari e Nurra di Sassari,6.0,8,11,3
1908,AIC,Risotto with wild fennel,risotto al finocchietto selvatico,risotto al finocchietto selvatico,"Pasta, rice and polenta",Sardegna,Oristano,4.0,6,6,3
1909,AIC,Melon risotto,risotto al melone,risotto al melone,"Pasta, rice and polenta",Emilia Romagna,,4.0,7,11,5
1910,AIC,Cuttlefish ink risotto,risotto al nero di seppia,risotto al nero di seppia,"Pasta, rice and polenta",Veneto,,4.0,4,10,3
1911,AIC,Teroldego Risotto,risotto al teroldego,risotto al teroldego,"Pasta, rice and polenta",Trentino Alto Adige,,6.0,6,8,4
1912,AIC,Gorgonzola risotto,risotto al gorgonzola,risotto al gorgonzola,"Pasta, rice and polenta",Piemonte,,4.0,7,10,6
1913,AIC,Risotto with mullet bottarga,risotto alla bottarga di muggine,risotto alla bottarga di muggine,"Pasta, rice and polenta",Sardegna,Oristano,4.0,6,8,1
1914,AIC,Risotto alla Campidanese,risotto alla campidanese,risotto alla campidanese,"Pasta, rice and polenta",Sardegna,Cabras,6.0,7,13,4
1915,AIC,Carthusian-style risotto,risotto alla certosina,risotto alla certosina,"Pasta, rice and polenta",Lombardia,,6.0,8,12,7
1916,AIC,risotto with cream of leek,risotto alla crema di porri,risotto alla crema di porri,"Pasta, rice and polenta",Piemonte,,4.0,9,10,7
1917,AIC,risotto alla gallurese,risotto alla gallurese,risotto alla gallurese,"Pasta, rice and polenta",Sardegna,Sassari e della Gallura,4.0,5,7,4
1918,AIC,risotto alla milanese,risotto alla milanese,risotto alla milanese,"Pasta, rice and polenta",Lombardia,,6.0,5,8,4
1919,AIC,risotto alla marinara,risotto alla marinara,risotto alla marinara,"Pasta, rice and polenta",Sicilia,,6.0,6,16,7
1920,AIC,Risotto with pork pulp,risotto alla polpa di maiale,risotto alla polpa di maiale,"Pasta, rice and polenta",Sardegna,,6.0,6,9,3
1921,AIC,risotto alla parmigiana,risotto alla parmigiana,risotto alla parmigiana,"Pasta, rice and polenta",Emilia Romagna,,4.0,7,9,1
1922,AIC,Saffron risotto,risotto allo zafferano,risotto allo zafferano,"Pasta, rice and polenta",Abruzzo,,6.0,8,8,5
1923,AIC,Saffron and zucchini risotto,risotto allo zafferano e zucchine,risotto allo zafferano e zucchine,"Pasta, rice and polenta",Piemonte,,4.0,5,11,3
1924,AIC,Risotto all'Isolana,risotto all’isolana,risotto all’isolana,"Pasta, rice and polenta",Veneto,Isola della Scala,4.0,7,9,3
1925,AIC,Risotto with perch fillets and zucchini flowers,risotto con filetti di persico e fiori di zucchine,risotto con filetti di persico e fiori di zucchine,"Pasta, rice and polenta",Piemonte,,4.0,6,10,3
1926,AIC,Risotto with strigoli,risotto con gli strigoli,risotto con gli strigoli,"Pasta, rice and polenta",Lombardia,,4.0,6,7,4
1927,AIC,risotto with caperozoli (grey clams),risotto con i caperozoli (vongole grigie),risotto con i caperozoli (vongole grigie),"Pasta, rice and polenta",Friuli Venezia Giulia,,4.0,7,9,5
1928,AIC,Risotto with chiodini mushrooms,risotto con i chiodini,risotto con i chiodini,"Pasta, rice and polenta",Veneto,,4.0,5,8,2
1929,AIC,Risotto with beans,risotto con i fagioli,risotto con i fagioli,"Pasta, rice and polenta",Lombardia,,4.0,8,13,5
1930,AIC,Risotto with black-eyed peas,risotto con i fagioli dell’occhio,risotto con i fagioli dell’occhio,"Pasta, rice and polenta",Lombardia,,4.0,6,9,4
1931,AIC,Risotto with tastasal,risotto con il tastasal,risotto con il tastasal,"Pasta, rice and polenta",Veneto,Verona,4.0,5,11,5
1932,AIC,Risotto with coot,risotto con la folaga,risotto con la folaga,"Pasta, rice and polenta",Emilia Romagna,,4.0,6,13,3
1933,AIC,risotto with hen,risotto con la gallina,risotto con la gallina,"Pasta, rice and polenta",Friuli Venezia Giulia,,4.0,4,9,6
1934,AIC,Risotto with tench,risotto con la tinca,risotto con la tinca,"Pasta, rice and polenta",Piemonte,,4.0,13,9,8
1935,AIC,Risotto with sausage,risotto con la salsiccia,risotto con la salsiccia,"Pasta, rice and polenta",Emilia Romagna,,4.0,6,9,2
1936,AIC,Risotto with tench,risotto con la tinca,risotto con la tinca,"Pasta, rice and polenta",Friuli Venezia Giulia,,4.0,10,13,5
1937,AIC,Risotto with Garda Tench,risotto con la tinca del garda,risotto con la tinca del garda,"Pasta, rice and polenta",Veneto,,4.0,10,14,4
1938,AIC,Risotto with eels Comacchio-style,risotto con le anguille alla comacchiese,risotto con le anguille alla comacchiese,"Pasta, rice and polenta",Emilia Romagna,,4.0,8,12,6
1939,AIC,Risotto with 'poveracce' clams,risotto con le poveracce,risotto con le poveracce,"Pasta, rice and polenta",Emilia Romagna,Porto Garibaldi,4.0,14,17,5
1940,AIC,Risotto with frogs,risotto con le rane,risotto con le rane,"Pasta, rice and polenta",Emilia Romagna,,4.0,5,10,5
1941,AIC,risotto with frogs,risotto con le rane,risotto con le rane,"Pasta, rice and polenta",Piemonte,,4.0,9,13,1
1942,AIC,Risotto with frogs,risotto con le rane,risotto con le rane,"Pasta, rice and polenta",Veneto,,4.0,5,11,4
1943,AIC,Risotto with frogs from the lowlands,risotto con le rane della bassa,risotto con le rane della bassa,"Pasta, rice and polenta",Emilia Romagna,,4.0,10,17,6
1944,AIC,Risotto with giblets,risotto con le rigaglie,risotto con le rigaglie,"Pasta, rice and polenta",Piemonte,,4.0,7,13,3
1945,AIC,Risotto with eel,risotto con l’anguilla,risotto con l’anguilla,"Pasta, rice and polenta",Friuli Venezia Giulia,Marano,4.0,11,18,4
1946,AIC,Risotto with walnuts and pumpkin,risotto con noci e zucca,risotto con noci e zucca,"Pasta, rice and polenta",Friuli Venezia Giulia,,4.0,7,10,5
1947,AIC,Risotto with pannerone and pears,risotto con pannerone e pere,risotto con pannerone e pere,"Pasta, rice and polenta",Lombardia,,4.0,5,8,5
1948,AIC,Risotto with sausage and cauliflower,risotto con salsiccia e cavolo,risotto con salsiccia e cavolo,"Pasta, rice and polenta",Veneto,,4.0,6,9,5
1949,AIC,Risotto with sausage and chiodini mushrooms,risotto con salsiccia e funghi chiodini,risotto con salsiccia e funghi chiodini,"Pasta, rice and polenta",Lombardia,,6.0,7,10,5
1950,AIC,Risotto with baby cuttlefish and pesto,risotto con seppioline e pesto,risotto con seppioline e pesto,"Pasta, rice and polenta",Sardegna,Carloforte,6.0,9,11,3
1951,AIC,Risotto for the Day of the Dead,risotto del giorno dei morti,risotto del giorno dei morti,"Pasta, rice and polenta",Lombardia,,6.0,8,10,4
1952,AIC,Risotto with silene,risotto con silene,risotto con silene,"Pasta, rice and polenta",Friuli Venezia Giulia,,4.0,8,7,5
1953,AIC,Risotto with Hop Shoots,risotto di bruscandoli,risotto di bruscandoli,"Pasta, rice and polenta",Veneto,,4.0,4,10,5
1954,AIC,Goby Risotto,risotto di ghiozzi,risotto di ghiozzi,"Pasta, rice and polenta",Friuli Venezia Giulia,Grado,4.0,9,9,3
1955,AIC,"Risotto in red, Nurra style",risotto in rosso alla nurrese,risotto in rosso alla nurrese,"Pasta, rice and polenta",Sardegna,Sarrari e Porto Torres,6.0,5,9,4
1956,AIC,Risotto with scampi and asparagus,risotto di scampi e asparagi,risotto di scampi e asparagi,"Pasta, rice and polenta",Veneto,,4.0,11,15,7
1957,AIC,black risotto,risotto nero,risotto nero,"Pasta, rice and polenta",Toscana,,4.0,7,9,5
1958,AIC,risotto primavera,risotto primavera,risotto primavera,"Pasta, rice and polenta",Veneto,,4.0,8,18,2
1959,AIC,Rich Paduan-style risotto,risotto ricco alla padovana,risotto ricco alla padovana,"Pasta, rice and polenta",Veneto,,4.0,5,22,2
1960,AIC,Veal Kidneys in Green Sauce,rognone al verde,rognone al verde,"Meat, poultry and game",Piemonte,,4.0,6,8,3
1961,AIC,Calabrian-style rollatini,rollatini alla calabrese,rollatini alla calabrese,"Meat, poultry and game",Calabria,,4.0,4,5,3
1962,AIC,Rosa di Parma,rosa di parma,rosa di parma,"Meat, poultry and game",Emilia Romagna,,4.0,6,12,3
1963,AIC,rosada,rosada,rosada,Desserts and liqueurs,Friuli Venezia Giulia,,4.0,4,7,1
1964,AIC,Lemon Rosolio,rosolio al limone,rosolio al limone,Desserts and liqueurs,Puglia,,,6,4,3
1965,AIC,Rossümada,rossümada,rossümada,Desserts and liqueurs,Lombardia,,1.0,2,3,3
1966,AIC,Potato and spinach roll,rotolo di pasta varia con spinaci,rotolo di pasta varia con spinaci,"Pasta, rice and polenta",Friuli Venezia Giulia,,6.0,7,10,7
1967,AIC,Potato and Meat Gröstl,rosticciata di patate e carne,rosticciata di patate e carne,"Meat, poultry and game",Trentino Alto Adige,,4.0,7,11,5
1968,AIC,Spinach roll,rotolo di spinaci 1,rotolo di spinaci 1,"Pasta, rice and polenta",Trentino Alto Adige,,6.0,5,8,7
1969,AIC,Spinach roll 2,rotolo di spinaci 2,rotolo di spinaci 2,"Pasta, rice and polenta",Trentino Alto Adige,,6.0,8,8,8
1970,AIC,Tuna roll,rotolo di tonno,rotolo di tonno,Appetizers,Piemonte,,4.0,9,13,7
1971,AIC,Runditt,runditt,runditt,Pizzas and savory pies,Piemonte,,8.0,5,6,2
1972,AIC,Rustida,rustida,rustida,"Meat, poultry and game",Piemonte,,4.0,4,10,2
1973,AIC,rustisciada,rustisciada,rustisciada,"Meat, poultry and game",Lombardia,Monza,4.0,7,11,3
1974,AIC,Sa Panischedda,sa panischedda,sa panischedda,Desserts and liqueurs,Sardegna,Abbasanta,8.0,6,8,3
1975,AIC,Stuffed Veal Pocket (Saccoccia Ripiena),saccoccia ripiena,saccoccia ripiena,"Meat, poultry and game",Piemonte,Alessandria,6.0,10,13,8
1976,AIC,Sagne a pezze with grass peas,sagne a pezze e cicerchia,sagne a pezze e cicerchia,Soups and broths,Abruzzo,,4.0,8,9,6
1977,AIC,sagne alla furese,sagne alla furese,sagne alla furese,"Pasta, rice and polenta",Puglia,,4.0,8,11,2
1978,AIC,Sagne with white beans,sagne e fagioli bianchi,sagne e fagioli bianchi,Soups and broths,Molise,,4.0,7,9,8
1979,AIC,Sagne in goat broth,sagne in brodo di capra,sagne in brodo di capra,Soups and broths,Abruzzo,,4.0,9,14,3
1980,AIC,Leavened Sagne,sagne lievitate,sagne lievitate,Soups and broths,Molise,Capracotta,4.0,7,8,5
1981,AIC,Salama da sugo from Ferrara,salama ferrarese o salama da sugo,salama ferrarese o salama da sugo,"Meat, poultry and game",Emilia Romagna,,4.0,5,1,8
1982,AIC,Sagne stracciate with salt cod sauce,sagne stracciate al sugo di baccalà,sagne stracciate al sugo di baccalà,"Pasta, rice and polenta",Abruzzo,,6.0,6,9,4
1983,AIC,Salame all'aceto,salame all’aceto,salame all’aceto,Appetizers,Friuli Venezia Giulia,,4.0,5,2,2
1984,AIC,Salame with cream,salame con panna,salame con panna,Appetizers,Friuli Venezia Giulia,,4.0,3,3,1
1985,AIC,Salame del Re,salame del re,salame del re,Desserts and liqueurs,Umbria,Città di Castello,8.0,7,10,3
1986,AIC,Arctic Char with Herbs,salmerino alle erbe,salmerino alle erbe,Fish and seafood,Emilia Romagna,,4.0,4,9,5
1987,AIC,Salmoriglio,salmoriglio,salmoriglio,Sauces,Calabria,,4.0,4,7,5
1988,AIC,Agghiotta sauce,salsa agghiotta,salsa agghiotta,Sauces,Sicilia,,4.0,2,10,1
1989,AIC,Scabeccio sauce,salsa a scabeccio,salsa a scabeccio,Sauces,Sardegna,Cagliari,6.0,5,9,1
1990,AIC,Sweet and Sour Sauce,salsa agrodolce,salsa agrodolce,Sauces,Emilia Romagna,,4.0,3,5,2
1991,AIC,Wild Spinach Sauce (Salsa agli òlaci),salsa agli òlaci,salsa agli òlaci,Sauces,Abruzzo,,4.0,3,7,2
1992,AIC,Sweet and Sour Sauce,salsa agrodolce,salsa agrodolce,Sauces,Lombardia,,4.0,7,6,1
1993,AIC,Sweet and Sour Sauce,salsa agrodolce,salsa agrodolce,Sauces,Sardegna,Oristano e provincia,4.0,4,9,2
1994,AIC,Sweet and Sour Sauce (Salsa Agrodolce),salsa agrodolce,salsa agrodolce,Sauces,Molise,,4.0,4,5,3
1995,AIC,Parma-style sweet and sour sauce,salsa agrodolce alla parmigiana,salsa agrodolce alla parmigiana,Sauces,Emilia Romagna,,4.0,6,9,4
1996,AIC,Artichoke and ricotta sauce,salsa ai carciofi e ricotta,salsa ai carciofi e ricotta,Sauces,Sardegna,Cagliari,4.0,5,7,4
1997,AIC,Tarragon Sauce,salsa al dragoncello,salsa al dragoncello,Sauces,Toscana,Siena,4.0,5,8,0
1998,AIC,Tomato fillet sauce,salsa al filetto di pomodoro,salsa al filetto di pomodoro,Sauces,Campania,,4.0,4,7,2
1999,AIC,Horseradish sauce (cren),salsa al rafano (cren),salsa al rafano (cren),Sauces,Emilia Romagna,,4.0,4,6,5
2000,AIC,Cacciatora sauce,salsa alla cacciatora,salsa alla cacciatora,Sauces,Sardegna,Campidano di Cagliari,6.0,5,12,3
2001,AIC,black truffle sauce,salsa al tartufo nero,salsa al tartufo nero,Sauces,Umbria,,4.0,4,7,2
2002,AIC,Lancianese sauce,salsa alla lancianese,salsa alla lancianese,Sauces,Abruzzo,,4.0,5,6,3
2003,AIC,Salsa Chiummenzana,salsa chiummenzana,salsa chiummenzana,Sauces,Campania,Capri,4.0,3,9,1
2004,AIC,Garlic Sauce,salsa all’aglio,salsa all’aglio,Sauces,Sicilia,,4.0,3,5,2
2005,AIC,Barberina sauce,salsa barberina,salsa barberina,Sauces,Toscana,Bolgheri,4.0,5,11,1
2006,AIC,Neapolitan-style raw sauce,salsa cruda alla napoletana,salsa cruda alla napoletana,Sauces,Campania,,4.0,4,9,2
2007,AIC,Sauce with tomato and guanciale,salsa con pomodoro e guanciale,salsa con pomodoro e guanciale,Sauces,Abruzzo,,6.0,5,7,2
2008,AIC,Cheese sauce,salsa di formaggio,salsa di formaggio,Sauces,Sardegna,Sulcis Iglesiente,6.0,3,2,2
2009,AIC,Cetara anchovy colatura sauce,salsa di colatura di alici di cetara,salsa di colatura di alici di cetara,Sauces,Campania,,4.0,1,5,1
2010,AIC,Mushroom sauce,salsa di funghi,salsa di funghi,Sauces,Emilia Romagna,,4.0,4,7,4
2011,AIC,Apple and saffron sauce,salsa di mele e zafferano,salsa di mele e zafferano,Sauces,Abruzzo,,4.0,3,4,3
2012,AIC,walnut sauce,salsa di noci,salsa di noci,Sauces,Liguria,,6.0,4,9,2
2013,AIC,Black Olive Sauce,salsa di olive nere,salsa di olive nere,Sauces,Lazio,,4.0,6,8,4
2014,AIC,Walnut sauce,salsa di noci,salsa di noci,Sauces,Lombardia,,6.0,5,7,2
2015,AIC,Pepper Sauce,salsa di peperoni,salsa di peperoni,Sauces,Emilia Romagna,Bologna,4.0,5,12,1
2016,AIC,Pepper sauce,salsa di peperoni,salsa di peperoni,Sauces,Calabria,,4.0,5,10,2
2017,AIC,Pine Nut Sauce,salsa di pinoli,salsa di pinoli,Sauces,Liguria,,4.0,4,5,4
2018,AIC,Sun-dried tomato sauce,salsa di pomodori secchi,salsa di pomodori secchi,Sauces,Sardegna,Sassari,4.0,5,6,3
2019,AIC,Parsley and saffron sauce,salsa di prezzemolo e zafferano,salsa di prezzemolo e zafferano,Sauces,Abruzzo,,4.0,3,4,1
2020,AIC,Parsley sauce,salsa di prezzemolo,salsa di prezzemolo,Sauces,Emilia Romagna,,4.0,3,8,2
2021,AIC,horseradish sauce,salsa di rafano,salsa di rafano,Sauces,Lombardia,,4.0,2,5,2
2022,AIC,Horseradish sauce with broth,salsa di rafano al brodo,salsa di rafano al brodo,Sauces,Friuli Venezia Giulia,,4.0,3,6,3
2023,AIC,Horseradish and Vinegar Sauce,salsa di rafano all’aceto,salsa di rafano all’aceto,Sauces,Friuli Venezia Giulia,,4.0,5,5,2
2024,AIC,Ferrarese sauce,salsa ferrarese,salsa ferrarese,Sauces,Emilia Romagna,,4.0,5,4,4
2025,AIC,Genovese sauce,salsa genovese,salsa genovese,Sauces,Campania,Napoli,6.0,4,11,1
2026,AIC,Genovese sauce,salsa genovese,salsa genovese,Sauces,Molise,,4.0,5,10,2
2027,AIC,Soft saffron sauce,salsa morbida allo zafferano,salsa morbida allo zafferano,Sauces,Abruzzo,,4.0,7,7,4
2028,AIC,Tartar sauce,salsa tartara,salsa tartara,Sauces,Piemonte,,6.0,6,9,5
2029,AIC,Salsa Verde,salsa verde,salsa verde,Sauces,Campania,,4.0,3,8,3
2030,AIC,salsa verde,salsa verde,salsa verde,Sauces,Liguria,,4.0,3,7,2
2031,AIC,Salsa Verde,salsa verde,salsa verde,Sauces,Toscana,,4.0,4,6,3
2032,AIC,salsa verde,salsa verde,salsa verde,Sauces,Lombardia,,4.0,2,8,1
2033,AIC,Bolognese-style green sauce,salsa verde alla bolognese,salsa verde alla bolognese,Sauces,Emilia Romagna,,4.0,4,9,0
2034,AIC,Cremonese-style green sauce,salsa verde alla cremonese,salsa verde alla cremonese,Sauces,Lombardia,,4.0,3,11,2
2035,AIC,Bormida Valley green sauce,salsa verde della val bormida,salsa verde della val bormida,Sauces,Liguria,,6.0,4,13,3
2036,AIC,Sausages with Beans,salsicce con i fagioli,salsicce con i fagioli,"Meat, poultry and game",Toscana,,4.0,5,8,4
2037,AIC,Almond and anchovy sauce,salsetta di mandorle e acciughe,salsetta di mandorle e acciughe,Sauces,Sicilia,,4.0,3,8,3
2038,AIC,Sausages and Potatoes,salsicce e patate,salsicce e patate,"Vegetables, eggs and legumes",Valle d'Aosta,,4.0,5,8,5
2039,AIC,Sausage with broccoli rabe,salsiccia con broccoletti,salsiccia con broccoletti,"Meat, poultry and game",Calabria,,4.0,7,6,2
2040,AIC,Sausage with Potatoes and Peppers,salsiccia con patate e peperoni,salsiccia con patate e peperoni,"Meat, poultry and game",Calabria,,4.0,3,13,4
2041,AIC,Sausage and Potatoes,salsiccia e patate,salsiccia e patate,"Meat, poultry and game",Calabria,,6.0,8,5,6
2042,AIC,Sauce for lobster,salsina per aragosta,salsina per aragosta,Sauces,Sardegna,"Alghero, Castelsardo",4.0,4,6,4
2043,AIC,saltimbocca alla romana,saltimbocca alla romana,saltimbocca alla romana,"Meat, poultry and game",Lazio,,4.0,6,8,5
2044,AIC,Salviade (Fried Sage Leaves),salviade,salviade,Appetizers,Friuli Venezia Giulia,,4.0,5,6,4
2045,AIC,Sapa,sapa,sapa,Sauces,Emilia Romagna,,,5,4,8
2046,AIC,Sancrau,sancrau,sancrau,"Vegetables, eggs and legumes",Piemonte,,4.0,4,7,4
2047,AIC,Sapa or Saba,sapa o saba,sapa o saba,Desserts and liqueurs,Emilia Romagna,,,5,1,5
2048,AIC,Stuffed Sardines,sarde imbottite,sarde imbottite,Fish and seafood,Campania,,4.0,5,10,4
2049,AIC,Sarde a beccafico (Beccafico-style sardines),sarde a beccafico,sarde a beccafico,Fish and seafood,Sicilia,Palermo,4.0,5,17,4
2050,AIC,sarde in saor,sarde in saor,sarde in saor,Appetizers,Veneto,,4.0,7,12,3
2051,AIC,Sardines in saòr,sarde in saòr,sarde in saòr,Fish and seafood,Veneto,,4.0,5,8,5
2052,AIC,Breaded sardines,sardine impanate,sardine impanate,Fish and seafood,Sardegna,,4.0,5,6,5
2053,AIC,Sardines in green sauce,sardine in verde,sardine in verde,Fish and seafood,Sardegna,,4.0,3,6,2
2054,AIC,Puglia-style stuffed sardines,sardine ripiene alla pugliese,sardine ripiene alla pugliese,Fish and seafood,Puglia,,4.0,4,7,5
2055,AIC,"Stuffed sardines, Elba style",sardine ripiene all’elbana,sardine ripiene all’elbana,Fish and seafood,Toscana,,4.0,7,12,3
2056,AIC,Sardines in an Earthenware Pot,sardoncini al coccio,sardoncini al coccio,Fish and seafood,Emilia Romagna,Cesenatico,4.0,5,5,2
2057,AIC,Barcola-style breaded anchovies,sardoni barcolani impanati,sardoni barcolani impanati,Fish and seafood,Friuli Venezia Giulia,,4.0,4,8,5
2058,AIC,Rice Sartù,sartù di riso,sartù di riso,"Pasta, rice and polenta",Campania,,6.0,11,20,8
2059,AIC,Marconese-style Rice Sartù,sartù di riso alla marconese,sartù di riso alla marconese,"Pasta, rice and polenta",Campania,,,8,8,8
2060,AIC,sassi d’abruzzo,sassi d’abruzzo,sassi d’abruzzo,Desserts and liqueurs,Abruzzo,,10.0,3,3,6
2061,AIC,Savoiardi,savoiardi,savoiardi,Desserts and liqueurs,Piemonte,,40.0,5,7,5
2062,AIC,Sauté of mussels and clams,sauté di cozze e vongole,sauté di cozze e vongole,Fish and seafood,Campania,,4.0,5,7,1
2063,AIC,Horse Mackerel with Onion,sauro con la cipolla,sauro con la cipolla,Fish and seafood,Molise,Termoli e Campobasso,4.0,6,7,5
2064,AIC,savor,savor,savor,Desserts and liqueurs,Emilia Romagna,Bologna,4.0,7,9,6
2065,AIC,Savor,savor,savor,Desserts and liqueurs,Emilia Romagna,,,3,4,2
2066,AIC,sbira,sbira,sbira,Soups and broths,Liguria,,4.0,2,6,4
2067,AIC,Sburrita of Salt Cod,sburrita di baccalà,sburrita di baccalà,Fish and seafood,Toscana,,4.0,6,6,3
2068,AIC,Sbrisolona,sbrisolona,sbrisolona,Desserts and liqueurs,Lombardia,,8.0,3,5,2
2069,AIC,scafata,scafata,scafata,"Vegetables, eggs and legumes",Umbria,Orvieto,4.0,4,10,4
2070,AIC,Scafata,scafata,scafata,Soups and broths,Lazio,Civitavecchia,4.0,6,13,5
2071,AIC,Scagliuozzi,scagliuozzi,scagliuozzi,"Pasta, rice and polenta",Campania,,6.0,5,4,6
2072,AIC,Scalette,scalette,scalette,Desserts and liqueurs,Calabria,,4.0,7,9,9
2073,AIC,Scaloppine with balsamic vinegar,scaloppine all’aceto balsamico,scaloppine all’aceto balsamico,"Meat, poultry and game",Emilia Romagna,,4.0,3,5,2
2074,AIC,Roasted scamorza with prosciutto crudo and truffle,scamorza arrostita con prosciutto crudo e tartufo,scamorza arrostita con prosciutto crudo e tartufo,Appetizers,Molise,,4.0,4,3,6
2075,AIC,Breaded Scamorza,scamorze panate,scamorze panate,Appetizers,Abruzzo,,4.0,6,6,5
2076,AIC,Truffled Scamorza,scamorze tartufate,scamorze tartufate,Appetizers,Abruzzo,,4.0,5,2,2
2077,AIC,Scapece,scapece,scapece,Sauces,Campania,,4.0,6,10,3
2078,AIC,Scampi alla Busara,scampi alla busara,scampi alla busara,Fish and seafood,Friuli Venezia Giulia,,4.0,8,8,3
2079,AIC,Scampi Francavilla style,scampi alla francavillese,scampi alla francavillese,Fish and seafood,Abruzzo,,4.0,6,6,6
2080,AIC,Scapece alla Vastese,scapece alla vastese,scapece alla vastese,Appetizers,Abruzzo,,4.0,7,7,8
2081,AIC,Scapece of anchovies,scapece di alici,scapece di alici,Appetizers,Molise,,4.0,8,8,6
2082,AIC,Scarcella di Pasqua,scarcella di pasqua,scarcella di pasqua,Desserts and liqueurs,Puglia,,6.0,8,11,5
2083,AIC,Escarole with breadcrumbs (Scarola Mollicata),scarola mollicata,scarola mollicata,"Vegetables, eggs and legumes",Molise,,4.0,6,6,5
2084,AIC,Stuffed Escarole,scarole imbottite,scarole imbottite,"Vegetables, eggs and legumes",Campania,Salerno,4.0,7,10,6
2085,AIC,Stewed Escarole,scarole stufate,scarole stufate,"Vegetables, eggs and legumes",Campania,Salerno,4.0,6,10,5
2086,AIC,scarpaccia,scarpaccia,scarpaccia,Appetizers,Toscana,Camaiore,4.0,5,10,5
2087,AIC,Sweet Scarpaccia,scarpaccia dolce,scarpaccia dolce,Desserts and liqueurs,Toscana,Viareggio,6.0,4,10,5
2088,AIC,Reggiano Scarpazzone or Erbazzone,scarpazzone o erbazzone reggiano,scarpazzone o erbazzone reggiano,Pizzas and savory pies,Emilia Romagna,,4.0,11,12,8
2089,AIC,Christmas Boots (Scarponi di Natale),scarponi di natale,scarponi di natale,Desserts and liqueurs,Abruzzo,Sulmona,10.0,5,11,6
2090,AIC,Šcattone,šcattone,šcattone,Soups and broths,Molise,"Pietrabbondante, Roccamandolfi, Torella del Sannio, Bagnoli del Trigno, Ferrazzano, Oratino",4.0,5,5,7
2091,AIC,Scaveccio of Eels,scaveccio di anguille,scaveccio di anguille,Fish and seafood,Toscana,Orbetello,4.0,5,8,5
2092,AIC,Schiaccia with dried figs,schiaccia con i fichi secchi,schiaccia con i fichi secchi,Desserts and liqueurs,Toscana,,6.0,4,5,3
2093,AIC,Zibibbo Schiacciata,schiacciata di zibibbo,schiacciata di zibibbo,Desserts and liqueurs,Toscana,Firenze,8.0,8,8,6
2094,AIC,schiacciunta,schiacciunta,schiacciunta,Desserts and liqueurs,Toscana,,6.0,5,6,3
2095,AIC,Schille with garlic and oil,schille con aglio e olio,schille con aglio e olio,Fish and seafood,Veneto,,4.0,5,4,3
2096,AIC,Sour cherry syrup,sciroppo d’amarena,sciroppo d’amarena,Desserts and liqueurs,Sicilia,,,7,2,4
2097,AIC,sciumette,sciumette,sciumette,Desserts and liqueurs,Liguria,,6.0,7,9,8
2098,AIC,Scottiglia,scottiglia,scottiglia,"Meat, poultry and game",Toscana,Arezzo,8.0,6,16,2
2099,AIC,Scrigno di Carciofi,scrigno di carciofi,scrigno di carciofi,"Pasta, rice and polenta",Abruzzo,,4.0,7,10,9
2100,AIC,Screppelle,screppelle,screppelle,Desserts and liqueurs,Molise,,10.0,8,8,9
2101,AIC,Scrippelle 'mbusse (Crêpes in broth),scrippelle ’mbusse,scrippelle ’mbusse,Soups and broths,Abruzzo,,4.0,5,10,4
2102,AIC,Scroccafusi,scroccafusi,scroccafusi,Desserts and liqueurs,Marche,,8.0,6,9,4
2103,AIC,Seadas or Sebadas,seadas o sebadas,seadas o sebadas,Desserts and liqueurs,Sardegna,,6.0,9,9,8
2104,AIC,Seadas,seadas,seadas,Desserts and liqueurs,Sardegna,Nuoro,8.0,8,9,6
2105,AIC,Prato-style stuffed celery,sedani ripieni alla pratese,sedani ripieni alla pratese,"Vegetables, eggs and legumes",Toscana,,4.0,8,12,6
2106,AIC,Peach and amaretti semifreddo,semifreddo di pesche e amaretti,semifreddo di pesche e amaretti,Desserts and liqueurs,Piemonte,,4.0,7,5,7
2107,AIC,Cuttlefish zimino,seppie a zimino,seppie a zimino,Fish and seafood,Toscana,Livorno,4.0,5,7,3
2108,AIC,San Vito style cuttlefish,seppie alla sanvitese,seppie alla sanvitese,Fish and seafood,Abruzzo,,4.0,3,9,2
2109,AIC,Cuttlefish with Artichokes,seppie con i carciofi,seppie con i carciofi,Fish and seafood,Abruzzo,,4.0,5,8,1
2110,AIC,Cuttlefish with Peas,seppie con piselli,seppie con piselli,Fish and seafood,Lazio,Civitavecchia,4.0,5,9,2
2111,AIC,Cuttlefish with potatoes,seppie con patate,seppie con patate,Fish and seafood,Sardegna,Palau e Gallura,4.0,8,8,5
2112,AIC,Cuttlefish and Peas,seppie e piselli,seppie e piselli,Fish and seafood,Abruzzo,Francavilla al Mare,4.0,8,10,6
2113,AIC,Spring Cuttlefish,seppie primavera,seppie primavera,Fish and seafood,Campania,,4.0,3,8,3
2114,AIC,Stuffed Cuttlefish,seppie ripiene,seppie ripiene,Fish and seafood,Puglia,,4.0,6,12,2
2115,AIC,Spicy Stuffed Baby Cuttlefish,seppioline ripiene piccanti,seppioline ripiene piccanti,Fish and seafood,Abruzzo,,4.0,7,11,2
2116,AIC,Small Cuttlefish in Ink,seppiette al nero,seppiette al nero,Fish and seafood,Lazio,Civitavecchia,4.0,3,5,2
2117,AIC,Baked stuffed cuttlefish,seppie ripiene al forno,seppie ripiene al forno,Fish and seafood,Marche,,4.0,5,8,6
2118,AIC,Sfarrata,sfarrata,sfarrata,Soups and broths,Abruzzo,,4.0,6,8,4
2119,AIC,Sfinci,sfinci,sfinci,Desserts and liqueurs,Sicilia,,8.0,7,10,5
2120,AIC,sfincione,sfincione,sfincione,Pizzas and savory pies,Sicilia,,4.0,6,12,4
2121,AIC,sfogliatelle,sfogliatelle,sfogliatelle,Desserts and liqueurs,Abruzzo,Lama dei Peligni,8.0,10,9,5
2122,AIC,sfogliatelle frolle,sfogliatelle frolle,sfogliatelle frolle,Desserts and liqueurs,Campania,Napoli,15.0,10,14,6
2123,AIC,Sfogliatelle Ricce,sfogliatelle ricce,sfogliatelle ricce,Desserts and liqueurs,Campania,Napoli,15.0,14,12,11
2124,AIC,sfogliatine di villafranca,sfogliatine di villafranca,sfogliatine di villafranca,Desserts and liqueurs,Veneto,,4.0,9,6,6
2125,AIC,Sfoglio Polizzano,sfoglio polizzano,sfoglio polizzano,Desserts and liqueurs,Sicilia,,10.0,9,12,6
2126,AIC,Asparagus Sformato,sformato di asparagi,sformato di asparagi,"Vegetables, eggs and legumes",Emilia Romagna,,4.0,11,9,7
2127,AIC,Grandma's Sformato,sformato della nonna,sformato della nonna,"Vegetables, eggs and legumes",Emilia Romagna,,6.0,7,23,9
2128,AIC,Artichoke and Potato Sformato,sformato di carciofi e patate,sformato di carciofi e patate,"Vegetables, eggs and legumes",Puglia,Brindisi,6.0,4,11,3
2129,AIC,Cardoon sformato,sformato di cardi,sformato di cardi,Appetizers,Piemonte,,4.0,9,11,12
2130,AIC,Cardoon sformato,sformato di cardi,sformato di cardi,"Vegetables, eggs and legumes",Abruzzo,,4.0,5,7,3
2131,AIC,Potato Sformato,sformato di patate,sformato di patate,Pizzas and savory pies,Abruzzo,,4.0,5,6,3
2132,AIC,Bolognese-style potato sformato,sformato di patate alla bolognese,sformato di patate alla bolognese,"Vegetables, eggs and legumes",Emilia Romagna,,4.0,10,10,4
2133,AIC,Bolognese-style potato sformato or potato tortino,sformato di patate alla bolognese o tortino di patate,sformato di patate alla bolognese o tortino di patate,Pizzas and savory pies,Emilia Romagna,,6.0,10,12,4
2134,AIC,Anchovy Sformato,sformato di sardoni,sformato di sardoni,Fish and seafood,Veneto,,4.0,8,18,6
2135,AIC,Langoustine and Porcini Sformato,sformato di scampi e porcini,sformato di scampi e porcini,Fish and seafood,Veneto,,4.0,11,17,7
2136,AIC,Ferdinand-style Sformato,sformato ferdinandeo,sformato ferdinandeo,"Pasta, rice and polenta",Campania,Napoli,6.0,13,24,8
2137,AIC,Sfratti,sfratti,sfratti,Desserts and liqueurs,Toscana,Pitigliano,8.0,7,13,7
2138,AIC,Roasted Mackerel in Brine,sgombri arrosto in salamoia,sgombri arrosto in salamoia,Fish and seafood,Sardegna,,4.0,5,6,3
2139,AIC,Mackerel with peas,sgombri con piselli,sgombri con piselli,Fish and seafood,Liguria,,4.0,5,7,2
2140,AIC,Sgonfiotti with chickpeas,sgonfiotti con i ceci,sgonfiotti con i ceci,Desserts and liqueurs,Puglia,,8.0,8,9,7
2141,AIC,Pork Soffritto,soffritto di maiale,soffritto di maiale,"Meat, poultry and game",Calabria,,4.0,3,7,2
2142,AIC,Smacafam,smacafam,smacafam,Pizzas and savory pies,Trentino Alto Adige,,4.0,4,8,5
2143,AIC,Sguazarot,sguazarot,sguazarot,Desserts and liqueurs,Emilia Romagna,,6.0,9,13,7
2144,AIC,Soffritto of Lamb Pluck,soffritto di coratella,soffritto di coratella,"Meat, poultry and game",Molise,,4.0,6,9,1
2145,AIC,Soffritto,soffritto,soffritto,Sauces,Campania,,4.0,6,9,2
2146,AIC,Sopa Coada,sopa coada,sopa coada,Soups and broths,Veneto,,4.0,9,9,9
2147,AIC,Sole with Peppers,sogliole con i peperoni,sogliole con i peperoni,Fish and seafood,Calabria,,4.0,5,7,3
2148,AIC,Lemon sorbet,sorbetto di limone,sorbetto di limone,Desserts and liqueurs,Campania,,8.0,6,4,9
2149,AIC,Pan-fried Sopressa,sopressa in tecia,sopressa in tecia,"Meat, poultry and game",Veneto,,4.0,7,8,2
2150,AIC,Sosamello,sosamello,sosamello,Desserts and liqueurs,Puglia,,10.0,3,5,5
2151,AIC,sospiri di ozieri,sospiri di ozieri,sospiri di ozieri,Desserts and liqueurs,Sardegna,,6.0,6,6,6
2152,AIC,Villa Santa Maria soufflé,soufflé di villa santa maria,soufflé di villa santa maria,Desserts and liqueurs,Abruzzo,,6.0,9,8,7
2153,AIC,Soupa dij Barbét,soupa dij barbét,soupa dij barbét,Soups and broths,Piemonte,,6.0,6,8,3
2154,AIC,"Spaghetti with garlic, oil, and chili (aglio, olio e peperoncino)","spaghetti aglio, olio e peperoncino","spaghetti aglio, olio e peperoncino","Pasta, rice and polenta",Lazio,Roma,4.0,4,5,3
2155,AIC,Spaghetti with missoltini,spaghetti ai missoltini,spaghetti ai missoltini,"Pasta, rice and polenta",Lombardia,,4.0,7,8,5
2156,AIC,Spaghetti with sea urchins,spaghetti ai ricci di mare,spaghetti ai ricci di mare,"Pasta, rice and polenta",Lazio,,4.0,5,6,2
2157,AIC,spaghetti with crab sauce,spaghetti al sugo di granchi,spaghetti al sugo di granchi,"Pasta, rice and polenta",Sardegna,,4.0,6,8,4
2158,AIC,Spaghetti with salt cod and walnut sauce,spaghetti al sugo di baccalà e noci,spaghetti al sugo di baccalà e noci,"Pasta, rice and polenta",Molise,"Riccia, Casacalenda",6.0,8,9,5
2159,AIC,spaghetti with sea urchins,spaghetti ai ricci di mare,spaghetti ai ricci di mare,"Pasta, rice and polenta",Sardegna,Cagliari,6.0,8,6,5
2160,AIC,Spaghetti with cuttlefish ink,spaghetti al nero di seppia,spaghetti al nero di seppia,"Pasta, rice and polenta",Sardegna,Carloforte,6.0,8,8,5
2161,AIC,Spaghetti with mantis shrimp sauce,spaghetti al sugo di pannocchie,spaghetti al sugo di pannocchie,"Pasta, rice and polenta",Abruzzo,,4.0,7,7,4
2162,AIC,Spaghetti with mullet bottarga,spaghetti alla bottarga di muggine,spaghetti alla bottarga di muggine,"Pasta, rice and polenta",Sardegna,Cagliari,4.0,6,6,4
2163,AIC,Spaghetti with tuna,spaghetti al tonno,spaghetti al tonno,"Pasta, rice and polenta",Sicilia,,4.0,7,6,7
2164,AIC,Spaghetti alla colatura,spaghetti alla colatura,spaghetti alla colatura,"Pasta, rice and polenta",Campania,Cetara,4.0,5,7,5
2165,AIC,Spaghetti alla Giuliese,spaghetti alla giuliese,spaghetti alla giuliese,"Pasta, rice and polenta",Abruzzo,,4.0,9,8,6
2166,AIC,spaghetti alla ghiotta with swordfish,spaghetti alla ghiotta di pesce spada,spaghetti alla ghiotta di pesce spada,"Pasta, rice and polenta",Calabria,,4.0,7,13,5
2167,AIC,spaghetti alla gricia,spaghetti alla gricia,spaghetti alla gricia,"Pasta, rice and polenta",Lazio,Rieti,4.0,3,7,4
2168,AIC,Spaghetti alla Carbonara,spaghetti alla carbonara,spaghetti alla carbonara,"Pasta, rice and polenta",Lazio,Roma,4.0,8,8,6
2169,AIC,Spaghetti alla Trappetara,spaghetti alla trappetara,spaghetti alla trappetara,"Pasta, rice and polenta",Abruzzo,,4.0,6,8,4
2170,AIC,Spaghetti with wedge clams,spaghetti alle arselle,spaghetti alle arselle,"Pasta, rice and polenta",Sardegna,Cagliari,5.0,6,7,5
2171,AIC,Spaghetti cacio e pepe,spaghetti cacio e pepe,spaghetti cacio e pepe,"Pasta, rice and polenta",Lazio,Roma,4.0,6,4,4
2172,AIC,Spaghetti with Spoleto-style truffles,spaghetti con i tartufi alla spoletina,spaghetti con i tartufi alla spoletina,"Pasta, rice and polenta",Umbria,,4.0,6,5,5
2173,AIC,spaghetti with mussels,spaghetti con le cozze,spaghetti con le cozze,"Pasta, rice and polenta",Abruzzo,,4.0,8,10,5
2174,AIC,Spaghetti with tuna Bolognese style,spaghetti con il tonno alla bolognese,spaghetti con il tonno alla bolognese,"Pasta, rice and polenta",Emilia Romagna,,4.0,7,6,4
2175,AIC,Spaghetti with rancetto,spaghetti con il rancetto,spaghetti con il rancetto,"Pasta, rice and polenta",Umbria,Foligno e Spoleto,4.0,7,8,4
2176,AIC,spaghetti with fish cheeks,spaghetti con le guance di pesce,spaghetti con le guance di pesce,"Pasta, rice and polenta",Veneto,,4.0,8,9,3
2177,AIC,spaghetti with clams,spaghetti con le vongole,spaghetti con le vongole,"Pasta, rice and polenta",Campania,Napoli,4.0,7,8,5
2178,AIC,Spaghetti with Stockfish,spaghetti con lo stocco,spaghetti con lo stocco,"Pasta, rice and polenta",Calabria,,4.0,7,11,3
2179,AIC,Chopped spaghetti in fish broth,spaghetti tritati al brodo di pesce,spaghetti tritati al brodo di pesce,Soups and broths,Molise,Termoli,4.0,9,12,3
2180,AIC,Calabrian-style beef stew,spezzatino alla calabrese,spezzatino alla calabrese,"Meat, poultry and game",Calabria,,4.0,3,7,2
2181,AIC,Lamb stew with peppers,spezzatino di agnello con i peperoni,spezzatino di agnello con i peperoni,"Meat, poultry and game",Abruzzo,,4.0,6,10,3
2182,AIC,Goat stew,spezzatino di capra,spezzatino di capra,"Meat, poultry and game",Calabria,,6.0,6,9,6
2183,AIC,Mutton stew with potatoes,spezzatino di castrato con le patate,spezzatino di castrato con le patate,"Meat, poultry and game",Abruzzo,,4.0,3,9,1
2184,AIC,Spezzatino of hen,spezzatino di gallina,spezzatino di gallina,"Meat, poultry and game",Friuli Venezia Giulia,,4.0,6,10,4
2185,AIC,Chicken stew with peppers,spezzatino di pollo con peperoni,spezzatino di pollo con peperoni,"Meat, poultry and game",Molise,Termoli,4.0,5,8,2
2186,AIC,Tabarkina-style beef stew,spezzatino di manzo alla tabarkina,spezzatino di manzo alla tabarkina,"Meat, poultry and game",Sardegna,Carloforte,4.0,5,11,5
2187,AIC,Veal Stew,spezzatino di vitello,spezzatino di vitello,"Meat, poultry and game",Piemonte,,4.0,6,10,4
2188,AIC,Veal stew with potatoes and olaci (wild spinach),spezzatino di vitello con patate e olaci,spezzatino di vitello con patate e olaci,"Meat, poultry and game",Abruzzo,,4.0,7,12,3
2189,AIC,Syruped orange wedges,spicchi di arancia sciroppati,spicchi di arancia sciroppati,Desserts and liqueurs,Calabria,,4.0,8,2,6
2190,AIC,Veal stew with peas,spezzatino di vitello con piselli,spezzatino di vitello con piselli,"Meat, poultry and game",Campania,,4.0,7,12,3
2191,AIC,Brescian-style spit-roast (polenta and birds),spiedo bresciano (polenta e uccelli),spiedo bresciano (polenta e uccelli),"Meat, poultry and game",Lombardia,,4.0,9,8,6
2192,AIC,Sea Bass with Vernaccia Wine,spigola alla vernaccia,spigola alla vernaccia,Fish and seafood,Sardegna,,4.0,6,10,4
2193,AIC,Seafood-stuffed sea bass,spigola imbottita di frutti di mare,spigola imbottita di frutti di mare,Fish and seafood,Campania,,4.0,7,12,5
2194,AIC,Spollichini in bisaccia (Fresh beans with tomato sauce),spollichini in bisaccia,spollichini in bisaccia,"Vegetables, eggs and legumes",Campania,Salerno,4.0,4,11,4
2195,AIC,Spumini,spumini,spumini,Desserts and liqueurs,Emilia Romagna,,4.0,5,4,7
2196,AIC,spongata di brescello,spongata di brescello,spongata di brescello,Desserts and liqueurs,Emilia Romagna,,8.0,9,21,10
2197,AIC,Villa Santa Maria Spumone,spumone di villa santa maria,spumone di villa santa maria,Desserts and liqueurs,Abruzzo,,6.0,7,8,7
2198,AIC,Squatru alla Matalotta (Sailor-Style Swordfish),squatru alla matalotta,squatru alla matalotta,Fish and seafood,Sicilia,Trapani,4.0,4,11,1
2199,AIC,Petronian-style fried skewers,stecchi fritti alla petroniana,stecchi fritti alla petroniana,Appetizers,Emilia Romagna,Bologna,4.0,5,5,7
2200,AIC,Sterz,sterz,sterz,Soups and broths,Friuli Venezia Giulia,"Gorizia, Collio, Carso",4.0,4,4,3
2201,AIC,Baked Pork Shank,stinco di maiale al forno,stinco di maiale al forno,"Meat, poultry and game",Trentino Alto Adige,,4.0,6,8,3
2202,AIC,Veal shank with Barolo wine,stinco di vitello al barolo,stinco di vitello al barolo,"Meat, poultry and game",Piemonte,,6.0,7,16,4
2203,AIC,Roasted Veal Shank,stinco di vitello al forno,stinco di vitello al forno,"Meat, poultry and game",Lombardia,,6.0,5,13,2
2204,AIC,Albenga-style Stockfish,stoccafisso alla albenganese,stoccafisso alla albenganese,Fish and seafood,Liguria,,4.0,8,13,2
2205,AIC,Capuchin-style Stockfish,stoccafisso alla cappuccina,stoccafisso alla cappuccina,Fish and seafood,Friuli Venezia Giulia,,4.0,6,14,4
2206,AIC,Calabrian-style stoccafisso,stoccafisso alla calabrese,stoccafisso alla calabrese,Fish and seafood,Calabria,,4.0,5,11,3
2207,AIC,Genoa-style Stockfish (Accomodato),stoccafisso alla genovese (accomodato),stoccafisso alla genovese (accomodato),Fish and seafood,Liguria,,4.0,7,13,8
2208,AIC,Stoccafisso alla Baucogna,stoccafisso alla baucogna,stoccafisso alla baucogna,Fish and seafood,Liguria,,4.0,5,9,4
2209,AIC,Stoccafisso Riese Style,stoccafisso alla riese,stoccafisso alla riese,Fish and seafood,Toscana,Rio Marina,4.0,6,8,2
2210,AIC,Teramo-style stockfish,stoccafisso alla teramana,stoccafisso alla teramana,Fish and seafood,Abruzzo,,4.0,3,7,1
2211,AIC,Acqui-style Stockfish,stoccafisso all’acquese,stoccafisso all’acquese,Fish and seafood,Piemonte,,4.0,12,9,6
2212,AIC,Stoccafisso all'anconetana (Ancona-style stockfish),stoccafisso all’anconetana,stoccafisso all’anconetana,Fish and seafood,Marche,,4.0,8,14,3
2213,AIC,Stockfish Oneglia-style,stoccafisso all’onegliese,stoccafisso all’onegliese,Fish and seafood,Liguria,,4.0,4,10,4
2214,AIC,Stockfish with potatoes,stoccafisso con patate,stoccafisso con patate,Fish and seafood,Campania,,4.0,6,8,2
2215,AIC,Boiled Stockfish,stoccafisso bollito,stoccafisso bollito,Fish and seafood,Liguria,,4.0,5,11,5
2216,AIC,Pisa-style stockfish with potatoes,stoccafisso con patate alla pisana,stoccafisso con patate alla pisana,Fish and seafood,Toscana,,4.0,5,9,2
2217,AIC,Battered stoccafisso,stoccafisso in pastella,stoccafisso in pastella,Appetizers,Campania,,4.0,8,7,8
2218,AIC,Stockfish in zimino,stoccafisso in zimino,stoccafisso in zimino,Fish and seafood,Toscana,,4.0,4,11,1
2219,AIC,Stuffed Stockfish,stoccafisso ripieno,stoccafisso ripieno,Fish and seafood,Liguria,,4.0,7,16,5
2220,AIC,Stoccu ammudicatu,stoccu ammudicatu,stoccu ammudicatu,Fish and seafood,Calabria,,4.0,5,6,5
2221,AIC,Baked Sturgeon,storione al forno,storione al forno,Fish and seafood,Veneto,,4.0,5,11,3
2222,AIC,Storione (Almond and Chocolate Fish-Shaped Cake),storione,storione,Desserts and liqueurs,Abruzzo,,8.0,8,10,6
2223,AIC,Stracciatella,stracciatella,stracciatella,Soups and broths,Lazio,Roma,4.0,5,7,4
2224,AIC,Stracciatella,stracciatella,stracciatella,Soups and broths,Marche,,6.0,4,5,4
2225,AIC,Bobbio-style Pot Roast (Stracotto alla Bobbiese),stracotto alla bobbiese,stracotto alla bobbiese,"Meat, poultry and game",Emilia Romagna,,4.0,8,10,5
2226,AIC,Country-style braised donkey (Stracotto di asino alla paesana),stracotto di asino alla paesana,stracotto di asino alla paesana,"Meat, poultry and game",Lombardia,,6.0,6,13,4
2227,AIC,Stracotto of Horse,stracotto di cavallo,stracotto di cavallo,"Meat, poultry and game",Emilia Romagna,,4.0,4,14,4
2228,AIC,Stracotto Romagnolo,stracotto romagnolo,stracotto romagnolo,"Meat, poultry and game",Emilia Romagna,,4.0,7,12,6
2229,AIC,Strangolapreti,strangolapreti,strangolapreti,"Pasta, rice and polenta",Lombardia,,6.0,9,11,4
2230,AIC,Tuscan pot roast,stracotto toscano,stracotto toscano,"Meat, poultry and game",Toscana,,4.0,8,12,3
2231,AIC,Buckwheat strascinati,strascinati di grano saraceno,strascinati di grano saraceno,"Pasta, rice and polenta",Puglia,,4.0,6,9,5
2232,AIC,strangolapreti,strangolapreti,strangolapreti,"Pasta, rice and polenta",Trentino Alto Adige,,6.0,6,8,4
2233,AIC,Strengozzi alla Spoletina,strengozzi alla spoletina,strengozzi alla spoletina,"Pasta, rice and polenta",Umbria,,6.0,9,8,5
2234,AIC,Egg stricchetti with prosciutto and peas,"stricchetti all’uovo, prosciutto e piselli","stricchetti all’uovo, prosciutto e piselli","Pasta, rice and polenta",Emilia Romagna,,4.0,7,11,5
2235,AIC,Strozzapreti Forlì style,strozzapreti,strozzapreti,"Pasta, rice and polenta",Emilia Romagna,Forlì,4.0,7,9,4
2236,AIC,Fried Struchi,struchi fritti,struchi fritti,Desserts and liqueurs,Friuli Venezia Giulia,,6.0,6,15,6
2237,AIC,strucolo de pomi (apple strudel),strucolo de pomi (strudel di mele),strucolo de pomi (strudel di mele),Desserts and liqueurs,Friuli Venezia Giulia,,2.0,11,15,13
2238,AIC,Onion strucolo,strucolo di cipolla,strucolo di cipolla,"Pasta, rice and polenta",Friuli Venezia Giulia,"Gorizia, Collio",6.0,8,7,6
2239,AIC,cherry strudel,strudel di ciliege,strudel di ciliege,Desserts and liqueurs,Friuli Venezia Giulia,,,8,14,12
2240,AIC,Apple Strudel,strudel di mele,strudel di mele,Desserts and liqueurs,Trentino Alto Adige,,,11,14,8
2241,AIC,Towel-wrapped strucolo,strudel nella salvietta da cucina,strudel nella salvietta da cucina,Desserts and liqueurs,Friuli Venezia Giulia,"Gorizia, Collio, Carso",6.0,5,13,5
2242,AIC,Struffoli,struffoli,struffoli,Desserts and liqueurs,Campania,Napoli,6.0,8,12,8
2243,AIC,Stufatino with celery,stufatino con il sellero,stufatino con il sellero,"Meat, poultry and game",Lazio,Roma,4.0,8,12,4
2244,AIC,San Giovanni Valdarno style stew,stufato alla sangiovannese,stufato alla sangiovannese,"Meat, poultry and game",Toscana,San Giovanni Valdarno,4.0,5,10,2
2245,AIC,Mutton stew with potatoes,stufato di castrato con patate,stufato di castrato con patate,"Meat, poultry and game",Puglia,,4.0,8,10,4
2246,AIC,Stufato di Maiale (Pork Stew),stufato di maiale,stufato di maiale,"Meat, poultry and game",Lombardia,,4.0,7,12,2
2247,AIC,Celery Stew,stufato di sedani,stufato di sedani,"Vegetables, eggs and legumes",Abruzzo,,4.0,3,7,1
2248,AIC,Spring Vegetable Stew,stufato di verdure primavera,stufato di verdure primavera,"Vegetables, eggs and legumes",Sicilia,,4.0,6,12,1
2249,AIC,Su Filindeu,su filindeu,su filindeu,Soups and broths,Sardegna,,6.0,4,5,3
2250,AIC,Crab Succhetto,succhetto di granchio,succhetto di granchio,"Pasta, rice and polenta",Sardegna,Alghero,6.0,7,12,4
2251,AIC,Suffritte,suffritte,suffritte,"Meat, poultry and game",Abruzzo,,4.0,5,8,1
2252,AIC,Eel sauce,sughetto con anguilla,sughetto con anguilla,Sauces,Molise,,4.0,7,10,4
2253,AIC,Artichoke sauce (tocco),sugo (tocco) di carciofi,sugo (tocco) di carciofi,Sauces,Liguria,,6.0,6,12,6
2254,AIC,Roasted meat sauce (tocco),sugo (tocco) di carne arrosto,sugo (tocco) di carne arrosto,Sauces,Liguria,,6.0,8,18,2
2255,AIC,Mushroom Sauce (Tocco di Funghi),sugo (tocco) di funghi,sugo (tocco) di funghi,Sauces,Liguria,,6.0,6,11,6
2256,AIC,Ligurian Tomato Sauce (Tocco),sugo (tocco) di pomodoro,sugo (tocco) di pomodoro,Sauces,Liguria,,6.0,5,9,1
2257,AIC,Fish 'Tocco' Sauce,sugo (tocco) di pesce,sugo (tocco) di pesce,Sauces,Liguria,,6.0,8,11,5
2258,AIC,Artichoke and Squid Sauce,sugo ai carciofi e calamari,sugo ai carciofi e calamari,Sauces,Sardegna,Cagliari,4.0,5,7,4
2259,AIC,Crab Sauce,sugo ai granchi,sugo ai granchi,Sauces,Sardegna,Oristano e zone costiere,4.0,5,8,4
2260,AIC,Prugnoli Mushroom Sauce,sugo ai prugnoli,sugo ai prugnoli,Sauces,Marche,,4.0,5,4,3
2261,AIC,Sea Urchin Sauce,sugo ai ricci,sugo ai ricci,Sauces,Sardegna,Oristano e zone costiere,4.0,5,6,2
2262,AIC,Wild boar and sausage sauce,sugo al cinghiale e salsiccia,sugo al cinghiale e salsiccia,Sauces,Sardegna,,6.0,4,14,1
2263,AIC,Sugo alla Campidanese,sugo alla campidanese,sugo alla campidanese,Sauces,Sardegna,,6.0,5,9,3
2264,AIC,Sardinian partridge sauce,sugo alla pernice sarda,sugo alla pernice sarda,Sauces,Sardegna,,4.0,6,9,2
2265,AIC,Sausage and Chickpea Sauce,sugo alla salsiccia e ceci,sugo alla salsiccia e ceci,Sauces,Sardegna,,4.0,5,11,3
2266,AIC,Trout Sauce,sugo alla trota,sugo alla trota,Sauces,Marche,,6.0,5,9,4
2267,AIC,Mussel and wild asparagus sauce,sugo alle cozze e asparagi selvatici,sugo alle cozze e asparagi selvatici,Sauces,Sardegna,Olbia,4.0,9,6,5
2268,AIC,Fava bean sauce,sugo alle favette,sugo alle favette,Sauces,Sardegna,Cagliari,4.0,6,7,1
2269,AIC,Bean sauce,sugo con i fagioli,sugo con i fagioli,Sauces,Marche,,4.0,5,9,5
2270,AIC,Sausage Sauce,sugo con la salsiccia,sugo con la salsiccia,Sauces,Marche,,4.0,8,10,6
2271,AIC,"Sardine sauce, Tabarka-style",sugo con le sarde alla tabarkina,sugo con le sarde alla tabarkina,Sauces,Sardegna,Carloforte,6.0,4,8,2
2272,AIC,"Clam sauce, Tabarkina style",sugo con le vongole alla tabarkina,sugo con le vongole alla tabarkina,Sauces,Sardegna,Carloforte,6.0,4,8,1
2273,AIC,Lamb and Wild Fennel Sauce,sugo di agnello al finocchietto,sugo di agnello al finocchietto,Sauces,Sardegna,,6.0,5,11,3
2274,AIC,Lamb and pea sauce,sugo di agnello e piselli,sugo di agnello e piselli,Sauces,Sardegna,,6.0,5,9,2
2275,AIC,Salt cod sauce (Sugo di baccalà),sugo di baccalà,sugo di baccalà,Sauces,Molise,,4.0,3,11,3
2276,AIC,Meat Sauce (Sugo di Carne),sugo di carne,sugo di carne,Sauces,Sardegna,,4.0,6,9,1
2277,AIC,Meat sauce with milk,sugo di carne al latte,sugo di carne al latte,Sauces,Campania,,4.0,4,15,2
2278,AIC,Mutton sauce (Sugo di castrato),sugo di castrato,sugo di castrato,Sauces,Marche,,4.0,5,8,2
2279,AIC,Sugo di Castrato (Mutton Sauce),sugo di castrato,sugo di castrato,Sauces,Lazio,,4.0,5,8,3
2280,AIC,Olbia-style mussel sauce,sugo di cozze all’olbiese,sugo di cozze all’olbiese,Sauces,Sardegna,,4.0,7,6,4
2281,AIC,Walnut sauce,sugo di noci,sugo di noci,Sauces,Sardegna,Carloforte,6.0,5,7,3
2282,AIC,Duck Sauce (Sugo di Papera),sugo di papera,sugo di papera,Sauces,Marche,,5.0,6,12,4
2283,AIC,Partridge Sauce,sugo di pernice,sugo di pernice,Sauces,Sardegna,Sassari,4.0,6,11,2
2284,AIC,Giblet Sauce,sugo di rigaglie,sugo di rigaglie,Sauces,Marche,,4.0,5,13,3
2285,AIC,Seafood Sauce (Sugo di Pesce),sugo di pesce,sugo di pesce,Sauces,Marche,,4.0,8,14,3
2286,AIC,Cuttlefish Sauce,sugo di seppie,sugo di seppie,Sauces,Calabria,,4.0,8,8,3
2287,AIC,Mackerel sauce,sugo di sgombro,sugo di sgombro,Sauces,Marche,,4.0,6,7,2
2288,AIC,Sole Sauce,sugo di sogliole,sugo di sogliole,Sauces,Marche,,4.0,4,9,4
2289,AIC,Red Mullet Sauce,sugo di triglie,sugo di triglie,Sauces,Marche,,4.0,5,8,3
2290,AIC,Sugo Finto,sugo finto,sugo finto,Sauces,Marche,,4.0,5,12,1
2291,AIC,Sugo Finto,sugo finto,sugo finto,Sauces,Toscana,,4.0,4,10,2
2292,AIC,Fregula Sauce,sugo per fregula,sugo per fregula,Sauces,Sardegna,Sassari e provincia,4.0,6,11,6
2293,AIC,Sugoli di Mosto (Grape Must Pudding),sugoli di mosto,sugoli di mosto,Desserts and liqueurs,Veneto,,8.0,4,3,2
2294,AIC,Supplì 'al telefono' (Roman Rice Croquettes),supplì al telefono,supplì al telefono,Appetizers,Lazio,Roma,4.0,11,16,7
2295,AIC,Susumeli,susumeli,susumeli,Desserts and liqueurs,Campania,Napoli,8.0,5,4,4
2296,AIC,Susumelle,susumelle,susumelle,Desserts and liqueurs,Calabria,,8.0,7,11,4
2297,AIC,Roast turkey with pomegranate,tacchina arrosto al melograno,tacchina arrosto al melograno,"Meat, poultry and game",Veneto,,4.0,6,6,4
2298,AIC,Roast Young Turkey,tacchinella arrosto,tacchinella arrosto,"Meat, poultry and game",Friuli Venezia Giulia,"Gorizia, Collio, Carso",8.0,8,9,4
2299,AIC,Stuffed young turkey,tacchinella ripiena,tacchinella ripiena,"Meat, poultry and game",Molise,,8.0,9,19,8
2300,AIC,Christmas Turkey,tacchino di natale,tacchino di natale,"Meat, poultry and game",Lombardia,Monza,8.0,5,7,3
2301,AIC,"Turkey, Canzano-style",tacchino alla canzanese,tacchino alla canzanese,"Meat, poultry and game",Abruzzo,,8.0,6,5,5
2302,AIC,Tacconcelli with Chickpeas and Mantis Shrimp,"tacconcelli, ceci e pannocchie","tacconcelli, ceci e pannocchie",Soups and broths,Abruzzo,,4.0,4,8,1
2303,AIC,Tagliatelle with Artichokes,tagliatelle ai carciofi,tagliatelle ai carciofi,"Pasta, rice and polenta",Abruzzo,Cupello,4.0,7,9,9
2304,AIC,Tagliatelle with prosciutto,tagliatelle al prosciutto,tagliatelle al prosciutto,"Pasta, rice and polenta",Emilia Romagna,,4.0,7,9,4
2305,AIC,Tagliatelle with pigeon ragù,tagliatelle al ragù di piccione,tagliatelle al ragù di piccione,"Pasta, rice and polenta",Veneto,,4.0,10,12,7
2306,AIC,Tagliatelle with prugnoli mushroom sauce,tagliatelle al sugo di funghi prugnoli,tagliatelle al sugo di funghi prugnoli,"Pasta, rice and polenta",Marche,,4.0,6,5,2
2307,AIC,Tagliatelle with castrato sauce,tagliatelle al sugo di castrato,tagliatelle al sugo di castrato,"Pasta, rice and polenta",Marche,,4.0,6,10,3
2308,AIC,Tagliatelle alla Bolognese,tagliatelle alla bolognese,tagliatelle alla bolognese,"Pasta, rice and polenta",Emilia Romagna,,4.0,9,14,7
2309,AIC,Tagliatelle with fish sauce,tagliatelle al sugo di pesce,tagliatelle al sugo di pesce,"Pasta, rice and polenta",Marche,,4.0,6,15,4
2310,AIC,Tagliatelle alla Campobassana,tagliatelle alla campobassana,tagliatelle alla campobassana,"Pasta, rice and polenta",Molise,,4.0,10,10,7
2311,AIC,Tagliatelle alla Reggina,tagliatelle alla reggina,tagliatelle alla reggina,"Pasta, rice and polenta",Calabria,,4.0,6,11,4
2312,AIC,Tagliatelle with wild fennel,tagliatelle col finocchio selvatico,tagliatelle col finocchio selvatico,"Pasta, rice and polenta",Calabria,,4.0,5,11,3
2313,AIC,Tagliatelle with garlic and walnuts,tagliatelle con aglio e noci,tagliatelle con aglio e noci,"Pasta, rice and polenta",Emilia Romagna,,4.0,5,9,4
2314,AIC,Tagliatelle with Chickpeas,tagliatelle con i ceci,tagliatelle con i ceci,Soups and broths,Calabria,,4.0,8,12,5
2315,AIC,Tagliatelle with snails,tagliatelle con lumache,tagliatelle con lumache,"Pasta, rice and polenta",Abruzzo,,6.0,11,15,3
2316,AIC,Tagliatelle with giblet sauce,tagliatelle con sugo di rigaglie,tagliatelle con sugo di rigaglie,"Pasta, rice and polenta",Marche,,4.0,8,14,5
2317,AIC,Tagliatelle with peas and pancetta,tagliatelle con piselli e pancetta,tagliatelle con piselli e pancetta,"Pasta, rice and polenta",Emilia Romagna,,4.0,7,12,7
2318,AIC,Chestnut tagliatelle with pancetta and pecorino cheese,tagliatelle di castagne con pancetta e pecorino,tagliatelle di castagne con pancetta e pecorino,"Pasta, rice and polenta",Emilia Romagna,,4.0,8,10,6
2319,AIC,Tagliatelle and beans,tagliatelle e fagioli,tagliatelle e fagioli,"Pasta, rice and polenta",Marche,,4.0,9,10,7
2320,AIC,Tagliatelle Pie,tagliatelle in pasticcio,tagliatelle in pasticcio,"Pasta, rice and polenta",Emilia Romagna,,6.0,6,8,6
2321,AIC,Black tagliatelle with large cuttlefish,tagliatelle nere alle seppie grosse,tagliatelle nere alle seppie grosse,"Pasta, rice and polenta",Veneto,,4.0,10,14,6
2322,AIC,Tagliolini alla Busachese,tagliolini alla busachese,tagliolini alla busachese,"Pasta, rice and polenta",Sardegna,,4.0,7,9,5
2323,AIC,Ascension tagliolini,tagliolini dell’ascensione,tagliolini dell’ascensione,Desserts and liqueurs,Basilicata,,6.0,2,4,3
2324,AIC,Tagliolini in broth with chicken livers,tagliolini in brodo con fegatini,tagliolini in brodo con fegatini,Soups and broths,Toscana,,6.0,5,5,4
2325,AIC,Hairy Tagliolini (Tagliolini Pelosi),tagliolini pelosi,tagliolini pelosi,"Pasta, rice and polenta",Marche,,4.0,7,8,2
2326,AIC,Tagliolini in pigeon broth,tagliolini in brodo di piccioni,tagliolini in brodo di piccioni,Soups and broths,Molise,,4.0,7,6,7
2327,AIC,Tajarin Alba-style,tajarin all’albese,tajarin all’albese,"Pasta, rice and polenta",Piemonte,,4.0,10,13,6
2328,AIC,Tapulone,tapulone,tapulone,"Meat, poultry and game",Piemonte,,4.0,6,11,3
2329,AIC,taralli,taralli,taralli,Desserts and liqueurs,Basilicata,,10.0,7,6,3
2330,AIC,taralli,taralli,taralli,Pizzas and savory pies,Molise,,20.0,6,7,8
2331,AIC,Avigliano-style Taralli,taralli all’aviglianese,taralli all’aviglianese,Desserts and liqueurs,Basilicata,,10.0,4,6,4
2332,AIC,Ferragosto Taralli,taralli di ferragosto,taralli di ferragosto,Desserts and liqueurs,Campania,Santa Maria Capua Vetere,10.0,7,9,4
2333,AIC,Taralli della Sposa,taralli della sposa,taralli della sposa,Desserts and liqueurs,Molise,Termoli,10.0,8,6,9
2334,AIC,Soriano taralli,taralli di soriano,taralli di soriano,Desserts and liqueurs,Calabria,,6.0,5,5,3
2335,AIC,Potato Taralli,taralli di patate,taralli di patate,Desserts and liqueurs,Puglia,,10.0,8,7,0
2336,AIC,Tardura,tardura,tardura,Soups and broths,Emilia Romagna,,4.0,6,6,2
2337,AIC,taròz,taròz,taròz,"Pasta, rice and polenta",Lombardia,,4.0,7,8,3
2338,AIC,Tartrà,tartrà,tartrà,"Vegetables, eggs and legumes",Piemonte,,6.0,6,11,7
2339,AIC,Bolognese-style truffles,tartufi alla bolognese,tartufi alla bolognese,Appetizers,Emilia Romagna,,4.0,4,6,4
2340,AIC,White chocolate truffles,tartufi dolci bianchi,tartufi dolci bianchi,Desserts and liqueurs,Piemonte,,40.0,6,7,3
2341,AIC,Truffles in a small pan,tartufi in tegamino,tartufi in tegamino,Appetizers,Campania,Bagnoli Irpino,4.0,3,3,3
2342,AIC,Truffle Ravioli from L'Aquila,tartufioli aquilani,tartufioli aquilani,"Pasta, rice and polenta",Abruzzo,,4.0,5,9,6
2343,AIC,tatù,tatù,tatù,Desserts and liqueurs,Abruzzo,Bisenti,8.0,7,11,7
2344,AIC,Piacenza-style Stuffed Veal Breast (Tasto),tasto (o cima) alla piacentina,tasto (o cima) alla piacentina,"Meat, poultry and game",Emilia Romagna,,4.0,4,9,4
2345,AIC,Tegamaccio,tegamaccio,tegamaccio,Fish and seafood,Umbria,,4.0,5,8,2
2346,AIC,Tegamaccio Pratese,tegamaccio pratese,tegamaccio pratese,"Meat, poultry and game",Toscana,,4.0,5,9,2
2347,AIC,Aosta tiles (Tegole di Aosta),tegole di aosta,tegole di aosta,Desserts and liqueurs,Valle d'Aosta,,4.0,6,6,8
2348,AIC,Livorno-style wedge clams,telline alla livornese,telline alla livornese,Fish and seafood,Toscana,,4.0,5,8,5
2349,AIC,Duck terrine,terrina di anatra,terrina di anatra,Appetizers,Piemonte,,4.0,4,9,7
2350,AIC,Pan-cooked Grayling,temolo in tegame,temolo in tegame,Fish and seafood,Friuli Venezia Giulia,,4.0,4,7,5
2351,AIC,Grayling (or trout) terrine,terrina di temolo (o trota),terrina di temolo (o trota),Appetizers,Trentino Alto Adige,,6.0,5,9,5
2352,AIC,Testa di Turco,testa di turco,testa di turco,Desserts and liqueurs,Sicilia,Castelbuono,4.0,10,10,6
2353,AIC,testaroli,testaroli,testaroli,Pizzas and savory pies,Toscana,,8.0,6,7,5
2354,AIC,Boiled calf's head,testina bollita,testina bollita,"Meat, poultry and game",Emilia Romagna,,4.0,6,9,5
2355,AIC,Bari-style tiella,tiella alla barese,tiella alla barese,"Pasta, rice and polenta",Puglia,,4.0,10,11,7
2356,AIC,Sila-style Tiella,tiella alla silana,tiella alla silana,"Meat, poultry and game",Calabria,,4.0,6,9,4
2357,AIC,Macaroni Timbale,timballo di maccheroni,timballo di maccheroni,"Pasta, rice and polenta",Sicilia,,4.0,8,10,9
2358,AIC,Timballo of pasta sheets,timballo di sfoglie,timballo di sfoglie,"Pasta, rice and polenta",Abruzzo,,4.0,9,13,9
2359,AIC,Macaroni Timbale,timpano di maccheroni,timpano di maccheroni,"Pasta, rice and polenta",Campania,Napoli,8.0,16,25,9
2360,AIC,White macaroni timpano,timpano di maccheroni in bianco,timpano di maccheroni in bianco,"Pasta, rice and polenta",Campania,,6.0,10,11,8
2361,AIC,Tench in carpione,tinca in carpione,tinca in carpione,Appetizers,Piemonte,,4.0,7,9,8
2362,AIC,Baked Stuffed Tench,tinca ripiena al forno,tinca ripiena al forno,Fish and seafood,Lombardia,,6.0,5,12,5
2363,AIC,Stewed Tench,tinche in umido,tinche in umido,Fish and seafood,Trentino Alto Adige,,4.0,8,14,4
2364,AIC,Tirà,tirà,tirà,Desserts and liqueurs,Piemonte,,6.0,7,9,5
2365,AIC,Inside-Out Tench,tinche rovesciate,tinche rovesciate,Fish and seafood,Veneto,,4.0,6,16,6
2366,AIC,Mantis Shrimp Risotto,to di canocchie,to di canocchie,"Pasta, rice and polenta",Friuli Venezia Giulia,,4.0,6,10,7
2367,AIC,Tiramisù,tiramisù,tiramisù,Desserts and liqueurs,Veneto,,8.0,7,6,5
2368,AIC,toc’ (or tocj) in braide,toc’ (o tocj) in braide,toc’ (o tocj) in braide,Appetizers,Friuli Venezia Giulia,,4.0,7,6,8
2369,AIC,Tofeia,tofeia,tofeia,Soups and broths,Piemonte,,8.0,9,13,6
2370,AIC,Tombarello,tombarello,tombarello,Fish and seafood,Sicilia,Catania,4.0,7,6,4
2371,AIC,Tomaxelle,tomaxelle,tomaxelle,"Meat, poultry and game",Liguria,,4.0,7,21,7
2372,AIC,Calabrian-style tuna,tonno alla calabrese,tonno alla calabrese,Fish and seafood,Calabria,,4.0,6,13,6
2373,AIC,Bolognese-style tuna,tonno alla bolognese,tonno alla bolognese,Fish and seafood,Emilia Romagna,,4.0,7,9,4
2374,AIC,Rabbit 'tuna-style',tonno di coniglio,tonno di coniglio,Appetizers,Piemonte,,4.0,5,11,2
2375,AIC,Tuna with cipollata,tonno con la cipollata,tonno con la cipollata,Fish and seafood,Sicilia,,4.0,9,7,4
2376,AIC,Tabarchina-style Roasted Tuna,tonno arrosto alla tabarchina,tonno arrosto alla tabarchina,Fish and seafood,Sardegna,Carloforte,6.0,6,8,2
2377,AIC,Baked fresh tuna,tonno fresco al forno,tonno fresco al forno,Fish and seafood,Sicilia,Siracusa,4.0,6,7,4
2378,AIC,Pan-fried tuna with wild fennel,tonno in farsora con il finocchio selvatico,tonno in farsora con il finocchio selvatico,Fish and seafood,Friuli Venezia Giulia,,4.0,3,7,1
2379,AIC,Tuna 'muttunatu',tonno ‘muttunatu,tonno ‘muttunatu,Fish and seafood,Sicilia,,6.0,7,10,3
2380,AIC,Topinambur al verde,topinambur al verde,topinambur al verde,"Vegetables, eggs and legumes",Sardegna,Oristano,4.0,5,6,2
2381,AIC,Jerusalem Artichoke Salad,topinambur in insalata,topinambur in insalata,"Vegetables, eggs and legumes",Piemonte,,4.0,6,7,2
2382,AIC,Sautéed Jerusalem Artichokes (Trifolati),topinambur trifolati,topinambur trifolati,"Vegetables, eggs and legumes",Piemonte,,4.0,5,7,3
2383,AIC,Topini (potato gnocchi) with tomato sauce,topini (gnocchi di patate) al pomodoro,topini (gnocchi di patate) al pomodoro,"Pasta, rice and polenta",Toscana,,6.0,8,6,4
2384,AIC,Torcetti,torcetti,torcetti,Desserts and liqueurs,Piemonte,,40.0,6,6,3
2385,AIC,Torcettini,torcettini,torcettini,Desserts and liqueurs,Valle d'Aosta,,8.0,7,5,4
2386,AIC,Torcinelli,torcinelli,torcinelli,Desserts and liqueurs,Abruzzo,,8.0,7,11,8
2387,AIC,Thrushes with Olives,tordi alle olive,tordi alle olive,"Meat, poultry and game",Sardegna,Sassari e dintorni,6.0,3,8,2
2388,AIC,Roasted Torpedo Ray with Peppers,torpedine arrosto con i peperoni,torpedine arrosto con i peperoni,Fish and seafood,Molise,Termoli,4.0,6,8,3
2389,AIC,Torrone,torrone,torrone,Desserts and liqueurs,Sicilia,Modica,8.0,6,5,4
2390,AIC,Torrone gelato,torrone gelato,torrone gelato,Desserts and liqueurs,Lombardia,,6.0,8,7,6
2391,AIC,Sardinian nougat (Torrone Sardo),torrone sardo,torrone sardo,Desserts and liqueurs,Sardegna,Tonara e Barbagia,6.0,7,4,4
2392,AIC,Torta Barozzi,torta barozzi,torta barozzi,Desserts and liqueurs,Emilia Romagna,Vignola,6.0,7,10,4
2393,AIC,Bertoldina cake,torta bertoldina,torta bertoldina,Desserts and liqueurs,Lombardia,Lodi,6.0,5,8,3
2394,AIC,Torta Bianca,torta bianca,torta bianca,Desserts and liqueurs,Emilia Romagna,,4.0,8,7,5
2395,AIC,Torta Caprese,torta caprese,torta caprese,Desserts and liqueurs,Campania,,8.0,5,7,7
2396,AIC,Torta coi Bischeri,torta coi bischeri,torta coi bischeri,Desserts and liqueurs,Toscana,Pisa,8.0,12,12,8
2397,AIC,torta colonne,torta colonne,torta colonne,Desserts and liqueurs,Puglia,,6.0,7,11,6
2398,AIC,Walnut Cake (Torta de noxe),torta de noxe,torta de noxe,Desserts and liqueurs,Veneto,,4.0,11,9,6
2399,AIC,Almond cake,torta di amandole,torta di amandole,Desserts and liqueurs,Emilia Romagna,Castel’Arquato,8.0,6,6,3
2400,AIC,Benedictine-style artichoke tart,torta di carciofi alla benedettina,torta di carciofi alla benedettina,Pizzas and savory pies,Emilia Romagna,,4.0,10,16,12
2401,AIC,Swiss chard pie,torta di bietole,torta di bietole,Pizzas and savory pies,Emilia Romagna,,4.0,8,11,6
2402,AIC,Chestnut cake,torta di castagne,torta di castagne,Desserts and liqueurs,Piemonte,,6.0,7,8,8
2403,AIC,Chestnut cake,torta di castagne,torta di castagne,Desserts and liqueurs,Friuli Venezia Giulia,Spilimbergo,6.0,8,9,11
2404,AIC,Chestnut cake,torta di castagne,torta di castagne,Desserts and liqueurs,Trentino Alto Adige,,4.0,8,8,7
2405,AIC,Buckwheat Cake,torta di farina di grano saraceno,torta di farina di grano saraceno,Desserts and liqueurs,Trentino Alto Adige,,4.0,7,9,7
2406,AIC,Alberola Fig Tart,torta di fichi di alberola,torta di fichi di alberola,Desserts and liqueurs,Emilia Romagna,,8.0,8,10,5
2407,AIC,Almond Cake,torta di mandorle,torta di mandorle,Desserts and liqueurs,Sardegna,Baressa,4.0,5,8,4
2408,AIC,Lodi cake,torta di lodi,torta di lodi,Desserts and liqueurs,Lombardia,,4.0,5,7,6
2409,AIC,Eggplant pie,torta di melanzane,torta di melanzane,"Vegetables, eggs and legumes",Lombardia,,4.0,7,6,7
2410,AIC,Apple and mostarda tart with apple ice cream,torta di mele e mostarda con gelato di mele,torta di mele e mostarda con gelato di mele,Desserts and liqueurs,Veneto,,8.0,9,10,7
2411,AIC,Savory Bread Pie,torta di pane,torta di pane,Pizzas and savory pies,Trentino Alto Adige,,4.0,5,8,5
2412,AIC,sweet potato cake,torta di patate dolci,torta di patate dolci,Desserts and liqueurs,Veneto,,6.0,8,13,6
2413,AIC,Potato Pie,torta di patate,torta di patate,Pizzas and savory pies,Emilia Romagna,,4.0,6,14,8
2414,AIC,Carrara or Massa style rice cake,torta di riso carrarina o massese,torta di riso carrarina o massese,Desserts and liqueurs,Toscana,,8.0,6,11,7
2415,AIC,Rice cake or Torta degli Addobbi,torta di riso o torta degli addobbi,torta di riso o torta degli addobbi,Desserts and liqueurs,Emilia Romagna,,6.0,8,16,5
2416,AIC,Rose Cake,torta di rose,torta di rose,Desserts and liqueurs,Trentino Alto Adige,,4.0,12,8,4
2417,AIC,Santa Croce Cake,torta di santa croce,torta di santa croce,Desserts and liqueurs,Valle d'Aosta,,6.0,8,16,9
2418,AIC,Vigil Cake,torta di vigilia,torta di vigilia,Desserts and liqueurs,Friuli Venezia Giulia,,4.0,4,8,5
2419,AIC,Tagliatelle Cake or Ricciolina Cake,torta di tagliatelle o torta ricciolina,torta di tagliatelle o torta ricciolina,Desserts and liqueurs,Emilia Romagna,,4.0,10,11,10
2420,AIC,Herb Pie (Torta d'erbi),torta d’erbi,torta d’erbi,Pizzas and savory pies,Toscana,Carrara,6.0,6,10,8
2421,AIC,Pumpkin Cake,torta di zucca,torta di zucca,Desserts and liqueurs,Emilia Romagna,,4.0,8,14,7
2422,AIC,Potato cake and potato tortei,torta e tortelli di patate,torta e tortelli di patate,Pizzas and savory pies,Trentino Alto Adige,,4.0,4,5,4
2423,AIC,Monferrina apple and pumpkin cake,torta monferrina di mele e zucca,torta monferrina di mele e zucca,Desserts and liqueurs,Piemonte,,4.0,7,16,7
2424,AIC,Langhe Hazelnut Cake,torta langarola di nocciole,torta langarola di nocciole,Desserts and liqueurs,Piemonte,,4.0,5,4,6
2425,AIC,Black Cake,torta nera,torta nera,Desserts and liqueurs,Emilia Romagna,,4.0,12,10,8
2426,AIC,Pasqualina Tart,torta pasqualina,torta pasqualina,Pizzas and savory pies,Liguria,,8.0,12,11,12
2427,AIC,torta paradiso,torta paradiso,torta paradiso,Desserts and liqueurs,Lombardia,,6.0,8,8,10
2428,AIC,Friulian-style savory potato cake,torta rustica alla friulana,torta rustica alla friulana,Pizzas and savory pies,Friuli Venezia Giulia,,4.0,7,7,7
2429,AIC,Torta Pasqualina,torta pasqualina,torta pasqualina,Pizzas and savory pies,Valle d'Aosta,,4.0,6,10,6
2430,AIC,Rustic Artichoke Pie,torta rustica con i carciofi,torta rustica con i carciofi,Pizzas and savory pies,Abruzzo,Cupello,4.0,6,10,7
2431,AIC,Rustic Pie with Òlaci and Cured Meats,torta rustica con òlaci e salumi,torta rustica con òlaci e salumi,Pizzas and savory pies,Abruzzo,,4.0,9,12,11
2432,AIC,Torta Sabbiosa (Sandy Cake),torta sabbiosa,torta sabbiosa,Desserts and liqueurs,Lombardia,,6.0,14,9,4
2433,AIC,Torta Sabiosa,torta sabiosa,torta sabiosa,Desserts and liqueurs,Veneto,,6.0,7,7,5
2434,AIC,Savory Tart with Montasio Cheese and Potatoes,torta salata al formaggio montasio e patate friuli,torta salata al formaggio montasio e patate friuli,Pizzas and savory pies,Friuli Venezia Giulia,,4.0,8,8,5
2435,AIC,Simona cake or farinella,torta simona o farinella,torta simona o farinella,Pizzas and savory pies,Trentino Alto Adige,,6.0,3,5,3
2436,AIC,Torta Vergine (Virgin Cake),torta vergine,torta vergine,Desserts and liqueurs,Sicilia,,8.0,11,10,6
2437,AIC,Torta Verde,torta verde,torta verde,Pizzas and savory pies,Liguria,,4.0,8,10,9
2438,AIC,Tortano of San Cosmo,tortano di san cosmo,tortano di san cosmo,Pizzas and savory pies,Molise,,10.0,8,7,4
2439,AIC,Tortano with cigoli,tortano con i cigoli,tortano con i cigoli,Pizzas and savory pies,Campania,Salerno,8.0,5,6,3
2440,AIC,Tortelli,tortelli,tortelli,Desserts and liqueurs,Piemonte,,6.0,6,11,6
2441,AIC,Tortelli with Cremona torrone,tortelli al torrone di cremona,tortelli al torrone di cremona,"Pasta, rice and polenta",Lombardia,,8.0,9,7,9
2442,AIC,Tortelli alla lastra,tortelli alla lastra,tortelli alla lastra,Appetizers,Emilia Romagna,,4.0,7,8,13
2443,AIC,Maremma-style tortelli,tortelli alla maremmana,tortelli alla maremmana,"Pasta, rice and polenta",Toscana,,4.0,8,9,8
2444,AIC,Tortelli with sapa,tortelli alla sapa,tortelli alla sapa,Desserts and liqueurs,Emilia Romagna,,10.0,5,14,7
2445,AIC,Tortelli with bitter herb,tortelli all’erba amara,tortelli all’erba amara,"Pasta, rice and polenta",Lombardia,,8.0,9,12,5
2446,AIC,Puster Valley Tortelli,tortelli della val pusteria,tortelli della val pusteria,"Pasta, rice and polenta",Trentino Alto Adige,,4.0,9,14,7
2447,AIC,Tortelli with pumpkin,tortelli con la zucca,tortelli con la zucca,"Pasta, rice and polenta",Emilia Romagna,,4.0,10,12,8
2448,AIC,Tortelli with Greens (Tortelli di Erbette),tortelli di erbette,tortelli di erbette,"Pasta, rice and polenta",Emilia Romagna,,4.0,7,9,8
2449,AIC,Ricotta tortelli with butter and sage,tortelli di ricotta burro e salvia,tortelli di ricotta burro e salvia,"Pasta, rice and polenta",Emilia Romagna,Imola,4.0,6,12,6
2450,AIC,Pumpkin Tortelli,tortelli di zucca,tortelli di zucca,"Pasta, rice and polenta",Lombardia,,6.0,8,12,8
2451,AIC,sweet tortelli,tortelli dolci,tortelli dolci,Desserts and liqueurs,Emilia Romagna,,6.0,9,15,8
2452,AIC,Sweet Christmas Tortelli,tortelli dolci di natale,tortelli dolci di natale,Desserts and liqueurs,Emilia Romagna,,6.0,9,18,9
2453,AIC,Bolognese Tortellino,tortellino di bologna,tortellino di bologna,Soups and broths,Emilia Romagna,,4.0,9,9,10
2454,AIC,Tortello Cremasco,tortello cremasco,tortello cremasco,"Pasta, rice and polenta",Lombardia,,4.0,7,11,7
2455,AIC,Artichoke tortiera,tortiera di carciofi,tortiera di carciofi,"Vegetables, eggs and legumes",Calabria,Vibo Valentia,4.0,4,10,5
2456,AIC,Tortelloni da vigilia,tortelloni da vigilia,tortelloni da vigilia,"Pasta, rice and polenta",Emilia Romagna,,4.0,6,9,4
2457,AIC,Saffron potato and onion casserole,tortiera di patate e cipolla allo zafferano,tortiera di patate e cipolla allo zafferano,"Vegetables, eggs and legumes",Abruzzo,,4.0,5,9,7
2458,AIC,Anchovy Tart,tortino di alici,tortino di alici,Fish and seafood,Calabria,,4.0,5,11,8
2459,AIC,Stuffed Flying Squid,totani imbottiti,totani imbottiti,Fish and seafood,Sicilia,,4.0,5,13,6
2460,AIC,"Stuffed squid, Capri style",totani imbottiti alla caprese,totani imbottiti alla caprese,Fish and seafood,Campania,,4.0,6,11,6
2461,AIC,Flying squid in zimino or Provençal style,totani in zimino o alla provenzale,totani in zimino o alla provenzale,Fish and seafood,Liguria,,4.0,4,9,2
2462,AIC,Stuffed squid,totani ripieni,totani ripieni,Fish and seafood,Abruzzo,,4.0,8,11,5
2463,AIC,tozzetti,tozzetti,tozzetti,Desserts and liqueurs,Umbria,,6.0,5,9,5
2464,AIC,Red mullet 'al cartoccio',triglie al cartoccio,triglie al cartoccio,Fish and seafood,Campania,,4.0,4,8,3
2465,AIC,Red mullet with tomato and anchovies,triglie al pomodoro e acciughe,triglie al pomodoro e acciughe,Fish and seafood,Abruzzo,,4.0,3,7,1
2466,AIC,Livorno-style red mullet,triglie alla livornese,triglie alla livornese,Fish and seafood,Toscana,,4.0,6,7,1
2467,AIC,Almond paste fish (Triglie alla pasta di mandorle),triglie alla pasta di mandorle,triglie alla pasta di mandorle,Desserts and liqueurs,Liguria,,6.0,4,4,2
2468,AIC,Bolognese-style tripe,trippa alla bolognese,trippa alla bolognese,"Meat, poultry and game",Emilia Romagna,,4.0,7,12,7
2469,AIC,Tripe Crotone-style,trippa alla crotonese,trippa alla crotonese,"Meat, poultry and game",Calabria,,4.0,8,9,3
2470,AIC,Trippa alla Ligure,trippa alla ligure,trippa alla ligure,"Meat, poultry and game",Liguria,,4.0,6,11,5
2471,AIC,Tripe alla Mormannola,trippa alla mormannola,trippa alla mormannola,"Meat, poultry and game",Calabria,,4.0,6,7,5
2472,AIC,Florentine-style tripe,trippa alla fiorentina,trippa alla fiorentina,"Meat, poultry and game",Toscana,,4.0,4,7,2
2473,AIC,Olivetana-style tripe,trippa alla olivetana,trippa alla olivetana,"Meat, poultry and game",Sicilia,Palermo,4.0,7,11,7
2474,AIC,Parmesan-style tripe or buzeca,trippa alla parmigiana o buzeca,trippa alla parmigiana o buzeca,"Meat, poultry and game",Emilia Romagna,,4.0,6,16,5
2475,AIC,Penne-style Tripe,trippa alla pennese,trippa alla pennese,"Meat, poultry and game",Abruzzo,,4.0,4,11,6
2476,AIC,Ragusan-style tripe,trippa alla ragusana,trippa alla ragusana,"Meat, poultry and game",Sicilia,,4.0,6,12,4
2477,AIC,Pisan-style tripe,trippa alla pisana,trippa alla pisana,"Meat, poultry and game",Toscana,,4.0,7,13,3
2478,AIC,Roman-style tripe,trippa alla romana,trippa alla romana,"Meat, poultry and game",Lazio,,4.0,7,14,3
2479,AIC,Tripe with chili peppers,trippa con i peperoncini,trippa con i peperoncini,"Meat, poultry and game",Calabria,,4.0,5,8,5
2480,AIC,Old Salera-Style Tripe,trippa del vecchio salera,trippa del vecchio salera,"Meat, poultry and game",Piemonte,,4.0,5,22,4
2481,AIC,Tripe in broth (busecca),trippa in brodo (busecca),trippa in brodo (busecca),Soups and broths,Lombardia,,4.0,6,13,3
2482,AIC,Stewed Tripe (Trippa in Umido),trippa in umido,trippa in umido,"Meat, poultry and game",Lombardia,,6.0,7,14,2
2483,AIC,Tripe Trieste-style,trippe alla triestina,trippe alla triestina,"Meat, poultry and game",Friuli Venezia Giulia,,4.0,4,11,4
2484,AIC,Trista,trista,trista,Soups and broths,Lazio,"Civitavecchia, Allumiere e Tolfa",4.0,4,8,1
2485,AIC,Tritarelli in fish broth,tritarelli in brodo di pesce,tritarelli in brodo di pesce,Soups and broths,Abruzzo,,4.0,6,8,3
2486,AIC,Trout with shrimp and olaci (wild spinach),trote con gamberi e olaci,trote con gamberi e olaci,Fish and seafood,Abruzzo,,4.0,7,8,9
2487,AIC,Trout in red wine,trote al vino rosso,trote al vino rosso,Fish and seafood,Valle d'Aosta,,4.0,6,10,2
2488,AIC,Fried trout in sauce,trote fritte in salsa,trote fritte in salsa,Fish and seafood,Sardegna,Nuoro,4.0,4,8,1
2489,AIC,Small Trout with Walnuts,trotelle con le noci,trotelle con le noci,Fish and seafood,Piemonte,,4.0,5,7,1
2490,AIC,Tubetti with Lardo and Saffron,"tubetti, lardo e zafferano","tubetti, lardo e zafferano","Pasta, rice and polenta",Abruzzo,,4.0,11,9,8
2491,AIC,Fried tuma with anchovies,tuma fritta con acciughe,tuma fritta con acciughe,Appetizers,Sicilia,,4.0,4,3,2
2492,AIC,Saint Anthony the Abbot's Little Birds,uccelletti di sant’antonio abate,uccelletti di sant’antonio abate,Desserts and liqueurs,Abruzzo,,10.0,4,7,1
2493,AIC,Turtunett,turtunett,turtunett,"Pasta, rice and polenta",Piemonte,,4.0,5,7,4
2494,AIC,Nun-style eggs,uova alla monacella,uova alla monacella,Desserts and liqueurs,Calabria,,4.0,6,5,6
2495,AIC,Uccelletti Scappati (Escaped Little Birds),uccelletti scappati,uccelletti scappati,"Meat, poultry and game",Trentino Alto Adige,,4.0,6,9,4
2496,AIC,Uccelli Scappati (Escaped Birds),uccelli scappati,uccelli scappati,"Meat, poultry and game",Lombardia,,4.0,5,8,3
2497,AIC,Eggs with pancetta,uova con la pancetta,uova con la pancetta,"Vegetables, eggs and legumes",Emilia Romagna,,4.0,5,4,3
2498,AIC,Eggs with sausage,uova con la salciccia,uova con la salciccia,"Vegetables, eggs and legumes",Emilia Romagna,,4.0,7,5,6
2499,AIC,Tripe-style eggs,uova in trippa,uova in trippa,"Vegetables, eggs and legumes",Marche,,4.0,6,7,5
2500,AIC,Scrambled eggs with onion,uova strapazzate con cipolla,uova strapazzate con cipolla,"Vegetables, eggs and legumes",Emilia Romagna,,4.0,5,6,4
2501,AIC,Bolognese-style stuffed eggs,uova ripiene alla bolognese,uova ripiene alla bolognese,"Vegetables, eggs and legumes",Emilia Romagna,,4.0,6,9,4
2502,AIC,Uova 'ncannulate (Cannoled Eggs),uova ’ncannulate,uova ’ncannulate,Desserts and liqueurs,Sicilia,"Salemi, Menfi",6.0,8,9,6
2503,AIC,Valigini o Valisèin (Stuffed Veal Rolls),valigini o valisèin,valigini o valisèin,"Meat, poultry and game",Emilia Romagna,,4.0,6,10,5
2504,AIC,vastedda ‘nfigghiulata,vastedda ‘nfigghiulata,vastedda ‘nfigghiulata,Pizzas and savory pies,Sicilia,,6.0,11,11,8
2505,AIC,Chestnut Velouté,vellutata di castagne,vellutata di castagne,Soups and broths,Friuli Venezia Giulia,,6.0,6,9,5
2506,AIC,Pumpkin and Potato Vellutata,vellutata di zucca e patate,vellutata di zucca e patate,Soups and broths,Friuli Venezia Giulia,"Montereale, Valcellina",4.0,8,9,5
2507,AIC,Pan-fried vegetables,verdure in padella,verdure in padella,"Vegetables, eggs and legumes",Sardegna,Alghero,6.0,4,10,3
2508,AIC,Vastese-style tuna belly,ventresca di tonno alla vastese,ventresca di tonno alla vastese,Appetizers,Abruzzo,,4.0,5,7,2
2509,AIC,Arranged greens with pork belly (Verdura 'ssettata con ventresca di maiale),verdura ’ssettata con ventresca di maiale,verdura ’ssettata con ventresca di maiale,"Vegetables, eggs and legumes",Puglia,,4.0,8,8,6
2510,AIC,vermicelli aglio e olio,vermicelli aglio e olio,vermicelli aglio e olio,"Pasta, rice and polenta",Campania,Napoli,4.0,5,6,6
2511,AIC,Baked Stuffed Vegetables,verdure ripiene al forno,verdure ripiene al forno,"Vegetables, eggs and legumes",Liguria,,4.0,7,17,7
2512,AIC,Pan-fried 'Assassinate' Vegetables,verdure in padella “assassinate”,verdure in padella “assassinate”,"Vegetables, eggs and legumes",Sicilia,,4.0,4,7,5
2513,AIC,Vermicelli al cartoccio,vermicelli al cartoccio,vermicelli al cartoccio,"Pasta, rice and polenta",Campania,,4.0,6,11,5
2514,AIC,Sicilian-style vermicelli,vermicelli alla siciliana,vermicelli alla siciliana,"Pasta, rice and polenta",Sicilia,,4.0,6,12,6
2515,AIC,vignarola,vignarola,vignarola,Soups and broths,Lazio,Roma,4.0,8,12,3
2516,AIC,Vermicelli Olbia-style,vermicelli all’olbiese,vermicelli all’olbiese,"Pasta, rice and polenta",Sardegna,,4.0,11,7,5
2517,AIC,vincisgrassi,vincisgrassi,vincisgrassi,"Pasta, rice and polenta",Marche,,4.0,10,16,8
2518,AIC,virtù,virtù,virtù,Soups and broths,Abruzzo,,6.0,9,23,7
2519,AIC,Veal all'uccelletto,vitello all’uccelletto,vitello all’uccelletto,"Meat, poultry and game",Liguria,,4.0,5,6,3
2520,AIC,Hot vitel tonné,vitel tonné caldo,vitel tonné caldo,"Meat, poultry and game",Lombardia,,4.0,5,14,3
2521,AIC,Veal in a Casserole,vitello in casseruola,vitello in casseruola,"Meat, poultry and game",Sardegna,Sassari e dintorni,4.0,5,7,3
2522,AIC,vitello tonnato,vitello tonnato,vitello tonnato,"Meat, poultry and game",Piemonte,,4.0,5,15,5
2523,AIC,Vol-au-vent with Radicchio and Fonduta,vol-au-vent con radicchio e fonduta,vol-au-vent con radicchio e fonduta,Appetizers,Veneto,,4.0,8,9,7
2524,AIC,Bologna-style 'Trifolato' Veal,vitello trifolato alla bolognese,vitello trifolato alla bolognese,"Meat, poultry and game",Emilia Romagna,,4.0,6,9,6
2525,AIC,Fisherman's Style Clams,vongole alla pescatora,vongole alla pescatora,Appetizers,Marche,,4.0,5,8,2
2526,AIC,Vr'detto Pasquale,vr’detto pasquale,vr’detto pasquale,"Meat, poultry and game",Basilicata,,4.0,5,5,9
2527,AIC,vongole alla pescatora,vongole alla pescatora,vongole alla pescatora,Fish and seafood,Marche,,4.0,5,8,5
2528,AIC,Zabaione,zabaione,zabaione,Desserts and liqueurs,Piemonte,,8.0,4,3,4
2529,AIC,zabaione di parma,zabaione di parma,zabaione di parma,Desserts and liqueurs,Emilia Romagna,,4.0,3,5,4
2530,AIC,Zafferanella,zafferanella,zafferanella,Soups and broths,Abruzzo,,4.0,6,8,4
2531,AIC,Pig's trotters with savoy cabbage,zampetti di maiale con verze,zampetti di maiale con verze,"Meat, poultry and game",Friuli Venezia Giulia,,4.0,4,12,3
2532,AIC,Zaleti,zaleti,zaleti,Desserts and liqueurs,Veneto,,6.0,5,11,4
2533,AIC,Zampone with Zabaione,zampone allo zabaione,zampone allo zabaione,"Meat, poultry and game",Emilia Romagna,,4.0,9,5,10
2534,AIC,Zengarielle with breadcrumbs,zengarielle ‘che la mullica,zengarielle ‘che la mullica,"Pasta, rice and polenta",Molise,,4.0,4,7,4
2535,AIC,Zelten Trentino,zelten trentino,zelten trentino,Desserts and liqueurs,Trentino Alto Adige,,8.0,7,15,7
2536,AIC,Calabrian zeppole,zeppole calabresi,zeppole calabresi,Desserts and liqueurs,Calabria,,4.0,8,11,5
2537,AIC,Zeppole di San Giuseppe,zeppole di san giuseppe,zeppole di san giuseppe,Desserts and liqueurs,Campania,Napoli,6.0,8,14,7
2538,AIC,San Martino's Zeppole,zeppole di san martino,zeppole di san martino,Desserts and liqueurs,Sicilia,,10.0,5,7,3
2539,AIC,Zeppolette di pasta cresciuta (Fried risen dough),zeppolette di pasta cresciuta,zeppolette di pasta cresciuta,Appetizers,Campania,,4.0,5,7,4
2540,AIC,Salt Cod Fritters,zeppoline di baccalà,zeppoline di baccalà,Appetizers,Campania,Caserta,4.0,5,7,6
2541,AIC,Roasted Picarel in Brine,zerri arrosto in salamoia,zerri arrosto in salamoia,Fish and seafood,Sardegna,,4.0,3,6,3
2542,AIC,Marinated picarel,zerri marinati,zerri marinati,Fish and seafood,Toscana,,6.0,8,9,3
2543,AIC,ziti with lardo,ziti con il lardo,ziti con il lardo,"Pasta, rice and polenta",Campania,Napoli,4.0,7,7,5
2544,AIC,Chickpea Zimino,zimino di ceci,zimino di ceci,Soups and broths,Sardegna,Carloforte,6.0,4,7,1
2545,AIC,Zitoncini Campolattaro style,zitoncini alla campolattaro,zitoncini alla campolattaro,"Pasta, rice and polenta",Campania,,4.0,6,9,5
2546,AIC,Squash Scapece Style,zucca alla scapece,zucca alla scapece,"Vegetables, eggs and legumes",Campania,,4.0,8,9,6
2547,AIC,Pumpkin and Black-Eyed Peas,zucca e fagioli dall’occhio,zucca e fagioli dall’occhio,"Vegetables, eggs and legumes",Lazio,Formia,4.0,4,5,2
2548,AIC,Yellow Pumpkin,zucca gialla,zucca gialla,"Vegetables, eggs and legumes",Calabria,,6.0,7,8,5
2549,AIC,Sweet and sour pumpkin,zucca in agrodolce,zucca in agrodolce,"Vegetables, eggs and legumes",Sicilia,,6.0,5,7,3
2550,AIC,Bolognese zuccherini,zuccherini bolognesi,zuccherini bolognesi,Desserts and liqueurs,Emilia Romagna,,,7,10,6
2551,AIC,Zucchini alla Scapece,zucchine alla scapece,zucchine alla scapece,"Vegetables, eggs and legumes",Campania,Salerno,4.0,5,6,4
2552,AIC,Zucchini parmigiana,zucchine alla parmigiana,zucchine alla parmigiana,"Vegetables, eggs and legumes",Emilia Romagna,,4.0,5,9,8
2553,AIC,Zucchini in carpione,zucchine in carpione,zucchine in carpione,"Vegetables, eggs and legumes",Piemonte,,4.0,4,7,3
2554,AIC,Marinated Zucchini,zucchine marinate,zucchine marinate,"Vegetables, eggs and legumes",Lazio,,4.0,5,7,3
2555,AIC,Stuffed zucchini,zucchine ripiene,zucchine ripiene,"Vegetables, eggs and legumes",Emilia Romagna,,4.0,7,13,6
2556,AIC,Stuffed Zucchini,zucchine ripiene,zucchine ripiene,"Vegetables, eggs and legumes",Lazio,,4.0,5,10,3
2557,AIC,Zuccotto,zuccotto,zuccotto,Desserts and liqueurs,Toscana,Firenze,6.0,12,13,11
2558,AIC,Visconti-style Stuffed Zucchini,zucchine ripiene alla viscontea,zucchine ripiene alla viscontea,"Vegetables, eggs and legumes",Lombardia,,4.0,8,14,9
2559,AIC,Sweet Stuffed Zucchini,zucchine ripiene dolci,zucchine ripiene dolci,"Vegetables, eggs and legumes",Sardegna,,4.0,7,8,9
2560,AIC,Zuppa a la Santé,zuppa a la santé,zuppa a la santé,Soups and broths,Molise,,10.0,9,10,8
2561,AIC,Sour tripe soup,zuppa acida di trippa,zuppa acida di trippa,Soups and broths,Trentino Alto Adige,,4.0,8,13,3
2562,AIC,Scaliger-style soup,zuppa alla scaligera,zuppa alla scaligera,Soups and broths,Veneto,,6.0,9,17,5
2563,AIC,Syracuse-style fish soup,zuppa alla siracusana,zuppa alla siracusana,Fish and seafood,Sicilia,,4.0,7,10,3
2564,AIC,Eel soup,zuppa di anguilla,zuppa di anguilla,Soups and broths,Emilia Romagna,,4.0,5,9,4
2565,AIC,Zuppa Cotta,zuppa cotta,zuppa cotta,Soups and broths,Sardegna,Pozzomaggiore,4.0,6,4,5
2566,AIC,Zuppa del Tarlati,zuppa del tarlati,zuppa del tarlati,Soups and broths,Toscana,,4.0,7,9,8
2567,AIC,Arselle Soup (Sassari Style),zuppa di arselle,zuppa di arselle,Soups and broths,Sardegna,Sassari,4.0,11,11,7
2568,AIC,Asparagus soup,zuppa di asparagi,zuppa di asparagi,Soups and broths,Calabria,,4.0,5,10,4
2569,AIC,Bleak and Whitefish Soup,zuppa di avole e coregoni,zuppa di avole e coregoni,Soups and broths,Veneto,,4.0,7,14,5
2570,AIC,Salt cod soup,zuppa di baccalà,zuppa di baccalà,Fish and seafood,Basilicata,,4.0,6,10,3
2571,AIC,Sweet and sour salt cod soup,zuppa di baccalà agrodolce,zuppa di baccalà agrodolce,Fish and seafood,Campania,,4.0,6,12,3
2572,AIC,Borage and Cardoon Soup,zuppa di borragine e cardi,zuppa di borragine e cardi,Soups and broths,Sardegna,,4.0,7,11,2
2573,AIC,Cardoon Soup,zuppa di cardone,zuppa di cardone,Soups and broths,Campania,,4.0,8,10,11
2574,AIC,Borage soup,zuppa di borragine,zuppa di borragine,Soups and broths,Calabria,,4.0,5,7,4
2575,AIC,Chestnut and Chickpea Soup,zuppa di castagne e ceci,zuppa di castagne e ceci,Soups and broths,Umbria,Todi,4.0,10,9,8
2576,AIC,Black Kale Soup,zuppa di cavolo nero,zuppa di cavolo nero,Soups and broths,Emilia Romagna,,4.0,6,15,5
2577,AIC,Chickpea and Chestnut Soup,zuppa di ceci e castagne,zuppa di ceci e castagne,Soups and broths,Sardegna,Sassari,4.0,7,11,7
2578,AIC,Onion soup with eggs,zuppa di cipolla con uova,zuppa di cipolla con uova,Soups and broths,Sardegna,Alghero,6.0,4,8,3
2579,AIC,Onion soup,zuppa di cipolle,zuppa di cipolle,Soups and broths,Calabria,,4.0,5,6,3
2580,AIC,Bonarcado Onion Soup,zuppa di cipolle di bonarcado,zuppa di cipolle di bonarcado,Soups and broths,Sardegna,,4.0,5,8,3
2581,AIC,Onion soup,zuppa di cipolle,zuppa di cipolle,Soups and broths,Sardegna,Oristano,4.0,6,7,3
2582,AIC,Onion soup,zuppa di cipolle,zuppa di cipolle,Soups and broths,Piemonte,Ivrea,6.0,5,8,4
2583,AIC,Fava bean and onion soup,zuppa di cipolle e fave,zuppa di cipolle e fave,Soups and broths,Campania,,6.0,2,4,4
2584,AIC,Fresh Spring Onion Soup,zuppa di cipollette fresche,zuppa di cipollette fresche,Soups and broths,Lazio,Civitavecchia,4.0,6,9,4
2585,AIC,Horseradish soup,zuppa di cren (rafano),zuppa di cren (rafano),Soups and broths,Friuli Venezia Giulia,,4.0,5,10,4
2586,AIC,Bean Soup,zuppa di fagioli,zuppa di fagioli,Soups and broths,Puglia,Foggia,4.0,5,8,4
2587,AIC,"Bean, Escarole, and Pork Rind Soup (Zuppa di Fagioli, Scarole e Cotiche)","zuppa di fagioli, scarole e cotiche o fagioli con scarole e cotenne","zuppa di fagioli, scarole e cotiche o fagioli con scarole e cotenne",Soups and broths,Campania,Napoli,6.0,5,13,7
2588,AIC,Flour soup with sausage and ricotta,zuppa di farina con salsiccia e ricotta,zuppa di farina con salsiccia e ricotta,Soups and broths,Friuli Venezia Giulia,,4.0,6,7,5
2589,AIC,Fava Bean Purée Soup (Maccu),zuppa di fave a maccu,zuppa di fave a maccu,Soups and broths,Calabria,,4.0,6,5,2
2590,AIC,Wild Fennel Soup (Sassari style),zuppa di finocchietti selvatici,zuppa di finocchietti selvatici,Soups and broths,Sardegna,Sassari,4.0,8,8,7
2591,AIC,Farro soup,zuppa di farro,zuppa di farro,Soups and broths,Liguria,,6.0,5,10,3
2592,AIC,Fresh Fava Bean Soup,zuppa di fave fresche,zuppa di fave fresche,Soups and broths,Campania,Aversa,6.0,8,12,4
2593,AIC,Fregula soup with tomato sauce,zuppa di fregula e sugo di pomodoro,zuppa di fregula e sugo di pomodoro,Soups and broths,Sardegna,Bono,4.0,4,6,1
2594,AIC,Mushroom soup,zuppa di funghi,zuppa di funghi,Soups and broths,Calabria,,8.0,5,11,4
2595,AIC,Lentil and Chestnut Soup,zuppa di lenticchie con le castagne,zuppa di lenticchie con le castagne,Soups and broths,Molise,,4.0,7,11,6
2596,AIC,Legume soup with pumpkin and pearl barley,zuppa di legumi con zucca e orzetto,zuppa di legumi con zucca e orzetto,Soups and broths,Puglia,,4.0,5,12,4
2597,AIC,Lentil soup,zuppa di lenticchie,zuppa di lenticchie,Soups and broths,Marche,,4.0,5,10,2
2598,AIC,Pork Soup (Zuppa di Maiale),zuppa di maiale,zuppa di maiale,Soups and broths,Sardegna,,8.0,8,14,3
2599,AIC,Hake and Potato Soup,zuppa di merluzzi e patate,zuppa di merluzzi e patate,Soups and broths,Molise,"Termoli, Campobasso",4.0,5,7,4
1,Artusi,Broth,,Brodo,Soups and broths,,,,5,9,2
2,Artusi,Broth for the Sick,,Brodo per gli ammalati,Soups and broths,,,,8,3,4
3,Artusi,Jelly,,Gelatina,Soups and broths,,,,12,14,10
4,Artusi,Meat Sauce,,Sugo di carne,Soups and broths,,,,9,16,3
5,Artusi,Meat sauce (Sugo di carne) that the French call Spanish sauce,,Sugo di carne che i francesi chiamano salsa spagnuola,Soups and broths,,,,8,13,4
6,Artusi,Tomato Sauce,,Sugo di pomodoro,Soups and broths,,,,2,4,2
7,Artusi,Cappelletti Romagna-style,,Cappelletti all'uso di romagna,Soups and broths,,,,10,17,7
8,Artusi,Italian-style Tortellini (Agnellotti),,Tortellini all'italiana (Agnellotti),Soups and broths,,,,6,12,7
9,Artusi,Bolognese-style Tortellini,,Tortellini alla bolognese,Soups and broths,,,,8,9,3
10,Artusi,Pigeon Meat Tortellini,,Tortellini di carne di piccione,Soups and broths,,,,7,11,4
11,Artusi,Panata,,Panata,Soups and broths,,,6.0,4,8,3
12,Artusi,Breadcrumb Soup,,Minestra di pangrattato,Soups and broths,,,,4,4,5
13,Artusi,Semolina Taglierini,,Taglierini di semolino,Soups and broths,,,,3,2,1
14,Artusi,Gnocchi,,Gnocchi,Soups and broths,,,7.0,7,8,3
15,Artusi,Compound Semolina Soup I,,Minestra di semolino composta I,Soups and broths,,,4.0,10,8,6
16,Artusi,Compound Semolina Soup II,,Minestra di semolino composta II,Soups and broths,,,5.0,6,7,3
17,Artusi,Krapfen Soup,,Minestra diKrapfen,Soups and broths,,,7.0,6,7,5
18,Artusi,Paradise Soup,,Minestra del paradiso,Soups and broths,,,6.0,4,6,3
19,Artusi,Strained Meat Soup,,Minestra di carne passata,Soups and broths,,,4.0,7,10,9
20,Artusi,Passatelli Soup,,Minestra di passatelli,Soups and broths,,,4.0,3,6,3
21,Artusi,Meat Passatelli Soup,,Minestra di passatelli di carne,Soups and broths,,,6.0,5,9,5
22,Artusi,Ricotta-based Soup,,Minestra a base di ricotta,Soups and broths,,,,4,2,3
23,Artusi,Semolina Dumpling Soup (Hazelnut-sized),,Minestra di nocciuole di semolino,Soups and broths,,,5.0,7,10,5
24,Artusi,Flour Dumpling Soup,,Minestra di bomboline di farina,Soups and broths,,,8.0,5,4,4
25,Artusi,Ricotta brick soup,,Minestra di mattoncini di ricotta,Soups and broths,,,5.0,7,7,8
26,Artusi,Mille Fanti Soup,,Minestra di mille fanti,Soups and broths,,,,4,6,4
27,Artusi,Compound Milk Soup,,Minestra di latte composta,Soups and broths,,,8.0,7,7,3
28,Artusi,Angelic Bread Soup,,Minestra di pane angelico,Soups and broths,,,10.0,6,9,4
29,Artusi,Potato Dumpling Soup,,Minestra di bomboline di patate,Soups and broths,,,8.0,5,10,6
30,Artusi,Rice Dumpling Soup,,Minestra di bomboline di riso,Soups and broths,,,6.0,5,7,1
31,Artusi,Two-Colored Soup,,Minestra di due colori,Soups and broths,,,8.0,6,10,4
32,Artusi,Stuffed Soup,,Zuppa ripiena,Soups and broths,,,,7,12,5
33,Artusi,Caesar's Mushroom Soup (Zuppa di ovoli),,Zuppa di ovoli,Soups and broths,,,6.0,8,11,6
34,Artusi,Yellow Pumpkin Soup,,Zuppa di zucca gialla,Soups and broths,,,6.0,6,6,5
35,Artusi,Puréed Pea Soup (Meat-based),,"Zuppa di purè di piselli, di grasso",Soups and broths,,,6.0,9,10,4
36,Artusi,Zuppasanté (Healthy Soup),,Zuppasanté,Soups and broths,,,,6,12,5
37,Artusi,Sorrel Soup,,Zuppa di acetosa,Soups and broths,,,5.0,8,8,5
38,Artusi,Soup on meat sauce,,Zuppa sul sugo di carne,Soups and broths,,,4.0,8,13,5
39,Artusi,Queen's Soup,,Zuppa regina,Soups and broths,,,,8,9,7
40,Artusi,Spanish-style Soup,,Zuppa alla spagnuola,Soups and broths,,,10.0,7,11,6
41,Artusi,Zuppa di pane d'uovo (Egg Bread Soup),,Zuppa di pane d'uovo,Soups and broths,,,6.0,9,5,6
42,Artusi,Rice and Luganighe Sausage,,Risi e luganighe,Soups and broths,,,,6,7,4
43,Artusi,Riso alla cacciatora (Hunter's Style Rice),,Riso alla cacciatora,Soups and broths,,,2.0,5,12,2
44,Artusi,Quail with Rice,,Quaglie col riso,Soups and broths,,,4.0,6,9,2
45,Artusi,Malfattini,,Malfattini,Soups and broths,,,,7,8,5
46,Artusi,Cuscussù,,Cuscussù,Soups and broths,,,6.0,15,15,10
47,Artusi,Minestrone,,Minestrone,Soups and broths,,,4.0,7,19,4
48,Artusi,Semolina Passatelli,,Passatelli di semolino,Soups and broths,,,6.0,6,9,2
49,Artusi,Rice with Zucchini,,Riso con zucchini,Soups and broths,,,,6,9,3
50,Artusi,French-style Onion Soup,,Zuppa con le cipolle alla francese,Soups and broths,,,5.0,8,8,4
51,Artusi,Bolognese-style Strichetti,,Strichetti alla bolognese,Soups and broths,,,5.0,6,5,3
52,Artusi,Shrimp Soup with Meat Sauce,,Zuppa di gamberi col sugo di carne,Soups and broths,,,4.0,7,9,4
53,Artusi,Stefani-style Soup,,Zuppa alla stefani,Soups and broths,,,6.0,9,15,6
54,Artusi,Parma-style Anolini,,Anolini alla parmigiana,Soups and broths,,,4.0,8,13,6
55,Artusi,Tortelli,,Tortelli,"Pasta, rice and polenta",,,3.0,6,12,5
56,Artusi,Lean Pea Purée Soup,,Zuppa di purè di piselli di magro,"Pasta, rice and polenta",,,6.0,8,12,4
57,Artusi,Bean Soup,,Zuppa di fagiuoli,"Pasta, rice and polenta",,,4.0,7,11,5
58,Artusi,Tuscan Peasant-Style Lean Soup,,Zuppa toscana di magro alla contadina,"Pasta, rice and polenta",,,6.0,10,17,6
59,Artusi,Yellow Polenta (Farinata Gialla di Magro),,Farinata gialla di magro,"Pasta, rice and polenta",,,4.0,9,9,3
60,Artusi,Meatless Semolina,,Semolino di magro,"Pasta, rice and polenta",,,,4,7,2
61,Artusi,Lentil Soup,,Zuppa di lenticchie,"Pasta, rice and polenta",,,,4,2,2
62,Artusi,Lean Soup with Telline Clams,,Zuppa di magro colle telline,"Pasta, rice and polenta",,,7.0,7,8,3
63,Artusi,Spaghetti with telline clams,,Spaghetti con le telline,"Pasta, rice and polenta",,,,5,4,3
64,Artusi,Frog Soup,,Zuppa di ranocchi,"Pasta, rice and polenta",,,4.0,12,15,3
65,Artusi,Soup with Mullet Broth,,Zuppa col brodo di muggine,"Pasta, rice and polenta",,,7.0,11,14,6
66,Artusi,Carthusian Soup,,Zuppa alla certosina,"Pasta, rice and polenta",,,4.0,9,15,6
67,Artusi,Pastina or Capellini in Shi Drum Broth,,Pastine o capellini sul brodo di ombrina,"Pasta, rice and polenta",,,3.0,5,7,3
68,Artusi,Dried Pea Purée Soup,,Zuppa di purè di piselli secchi,"Pasta, rice and polenta",,,,8,11,6
69,Artusi,Tagliatelle with Prosciutto,,Tagliatelle col prosciutto,"Pasta, rice and polenta",,,,6,13,5
70,Artusi,Green Tagliatelle,,Tagliatelle verdi,"Pasta, rice and polenta",,,4.0,7,5,6
71,Artusi,"Tagliatelle, Romagna-style",,Tagliatelle all'uso di romagna,"Pasta, rice and polenta",,,,4,3,1
72,Artusi,Risotto with Wedge Clams,,Risotto colle telline,"Pasta, rice and polenta",,,,7,18,7
73,Artusi,Risotto with Tench,,Risotto colle tinche,"Pasta, rice and polenta",,,6.0,9,17,2
74,Artusi,"Black risotto with cuttlefish, Florentine style",,Risotto nero colle seppie alla fiorentina,"Pasta, rice and polenta",,,,7,11,2
75,Artusi,Risotto with peas,,Risotto coi piselli,"Pasta, rice and polenta",,,5.0,7,7,4
76,Artusi,Risotto with mushrooms,,Risotto coi funghi,"Pasta, rice and polenta",,,3.0,9,15,4
77,Artusi,Risotto with Tomatoes,,Risotto coi pomodori,"Pasta, rice and polenta",,,,4,6,2
78,Artusi,Risotto alla milanese I,,Risotto alla milanese I,"Pasta, rice and polenta",,,5.0,4,6,1
79,Artusi,Risotto alla milanese II,,Risotto alla milanese II,"Pasta, rice and polenta",,,5.0,6,8,3
80,Artusi,Risotto alla milanese III,,Risotto alla milanese III,"Pasta, rice and polenta",,,3.0,6,7,3
81,Artusi,Risotto with Frogs,,Risotto coi ranocchi,"Pasta, rice and polenta",,,,11,15,3
82,Artusi,Risotto with shrimp,,Risotto coi gamberi,"Pasta, rice and polenta",,,8.0,10,15,5
83,Artusi,Risotto with fish broth,,Risotto col brodo di pesce,"Pasta, rice and polenta",,,,8,14,3
84,Artusi,French-style Maccheroni,,Maccheroni alla francese,"Pasta, rice and polenta",,,,5,8,4
85,Artusi,Neapolitan-style Macaroni,,Maccheroni alla napoletana,"Pasta, rice and polenta",,,,10,15,5
86,Artusi,Neapolitan-style Maccheroni,,Maccheroni alla napoletana,"Pasta, rice and polenta",,,3.0,6,10,2
87,Artusi,Macaroni Bolognese-style,,Maccheroni alla bolognese,"Pasta, rice and polenta",,,,7,17,3
88,Artusi,"Maccheroni with sardines, Sicilian style",,Maccheroni con le sarde alla siciliana,"Pasta, rice and polenta",,,6.0,10,10,5
89,Artusi,Potato Gnocchi,,Gnocchi di patate,"Pasta, rice and polenta",,,,8,8,4
90,Artusi,Yellow Flour Gnocchi,,Gnocchi di farina gialla,"Pasta, rice and polenta",,,,5,7,4
91,Artusi,"Pappardelle, Arezzo-style",,Pappardelle all'aretina,"Pasta, rice and polenta",,,,13,16,4
92,Artusi,Pasta alla Cacciatora,,Paste alla cacciatora,"Pasta, rice and polenta",,,4.0,6,11,3
93,Artusi,Pasta with Teal,,Paste con le arzavole,"Pasta, rice and polenta",,,5.0,7,17,2
94,Artusi,Pappardelle with Rabbit Sauce,,Pappardelle col sugo di coniglio,"Pasta, rice and polenta",,,,8,14,3
95,Artusi,Pappardelle with Hare I,,Pappardelle colla lepre I,"Pasta, rice and polenta",,,5.0,8,14,7
96,Artusi,Pappardelle with Hare II,,Pappardelle colla lepre II,"Pasta, rice and polenta",,,,8,15,2
97,Artusi,Ravioli,,Ravioli,"Pasta, rice and polenta",,,,6,12,7
98,Artusi,"Ravioli, Romagna-style",,Ravioli all'uso di romagna,"Pasta, rice and polenta",,,,5,9,4
99,Artusi,Genoese-style Ravioli,,Ravioli alla genovese,"Pasta, rice and polenta",,,,6,14,4
100,Artusi,Spaghetti with Anchovies,,Spaghetti colle acciughe,"Pasta, rice and polenta",,,4.0,5,7,3
101,Artusi,Spaghetti with Hake,,Spaghetti coi naselli,"Pasta, rice and polenta",,,5.0,8,12,4
102,Artusi,Spaghetti with Cuttlefish Sauce,,Spaghetti col sugo di seppie,"Pasta, rice and polenta",,,5.0,8,12,4
103,Artusi,Lenten Spaghetti,,Spaghetti da quaresima,"Pasta, rice and polenta",,,5.0,4,7,2
104,Artusi,Rustic-style Spaghetti,,Spaghetti alla rustica,"Pasta, rice and polenta",,,4.0,7,10,5
105,Artusi,Spaghetti with peas,,Spaghetti coi piselli,"Pasta, rice and polenta",,,6.0,6,12,6
106,Artusi,Spaghetti with Balsamella (Béchamel),,Spaghetti con la balsamella,"Pasta, rice and polenta",,,4.0,5,5,4
107,Artusi,Puréed Herb Soup,,Minestra di erbe passate,"Pasta, rice and polenta",,,,9,19,5
108,Artusi,Caper Crostini,,Crostini di capperi,Appetizers,,,,8,11,5
109,Artusi,Truffle Crostini,,Crostini di tartufi,Appetizers,,,,4,3,2
110,Artusi,Chicken Liver Crostini,,Crostini di fegatini di pollo,Appetizers,,,,9,16,3
111,Artusi,Chicken Liver Crostini with Sage,,Crostini di fegatini di pollo con la salvia,Appetizers,,,,12,13,8
112,Artusi,Woodcock Crostini,,Crostini di beccaccia,Appetizers,,,,8,11,3
113,Artusi,Assorted Crostini,,Crostini diversi,Appetizers,,,,6,6,4
114,Artusi,Sandwiches,,Sandwichs,Appetizers,,,,3,5,1
115,Artusi,Chicken Liver and Anchovy Crostini,,Crostini di fegatini e acciughe,Appetizers,,,,5,6,2
116,Artusi,Spleen Crostini,,Crostini di milza,Appetizers,,,,5,11,4
117,Artusi,Flowered Crostini,,Crostini fioriti,Appetizers,,,,3,4,1
118,Artusi,Creamed Salt Cod (Baccalà Montebianco),,Baccalà montebianco,Appetizers,,,8.0,5,6,3
119,Artusi,Salsa verde (Green Sauce),,Salsa verde,Sauces,,,,4,8,3
120,Artusi,Salsa Verde (Sauce Ravigote),,"Salsa verde, che i francesi chiamano «sauce ravigote»",Sauces,,,,4,13,5
121,Artusi,Caper and Anchovy Sauce,,Salsa di capperi e acciughe,Sauces,,,,6,7,3
122,Artusi,Lean Sauce for Dry Pasta,,Salsa di magro per paste asciutte,Sauces,,,5.0,9,12,4
123,Artusi,Maître d'hôtel sauce,,Salsa allamaître d'hôtel,Sauces,,,,5,6,5
124,Artusi,White Sauce,,Salsa bianca,Sauces,,,,4,7,2
125,Artusi,Tomato Sauce,,Salsa di pomodoro,Sauces,,,,4,9,3
126,Artusi,Mayonnaise sauce,,Salsa maionese,Sauces,,,,4,6,1
127,Artusi,Spicy Sauce I,,Salsa piccante I,Sauces,,,,4,7,1
128,Artusi,Spicy Sauce II,,Salsa piccante II,Sauces,,,,5,9,3
129,Artusi,Yellow sauce for boiled fish,,Salsa gialla per pesce lesso,Sauces,,,,6,9,1
130,Artusi,Hollandaise sauce,,Salsa olandese,Sauces,,,,4,6,3
131,Artusi,Sauce for grilled fish,,Salsa per pesce in gratella,Sauces,,,,5,4,4
132,Artusi,Caper Sauce for Boiled Fish,,Salsa con capperi per pesce lesso,Sauces,,,,5,9,5
133,Artusi,Salsa Tonnata (Tuna Sauce),,Salsa tonnata,Sauces,,,,4,8,3
134,Artusi,Genoese sauce for boiled fish,,Salsa genovese per pesce lesso,Sauces,,,,5,12,3
135,Artusi,Pope's Sauce,,Salsa del papa,Sauces,,,,6,8,2
136,Artusi,Truffle Sauce,,Salsa tartufata,Sauces,,,,6,11,6
137,Artusi,Balsamella (Béchamel Sauce),,Balsamella,Sauces,,,,3,3,2
138,Artusi,Bell Pepper Sauce,,Salsa di peperoni,Sauces,,,,7,6,3
139,Artusi,Soft-boiled and Hard-boiled Eggs,,Uova a bere e sode,"Vegetables, eggs and legumes",,,,4,1,1
140,Artusi,Poached Eggs,,Uova affogate,"Vegetables, eggs and legumes",,,,5,11,4
141,Artusi,Scrambled Eggs,,Uova stracciate,"Vegetables, eggs and legumes",,,3.0,6,7,7
142,Artusi,Egg Yolks on Canapés,,Rossi d'uovo al canapè,"Vegetables, eggs and legumes",,,5.0,10,9,5
143,Artusi,Stuffed Eggs I,,Uova ripiene I,"Vegetables, eggs and legumes",,,,7,10,3
144,Artusi,Stuffed Eggs II,,Uova ripiene II,"Vegetables, eggs and legumes",,,6.0,9,10,6
145,Artusi,Various Frittatas,,Frittate diverse,"Vegetables, eggs and legumes",,,,8,14,4
146,Artusi,Frittata with Prosciutto Chunks (Frittata in zoccoli),,Frittata in zoccoli,"Vegetables, eggs and legumes",,,,5,4,1
147,Artusi,Onion Frittata,,Frittata di cipolle,"Vegetables, eggs and legumes",,,,6,5,5
148,Artusi,Spinach Frittata,,Frittata di spinaci,"Vegetables, eggs and legumes",,,,6,6,6
149,Artusi,Green Bean Frittata,,Frittata di fagiolini in erba,"Vegetables, eggs and legumes",,,,5,8,5
150,Artusi,Cauliflower Frittata,,Frittata di cavolfiore,"Vegetables, eggs and legumes",,,,5,7,1
151,Artusi,Curly Frittata Side Dish,,Frittata in riccioli per contorno,"Vegetables, eggs and legumes",,,,6,7,6
152,Artusi,Frittata with Milk-Fed Veal Kidney,,Frittata colla pietra di vitella di latte,"Vegetables, eggs and legumes",,,,7,8,5
153,Artusi,Pasta Matta (Simple Dough),,Pasta matta,"Doughs, batters and fillings",,,,3,3,1
154,Artusi,Puff Pastry,,Pasta sfoglia,"Doughs, batters and fillings",,,,12,8,7
155,Artusi,Half Puff Pastry,,Pasta sfoglia a metà,"Doughs, batters and fillings",,,,3,4,0
156,Artusi,Frying Batter,,Pastella per le fritture,"Doughs, batters and fillings",,,,5,6,3
157,Artusi,Batter for Fried Meats,,Pastella per fritti di carne,"Doughs, batters and fillings",,,,9,17,5
158,Artusi,Dough for cold meat pies,,Pasta per pasticci diacci di carne,"Doughs, batters and fillings",,,,3,4,1
159,Artusi,Pastry for Game Pies,,Pasta per pasticci di cacciagione,"Doughs, batters and fillings",,,,1,0,0
160,Artusi,Stuffing for Chickens,,Ripieno pei polli,"Doughs, batters and fillings",,,,9,19,6
161,Artusi,Meat filling for puff pastry turnovers,,Ripieno di carne per pasticcini di pasta sfoglia,"Doughs, batters and fillings",,,,12,13,5
162,Artusi,Fried Stuffed Pasta,,Fritto di pasta ripiena,Fried dishes,,,,6,3,3
163,Artusi,Fried Ricotta,,Fritto di ricotta,Fried dishes,,,,7,9,3
164,Artusi,Mostarda-Stuffed Fritters,,Fritto ripieno di mostarda,Fried dishes,,,,8,7,4
165,Artusi,Fried Apples,,Fritto di mele,Fried dishes,,,,7,4,3
166,Artusi,Fried Cardoons,,Fritto di cardoni,Fried dishes,,,,7,6,3
167,Artusi,Fried Fennel,,Fritto di finocchi,Fried dishes,,,,5,5,3
168,Artusi,Fried Carrots,,Carote fritte,Fried dishes,,,,5,5,3
169,Artusi,Fried Peaches,,Fritto di pesche,Fried dishes,,,,4,3,2
170,Artusi,Fried Semolina,,Fritto di semolino,Fried dishes,,,,8,10,7
171,Artusi,Semolina Fritters,,Pallottole di semolino,Fried dishes,,,,8,10,6
172,Artusi,Lodi-style Polenta Fritters,,Frittelle di polenta alla lodigiana,Fried dishes,,,,10,8,6
173,Artusi,Fried Pork Liver,,Fegato di maiale fritto,Fried dishes,,,,4,7,2
174,Artusi,Fried Testicles,,Granelli fritti,Fried dishes,,,,5,5,4
175,Artusi,Bolognese-style Mixed Fry (Fine Croquettes),,Fritto composto alla bolognese,Fried dishes,,,,9,11,5
176,Artusi,Roman-style Fritters I,,Fritto alla romana I,Fried dishes,,,20.0,9,14,4
177,Artusi,Roman-style Fritters II,,Fritto alla romana II,Fried dishes,,,,5,10,4
178,Artusi,Rice Fritters I,,Frittelle di riso I,Fried dishes,,,,7,15,4
179,Artusi,Rice Fritters II,,Frittelle di riso II,Fried dishes,,,,8,11,5
180,Artusi,Semolina Fritters,,Frittelle di semolino,Fried dishes,,,4.0,4,9,2
181,Artusi,Tondone Fritters,,Frittelle di tondone,Fried dishes,,,6.0,9,10,5
182,Artusi,Krapfen I,,KrapfenI,Fried dishes,,,12.0,10,22,9
183,Artusi,Bombe and Piped Doughnuts,,Bombe e pasta siringa,Fried dishes,,,4.0,9,9,8
184,Artusi,Composite Bombs,,Bombe composte,Fried dishes,,,6.0,7,7,5
185,Artusi,Semolina Bombs,,Bombe di semolino,Fried dishes,,,,6,8,3
186,Artusi,Fried Artichokes,,Carciofi fritti,Fried dishes,,,,7,8,5
187,Artusi,Artichoke Cutlets,,Cotolette di carciofi,Fried dishes,,,,10,12,10
188,Artusi,Fried Zucchini I,,Zucchini fritti I,Fried dishes,,,,5,4,5
189,Artusi,Fried Zucchini II,,Zucchini fritti II,Fried dishes,,,,5,4,3
190,Artusi,Ciambelline (Little Doughnuts),,Ciambelline,Fried dishes,,,16.0,13,9,8
191,Artusi,Donzelline,,Donzelline,Fried dishes,,,,6,7,5
192,Artusi,Fried Chifels,,Fritto di chifels,Fried dishes,,,,9,7,5
193,Artusi,Fried Amaretti,,Amaretti fritti,Fried dishes,,,,5,8,1
194,Artusi,Crescente,,Crescente,Fried dishes,,,,2,5,1
195,Artusi,Crescioni,,Crescioni,Fried dishes,,,,10,11,5
196,Artusi,Croquettes,,Crocchette,Fried dishes,,,,4,3,1
197,Artusi,Sweetbread Croquettes,,Crocchette di animelle,Fried dishes,,,10.0,5,16,6
198,Artusi,Simple Rice Croquettes,,Crocchette di riso semplici,Fried dishes,,,,5,7,4
199,Artusi,Composite Rice Croquettes,,Crocchette di riso composte,Fried dishes,,,,5,5,2
200,Artusi,Potato Croquettes,,Crocchette di patate,Fried dishes,,,,7,10,6
201,Artusi,Stuffed Potato Balls,,Pallottole di patate ripiene,Fried dishes,,,,8,15,4
202,Artusi,Little Rice Pears,,Perine di riso,Fried dishes,,,,10,15,4
203,Artusi,Fried Skewers,,Fritto negli stecchini,Fried dishes,,,,6,11,4
204,Artusi,Lamb Frittata,,Agnello in frittata,Fried dishes,,,,6,5,4
205,Artusi,Golden Chicken I,,Pollo dorato I,Fried dishes,,,,8,11,2
206,Artusi,Gilded Chicken II,,Pollo dorato II,Fried dishes,,,,7,7,4
207,Artusi,Petti di Pollo alla Scarlatta (Scarlet Chicken Breasts),,Petti di pollo alla scarlatta,Fried dishes,,,4.0,9,11,5
208,Artusi,Pollo alla cacciatora,,Pollo alla cacciatora,Fried dishes,,,,8,9,3
209,Artusi,Fried Chicken with Tomatoes,,Pollo fritto coi pomodori,Fried dishes,,,,6,5,2
210,Artusi,Liver with White Wine,,Fegato col vino bianco,Fried dishes,,,,6,7,2
211,Artusi,Liver alla Cacciatora,,Fegato alla cacciatora,Fried dishes,,,,10,7,2
212,Artusi,Castagnole I,,Castagnole I,Fried dishes,,,,6,9,3
213,Artusi,Castagnole II,,Castagnole II,Fried dishes,,,,6,8,4
214,Artusi,Fried Cream I,,Crema fritta I,Fried dishes,,,,6,10,6
215,Artusi,Fried Cream II,,Crema fritta II,Fried dishes,,,8.0,5,9,4
216,Artusi,Lamb's Head,,Testicciuola d'agnello,Fried dishes,,,,1,2,0
217,Artusi,Lamb's Coratella Bolognese-style,,Coratella d'agnello alla bolognese,Fried dishes,,,,6,9,2
218,Artusi,Bolognese-style Fried Lamb,,Fritto d'agnello alla bolognese,Fried dishes,,,,2,1,2
219,Artusi,Fried Rabbit,,Coniglio fritto,Fried dishes,,,,1,2,1
220,Artusi,Padded Cutlets,,Cotolette imbottite,Fried dishes,,,,8,13,4
221,Artusi,"Milk-fed veal cutlets, 'uccelletto' style",,Bracioline di vitella di latte all'uccelletto,Fried dishes,,,,7,7,2
222,Artusi,Saltimbocca alla romana,,Saltimbocca alla romana,Fried dishes,,,3.0,6,6,2
223,Artusi,Stuffed Bread Bites,,Bocconi di pane ripieni,Fried dishes,,,,10,15,6
224,Artusi,Garisenda-style Fried Bites,,Fritto alla garisenda,Fried dishes,,,,7,9,3
225,Artusi,"Fried Brains, Sweetbreads, Backstrips, Testicles, etc.",,"Cervello, animelle, schienali, testicciuola, ecc.",Fried dishes,,,,1,4,0
226,Artusi,Boiled Chicken,,Pollo lesso,"Meat, poultry and game",,,,1,1,1
227,Artusi,Crescentine,,Crescentine,Side dishes,,,,3,6,0
228,Artusi,Donzelline stuffed with salted anchovies,,Donzelline ripiene di acciughe salate,Side dishes,,,6.0,7,6,4
229,Artusi,Aromatic Donzelline,,Donzelline aromatiche,Side dishes,,,4.0,5,7,4
230,Artusi,Semolina Gnocchi,,Gnocchi di semolino,Side dishes,,,,7,6,6
231,Artusi,Gnocchi alla romana,,Gnocchi alla romana,Side dishes,,,4.0,9,7,4
232,Artusi,Yellow Polenta with Sausages,,Polenta di farina gialla colle salsicce,Side dishes,,,,6,6,6
233,Artusi,Polenta Pasticciata,,Polenta pasticciata,Side dishes,,,,9,8,5
234,Artusi,Maccheroni with Balsamella,,Maccheroni colla balsamella,Side dishes,,,,8,8,5
235,Artusi,Maccheroni with breadcrumbs,,Maccheroni col pangrattato,Side dishes,,,,8,8,7
236,Artusi,Dressed Lamb Chops,,Costolette d'agnello vestite,Side dishes,,,,7,13,8
237,Artusi,Cutlets in Paper (Costolette en Papillote),,Costolette nella carta,Side dishes,,,,9,9,4
238,Artusi,Salami dal sugo di Ferrara,,Salami dal sugo di ferrara,Side dishes,,,,4,2,2
239,Artusi,Stuffed Bread Rolls,,Pagnottelle ripiene,Side dishes,,,,7,11,4
240,Artusi,"Sweet Flour Migliaccio, commonly called Castagnaccio",,Migliaccio di farina dolce volgarmente detto castagnaccio,Side dishes,,,,6,8,4
241,Artusi,Yellow Cornmeal Migliaccio I,,Migliaccio di farina gialla I,Side dishes,,,,10,6,4
242,Artusi,Cornmeal Migliaccio II,,Migliaccio di farina gialla II,Side dishes,,,,4,5,2
243,Artusi,Sausage with Eggs,,Salsiccia colle uova,Side dishes,,,1.0,5,5,4
244,Artusi,Sausage with Grapes,,Salsiccia coll'uva,Side dishes,,,,4,3,3
245,Artusi,Rice as a side dish,,Riso per contorno,Side dishes,,,,5,7,4
246,Artusi,Pan-baked Artichokes,,Carciofi in teglia,Side dishes,,,,6,6,2
247,Artusi,Cacimperio (Fondue),,Cacimperio,Side dishes,,,6.0,8,5,5
248,Artusi,Tomato Tortino,,Tortino di pomodori,Side dishes,,,,5,13,5
249,Artusi,Ricotta Patties,,Tortini di ricotta,Side dishes,,,,6,9,2
250,Artusi,Three-colored Crostini,,Crostini di tre colori,Side dishes,,,,7,6,2
251,Artusi,Mayonnaise Salad,,Insalata maionese,Side dishes,,,7.0,7,14,5
252,Artusi,Booklet Pizza,,Pizza a libretti,Side dishes,,,4.0,8,7,1
253,Artusi,Veal Pot Roast (Stracotto di Vitella),,Stracotto di vitella,"Meat, poultry and game",,,,9,17,3
254,Artusi,Bizarre-style Pot Roast,,Stracotto alla bizzarra,"Meat, poultry and game",,,,9,12,4
255,Artusi,Fricandò,,Fricandò,"Meat, poultry and game",,,,8,11,3
256,Artusi,Fricassee,,Fricassea,"Meat, poultry and game",,,,8,15,4
257,Artusi,Cibreo,,Cibreo,"Meat, poultry and game",,,1.0,4,11,4
258,Artusi,Stuffed Boneless Chicken,,Pollo disossato ripieno,"Meat, poultry and game",,,,11,17,4
259,Artusi,Chicken Soufflé,,Souffletdi pollo,"Meat, poultry and game",,,,8,7,5
260,Artusi,Stewed Pullet with a Side of Rice,,Pollastra in umido col contorno di riso,"Meat, poultry and game",,,3.0,10,13,4
261,Artusi,Stewed Stuffed Beef Braciole,,Braciuola di manzo ripiena in umido,"Meat, poultry and game",,,,2,4,1
262,Artusi,Sautéed Beef Chop,,Braciuola di manzo alla sauté,"Meat, poultry and game",,,1.0,5,7,2
263,Artusi,Country-style Chicken,,Pollo alla contadina,"Meat, poultry and game",,,,6,13,3
264,Artusi,Chicken with Marsala,,Pollo colla marsala,"Meat, poultry and game",,,,8,7,1
265,Artusi,Chicken with Sausages,,Pollo colle salsicce,"Meat, poultry and game",,,,3,8,2
266,Artusi,Chicken in Egg Sauce,,Pollo in salsa d'uovo,"Meat, poultry and game",,,,9,8,6
267,Artusi,Chicken with Cream,,Pollo con la panna,"Meat, poultry and game",,,,5,8,3
268,Artusi,Pollo alla marengo,,Pollo alla marengo,"Meat, poultry and game",,,,5,11,3
269,Artusi,Sautéed Chicken Breasts,,Petti di pollo allasauté,"Meat, poultry and game",,,4.0,10,13,3
270,Artusi,Mallard or Wild Duck I,,Germano ossia anatra selvatica I,"Meat, poultry and game",,,,9,16,3
271,Artusi,Stewed Mallard II,,Germano in umido II,"Meat, poultry and game",,,,5,10,5
272,Artusi,Domestic Duck,,Anatra domestica,"Meat, poultry and game",,,,8,12,5
273,Artusi,Domestic duck with a side of rice,,Anatra domestica col contorno di riso,"Meat, poultry and game",,,,9,15,3
274,Artusi,Goose Liver,,Fegato d'oca,"Meat, poultry and game",,,,4,5,1
275,Artusi,Stewed Coot,,Folaghe in umido,"Meat, poultry and game",,,5.0,12,15,5
276,Artusi,Stewed Pigeons,,Piccioni in umido,"Meat, poultry and game",,,2.0,8,11,1
277,Artusi,English-Style Pigeon or Pigeon Pie,,Piccione all'inglese o piccion paio,"Meat, poultry and game",,,,12,19,6
278,Artusi,Stewed Pigeon,,Manicaretto di piccioni,"Meat, poultry and game",,,2.0,10,15,2
279,Artusi,Pigeon Timballo,,Timballo di piccioni,"Meat, poultry and game",,,10.0,11,18,6
280,Artusi,Thrushes with Olives,,Tordi colle olive,"Meat, poultry and game",,,,4,2,2
281,Artusi,Mock Thrushes,,Tordi finti,"Meat, poultry and game",,,6.0,7,11,2
282,Artusi,Stewed Starlings,,Storni in istufa,"Meat, poultry and game",,,,6,12,3
283,Artusi,Birds in Salmis,,Uccelli in salmì,"Meat, poultry and game",,,,8,14,6
284,Artusi,Hare Stew,,Stufato di lepre,"Meat, poultry and game",,,,6,15,3
285,Artusi,Sweet and Sour Wild Boar (Cignale dolce-forte),,Cignale dolce-forte,"Meat, poultry and game",,,,8,17,4
286,Artusi,Wild Boar Cooked Between Two Fires,,Cignale fra due fuochi,"Meat, poultry and game",,,,8,9,5
287,Artusi,Hunter-Style Fallow Deer Chops,,Costolette di daino alla cacciatora,"Meat, poultry and game",,,,3,8,2
288,Artusi,Stewed Rabbit,,Coniglio in umido,"Meat, poultry and game",,,,1,0,0
289,Artusi,Sweet and Sour Tongue (Lingua dolce-forte),,Lingua dolce-forte,"Meat, poultry and game",,,,3,2,2
290,Artusi,Ox Tongue in Meat Sauce,,Lingua di bue al sugo di carne,"Meat, poultry and game",,,,8,8,5
291,Artusi,Sautéed Kidneys,,Arnioni saltati,"Meat, poultry and game",,,,7,9,3
292,Artusi,Kidneys for Breakfast,,Arnioni per colazione,"Meat, poultry and game",,,4.0,6,9,3
293,Artusi,Florentine-style Kidneys,,Arnioni alla fiorentina,"Meat, poultry and game",,,,4,6,3
294,Artusi,Leg or Shoulder of Mutton in a Pan I,,Cosciotto o spalla di castrato in cazzaruola I,"Meat, poultry and game",,,,6,16,5
295,Artusi,Leg or Shoulder of Mutton in a Pan II,,Cosciotto o spalla di castrato in cazzaruola II,"Meat, poultry and game",,,,9,12,5
296,Artusi,Stuffed Loin of Mutton,,Lombata di castrato ripiena,"Meat, poultry and game",,,8.0,10,14,5
297,Artusi,Beef a la Mode,,Bue alla moda,"Meat, poultry and game",,,,10,14,4
298,Artusi,Braised Beef,,Bue alla brace,"Meat, poultry and game",,,,10,11,5
299,Artusi,Grilled Eye of Round (Garetto),,Girello alla brace (garetto),"Meat, poultry and game",,,,4,3,3
300,Artusi,California-Style Beef,,Bue alla california,"Meat, poultry and game",,,5.0,7,9,3
301,Artusi,Drowned Topside of Beef,,Scannello annegato,"Meat, poultry and game",,,6.0,8,9,3
302,Artusi,Scaloppine Livorno-style,,Scaloppine alla livornese,"Meat, poultry and game",,,,7,8,1
303,Artusi,Pounded Meat Scaloppine,,Scaloppine di carne battuta,"Meat, poultry and game",,,,7,12,6
304,Artusi,"Veal scaloppine, Genovese style",,Scaloppine alla genovese,"Meat, poultry and game",,,,10,15,3
305,Artusi,Scaloppine with Sour Cream,,Scaloppine con la panna acida,"Meat, poultry and game",,,4.0,4,9,3
306,Artusi,Milk-Fed Veal Scaloppine Torte,,Scaloppine di vitella di latte in tortino,"Meat, poultry and game",,,4.0,8,9,2
307,Artusi,Stuffed Veal Rolls,,Bracioline ripiene,"Meat, poultry and game",,,6.0,10,16,4
308,Artusi,Bartola-style beef slices,,Bracioline alla bartola,"Meat, poultry and game",,,4.0,9,13,3
309,Artusi,Country-Style Bracioline,,Bracioline alla contadina,"Meat, poultry and game",,,,6,12,5
310,Artusi,Pork Chops from the Scamerita Cut,,Braciuole nella scamerita,"Meat, poultry and game",,,,7,7,1
311,Artusi,Milk-fed veal cutlets in egg sauce,,Cotolette di vitella di latte in salsa d'uovo,"Meat, poultry and game",,,,5,4,3
312,Artusi,"Milk-fed Veal Cutlets with Truffles, Bologna-Style",,Cotolette di vitella di latte coi tartufi alla bolognese,"Meat, poultry and game",,,,9,12,4
313,Artusi,Cutlets with Prosciutto,,Cotolette col prosciutto,"Meat, poultry and game",,,,8,11,2
314,Artusi,Polpette (Meatballs),,Polpette,"Meat, poultry and game",,,,11,19,3
315,Artusi,Polpettone (Meatloaf),,Polpettone,"Meat, poultry and game",,,,5,14,7
316,Artusi,Florentine-style Raw Meatloaf,,Polpettone di carne cruda alla fiorentina,"Meat, poultry and game",,,,7,15,4
317,Artusi,Quenelles,,Quenelles,"Meat, poultry and game",,,5.0,9,12,9
318,Artusi,Tripe-style Lamb,,Agnello trippato,"Meat, poultry and game",,,,7,9,2
319,Artusi,"Lamb with Peas, Romagna Style",,Agnello coi piselli all'uso di romagna,"Meat, poultry and game",,,,7,12,2
320,Artusi,Hungarian-style Lamb Shoulder,,Spalla d'agnello all'ungherese,"Meat, poultry and game",,,,8,7,2
321,Artusi,Stewed Lamb's Head,,Testicciuola d'agnello,"Meat, poultry and game",,,,7,9,3
322,Artusi,Wrapped Cotechino,,Coteghino fasciato,"Meat, poultry and game",,,,10,16,5
323,Artusi,Veal Shank Stew,,Stufatino di muscolo,"Meat, poultry and game",,,,6,12,3
324,Artusi,Small Stew of Milk-Fed Veal Breast with Fennel,,Stufatino di petto di vitella di latte coi finocchi,"Meat, poultry and game",,,,9,15,1
325,Artusi,Milk-fed Veal in a Light Stew,,Vitella di latte in guazzetto,"Meat, poultry and game",,,4.0,7,7,3
326,Artusi,Stuffed Milk-Fed Veal Breast,,Petto di vitella di latte ripieno,"Meat, poultry and game",,,,9,15,4
327,Artusi,Small Milk-Fed Veal Chops with Sage,,Arrostini di vitella di latte alla salvia,"Meat, poultry and game",,,,6,7,2
328,Artusi,Stuffed Pork Loin,,Lombo di maiale ripieno,"Meat, poultry and game",,,8.0,10,12,6
329,Artusi,Cloved Beef,,Bue garofanato,"Meat, poultry and game",,,,10,10,7
330,Artusi,Sweetbreads 'alla bottiglia',,Animelle alla bottiglia,"Meat, poultry and game",,,,6,8,3
331,Artusi,Tripe with Sauce,,Trippa col sugo,"Meat, poultry and game",,,,8,6,4
332,Artusi,Tripe bound with eggs,,Trippa legata colle uova,"Meat, poultry and game",,,,5,9,6
333,Artusi,Corsican-style Tripe,,Trippa alla côrsa,"Meat, poultry and game",,,5.0,8,14,4
334,Artusi,Tripe Meatballs,,Polpette di trippa,"Meat, poultry and game",,,4.0,7,21,5
335,Artusi,Buttered Trotter,,Zampa burrata,"Meat, poultry and game",,,,5,6,3
336,Artusi,Stewed Tongue,,Lingua in umido,"Meat, poultry and game",,,7.0,10,13,4
337,Artusi,Military-Style Milk-Fed Veal Liver,,Fegato di vitella di latte alla militare,"Meat, poultry and game",,,,8,8,2
338,Artusi,Mutton Chops and Veal Fillet Financier-Style,,Braciuole di castrato e filetto di vitella alla finanziera,"Meat, poultry and game",,,,8,17,3
339,Artusi,Stuffed Meat Rolls with Artichokes,,Bracioline ripiene con carciofi,"Meat, poultry and game",,,,9,10,4
340,Artusi,Fillet with Marsala,,Filetto colla marsala,"Meat, poultry and game",,,,7,10,4
341,Artusi,Parisian-style beef fillet,,Filetto alla parigina,"Meat, poultry and game",,,,5,8,2
342,Artusi,Carne alla genovese,,Carne alla genovese,"Meat, poultry and game",,,,8,9,5
343,Artusi,Meat-Stuffed Semolina Sformato,,Sformato di semolino ripieno di carne,"Meat, poultry and game",,,,6,7,3
344,Artusi,Leavened Dough Sformato,,Sformato di pasta lievita,"Meat, poultry and game",,,5.0,11,6,8
345,Artusi,Rice Sformato with Sauce Garnished with Giblets,,Sformato di riso col sugo guarnito di rigaglie,"Meat, poultry and game",,,,10,13,5
346,Artusi,Mrs. Adele's Sformato,,Sformato della signora adele,"Meat, poultry and game",,,6.0,4,9,4
347,Artusi,Genoese-style Pudding,,Budino alla genovese,"Meat, poultry and game",,,,13,13,6
348,Artusi,Pig's Brain Pudding,,Budino di cervelli di maiale,"Meat, poultry and game",,,6.0,6,8,6
349,Artusi,Macaroni Pie,,Pasticcio di maccheroni,"Meat, poultry and game",,,12.0,16,16,6
350,Artusi,Encased Stew,,Umido incassato,"Meat, poultry and game",,,,9,13,5
351,Artusi,Rice Sformato with Giblets,,Sformato di riso colle rigaglie,"Meat, poultry and game",,,5.0,7,7,4
352,Artusi,Chicken Giblet Stew with Celery,,Umido di rigaglie di pollo col sedano,"Meat, poultry and game",,,,9,16,3
353,Artusi,Bolognese-style scaloppine,,Scaloppine alla bolognese,"Meat, poultry and game",,,4.0,10,8,6
354,Artusi,Pigeon with Peas,,Piccione coi piselli,"Meat, poultry and game",,,,6,7,4
355,Artusi,Stewed Boiled Meat,,Lesso rifatto,"Meat, poultry and game",,,,7,13,2
356,Artusi,English-style repurposed boiled meat,,Lesso rifatto all'inglese,"Meat, poultry and game",,,3.0,9,9,4
357,Artusi,"Re-cooked boiled meat, Italian style",,Lesso rifatto all'italiana,"Meat, poultry and game",,,,5,9,2
358,Artusi,Osso buco,,Osso buco,"Meat, poultry and game",,,,7,12,3
359,Artusi,Empress-style Meat,,Carne all'imperatrice,"Meat, poultry and game",,,5.0,7,12,5
360,Artusi,Scarlet Tongue,,Lingua alla scarlatta,Appetizers,,,,10,10,1
361,Artusi,Suckling Calf's Tongue in a Piquant Sauce,,Lingua di vitella di latte in salsa piccante,Appetizers,,,,8,15,5
362,Artusi,"Stuffed Tongue Scallops, Beautifully Displayed",,Scaloppe di lingua farsite in bella vista,Appetizers,,,8.0,5,5,5
363,Artusi,Vitello tonnato,,Vitello tonnato,Appetizers,,,,14,15,6
364,Artusi,Cold Milk-Fed Veal Loaf,,Rifreddo di vitella di latte,Appetizers,,,10.0,7,13,6
365,Artusi,Chicken in Tuna Sauce,,Pollo in salsa tonnata,Appetizers,,,6.0,9,11,6
366,Artusi,Capon in Galantina,,Cappone in galantina,Appetizers,,,10.0,9,17,8
367,Artusi,Capon in a Bladder,,Cappone in vescica,Appetizers,,,,12,6,5
368,Artusi,Boned Thrushes in Aspic,,Tordi disossati in gelatina,Appetizers,,,6.0,9,8,7
369,Artusi,Arista,,Àrista,Appetizers,,,,4,6,3
370,Artusi,Cold Game Pasticcio,,Pasticcio freddo di cacciagione,Appetizers,,,6.0,13,17,10
371,Artusi,Meat Pie (Pasticcio di carne),,Pasticcio di carne,Appetizers,,,8.0,6,18,6
372,Artusi,Hare Pâté,,Pasticcio di lepre,Appetizers,,,20.0,14,24,8
373,Artusi,Hare Loaf,,Pane di lepre,Appetizers,,,,8,11,10
374,Artusi,Liver Loaf,,Pan di fegato,Appetizers,,,12.0,10,13,6
375,Artusi,Liver Pasticcio,,Pasticcio di fegato,Appetizers,,,12.0,7,4,4
376,Artusi,Zucchini with Oregano,,Zucchini col regamo,"Vegetables, eggs and legumes",,,,5,5,2
377,Artusi,Stuffed Zucchini,,Zucchini ripieni,"Vegetables, eggs and legumes",,,,8,18,5
378,Artusi,Lean Stuffed Zucchini,,Zucchini ripieni di magro,"Vegetables, eggs and legumes",,,,6,9,4
379,Artusi,Sautéed Green Beans and Zucchini,,Fagiuolini e zucchine allasauté,"Vegetables, eggs and legumes",,,,4,8,4
380,Artusi,Green Beans in Egg Sauce,,Fagiuolini in salsa d'uovo,"Vegetables, eggs and legumes",,,,9,10,5
381,Artusi,Green Beans with Cream Sauce (Balsamella),,Fagiuolini colla balsamella,"Vegetables, eggs and legumes",,,,5,9,4
382,Artusi,Green beans with the scent of vanilla,,Fagiuolini con l'odore di vainiglia,"Vegetables, eggs and legumes",,,,9,13,3
383,Artusi,"Young Black-Eyed Peas, Arezzo Style",,Fagiuolini dall'occhio in erba all'aretina,"Vegetables, eggs and legumes",,,,4,7,1
384,Artusi,"Fagioli all'uccelletto (Beans, bird-style)",,Fagiuoli a guisa d'uccellini,"Vegetables, eggs and legumes",,,,5,7,2
385,Artusi,Shelled Beans as a Side for Boiled Meat,,Fagiuoli sgranati per contorno al lesso,"Vegetables, eggs and legumes",,,4.0,3,7,1
386,Artusi,Green Bean Sformato,,Sformato di fagiuolini,"Vegetables, eggs and legumes",,,,9,14,7
387,Artusi,Cauliflower Sformato,,Sformato di cavolfiore,"Vegetables, eggs and legumes",,,6.0,9,7,6
388,Artusi,"Cauliflower, Romagna-style",,Cavolfiore all'uso di romagna,"Vegetables, eggs and legumes",,,,5,9,3
389,Artusi,Cardoon Sformato,,Sformato di cardoni,"Vegetables, eggs and legumes",,,,4,1,2
390,Artusi,Spinach Sformato,,Sformato di spinaci,"Vegetables, eggs and legumes",,,,5,14,5
391,Artusi,Artichoke Sformato,,Sformato di carciofi,"Vegetables, eggs and legumes",,,,5,9,7
392,Artusi,Fennel Sformato,,Sformato di finocchi,"Vegetables, eggs and legumes",,,,13,10,9
393,Artusi,Edible Mushrooms,,Funghi mangerecci,"Vegetables, eggs and legumes",,,,3,4,3
394,Artusi,Fried Mushrooms,,Funghi fritti,"Vegetables, eggs and legumes",,,,5,6,2
395,Artusi,Stewed Mushrooms,,Funghi in umido,"Vegetables, eggs and legumes",,,,4,7,1
396,Artusi,Tripe-style Mushrooms,,Funghi trippati,"Vegetables, eggs and legumes",,,,3,6,3
397,Artusi,Grilled Mushrooms,,Funghi in gratella,"Vegetables, eggs and legumes",,,,5,4,2
398,Artusi,Dried Mushrooms,,Funghi secchi,"Vegetables, eggs and legumes",,,,5,2,4
399,Artusi,Petoniciani (Eggplant),,Petonciani,"Vegetables, eggs and legumes",,,,3,1,3
400,Artusi,Fried Eggplant,,Petonciani fritti,"Vegetables, eggs and legumes",,,,5,4,4
401,Artusi,Stewed Eggplant,,Petonciani in umido,"Vegetables, eggs and legumes",,,,3,3,2
402,Artusi,Grilled Eggplant,,Petonciani in gratella,"Vegetables, eggs and legumes",,,,5,4,4
403,Artusi,Eggplant Tart,,Tortino di petonciani,"Vegetables, eggs and legumes",,,,6,8,6
404,Artusi,Pan-fried Cardoons,,Cardoni in teglia,"Vegetables, eggs and legumes",,,,8,7,4
405,Artusi,Stewed Cardoons,,Cardoni in umido,"Vegetables, eggs and legumes",,,,4,9,7
406,Artusi,Grilled Cardoons,,Cardoni in gratella,"Vegetables, eggs and legumes",,,,4,4,2
407,Artusi,Cardoons with Béchamel Sauce,,Cardoni con la balsamella,"Vegetables, eggs and legumes",,,,7,7,4
408,Artusi,"Truffles Bolognese-style, Raw, etc.",,"Tartufi alla bolognese, crudi, ecc.","Vegetables, eggs and legumes",,,,8,9,4
409,Artusi,Sweet and Sour Pearl Onions,,Cipolline agro-dolci,"Vegetables, eggs and legumes",,,,5,6,3
410,Artusi,Stewed Pearl Onions,,Cipolline in istufa,"Vegetables, eggs and legumes",,,,6,11,5
411,Artusi,Small Onions for Coteghino,,Cipolline per contorno ai coteghini,"Vegetables, eggs and legumes",,,,4,7,1
412,Artusi,Celery as a side dish,,Sedani per contorno,"Vegetables, eggs and legumes",,,,16,17,5
413,Artusi,Celery as a side dish for boiled meat,,Sedani per contorno al lesso,"Vegetables, eggs and legumes",,,,5,6,3
414,Artusi,Whole Lentils as a Side Dish,,Lenticchie intere per contorno,"Vegetables, eggs and legumes",,,,7,11,5
415,Artusi,Puréed Lentils as a Side Dish,,Lenticchie passate per contorno,"Vegetables, eggs and legumes",,,,7,10,6
416,Artusi,Artichokes in sauce,,Carciofi in salsa,"Vegetables, eggs and legumes",,,,10,9,2
417,Artusi,Stewed Artichokes with Calamint,,Carciofi in umido colla nepitella,"Vegetables, eggs and legumes",,,,7,8,3
418,Artusi,Upright Artichokes,,Carciofi ritti,"Vegetables, eggs and legumes",,,,3,5,2
419,Artusi,Stuffed Artichokes,,Carciofi ripieni,"Vegetables, eggs and legumes",,,6.0,6,9,2
420,Artusi,Meat-stuffed Artichokes,,Carciofi ripieni di carne,"Vegetables, eggs and legumes",,,6.0,4,13,3
421,Artusi,Artichoke and Pea Pie,,Pasticcio di carciofi e piselli,"Vegetables, eggs and legumes",,,7.0,10,13,7
422,Artusi,Grilled Artichokes,,Carciofi in gratella,"Vegetables, eggs and legumes",,,,4,4,2
423,Artusi,Dried Artichokes for the Winter,,Carciofi seccati per l'inverno,"Vegetables, eggs and legumes",,,,7,7,5
424,Artusi,French-style Peas I,,Piselli alla francese I,"Vegetables, eggs and legumes",,,,7,10,4
425,Artusi,French-style Peas II,,Piselli alla francese II,"Vegetables, eggs and legumes",,,,4,9,1
426,Artusi,Peas with Prosciutto,,Piselli col prosciutto,"Vegetables, eggs and legumes",,,,3,8,2
427,Artusi,Peas with Dried Meat,,Piselli colla carnesecca,"Vegetables, eggs and legumes",,,,6,10,4
428,Artusi,Fresh Pea Sformato,,Sformato di piselli freschi,"Vegetables, eggs and legumes",,,,7,12,10
429,Artusi,Stewed Fresh Fava Beans,,Fave fresche in stufa,"Vegetables, eggs and legumes",,,,6,8,3
430,Artusi,Stuffed Tomatoes,,Pomodori ripieni,"Vegetables, eggs and legumes",,,,11,15,3
431,Artusi,Cauliflower with Béchamel Sauce,,Cavolfiore colla balsamella,"Vegetables, eggs and legumes",,,,7,7,5
432,Artusi,Sauerkraut (Artusi's Imitation),,Sauer-krautI,"Vegetables, eggs and legumes",,,,13,7,3
433,Artusi,Sauerkraut II,,Sauer-krautII,"Vegetables, eggs and legumes",,,,7,10,4
434,Artusi,Florentine-style Broccoli Rabe or Turnip Shoots,,Broccoli o talli di rape alla fiorentina,"Vegetables, eggs and legumes",,,,9,7,3
435,Artusi,Roman Broccoli,,Broccoli romani,"Vegetables, eggs and legumes",,,,13,8,3
436,Artusi,Stuffed Cabbage,,Cavolo ripieno,"Vegetables, eggs and legumes",,,,6,12,5
437,Artusi,White Cabbage as a Side Dish,,Cavolo bianco per contorno,"Vegetables, eggs and legumes",,,,8,8,6
438,Artusi,Cavolo nero as a side dish,,Cavolo nero per contorno,"Vegetables, eggs and legumes",,,,10,11,4
439,Artusi,Fennel with Béchamel Sauce,,Finocchi colla balsamella,"Vegetables, eggs and legumes",,,,6,7,5
440,Artusi,Fennel as a Side Dish,,Finocchi per contorno,"Vegetables, eggs and legumes",,,,6,7,3
441,Artusi,Sautéed Potatoes,,Patate allasauté,"Vegetables, eggs and legumes",,,,4,7,2
442,Artusi,Truffled Potatoes,,Patate tartufate,"Vegetables, eggs and legumes",,,,5,8,3
443,Artusi,Potato Purée,,Passato di patate,"Vegetables, eggs and legumes",,,,4,4,6
444,Artusi,Potato Salad,,Insalata di patate,"Vegetables, eggs and legumes",,,6.0,5,14,3
445,Artusi,Zucchini Casserole,,Tortino di zucchini,"Vegetables, eggs and legumes",,,,6,7,4
446,Artusi,Potato Tart I,,Tortino di patate I,"Vegetables, eggs and legumes",,,,7,7,8
447,Artusi,Potato Tart II,,Tortino di patate II,"Vegetables, eggs and legumes",,,,6,7,3
448,Artusi,Spinach as a side dish,,Spinaci per contorno,"Vegetables, eggs and legumes",,,,3,11,3
449,Artusi,Romagna-Style Lean Spinach,,Spinaci di magro all'uso di romagna,"Vegetables, eggs and legumes",,,,5,8,3
450,Artusi,Asparagus,,Sparagi,"Vegetables, eggs and legumes",,,,10,12,7
451,Artusi,Puréed Zucchini Sformato,,Sformato di zucchini passati,"Vegetables, eggs and legumes",,,8.0,9,14,9
452,Artusi,Mushroom Sformato,,Sformato di funghi,"Vegetables, eggs and legumes",,,10.0,5,8,4
453,Artusi,Savoy Cabbage as a Side Dish,,Cavolo verzotto per contorno,"Vegetables, eggs and legumes",,,,4,6,3
454,Artusi,Russian salad,,Insalata russa,"Vegetables, eggs and legumes",,,8.0,12,16,5
455,Artusi,Cacciucco I,,Cacciucco I,Fish and seafood,,,,9,11,6
456,Artusi,Cacciucco II,,Cacciucco II,Fish and seafood,,,,6,9,3
457,Artusi,Fish Baked in a Dish,,Pesce al piatto,Fish and seafood,,,,5,8,2
458,Artusi,Marinated Fish,,Pesce marinato,Fish and seafood,,,,7,12,7
459,Artusi,Boiled Fish,,Pesce lesso,Fish and seafood,,,,7,15,3
460,Artusi,Fish with Breadcrumbs,,Pesce col pangrattato,Fish and seafood,,,,7,8,4
461,Artusi,Stewed Fish Steaks,,Pesce a taglio in umido,Fish and seafood,,,5.0,9,11,2
462,Artusi,Stewed Angelshark,,Pesce squadro in umido,Fish and seafood,,,,5,14,3
463,Artusi,Palermo-style Hake,,Nasello alla palermitana,Fish and seafood,,,4.0,6,8,4
464,Artusi,Smooth-hound shark rounds in sauce,,Rotelle di palombo in salsa,Fish and seafood,,,,8,12,4
465,Artusi,Grilled Sole,,Sogliole in gratella,Fish and seafood,,,,4,5,3
466,Artusi,Fillets of sole with wine,,Filetti di sogliole col vino,Fish and seafood,,,1.0,6,12,3
467,Artusi,Sole Fillet Garnish for Fried Fish,,Contorno di filetti di sogliole a un fritto dello stesso pesce,Fish and seafood,,,,7,6,4
468,Artusi,Red Mullet with Prosciutto,,Triglie col prosciutto,Fish and seafood,,,,5,8,6
469,Artusi,"Grilled Red Mullet, Mariner's Style",,Triglie in gratella alla marinara,Fish and seafood,,,,5,8,3
470,Artusi,Grilled Red Mullet,,Triglie di scoglio in gratella,Fish and seafood,,,,4,7,1
471,Artusi,Livorno-style Red Mullet,,Triglie alla livornese,Fish and seafood,,,,8,8,4
472,Artusi,Viareggio-style Red Mullet,,Triglie alla viareggina,Fish and seafood,,,,9,7,1
473,Artusi,Fresh Tuna,,Tonno fresco,Fish and seafood,,,,7,10,2
474,Artusi,Grilled Tuna,,Tonno in gratella,Fish and seafood,,,,5,6,2
475,Artusi,Tuna in oil with Bolognese-style sauce,,Tonno sott'olio in salsa alla bolognese,Fish and seafood,,,4.0,6,10,4
476,Artusi,Lobster,,Arigusta,Fish and seafood,,,,8,14,3
477,Artusi,Spiny Lobster Cutlets,,Cotolette di arigusta,Fish and seafood,,,5.0,9,6,4
478,Artusi,Stuffed Scallop Shells,,Conchiglie ripiene,Fish and seafood,,,6.0,8,9,4
479,Artusi,Sturgeon,,Storione,Fish and seafood,,,,0,0,0
480,Artusi,Sturgeon Fricandeau,,Storione in fricandò,Fish and seafood,,,,7,9,3
481,Artusi,"Anchovies, Mariner's Style",,Acciughe alla marinara,Fish and seafood,,,,3,8,2
482,Artusi,Fried Anchovies,,Acciughe fritte,Fish and seafood,,,,5,5,2
483,Artusi,Stuffed Sardines,,Sarde ripiene,Fish and seafood,,,,9,12,2
484,Artusi,Fried Broccioli,,Broccioli fritti,Fish and seafood,,,,0,1,0
485,Artusi,Grilled Squid (Totani in gratella),,Totani in gratella,Fish and seafood,,,,7,8,6
486,Artusi,Stuffed Mantis Shrimp,,Cicale ripiene,Fish and seafood,,,,5,7,2
487,Artusi,Fried Mantis Shrimp,,Cicale fritte,Fish and seafood,,,,7,6,7
488,Artusi,Stewed Mantis Shrimp,,Cicale in umido,Fish and seafood,,,,8,9,3
489,Artusi,Sparnocchie,,Sparnocchie,Fish and seafood,,,,5,6,2
490,Artusi,Eel,,Anguilla,Fish and seafood,,,,0,0,0
491,Artusi,Roasted Eel,,Anguilla arrosto,Fish and seafood,,,,5,7,4
492,Artusi,Florentine-style Eels,,Anguille alla fiorentina,Fish and seafood,,,,7,8,4
493,Artusi,Stewed Eel,,Anguilla in umido,Fish and seafood,,,,6,10,2
494,Artusi,Eel with Wine,,Anguilla col vino,Fish and seafood,,,4.0,9,10,2
495,Artusi,"Stewed Eel, Comacchio-style",,Anguilla in umido all'uso di comacchio,Fish and seafood,,,,8,12,4
496,Artusi,Eel with Peas,,Anguilla coi piselli,Fish and seafood,,,,5,3,1
497,Artusi,Grilled Mullet,,Cefali in gratella,Fish and seafood,,,,6,4,2
498,Artusi,Wedge clams or cockles in egg sauce,,Telline o arselle in salsa d'uovo,Fish and seafood,,,,6,10,1
499,Artusi,Livorno-style wedge clams (Arselle o telline),,Arselle o telline alla livornese,Fish and seafood,,,,5,7,3
500,Artusi,Cuttlefish with Peas,,Seppie coi piselli,Fish and seafood,,,,6,9,3
501,Artusi,Tench allasauté,,Tinche allasauté,Fish and seafood,,,,10,10,6
502,Artusi,Pasticcio di magro (Meatless Pie),,Pasticcio di magro,Fish and seafood,,,12.0,11,21,11
503,Artusi,Stewed Frogs,,Ranocchi in umido,Fish and seafood,,,,3,8,1
504,Artusi,Florentine-style Frogs,,Ranocchi alla fiorentina,Fish and seafood,,,,7,8,2
505,Artusi,Refined Herring,,Aringa ingentilita,Fish and seafood,,,,7,6,2
506,Artusi,Florentine-style Salt Cod,,Baccalà alla fiorentina,Fish and seafood,,,,6,7,3
507,Artusi,Bolognese-style Salt Cod,,Baccalà alla bolognese,Fish and seafood,,,,7,7,3
508,Artusi,Baccalà dolce-forte,,Baccalà dolce-forte,Fish and seafood,,,,5,6,3
509,Artusi,Grilled Salt Cod,,Baccalà in gratella,Fish and seafood,,,,3,4,2
510,Artusi,Fried Salt Cod (Baccalà fritto),,Baccalà fritto,Fish and seafood,,,,7,8,5
511,Artusi,Salt Cod Cutlets,,Cotolette di baccalà,Fish and seafood,,,,8,13,6
512,Artusi,Salt cod in white sauce,,Baccalà in salsa bianca,Fish and seafood,,,4.0,9,9,6
513,Artusi,Stewed Stockfish,,Stoccafisso in umido,Fish and seafood,,,3.0,5,10,2
514,Artusi,Pisan-style Glass Eels,,Cieche alla pisana,Fish and seafood,,,4.0,7,11,7
515,Artusi,Fried Cieche I,,Cieche fritte I,Fish and seafood,,,,6,9,6
516,Artusi,Fried Glass Eels II,,Cieche fritte II,Fish and seafood,,,,2,3,1
517,Artusi,Tench in Zimino,,Tinche in zimino,Fish and seafood,,,,8,14,4
518,Artusi,Stewed Pike,,Luccio in umido,Fish and seafood,,,4.0,9,14,3
519,Artusi,Fried Dogfish,,Palombo fritto,Fish and seafood,,,,6,9,3
520,Artusi,Stewed Dogfish,,Palombo in umido,Fish and seafood,,,,5,9,3
521,Artusi,Roast Beef,,Roast-beefI,"Meat, poultry and game",,,,5,9,7
522,Artusi,Roast Beef II,,Roast-beefII,"Meat, poultry and game",,,,7,3,5
523,Artusi,Truffled Sirloin Roast,,Sfilettato tartufato,"Meat, poultry and game",,,,4,5,2
524,Artusi,Roast Milk-Fed Veal,,Arrosto di vitella di latte,"Meat, poultry and game",,,,4,10,3
525,Artusi,Oven-Roasted Milk-Fed Veal Breast,,Petto di vitella di latte in forno,"Meat, poultry and game",,,,5,7,5
526,Artusi,Pot Roast,,Arrosto morto,"Meat, poultry and game",,,,3,9,2
527,Artusi,Pot Roast with the Scent of Garlic and Rosemary,,Arrosto morto coll'odore dell'aglio e del ramerino,"Meat, poultry and game",,,,3,6,2
528,Artusi,Roasted Birds,,Uccelli arrosto,"Meat, poultry and game",,,,8,10,5
529,Artusi,"Roast Lamb, Aretina-style",,Arrosto d'agnello all'aretina,"Meat, poultry and game",,,,4,6,2
530,Artusi,Roasted Leg of Mutton,,Cosciotto di castrato arrosto,"Meat, poultry and game",,,,8,3,7
531,Artusi,Roast Hare I,,Arrosto di lepre I,"Meat, poultry and game",,,,6,10,3
532,Artusi,Roast Hare II,,Arrosto di lepre II,"Meat, poultry and game",,,,5,5,5
533,Artusi,Roast Rabbit,,Coniglio arrosto,"Meat, poultry and game",,,,4,5,1
534,Artusi,Larded Pot Roast (Arrosto Morto),,Arrosto morto lardellato,"Meat, poultry and game",,,,7,11,4
535,Artusi,Pigeon Surprise,,Piccione a sorpresa,"Meat, poultry and game",,,2.0,8,10,7
536,Artusi,Quagliette (Little Quails),,Quagliette,"Meat, poultry and game",,,,4,9,2
537,Artusi,Roasted Stuffed Beef Braciuola,,Braciuola di manzo ripiena arrosto,"Meat, poultry and game",,,6.0,9,18,6
538,Artusi,Milk-fed Veal Chops Milanese Style,,Costolette di vitella di latte alla milanese,"Meat, poultry and game",,,5.0,6,11,2
539,Artusi,Roast Stuffed Chicken,,Pollo ripieno arrosto,"Meat, poultry and game",,,,8,13,5
540,Artusi,Truffled Roast Capon,,Cappone arrosto tartufato,"Meat, poultry and game",,,,6,6,2
541,Artusi,Pollo al diavolo (Devil's Chicken),,Pollo al diavolo,"Meat, poultry and game",,,,6,6,3
542,Artusi,Porchetta-style Chicken,,Pollo in porchetta,"Meat, poultry and game",,,,3,8,1
543,Artusi,Bolognese-Style Pot-Roasted Chicken,,Arrosto morto di pollo alla bolognese,"Meat, poultry and game",,,,5,10,2
544,Artusi,Rudinì-style Chicken,,Pollo alla rudinì,"Meat, poultry and game",,,,6,8,2
545,Artusi,Dressed Chicken,,Pollo vestito,"Meat, poultry and game",,,,5,6,2
546,Artusi,Guinea Fowl,,Gallina di faraone,"Meat, poultry and game",,,,8,6,1
547,Artusi,Roast Domestic Duck,,Anatra domestica arrosto,"Meat, poultry and game",,,,5,5,1
548,Artusi,Domestic Goose,,Oca domestica,"Meat, poultry and game",,,,9,12,3
549,Artusi,Turkey,,Tacchino,"Meat, poultry and game",,,,11,14,5
550,Artusi,Peacock,,Pavone,"Meat, poultry and game",,,,0,1,0
551,Artusi,Pork roasted in milk,,Maiale arrostito nel latte,"Meat, poultry and game",,,,9,4,1
552,Artusi,Roasted Pork Tenderloin,,Pesce di maiale arrosto,"Meat, poultry and game",,,,4,4,2
553,Artusi,"Lamb, Oriental Style",,Agnello all'orientale,"Meat, poultry and game",,,,3,6,2
554,Artusi,Grilled Pigeon,,Piccione in gratella,"Meat, poultry and game",,,,7,7,3
555,Artusi,Preserved Fegatelli,,Fegatelli in conserva,"Meat, poultry and game",,,,7,8,3
556,Artusi,Bistecca alla fiorentina (Florentine Steak),,Bistecca alla fiorentina,"Meat, poultry and game",,,,4,4,1
557,Artusi,Steak in a Pan,,Bistecca nel tegame,"Meat, poultry and game",,,,5,10,1
558,Artusi,Parisian-Style Kidneys,,Arnioni alla parigina,"Meat, poultry and game",,,,7,6,5
559,Artusi,Strudel,,Strudel,Desserts and liqueurs,,,,9,10,5
560,Artusi,Presnitz,,Presnitz,Desserts and liqueurs,,,14.0,9,15,6
561,Artusi,Kugelhupf,,Kugelhupf,Desserts and liqueurs,,,,8,12,5
562,Artusi,Krapfen II,,KrapfenII,Desserts and liqueurs,,,,9,10,10
563,Artusi,Savarin,,Savarin,Desserts and liqueurs,,,5.0,11,14,6
564,Artusi,Hazelnut Cake,,Gâteau à la noisette,Desserts and liqueurs,,,6.0,11,8,4
565,Artusi,Babà,,Babà,Desserts and liqueurs,,,,12,14,8
566,Artusi,Marzipan Sfogliata,,Sfogliata di marzapane,Desserts and liqueurs,,,7.0,9,5,2
567,Artusi,Hazelnut Pudding,,Budino di nocciuole (avellane),Desserts and liqueurs,,,9.0,11,8,7
568,Artusi,Crunchy Biscotti I,,Biscotti croccanti I,Desserts and liqueurs,,,,10,7,4
569,Artusi,Crunchy Biscuits II,,Biscotti croccanti II,Desserts and liqueurs,,,,8,12,4
570,Artusi,Crispy Sticks,,Bastoncelli croccanti,Desserts and liqueurs,,,,4,5,2
571,Artusi,Tender Biscuits,,Biscotti teneri,Desserts and liqueurs,,,,12,8,6
572,Artusi,Biscotti da famiglia (Family Biscuits),,Biscotti da famiglia,Desserts and liqueurs,,,,6,7,6
573,Artusi,Biscotti della salute,,Biscotti della salute,Desserts and liqueurs,,,,6,8,3
574,Artusi,Sultana Cake,,Biscotto alla sultana,Desserts and liqueurs,,,,10,9,10
575,Artusi,Brioches,,Brioches,Desserts and liqueurs,,,20.0,7,9,5
576,Artusi,Pasta margherita,,Pasta margherita,Desserts and liqueurs,,,,8,7,5
577,Artusi,Mantuan Cake,,Torta mantovana,Desserts and liqueurs,,,,7,9,6
578,Artusi,Ricciolina Tart I,,Torta ricciolina I,Desserts and liqueurs,,,,6,7,6
579,Artusi,Ricciolina Tart II,,Torta ricciolina II,Desserts and liqueurs,,,,8,12,4
580,Artusi,Frangipane Cake,,Torta frangipane,Desserts and liqueurs,,,,6,9,3
581,Artusi,Torta alla Marengo,,Torta alla marengo,Desserts and liqueurs,,,,15,11,4
582,Artusi,Pine Nut Tart,,Torta coi pinoli,Desserts and liqueurs,,,,9,11,7
583,Artusi,Swiss Tart,,Torta svizzera,Desserts and liqueurs,,,7.0,9,8,3
584,Artusi,Bocca di dama I,,Bocca di dama I,Desserts and liqueurs,,,,7,7,8
585,Artusi,Lady's Mouth II,,Bocca di dama II,Desserts and liqueurs,,,,8,8,7
586,Artusi,Neapolitan-style Cake,,Dolce alla napoletana,Desserts and liqueurs,,,,11,11,7
587,Artusi,German Cake,,Dolce tedesco,Desserts and liqueurs,,,,9,7,4
588,Artusi,Genoese Cake,,Pasta genovese,Desserts and liqueurs,,,,8,8,3
589,Artusi,Shortcrust pastry,,Pasta frolla,Desserts and liqueurs,,,,7,7,4
590,Artusi,Cornmeal Pastries I,,Paste di farina gialla I,Desserts and liqueurs,,,,10,9,5
591,Artusi,Cornmeal Pastries II,,Paste di farina gialla II,Desserts and liqueurs,,,,4,6,3
592,Artusi,Gialletti I,,Gialletti I,Desserts and liqueurs,,,15.0,6,10,2
593,Artusi,Gialletti II,,Gialletti II,Desserts and liqueurs,,,,6,8,3
594,Artusi,Roschetti,,Roschetti,Desserts and liqueurs,,,,7,7,6
595,Artusi,Cenci,,Cenci,Desserts and liqueurs,,,,9,8,5
596,Artusi,Stiacciata with Pork Cracklings,,Stiacciata coi siccioli,Desserts and liqueurs,,,,8,10,4
597,Artusi,Stiacciata unta,,Stiacciata unta,Desserts and liqueurs,,,10.0,3,7,3
598,Artusi,Livorno-style Stiacciata,,Stiacciata alla livornese,Desserts and liqueurs,,,3.0,13,12,6
599,Artusi,Sponge Cake (Pane di Spagna),,Pane di spagna,Desserts and liqueurs,,,,8,4,5
600,Artusi,Sponge Cake,,Biscotto,Desserts and liqueurs,,,,7,6,4
601,Artusi,Chocolate Biscuit,,Biscotto di cioccolata,Desserts and liqueurs,,,,7,4,6
602,Artusi,Focaccia with pork cracklings (siccioli),,Focaccia coi siccioli,Desserts and liqueurs,,,,7,9,3
603,Artusi,German-style Focaccia,,Focaccia alla tedesca,Desserts and liqueurs,,,,8,9,4
604,Artusi,Panettone marietta,,Panettone marietta,Desserts and liqueurs,,,,7,13,3
605,Artusi,Bolognese Bread,,Pane bolognese,Desserts and liqueurs,,,,7,11,4
606,Artusi,Ciambelle or Buccellati I,,Ciambelle ossia buccellati I,Desserts and liqueurs,,,8.0,14,12,6
607,Artusi,Ciambelle or Buccellati II,,Ciambelle ossia buccellati II,Desserts and liqueurs,,,,7,12,2
608,Artusi,Madeleine Cake,,Pasta maddalena,Desserts and liqueurs,,,,10,9,7
609,Artusi,Pizza alla napoletana,,Pizza alla napoletana,Desserts and liqueurs,,,,8,12,6
610,Artusi,Filled Pizza,,Pizza gravida,Desserts and liqueurs,,,,4,8,4
611,Artusi,English-style Pound Cake,,Quattro quarti all'inglese,Desserts and liqueurs,,,,9,8,5
612,Artusi,Italian-style Pound Cake (Quattro Quarti all'italiana),,Quattro quarti all'italiana,Desserts and liqueurs,,,,7,8,2
613,Artusi,Almond Cake,,Dolce di mandorle,Desserts and liqueurs,,,8.0,11,9,5
614,Artusi,Jam Offelle,,Offelle di marmellata,Desserts and liqueurs,,,,9,7,7
615,Artusi,Marzipan Offelle,,Offelle di marzapane,Desserts and liqueurs,,,,3,4,2
616,Artusi,Crostate,,Crostate,Desserts and liqueurs,,,,6,9,8
617,Artusi,Croccante,,Croccante,Desserts and liqueurs,,,,6,4,6
618,Artusi,English Salame,,Salame inglese,Desserts and liqueurs,,,,8,11,5
619,Artusi,Cavallucci di Siena,,Cavallucci di siena,Desserts and liqueurs,,,,8,7,7
620,Artusi,Ricciarelli di Siena,,Ricciarelli di siena,Desserts and liqueurs,,,,8,8,8
621,Artusi,Waffle Cones (Cialdoni),,Cialdoni,Desserts and liqueurs,,,,7,5,7
622,Artusi,Roman-style Fava Bean Cookies (Fave dei Morti),,Fave alla romana o dei morti,Desserts and liqueurs,,,,14,13,4
623,Artusi,Cotognata (Quince Paste),,Cotognata,Desserts and liqueurs,,,,7,3,11
624,Artusi,Chickpea Tortelli,,Tortelli di ceci,Desserts and liqueurs,,,,10,20,7
625,Artusi,Portuguese Focaccia,,Focaccia alla portoghese,Desserts and liqueurs,,,,8,6,8
626,Artusi,Amaretti I,,Amaretti I,Desserts and liqueurs,,,,5,8,5
627,Artusi,Amaretti II,,Amaretti II,Desserts and liqueurs,,,30.0,8,5,3
628,Artusi,Marzipan Pastries,,Pasticcini di marzapane,Desserts and liqueurs,,,16.0,8,9,2
629,Artusi,Semolina Pastries,,Pasticcini di semolino,Desserts and liqueurs,,,18.0,6,9,2
630,Artusi,Rice Pastries,,Pasticcini di riso,Desserts and liqueurs,,,12.0,8,9,8
631,Artusi,Beignet Pastries,,Pasticcini di pastabeignet,Desserts and liqueurs,,,10.0,9,10,8
632,Artusi,Brigidini,,Brigidini,Desserts and liqueurs,,,,3,5,3
633,Artusi,Egg White Cake,,Dolce di chiare d'uovo,Desserts and liqueurs,,,,10,8,4
634,Artusi,Tea Biscuits,,Pastine pel the,Desserts and liqueurs,,,,7,6,6
635,Artusi,Lingue di gatto (Cat's Tongues),,Lingue di gatto,Desserts and liqueurs,,,50.0,4,4,6
636,Artusi,Sand Cake,,Pane di sabbia,Desserts and liqueurs,,,,11,10,5
637,Artusi,Walnut Cake (Torta di noci),,Torta di noci,Desserts and liqueurs,,,,8,8,6
638,Artusi,Torta di riso,,Torta di riso,Desserts and liqueurs,,,,11,12,5
639,Artusi,Ricotta Tart,,Torta di ricotta,Desserts and liqueurs,,,,8,10,7
640,Artusi,Yellow Pumpkin Tart,,Torta di zucca gialla,Desserts and liqueurs,,,,7,9,5
641,Artusi,Potato Cake,,Torta di patate,Desserts and liqueurs,,,,8,10,6
642,Artusi,Milanese Tart,,Torta milanese,Desserts and liqueurs,,,,12,17,5
643,Artusi,Semolina Cake,,Torta di semolino,Desserts and liqueurs,,,,8,10,6
644,Artusi,German-style Brown Bread Cake,,Torta di pane bruno alla tedesca,Desserts and liqueurs,,,,10,9,6
645,Artusi,German Cake,,Torta tedesca,Desserts and liqueurs,,,,9,14,10
646,Artusi,Almond and Chocolate Tart,,Torta di mandorle e cioccolata,Desserts and liqueurs,,,,10,9,7
647,Artusi,Chocolate-Covered Beignet Pastries,,Pasticcini di pastabeignetcoperti di cioccolata,Desserts and liqueurs,,,6.0,4,7,2
648,Artusi,Dolce Roma,,Dolce roma,Desserts and liqueurs,,,7.0,9,9,10
649,Artusi,Turin Cake,,Dolce torino,Desserts and liqueurs,,,6.0,8,12,4
650,Artusi,Florence dessert,,Dolce firenze,Desserts and liqueurs,,,5.0,7,7,7
651,Artusi,Sformato with amaretti covered with zabaione,,Sformato cogli amaretti coperto di zabaione,Desserts and liqueurs,,,,9,6,6
652,Artusi,Sweet Chestnut Flour Sformato,,Sformato di farina dolce,Desserts and liqueurs,,,7.0,7,12,5
653,Artusi,Chestnut dessert with whipped cream,,Dolce di marroni con panna montata,Desserts and liqueurs,,,8.0,10,6,6
654,Artusi,Postpartum biscuits,,Biscottini puerperali,Desserts and liqueurs,,,4.0,3,5,6
655,Artusi,English-Style Currants,,Ribes all'inglese,Desserts and liqueurs,,,,5,5,2
656,Artusi,Syruped Prunes,,Prugne giulebbate,Desserts and liqueurs,,,,7,9,2
657,Artusi,Semolina Pudding,,Budino di semolino,Desserts and liqueurs,,,,5,11,4
658,Artusi,Semolina and Fruit Preserve Pudding,,Budino di semolino e conserve,Desserts and liqueurs,,,4.0,9,9,3
659,Artusi,Rice Flour Pudding,,Budino di farina di riso,Desserts and liqueurs,,,,8,7,1
660,Artusi,German-style Pudding,,Budino alla tedesca,Desserts and liqueurs,,,,10,8,7
661,Artusi,Potato Pudding,,Budino di patate,Desserts and liqueurs,,,,6,9,7
662,Artusi,Rice Pudding,,Budino di riso,Desserts and liqueurs,,,8.0,10,12,4
663,Artusi,Ricotta Pudding,,Budino di ricotta,Desserts and liqueurs,,,6.0,8,8,7
664,Artusi,Neapolitan-style Pudding,,Budino alla napoletana,Desserts and liqueurs,,,,8,13,6
665,Artusi,Dark Pudding (Budino Nero),,Budino nero,Desserts and liqueurs,,,,7,4,4
666,Artusi,Lemon Pudding,,Budino di limone,Desserts and liqueurs,,,,9,6,8
667,Artusi,Chocolate Pudding (Budino di cioccolata),,Budino di cioccolata,Desserts and liqueurs,,,,11,6,7
668,Artusi,Chocolate Dessert,,Dolce di cioccolata,Desserts and liqueurs,,,6.0,5,5,5
669,Artusi,Toasted Almond Pudding,,Budino di mandorle tostate,Desserts and liqueurs,,,,9,7,9
670,Artusi,Cabinet Pudding,,Budino gabinetto,Desserts and liqueurs,,,10.0,9,13,5
671,Artusi,Cesarino Pudding,,Puddingcesarino,Desserts and liqueurs,,,10.0,10,10,7
672,Artusi,Plum pudding,,Plum-pudding,Desserts and liqueurs,,,6.0,7,11,6
673,Artusi,Plum-cake,,Plum-cake,Desserts and liqueurs,,,12.0,6,13,5
674,Artusi,Lombard Bavarian Cream,,Bavarese lombarda,Desserts and liqueurs,,,8.0,8,8,5
675,Artusi,Zuppa inglese,,Zuppa inglese,Desserts and liqueurs,,,7.0,7,13,6
676,Artusi,Tartar Zuppa,,Zuppa tartara,Desserts and liqueurs,,,,5,10,1
677,Artusi,Cherry Dessert,,Dolce di ciliege,Desserts and liqueurs,,,4.0,8,8,5
678,Artusi,Sour Cherry Zuppa,,Zuppa di visciole,Desserts and liqueurs,,,,7,8,4
679,Artusi,Lemon Pudding,,Zuppa di limone,Desserts and liqueurs,,,4.0,7,8,5
680,Artusi,Sformato of Fruit Preserves,,Sformato di conserve,Desserts and liqueurs,,,,4,4,1
681,Artusi,Blancmange,,Bianco mangiare,Desserts and liqueurs,,,,6,6,6
682,Artusi,Cornmeal Soufflé,,Sgonfiotto di farina gialla,Desserts and liqueurs,,,6.0,8,8,6
683,Artusi,Biscuit to be served with zabaione,,Biscotto da servirsi con lo zabaione,Desserts and liqueurs,,,5.0,8,6,3
684,Artusi,Ladyfinger Sformato with Zabaione,,Sformato di savoiardi con lo zabaione,Desserts and liqueurs,,,6.0,9,10,6
685,Artusi,Crema (Custard Cream),,Crema,Desserts and liqueurs,,,,4,4,5
686,Artusi,Le tazzine,,Le tazzine,Desserts and liqueurs,,,10.0,6,6,6
687,Artusi,Almond Balls,,Pallottole di mandorle,Desserts and liqueurs,,,,6,4,3
688,Artusi,French-style Cream,,Crema alla francese,Desserts and liqueurs,,,,7,9,5
689,Artusi,Whipped Custard,,Crema montata,Desserts and liqueurs,,,5.0,9,13,7
690,Artusi,Bain-marie Croccante,,Croccante a bagno-maria,Desserts and liqueurs,,,6.0,8,5,9
691,Artusi,Snow Eggs,,Uova di neve,Desserts and liqueurs,,,8.0,10,6,7
692,Artusi,Lattebrûlé,,Lattebrûlé,Desserts and liqueurs,,,10.0,12,7,11
693,Artusi,Portuguese-style Milk Custard,,Latte alla portoghese,Desserts and liqueurs,,,,8,7,8
694,Artusi,Latteruolo,,Latteruolo,Desserts and liqueurs,,,,9,8,8
695,Artusi,Simple Latteruolo,,Latteruolo semplice,Desserts and liqueurs,,,,8,5,5
696,Artusi,Apples in Jelly,,Mele in gelatina,Desserts and liqueurs,,,,7,6,6
697,Artusi,Stuffed Peaches,,Pesche ripiene,Desserts and liqueurs,,,,7,7,5
698,Artusi,Puffed Frittata or Whipped Omelette,,Frittata a sgonfiotto ossia montata,Desserts and liqueurs,,,,9,7,3
699,Artusi,Milk Gnocchi,,Gnocchi di latte,Desserts and liqueurs,,,6.0,8,6,7
700,Artusi,Charlotte (Ciarlotta),,Ciarlotta,Desserts and liqueurs,,,8.0,6,9,3
701,Artusi,Apple Charlotte,,Ciarlotta di mele,Desserts and liqueurs,,,,5,10,6
702,Artusi,Migliaccio from Romagna,,Migliaccio di romagna,Desserts and liqueurs,,,,11,14,8
703,Artusi,Chocolate Soufflé,,Soufflet di cioccolata,Desserts and liqueurs,,,6.0,7,7,6
704,Artusi,Luisetta's Soufflé,,Soufflet di luisetta,Desserts and liqueurs,,,5.0,10,7,5
705,Artusi,Potato Flour Soufflé,,Soufflet di farina di patate,Desserts and liqueurs,,,5.0,7,8,6
706,Artusi,Rice Soufflé,,Soufflet di riso,Desserts and liqueurs,,,4.0,8,7,5
707,Artusi,Chestnut Soufflé,,Soufflet di castagne,Desserts and liqueurs,,,5.0,14,9,6
708,Artusi,Apricot Compote,,Albicocche in composta,Desserts and liqueurs,,,,7,3,4
709,Artusi,Pears in Compote I,,Pere in composta I,Desserts and liqueurs,,,,7,4,3
710,Artusi,Pears in compote II,,Pere in composta II,Desserts and liqueurs,,,,9,7,4
711,Artusi,Quince Compote,,Composta di cotogne,Desserts and liqueurs,,,,7,3,4
712,Artusi,Rice with Compote,,Riso in composta,Desserts and liqueurs,,,5.0,12,11,3
713,Artusi,Surprise Pie,,Pasticcio a sorpresa,Desserts and liqueurs,,,,6,10,4
714,Artusi,Iced Orange Jelly,,Gelatina di arancio in gelo,Desserts and liqueurs,,,,5,10,4
715,Artusi,Iced Strawberry Gelatin,,Gelatina di fragole in gelo,Desserts and liqueurs,,,,7,6,3
716,Artusi,Iced Marasca or Morello Cherry Gelatin,,Gelatina di marasche o di visciole in gelo,Desserts and liqueurs,,,,9,6,6
717,Artusi,Chilled Currant Jelly,,Gelatina di ribes in gelo,Desserts and liqueurs,,,,2,6,1
718,Artusi,Iced Raspberry Gelatin,,Gelatina di lampone in gelo,Desserts and liqueurs,,,,4,6,2
719,Artusi,An egg for a child,,Un uovo per un bambino,Desserts and liqueurs,,,1.0,4,3,1
720,Artusi,Bread and Chocolate Pudding,,Budino di pane e cioccolata,Desserts and liqueurs,,,5.0,14,7,10
721,Artusi,English-style Apples,,Mele all'inglese,Desserts and liqueurs,,,,7,6,3
722,Artusi,Zabaione,,Zabaione,Desserts and liqueurs,,,4.0,3,5,4
723,Artusi,Raspberry Syrup,,Siroppo di lampone,Desserts and liqueurs,,,,2,3,1
724,Artusi,Raspberry Shrub,,Acetosa di lampone,Desserts and liqueurs,,,,3,3,1
725,Artusi,Currant Syrup,,Siroppo di ribes,Desserts and liqueurs,,,,8,3,8
726,Artusi,Citron Syrup,,Siroppo di cedro,Desserts and liqueurs,,,,7,3,4
727,Artusi,Marena (Sour Cherry Syrup),,Marena,Desserts and liqueurs,,,,7,4,8
728,Artusi,Amusement Cherries,,Marena da trastullarsi,Desserts and liqueurs,,,,3,3,1
729,Artusi,Orzata (Orgeat Syrup),,Orzata,Desserts and liqueurs,,,,4,5,5
730,Artusi,Claret cup,,Claret cup(bibita inglese),Desserts and liqueurs,,,,5,5,3
731,Artusi,Sapa (Grape Syrup),,Sapa,Desserts and liqueurs,,,,5,1,3
732,Artusi,Salt-free Tomato Preserve,,Conserva di pomodoro senza sale,Preserves,,,,10,2,10
733,Artusi,Sweet Tomato Preserve,,Conserva dolce di pomodoro,Preserves,,,,4,6,2
734,Artusi,Apricot Preserve,,Conserva di albicocche,Preserves,,,,8,3,9
735,Artusi,Plum Preserve,,Conserva di susine,Preserves,,,,4,2,2
736,Artusi,Blackberry Preserve,,Conserva di more,Preserves,,,,4,2,2
737,Artusi,Redcurrant and Raspberry Preserves,,Conserve di ribes e lampone,Preserves,,,,4,2,3
738,Artusi,Quince Jelly,,Gelatina di cotogne,Preserves,,,,6,3,8
739,Artusi,Currant Jelly,,Gelatina di ribes,Preserves,,,,4,2,3
740,Artusi,Azarole Preserve,,Conserva di azzeruole,Preserves,,,,6,3,4
741,Artusi,Firm Quince Preserve,,Conserva soda di cotogne,Preserves,,,,4,3,4
742,Artusi,Liquid Quince Preserve,,Conserva liquida di cotogne,Preserves,,,,7,3,6
743,Artusi,Orange Preserve,,Conserva di aranci,Preserves,,,,7,5,4
744,Artusi,Bitter Orange Preserves,,Conserva di aranci forti,Preserves,,,,5,3,4
745,Artusi,Rose Preserve,,Conserva di rose,Preserves,,,,6,5,5
746,Artusi,Orange Rosolio,,Rosolio di portogallo,Desserts and liqueurs,,,,4,5,7
747,Artusi,Rosolio di cedro,,Rosolio di cedro,Desserts and liqueurs,,,,7,4,9
748,Artusi,Anise Rosolio,,Rosolio d'anaci,Desserts and liqueurs,,,,2,1,0
749,Artusi,German Rosolio,,Rosolio tedesco,Desserts and liqueurs,,,,5,5,5
750,Artusi,Nocino,,Nocino,Desserts and liqueurs,,,,4,7,6
751,Artusi,Elixir of Cinchona,,Elisir di china,Desserts and liqueurs,,,,6,5,5
752,Artusi,Orange Punch,,Ponce di arancio,Desserts and liqueurs,,,,6,6,5
753,Artusi,Pezzo in gelo (biscuit),,Pezzo in gelo (biscuit),Desserts and liqueurs,,,7.0,8,8,6
754,Artusi,Lemon Gelato,,Gelato di limone,Desserts and liqueurs,,,6.0,5,4,3
755,Artusi,Strawberry Gelato,,Gelato di fragole,Desserts and liqueurs,,,8.0,3,5,3
756,Artusi,Raspberry Gelato,,Gelato di lampone,Desserts and liqueurs,,,,1,1,0
757,Artusi,Peach Gelato,,Gelato di pesche,Desserts and liqueurs,,,6.0,5,5,3
758,Artusi,Apricot Gelato,,Gelato di albicocche,Desserts and liqueurs,,,4.0,5,4,3
759,Artusi,Custard Gelato,,Gelato di crema,Desserts and liqueurs,,,10.0,5,7,6
760,Artusi,Amaretti Ice Cream,,Gelato di amaretti,Desserts and liqueurs,,,8.0,5,5,3
761,Artusi,Chocolate gelato,,Gelato di cioccolata,Desserts and liqueurs,,,10.0,9,4,5
762,Artusi,Sour Cherry Gelato,,Gelato di ciliege visciole,Desserts and liqueurs,,,8.0,12,5,6
763,Artusi,Orange Gelato,,Gelato di aranci,Desserts and liqueurs,,,8.0,6,4,5
764,Artusi,Currant Gelato,,Gelato di ribes,Desserts and liqueurs,,,7.0,6,5,4
765,Artusi,Mixed Fruit Gelato,,Gelato di tutti i frutti,Desserts and liqueurs,,,4.0,4,8,3
766,Artusi,Banana Gelato,,Gelato di banane,Desserts and liqueurs,,,6.0,5,6,3
767,Artusi,Pistachio Gelato,,Gelato di pistacchi,Desserts and liqueurs,,,8.0,7,5,5
768,Artusi,Torrone Gelato,,Gelato di torrone,Desserts and liqueurs,,,,7,9,5
769,Artusi,Chestnut Gelato,,Gelato di marroni,Desserts and liqueurs,,,4.0,7,5,4
770,Artusi,Roman Punch (Ponce alla romana),,Ponce alla romana,Desserts and liqueurs,,,6.0,6,9,6
771,Artusi,Tea Spumone,,Spumone di the,Desserts and liqueurs,,,8.0,6,8,4
772,Artusi,Macedonia,,Macedonia,Desserts and liqueurs,,,4.0,6,13,5
773,Artusi,Almond Milk Gelato,,Gelato di latte di mandorle,Desserts and liqueurs,,,9.0,8,7,5
774,Artusi,Zorama,,Zorama,Desserts and liqueurs,,,8.0,12,11,4
775,Artusi,Coffee and milk granita,,Caffè-latte gelato,Desserts and liqueurs,,,,3,3,4
776,Artusi,Coffee,,Caffè,Miscellaneous,,,,5,7,7
777,Artusi,Tea,,The,Miscellaneous,,,1.0,6,3,4
778,Artusi,Hot Chocolate,,Cioccolata,Miscellaneous,,,1.0,5,4,2
779,Artusi,Fruit in Liqueur,,Frutta in guazzo,Miscellaneous,,,,7,12,2
780,Artusi,Peaches in Spirits,,Pesche nello spirito,Miscellaneous,,,,6,6,5
781,Artusi,Peaches on ice,,Pesche in ghiaccio,Miscellaneous,,,,8,6,3
782,Artusi,Sour Cherries in Liqueur,,Ciliege visciole in guazzo,Miscellaneous,,,,7,4,2
783,Artusi,French-style Currants,,Ribes alla francese,Miscellaneous,,,,3,4,1
784,Artusi,Ponce alla Parigina,,Ponce alla parigina,Miscellaneous,,,1.0,3,4,2
785,Artusi,Toasted Almonds,,Mandorle tostate,Miscellaneous,,,,9,5,5
786,Artusi,Olives in Brine,,Olive in salamoia,Miscellaneous,,,,6,6,5
787,Artusi,Mushrooms in Oil,,Funghi sott'olio,Miscellaneous,,,,4,7,4
788,Artusi,Tuscan-style Mostarda,,Mostarda all'uso toscano,Miscellaneous,,,,9,7,4
789,Artusi,Icing and How to Ice,,Crosta e modo di crostare,Miscellaneous,,,,12,8,6
790,Artusi,Fine Spices,,Spezie fini,Miscellaneous,,,,3,6,4
